delta_index,pair_index,delta,alpha,beta,eta,lmax,n_peaks,n_d0_confirmed,n_d0_recovered,first_xM,max_Q
0,0,0.01,0.001,0.027777777777777776,-0.9305019305019304,10,421,318,0,0.0015703628043335514,1668.224888836519
0,1,0.01,0.001888888888888889,0.7222222222222222,-0.9947828755562373,10,319,169,1,0.0029648313895243423,1305119.2686896038
0,2,0.01,0.002777777777777778,54.44444444444444,-0.9998979643895719,10,221,115,1,0.004365158322401661,287891.2129230777
0,3,0.01,0.004555555555555556,0.1,-0.9128586609989372,10,139,70,0,0.007144963260755135,1652.6770543215655
0,4,0.01,0.0054444444444444445,45.55555555555556,-0.9997610041726721,10,116,58,0,0.008550667128846832,1605.302556807297
0,5,0.01,0.007222222222222223,0.5444444444444445,-0.9738167170191339,10,88,44,0,0.011324003632355566,1617.293637454427
0,6,0.01,0.00811111111111111,90.0,-0.999819769329431,10,78,39,0,0.012764388088113435,1569.6372159588745
0,7,0.01,0.01,2.7777777777777777,-0.9928258270227184,10,63,32,0,0.01570362804333553,1539.1117336082202
0,8,0.01,0.01888888888888889,722.2222222222222,-0.9999476936757038,10,34,17,0,0.029648313895243424,1275.8847422013307
0,9,0.01,0.03666666666666667,90.0,-0.999185517011588,10,19,3,0,0.05754399373371572,1647.9371563836794
0,10,0.01,0.05444444444444445,81.11111111111111,-0.998658434749278,10,14,1,0,0.08550667128846832,1244.9140584352008
0,11,0.01,0.07222222222222222,100.0,-0.9985565980125465,10,13,1,0,0.11380920613742496,1646.5292092565453
0,12,0.01,0.09,188.88888888888889,-0.9990475126557345,10,11,0,0,0.1420280186791194,1469.2861411637577
0,13,0.01,0.18888888888888888,633.3333333333333,-0.9994036866197801,10,2,0,0,0.5779186124082721,261.6677510158455
0,14,0.01,0.4555555555555556,45.55555555555556,-0.9801980198019802,10,0,0,0,,
0,15,0.01,0.7222222222222222,36.66666666666667,-0.9613670133729569,10,0,0,0,,
0,16,0.01,1.0,45.55555555555556,-0.9570405727923628,10,0,0,0,,
0,17,0.01,3.6666666666666665,544.4444444444445,-0.9866207176160553,10,0,0,0,,
0,18,0.01,8.11111111111111,900.0,-0.9821363024593173,10,0,0,0,,
0,19,0.01,100.0,3000.0,-0.9354838709677419,10,0,0,0,,
0,20,0.01,0.001,0.009,-0.8000000000000002,10,417,318,0,0.0015703628043335514,1666.9022631969383
0,21,0.01,0.003666666666666667,0.05444444444444445,-0.8738049713193117,10,173,87,0,0.005754399373371567,1652.5678740610042
0,22,0.01,0.0054444444444444445,0.0811111111111111,-0.8741976893453145,10,116,58,0,0.008550667128846832,1599.3645251425044
0,23,0.01,0.007222222222222223,0.09,-0.8514285714285713,10,88,44,0,0.011324003632355566,1653.028229010376
0,24,0.01,0.01,0.18888888888888888,-0.8994413407821228,10,63,32,0,0.01570362804333553,1553.0827380777107
0,25,0.01,0.04555555555555556,0.5444444444444445,-0.8455743879472692,10,20,2,0,0.07177942912713615,1615.7864122529652
0,26,0.01,0.06333333333333332,0.6333333333333333,-0.8181818181818181,10,15,1,0,0.09954054173515274,1276.6698423276262
0,27,0.01,0.0811111111111111,0.9,-0.8346545866364665,10,10,0,0,0.1276184122748499,1599.2276549687463
0,28,0.01,0.2777777777777778,2.7777777777777777,-0.8181818181818182,10,1,0,0,0.8354903268845897,13.299614078179948
0,29,0.01,0.4555555555555556,7.222222222222221,-0.8813314037626627,10,0,0,0,,
0,30,0.01,0.6333333333333333,9.0,-0.8685121107266437,10,0,0,0,,
0,31,0.01,0.9,9.0,-0.8181818181818181,10,0,0,0,,
0,32,0.01,3.6666666666666665,36.66666666666667,-0.8181818181818183,10,0,0,0,,
0,33,0.01,5.444444444444445,63.333333333333336,-0.8416801292407108,10,0,0,0,,
0,34,0.01,7.222222222222221,72.22222222222223,-0.818181818181818,10,0,0,0,,
0,35,0.01,10.0,100.0,-0.8181818181818182,10,0,0,0,,
0,36,0.01,36.66666666666667,633.3333333333333,-0.8905472636815921,10,0,0,0,,
0,37,0.01,54.44444444444444,900.0,-0.8859138533178114,10,0,0,0,,
0,38,0.01,72.22222222222223,1000.0,-0.8652849740932643,10,0,0,0,,
0,39,0.01,277.77777777777777,3000.0,-0.8305084745762712,10,0,0,0,,
0,40,0.01,0.001,0.006333333333333334,-0.7272727272727273,10,422,319,0,0.0015703628043335514,1664.4684809313508
0,41,0.01,0.004555555555555556,0.027777777777777776,-0.718213058419244,10,139,70,0,0.007144963260755135,1605.665088131215
0,42,0.01,0.006333333333333334,0.05444444444444445,-0.7915904936014624,10,100,50,0,0.009954054173515275,1627.4748573981924
0,43,0.01,0.00811111111111111,0.07222222222222222,-0.7980636237897648,10,78,39,0,0.012764388088113435,1605.0984974015332
0,44,0.01,0.01,0.0811111111111111,-0.7804878048780489,10,64,32,0,0.01570362804333553,1548.4317881679035
0,45,0.01,0.05444444444444445,0.3666666666666667,-0.7414248021108178,10,14,1,0,0.08550667128846832,1526.6177909990722
0,46,0.01,0.07222222222222222,0.5444444444444445,-0.7657657657657659,10,13,1,0,0.11380920613742496,1496.4857986886077
0,47,0.01,0.09,0.6333333333333333,-0.751152073732719,10,10,0,0,0.1420280186791194,1551.292883316638
0,48,0.01,0.3666666666666667,2.7777777777777777,-0.7667844522968198,10,0,0,0,,
0,49,0.01,0.6333333333333333,4.555555555555555,-0.7558886509635975,10,0,0,0,,
0,50,0.01,0.8111111111111111,5.444444444444445,-0.7406749555950267,10,0,0,0,,
0,51,0.01,1.0,6.333333333333333,-0.7272727272727273,10,0,0,0,,
0,52,0.01,4.555555555555555,36.66666666666667,-0.7789757412398921,10,0,0,0,,
0,53,0.01,7.222222222222221,45.55555555555556,-0.7263157894736842,10,0,0,0,,
0,54,0.01,9.0,54.44444444444444,-0.7162872154115587,10,0,0,0,,
0,55,0.01,10.0,81.11111111111111,-0.7804878048780488,10,0,0,0,,
0,56,0.01,54.44444444444444,455.55555555555554,-0.7864923747276688,10,0,0,0,,
0,57,0.01,72.22222222222223,633.3333333333333,-0.7952755905511812,10,0,0,0,,
0,58,0.01,90.0,722.2222222222222,-0.7783857729138167,10,0,0,0,,
0,59,0.01,455.55555555555554,3000.0,-0.7363344051446945,10,0,0,0,,
0,60,0.01,0.001,0.004555555555555556,-0.64,10,418,319,0,0.0015703628043335514,1671.4620094249733
0,61,0.01,0.001888888888888889,0.01,-0.6822429906542055,10,314,169,1,0.0029648313895243423,317803.8241948262
0,62,0.01,0.006333333333333334,0.027777777777777776,-0.6286644951140065,10,100,50,0,0.009954054173515275,1623.164020881877
0,63,0.01,0.009,0.03666666666666667,-0.6058394160583941,10,70,35,0,0.01412537544622754,1614.8948590734253
0,64,0.01,0.01888888888888889,0.0811111111111111,-0.6222222222222222,10,33,17,0,0.029648313895243424,1561.5815185070244
0,65,0.01,0.04555555555555556,0.18888888888888888,-0.6113744075829383,10,20,2,0,0.07144963260755134,1655.4606544685282
0,66,0.01,0.0811111111111111,0.3666666666666667,-0.6377171215880892,10,11,0,0,0.1276184122748499,1625.0141211143336
0,67,0.01,0.1,0.5444444444444445,-0.6896551724137931,10,8,0,0,0.15763842561707805,1262.3615600634166
0,68,0.01,0.3666666666666667,1.8888888888888888,-0.6748768472906403,10,0,0,0,,
0,69,0.01,0.7222222222222222,3.6666666666666665,-0.6708860759493671,10,0,0,0,,
0,70,0.01,0.9,4.555555555555555,-0.670061099796334,10,0,0,0,,
0,71,0.01,1.8888888888888888,9.0,-0.6530612244897959,10,0,0,0,,
0,72,0.01,5.444444444444445,27.77777777777778,-0.6722408026755854,10,0,0,0,,
0,73,0.01,9.0,36.66666666666667,-0.6058394160583942,10,0,0,0,,
0,74,0.01,18.88888888888889,81.11111111111111,-0.6222222222222222,10,0,0,0,,
0,75,0.01,45.55555555555556,188.88888888888889,-0.6113744075829383,10,0,0,0,,
0,76,0.01,81.11111111111111,366.66666666666663,-0.6377171215880894,10,0,0,0,,
0,77,0.01,100.0,455.55555555555554,-0.64,10,0,0,0,,
0,78,0.01,188.88888888888889,1000.0,-0.6822429906542056,10,0,0,0,,
0,79,0.01,722.2222222222222,3000.0,-0.6119402985074627,10,0,0,0,,
0,80,0.01,0.001,0.003666666666666667,-0.5714285714285715,10,425,319,0,0.0015703628043335514,1662.9889762035282
0,81,0.01,0.001888888888888889,0.007222222222222223,-0.5853658536585367,10,316,169,0,0.0029648313895243423,1656.4317509388682
0,82,0.01,0.0054444444444444445,0.01888888888888889,-0.5525114155251142,10,116,58,0,0.008550667128846832,1634.2866411490402
0,83,0.01,0.009,0.027777777777777776,-0.5105740181268882,10,70,35,0,0.01412537544622754,1581.156805988213
0,84,0.01,0.01888888888888889,0.07222222222222222,-0.5853658536585367,10,38,17,0,0.029648313895243424,1431.9968241205747
0,85,0.01,0.05444444444444445,0.18888888888888888,-0.5525114155251141,10,16,1,0,0.08550667128846832,1417.5469423284192
0,86,0.01,0.09,0.2777777777777778,-0.5105740181268883,10,10,0,0,0.1420280186791194,1320.7755049582481
0,87,0.01,0.18888888888888888,0.6333333333333333,-0.5405405405405406,10,2,0,0,0.5773182121414276,262.4224948612541
0,88,0.01,0.2777777777777778,1.0,-0.5652173913043479,10,1,0,0,0.8348899266177451,13.295740886566941
0,89,0.01,0.8111111111111111,2.7777777777777777,-0.5479876160990712,10,0,0,0,,
0,90,0.01,1.8888888888888888,6.333333333333333,-0.5405405405405406,10,0,0,0,,
0,91,0.01,2.7777777777777777,10.0,-0.5652173913043478,10,0,0,0,,
0,92,0.01,8.11111111111111,27.77777777777778,-0.5479876160990713,10,0,0,0,,
0,93,0.01,10.0,36.66666666666667,-0.5714285714285715,10,0,0,0,,
0,94,0.01,27.77777777777778,90.0,-0.5283018867924528,10,0,0,0,,
0,95,0.01,72.22222222222223,277.77777777777777,-0.5873015873015872,10,0,0,0,,
0,96,0.01,100.0,366.66666666666663,-0.5714285714285714,10,0,0,0,,
0,97,0.01,277.77777777777777,900.0,-0.5283018867924527,10,0,0,0,,
0,98,0.01,633.3333333333333,2000.0,-0.518987341772152,10,0,0,0,,
0,99,0.01,1000.0,3000.0,-0.5,10,0,0,0,,
0,100,0.01,0.001,0.002777777777777778,-0.47058823529411764,10,419,319,0,0.0015703628043335514,1671.1107977108336
0,101,0.01,0.001888888888888889,0.0054444444444444445,-0.48484848484848486,10,318,169,0,0.0029648313895243423,1653.0479530953926
0,102,0.01,0.003666666666666667,0.009,-0.4210526315789473,10,173,87,0,0.005754399373371567,1629.4864566481092
0,103,0.01,0.007222222222222223,0.01888888888888889,-0.4468085106382978,10,88,44,0,0.011324003632355566,1587.3435600087678
0,104,0.01,0.01888888888888889,0.05444444444444445,-0.4848484848484849,10,33,17,0,0.029648313895243424,1417.6353119340413
0,105,0.01,0.027777777777777776,0.0811111111111111,-0.4897959183673469,10,25,11,0,0.04365158322401661,1505.1606043901888
0,106,0.01,0.06333333333333332,0.18888888888888888,-0.4977973568281938,10,15,1,0,0.09954054173515274,1598.593468166856
0,107,0.01,0.18888888888888888,0.4555555555555556,-0.4137931034482759,10,2,0,0,0.576717811874583,261.3155440892152
0,108,0.01,0.2777777777777778,0.8111111111111111,-0.48979591836734687,10,1,0,0,0.8342895263509005,13.290282878668872
0,109,0.01,0.6333333333333333,1.8888888888888888,-0.4977973568281938,10,0,0,0,,
0,110,0.01,1.0,2.7777777777777777,-0.47058823529411764,10,0,0,0,,
0,111,0.01,2.7777777777777777,7.222222222222221,-0.44444444444444436,10,0,0,0,,
0,112,0.01,3.6666666666666665,10.0,-0.46341463414634154,10,0,0,0,,
0,113,0.01,10.0,27.77777777777778,-0.47058823529411764,10,0,0,0,,
0,114,0.01,27.77777777777778,72.22222222222223,-0.4444444444444445,10,0,0,0,,
0,115,0.01,36.66666666666667,90.0,-0.4210526315789473,10,0,0,0,,
0,116,0.01,72.22222222222223,188.88888888888889,-0.4468085106382979,10,0,0,0,,
0,117,0.01,188.88888888888889,544.4444444444445,-0.4848484848484848,10,0,0,0,,
0,118,0.01,366.66666666666663,900.0,-0.42105263157894746,10,0,0,0,,
0,119,0.01,811.1111111111111,2000.0,-0.42292490118577075,10,0,0,0,,
0,120,0.01,0.001,0.001888888888888889,-0.3076923076923077,10,427,320,0,0.0015631476426409539,1660.564449855559
0,121,0.01,0.002777777777777778,0.006333333333333334,-0.39024390243902446,10,221,115,0,0.004345102241715714,1635.490963669445
0,122,0.01,0.004555555555555556,0.009,-0.3278688524590163,10,140,70,0,0.007144963260755135,1659.644432735162
0,123,0.01,0.009,0.01888888888888889,-0.354581673306773,10,70,35,0,0.01412537544622754,1605.5327509758765
0,124,0.01,0.027777777777777776,0.05444444444444445,-0.3243243243243244,10,25,11,0,0.04345102241715714,1656.1708414218197
0,125,0.01,0.03666666666666667,0.0811111111111111,-0.3773584905660377,10,19,3,0,0.05754399373371572,1515.9963050897502
0,126,0.01,0.0811111111111111,0.18888888888888888,-0.39917695473251025,10,12,0,0,0.1276184122748499,1649.190389827071
0,127,0.01,0.18888888888888888,0.3666666666666667,-0.32000000000000006,10,2,0,0,0.5761174116077384,256.3851495748227
0,128,0.01,0.3666666666666667,0.7222222222222222,-0.3265306122448979,10,0,0,0,,
0,129,0.01,0.4555555555555556,1.0,-0.37404580152671746,10,0,0,0,,
0,130,0.01,1.8888888888888888,3.6666666666666665,-0.32,10,0,0,0,,
0,131,0.01,3.6666666666666665,7.222222222222221,-0.32653061224489793,10,0,0,0,,
0,132,0.01,4.555555555555555,10.0,-0.37404580152671757,10,0,0,0,,
0,133,0.01,10.0,18.88888888888889,-0.3076923076923077,10,0,0,0,,
0,134,0.01,27.77777777777778,63.333333333333336,-0.3902439024390244,10,0,0,0,,
0,135,0.01,45.55555555555556,90.0,-0.3278688524590164,10,0,0,0,,
0,136,0.01,90.0,188.88888888888889,-0.35458167330677287,10,0,0,0,,
0,137,0.01,277.77777777777777,544.4444444444445,-0.32432432432432434,10,0,0,0,,
0,138,0.01,366.66666666666663,811.1111111111111,-0.3773584905660377,10,0,0,0,,
0,139,0.01,1000.0,2000.0,-0.3333333333333333,10,0,0,0,,
0,140,0.01,0.002777777777777778,0.004555555555555556,-0.2424242424242424,10,229,115,0,0.004345102241715714,1637.40784546381
0,141,0.01,0.004555555555555556,0.007222222222222223,-0.22641509433962265,10,140,70,0,0.007112135136533295,1621.8512292088205
0,142,0.01,0.0054444444444444445,0.009,-0.2461538461538461,10,117,59,0,0.008511380382023759,1652.8045058173295
0,143,0.01,0.006333333333333334,0.01,-0.2244897959183673,10,101,51,1,0.009908319448927675,92191.10334453521
0,144,0.01,0.03666666666666667,0.06333333333333332,-0.2666666666666666,10,18,3,0,0.05754399373371572,1368.480843652798
0,145,0.01,0.05444444444444445,0.09,-0.24615384615384614,10,18,1,0,0.08550667128846832,1528.3170550390716
0,146,0.01,0.06333333333333332,0.1,-0.22448979591836743,10,15,1,0,0.09908319448927676,1564.0452042458733
0,147,0.01,0.3666666666666667,0.6333333333333333,-0.2666666666666666,10,0,0,0,,
0,148,0.01,0.4555555555555556,0.8111111111111111,-0.2807017543859649,10,0,0,0,,
0,149,0.01,0.5444444444444445,1.0,-0.29496402877697836,10,0,0,0,,
0,150,0.01,3.6666666666666665,6.333333333333333,-0.26666666666666666,10,0,0,0,,
0,151,0.01,4.555555555555555,8.11111111111111,-0.2807017543859649,10,0,0,0,,
0,152,0.01,5.444444444444445,10.0,-0.2949640287769784,10,0,0,0,,
0,153,0.01,27.77777777777778,45.55555555555556,-0.2424242424242424,10,0,0,0,,
0,154,0.01,45.55555555555556,72.22222222222223,-0.22641509433962267,10,0,0,0,,
0,155,0.01,54.44444444444444,100.0,-0.2949640287769784,10,0,0,0,,
0,156,0.01,277.77777777777777,455.55555555555554,-0.24242424242424243,10,0,0,0,,
0,157,0.01,455.55555555555554,722.2222222222222,-0.2264150943396226,10,0,0,0,,
0,158,0.01,544.4444444444445,900.0,-0.24615384615384617,10,0,0,0,,
0,159,0.01,2000.0,3000.0,-0.2,10,0,0,0,,
0,160,0.01,0.001888888888888889,0.002777777777777778,-0.19047619047619047,10,319,170,1,0.0029512092266663842,343669.9004881859
0,161,0.01,0.003666666666666667,0.0054444444444444445,-0.19512195121951215,10,174,87,0,0.0057279603098582925,1533.4057254669922
0,162,0.01,0.006333333333333334,0.00811111111111111,-0.123076923076923,10,101,51,0,0.009908319448927675,1630.325182206635
0,163,0.01,0.00811111111111111,0.01,-0.1042944785276074,10,78,39,0,0.01264736347471151,1376.5399793860886
0,164,0.01,0.03666666666666667,0.04555555555555556,-0.10810810810810813,10,22,4,0,0.057279603098582925,1535.0137818311316
0,165,0.01,0.05444444444444445,0.0811111111111111,-0.1967213114754098,10,15,1,0,0.08511380382023767,1336.5198393228002
0,166,0.01,0.07222222222222222,0.1,-0.16129032258064524,10,11,1,0,0.1132088058705804,1134.219987638976
0,167,0.01,0.3666666666666667,0.4555555555555556,-0.10810810810810811,10,0,0,0,,
0,168,0.01,0.5444444444444445,0.7222222222222222,-0.1403508771929824,10,0,0,0,,
0,169,0.01,0.7222222222222222,0.9,-0.10958904109589043,10,0,0,0,,
0,170,0.01,2.7777777777777777,3.6666666666666665,-0.13793103448275862,10,0,0,0,,
0,171,0.01,5.444444444444445,7.222222222222221,-0.1403508771929824,10,0,0,0,,
0,172,0.01,6.333333333333333,9.0,-0.1739130434782609,10,0,0,0,,
0,173,0.01,18.88888888888889,27.77777777777778,-0.19047619047619047,10,0,0,0,,
0,174,0.01,45.55555555555556,63.333333333333336,-0.163265306122449,10,0,0,0,,
0,175,0.01,63.333333333333336,90.0,-0.17391304347826084,10,0,0,0,,
0,176,0.01,81.11111111111111,100.0,-0.10429447852760734,10,0,0,0,,
0,177,0.01,366.66666666666663,544.4444444444445,-0.19512195121951226,10,0,0,0,,
0,178,0.01,633.3333333333333,811.1111111111111,-0.12307692307692313,10,0,0,0,,
0,179,0.01,811.1111111111111,1000.0,-0.10429447852760737,10,0,0,0,,
0,180,0.01,0.001,0.001,0.0,10,425,321,0,0.001555965631605075,1658.3245952854911
0,181,0.01,0.004555555555555556,0.0054444444444444445,-0.08888888888888886,10,140,70,0,0.007112135136533295,1642.4207466508092
0,182,0.01,0.007222222222222223,0.007222222222222223,0.0,10,88,44,0,0.01122018454301963,1614.747678642834
0,183,0.01,0.009,0.01,-0.05263157894736847,10,71,36,0,0.013995873225726178,1626.4464168686952
0,184,0.01,0.04555555555555556,0.04555555555555556,0.0,10,17,2,0,0.0707945784384138,1386.0925114141485
0,185,0.01,0.06333333333333332,0.07222222222222222,-0.0655737704918033,10,14,1,0,0.09908319448927676,1555.6887311588036
0,186,0.01,0.09,0.09,0.0,10,10,0,0,0.14022681787858574,1346.4869487335923
0,187,0.01,0.4555555555555556,0.4555555555555556,0.0,10,0,0,0,,
0,188,0.01,0.6333333333333333,0.7222222222222222,-0.06557377049180328,10,0,0,0,,
0,189,0.01,0.9,0.9,0.0,10,0,0,0,,
0,190,0.01,3.6666666666666665,3.6666666666666665,0.0,10,0,0,0,,
0,191,0.01,6.333333333333333,6.333333333333333,0.0,10,0,0,0,,
0,192,0.01,8.11111111111111,9.0,-0.05194805194805197,10,0,0,0,,
0,193,0.01,36.66666666666667,36.66666666666667,0.0,10,0,0,0,,
0,194,0.01,63.333333333333336,63.333333333333336,0.0,10,0,0,0,,
0,195,0.01,81.11111111111111,90.0,-0.05194805194805193,10,0,0,0,,
0,196,0.01,277.77777777777777,277.77777777777777,0.0,10,0,0,0,,
0,197,0.01,544.4444444444445,633.3333333333333,-0.07547169811320747,10,0,0,0,,
0,198,0.01,811.1111111111111,811.1111111111111,0.0,10,0,0,0,,
0,199,0.01,3000.0,3000.0,0.0,10,0,0,0,,
0,200,0.01,0.0054444444444444445,0.004555555555555556,0.08888888888888886,10,118,59,0,0.008433347577642757,1648.6272970858176
0,201,0.01,0.006333333333333334,0.0054444444444444445,0.0754716981132076,10,101,51,0,0.009817479430199843,1649.8097900205323
0,202,0.01,0.00811111111111111,0.007222222222222223,0.057971014492753555,10,79,40,0,0.012589254117941675,1640.527796202843
0,203,0.01,0.01,0.009,0.05263157894736847,10,64,32,0,0.01548816618912481,1573.5877390998971
0,204,0.01,0.06333333333333332,0.05444444444444445,0.07547169811320745,10,15,1,0,0.09817479430199844,1424.2595472830867
0,205,0.01,0.0811111111111111,0.07222222222222222,0.05797101449275364,10,11,0,0,0.12641761174116078,1638.7370031351395
0,206,0.01,0.1,0.09,0.05263157894736847,10,8,0,0,0.15583722481654436,822.9364946468165
0,207,0.01,0.5444444444444445,0.4555555555555556,0.0888888888888889,10,0,0,0,,
0,208,0.01,0.7222222222222222,0.6333333333333333,0.06557377049180328,10,0,0,0,,
0,209,0.01,0.9,0.8111111111111111,0.05194805194805195,10,0,0,0,,
0,210,0.01,5.444444444444445,4.555555555555555,0.08888888888888893,10,0,0,0,,
0,211,0.01,7.222222222222221,6.333333333333333,0.06557377049180325,10,0,0,0,,
0,212,0.01,9.0,8.11111111111111,0.05194805194805197,10,0,0,0,,
0,213,0.01,10.0,9.0,0.05263157894736842,10,0,0,0,,
0,214,0.01,63.333333333333336,54.44444444444444,0.07547169811320759,10,0,0,0,,
0,215,0.01,81.11111111111111,72.22222222222223,0.057971014492753596,10,0,0,0,,
0,216,0.01,100.0,90.0,0.05263157894736842,10,0,0,0,,
0,217,0.01,633.3333333333333,544.4444444444445,0.07547169811320747,10,0,0,0,,
0,218,0.01,811.1111111111111,722.2222222222222,0.057971014492753645,10,0,0,0,,
0,219,0.01,1000.0,900.0,0.05263157894736842,10,0,0,0,,
0,220,0.01,0.002777777777777778,0.001888888888888889,0.19047619047619047,10,228,116,0,0.004265795188015926,1633.180034188331
0,221,0.01,0.0054444444444444445,0.003666666666666667,0.19512195121951215,10,118,59,0,0.008356030182312475,1638.4076758237888
0,222,0.01,0.00811111111111111,0.006333333333333334,0.123076923076923,10,79,40,0,0.012531411749414155,1323.190799553396
0,223,0.01,0.01,0.00811111111111111,0.1042944785276074,10,64,32,0,0.01548816618912481,1495.6444620440623
0,224,0.01,0.05444444444444445,0.03666666666666667,0.19512195121951223,10,14,1,0,0.08394599865193973,1400.8058129692579
0,225,0.01,0.0811111111111111,0.05444444444444445,0.1967213114754098,10,11,0,0,0.12521681120747166,1582.971126351043
0,226,0.01,0.1,0.07222222222222222,0.16129032258064524,10,9,0,0,0.15463642428285523,1432.6583228664101
0,227,0.01,0.4555555555555556,0.3666666666666667,0.10810810810810811,10,0,0,0,,
0,228,0.01,0.8111111111111111,0.5444444444444445,0.19672131147540978,10,0,0,0,,
0,229,0.01,1.0,0.7222222222222222,0.16129032258064516,10,0,0,0,,
0,230,0.01,3.6666666666666665,2.7777777777777777,0.13793103448275862,10,0,0,0,,
0,231,0.01,7.222222222222221,5.444444444444445,0.1403508771929824,10,0,0,0,,
0,232,0.01,9.0,7.222222222222221,0.10958904109589046,10,0,0,0,,
0,233,0.01,36.66666666666667,27.77777777777778,0.13793103448275865,10,0,0,0,,
0,234,0.01,72.22222222222223,54.44444444444444,0.1403508771929825,10,0,0,0,,
0,235,0.01,90.0,63.333333333333336,0.17391304347826084,10,0,0,0,,
0,236,0.01,277.77777777777777,188.88888888888889,0.1904761904761905,10,0,0,0,,
0,237,0.01,633.3333333333333,455.55555555555554,0.16326530612244894,10,0,0,0,,
0,238,0.01,900.0,633.3333333333333,0.17391304347826092,10,0,0,0,,
0,239,0.01,3000.0,2000.0,0.2,10,0,0,0,,
0,240,0.01,0.004555555555555556,0.002777777777777778,0.2424242424242424,10,141,71,0,0.006982324040771718,1604.929928937011
0,241,0.01,0.007222222222222223,0.004555555555555556,0.22641509433962265,10,89,45,0,0.011066237839776664,1657.2739890044456
0,242,0.01,0.009,0.0054444444444444445,0.2461538461538461,10,71,36,0,0.01374041975012515,1620.7751778247318
0,243,0.01,0.01,0.006333333333333334,0.2244897959183673,10,64,32,0,0.015346169827992941,1552.9264761966692
0,244,0.01,0.06333333333333332,0.03666666666666667,0.2666666666666666,10,15,1,0,0.09682778562612496,1340.7757928580374
0,245,0.01,0.0811111111111111,0.04555555555555556,0.2807017543859649,10,14,0,0,0.12401601067378253,1593.068977334967
0,246,0.01,0.1,0.05444444444444445,0.2949640287769784,10,9,0,0,0.15283522348232154,1455.7334067895404
0,247,0.01,0.6333333333333333,0.3666666666666667,0.2666666666666666,10,0,0,0,,
0,248,0.01,0.8111111111111111,0.4555555555555556,0.2807017543859649,10,0,0,0,,
0,249,0.01,1.0,0.5444444444444445,0.29496402877697836,10,0,0,0,,
0,250,0.01,4.555555555555555,2.7777777777777777,0.24242424242424243,10,0,0,0,,
0,251,0.01,7.222222222222221,4.555555555555555,0.22641509433962262,10,0,0,0,,
0,252,0.01,9.0,5.444444444444445,0.24615384615384614,10,0,0,0,,
0,253,0.01,45.55555555555556,27.77777777777778,0.2424242424242424,10,0,0,0,,
0,254,0.01,72.22222222222223,45.55555555555556,0.22641509433962267,10,0,0,0,,
0,255,0.01,90.0,54.44444444444444,0.24615384615384614,10,0,0,0,,
0,256,0.01,100.0,63.333333333333336,0.22448979591836732,10,0,0,0,,
0,257,0.01,633.3333333333333,366.66666666666663,0.26666666666666666,10,0,0,0,,
0,258,0.01,811.1111111111111,455.55555555555554,0.28070175438596495,10,0,0,0,,
0,259,0.01,1000.0,633.3333333333333,0.2244897959183674,10,0,0,0,,
0,260,0.01,0.001888888888888889,0.001,0.3076923076923077,10,322,172,0,0.002870780582024692,1650.6320820234791
0,261,0.01,0.006333333333333334,0.002777777777777778,0.39024390243902446,10,102,51,0,0.009462371613657929,1644.1997727488056
0,262,0.01,0.009,0.004555555555555556,0.3278688524590163,10,71,36,0,0.013614446824659497,1532.9305896545009
0,263,0.01,0.01888888888888889,0.009,0.354581673306773,10,35,17,0,0.028444611074479167,1521.356354234144
0,264,0.01,0.05444444444444445,0.027777777777777776,0.3243243243243244,10,15,1,0,0.08241381150130021,1427.5433710770037
0,265,0.01,0.0811111111111111,0.03666666666666667,0.3773584905660377,10,14,1,0,0.12161440960640427,1399.1560243396539
0,266,0.01,0.18888888888888888,0.0811111111111111,0.39917695473251025,10,2,0,0,0.5460973982655103,273.0936497976434
0,267,0.01,0.3666666666666667,0.18888888888888888,0.32000000000000006,10,0,0,0,,
0,268,0.01,0.7222222222222222,0.3666666666666667,0.3265306122448979,10,0,0,0,,
0,269,0.01,1.0,0.4555555555555556,0.37404580152671746,10,0,0,0,,
0,270,0.01,3.6666666666666665,1.8888888888888888,0.32,10,0,0,0,,
0,271,0.01,7.222222222222221,3.6666666666666665,0.32653061224489793,10,0,0,0,,
0,272,0.01,10.0,4.555555555555555,0.37404580152671757,10,0,0,0,,
0,273,0.01,18.88888888888889,10.0,0.3076923076923077,10,0,0,0,,
0,274,0.01,63.333333333333336,27.77777777777778,0.3902439024390244,10,0,0,0,,
0,275,0.01,90.0,45.55555555555556,0.3278688524590164,10,0,0,0,,
0,276,0.01,188.88888888888889,90.0,0.35458167330677287,10,0,0,0,,
0,277,0.01,544.4444444444445,277.77777777777777,0.32432432432432434,10,0,0,0,,
0,278,0.01,811.1111111111111,366.66666666666663,0.3773584905660377,10,0,0,0,,
0,279,0.01,2000.0,1000.0,0.3333333333333333,10,0,0,0,,
0,280,0.01,0.002777777777777778,0.001,0.47058823529411764,10,230,118,0,0.004055085354483839,1646.1699449621883
0,281,0.01,0.0054444444444444445,0.001888888888888889,0.48484848484848486,10,119,60,0,0.007906786279998253,1635.091955772724
0,282,0.01,0.009,0.003666666666666667,0.4210526315789473,10,72,36,0,0.013365955165464419,1644.78871723401
0,283,0.01,0.01888888888888889,0.007222222222222223,0.4468085106382978,10,38,17,0,0.027797132677592883,1556.800015851491
0,284,0.01,0.05444444444444445,0.01888888888888889,0.4848484848484849,10,23,5,0,0.07906786279998253,1587.5008665539485
0,285,0.01,0.09,0.03666666666666667,0.4210526315789474,10,12,0,0,0.13362241494329552,1350.3831872847543
0,286,0.01,0.18888888888888888,0.07222222222222222,0.44680851063829796,10,2,0,0,0.538292194796531,281.05107421512014
0,287,0.01,0.4555555555555556,0.18888888888888888,0.4137931034482759,10,0,0,0,,
0,288,0.01,0.8111111111111111,0.2777777777777778,0.48979591836734687,10,0,0,0,,
0,289,0.01,1.8888888888888888,0.6333333333333333,0.4977973568281938,10,0,0,0,,
0,290,0.01,4.555555555555555,1.8888888888888888,0.4137931034482758,10,0,0,0,,
0,291,0.01,8.11111111111111,2.7777777777777777,0.48979591836734687,10,0,0,0,,
0,292,0.01,18.88888888888889,6.333333333333333,0.4977973568281939,10,0,0,0,,
0,293,0.01,27.77777777777778,10.0,0.47058823529411764,10,0,0,0,,
0,294,0.01,72.22222222222223,27.77777777777778,0.4444444444444445,10,0,0,0,,
0,295,0.01,100.0,36.66666666666667,0.4634146341463414,10,0,0,0,,
0,296,0.01,277.77777777777777,100.0,0.47058823529411764,10,0,0,0,,
0,297,0.01,722.2222222222222,277.77777777777777,0.4444444444444444,10,0,0,0,,
0,298,0.01,1000.0,366.66666666666663,0.46341463414634154,10,0,0,0,,
0,299,0.01,3000.0,1000.0,0.5,10,0,0,0,,
0,300,0.01,0.003666666666666667,0.001,0.5714285714285715,10,180,90,0,0.005081594425605605,1643.5339525677286
0,301,0.01,0.007222222222222223,0.001888888888888889,0.5853658536585367,10,91,46,0,0.009908319448927675,1659.631928082
0,302,0.01,0.01888888888888889,0.0054444444444444445,0.5525114155251142,10,37,17,0,0.02654605561975539,1495.1538965083957
0,303,0.01,0.027777777777777776,0.009,0.5105740181268882,10,35,12,0,0.039810717055349734,1543.8618477660434
0,304,0.01,0.07222222222222222,0.01888888888888889,0.5853658536585367,10,16,4,0,0.09908319448927676,1509.231067718748
0,305,0.01,0.1,0.027777777777777776,0.5652173913043479,10,13,1,0,0.13962641761174116,1507.3250504357977
0,306,0.01,0.2777777777777778,0.0811111111111111,0.5479876160990712,10,1,0,0,0.7376250833889259,14.145607466563689
0,307,0.01,0.6333333333333333,0.18888888888888888,0.5405405405405406,10,0,0,0,,
0,308,0.01,1.0,0.2777777777777778,0.5652173913043479,10,0,0,0,,
0,309,0.01,2.7777777777777777,0.8111111111111111,0.5479876160990712,10,0,0,0,,
0,310,0.01,3.6666666666666665,1.0,0.5714285714285715,10,0,0,0,,
0,311,0.01,9.0,2.7777777777777777,0.5283018867924528,10,0,0,0,,
0,312,0.01,27.77777777777778,7.222222222222221,0.5873015873015873,10,0,0,0,,
0,313,0.01,36.66666666666667,10.0,0.5714285714285715,10,0,0,0,,
0,314,0.01,90.0,27.77777777777778,0.5283018867924528,10,0,0,0,,
0,315,0.01,188.88888888888889,54.44444444444444,0.5525114155251143,10,0,0,0,,
0,316,0.01,277.77777777777777,90.0,0.5105740181268882,10,0,0,0,,
0,317,0.01,722.2222222222222,188.88888888888889,0.5853658536585366,10,0,0,0,,
0,318,0.01,2000.0,544.4444444444445,0.572052401746725,10,0,0,0,,
0,319,0.01,3000.0,900.0,0.5384615384615384,10,0,0,0,,
0,320,0.01,0.004555555555555556,0.001,0.64,10,146,73,0,0.005942921586155727,1610.7418307823061
0,321,0.01,0.01,0.001888888888888889,0.6822429906542055,10,67,33,0,0.012359474334445108,1614.7577956585314
0,322,0.01,0.027777777777777776,0.006333333333333334,0.6286644951140065,10,33,12,0,0.03664375746478333,1593.4114452791737
0,323,0.01,0.04555555555555556,0.00811111111111111,0.6977225672877847,10,24,6,0,0.05495408738576248,1516.7622576116025
0,324,0.01,0.0811111111111111,0.01888888888888889,0.6222222222222222,10,15,3,0,0.10780520346897933,1354.8875342968931
0,325,0.01,0.18888888888888888,0.04555555555555556,0.6113744075829383,10,4,0,0,0.2561040693795864,1159.1962700236002
0,326,0.01,0.3666666666666667,0.0811111111111111,0.6377171215880892,10,0,0,0,,
0,327,0.01,0.5444444444444445,0.1,0.6896551724137931,10,0,0,0,,
0,328,0.01,1.8888888888888888,0.3666666666666667,0.6748768472906403,10,0,0,0,,
0,329,0.01,3.6666666666666665,0.7222222222222222,0.6708860759493671,10,0,0,0,,
0,330,0.01,4.555555555555555,0.9,0.670061099796334,10,0,0,0,,
0,331,0.01,9.0,1.8888888888888888,0.6530612244897959,10,0,0,0,,
0,332,0.01,27.77777777777778,5.444444444444445,0.6722408026755854,10,0,0,0,,
0,333,0.01,45.55555555555556,8.11111111111111,0.6977225672877846,10,0,0,0,,
0,334,0.01,81.11111111111111,18.88888888888889,0.6222222222222222,10,0,0,0,,
0,335,0.01,188.88888888888889,45.55555555555556,0.6113744075829383,10,0,0,0,,
0,336,0.01,366.66666666666663,81.11111111111111,0.6377171215880894,10,0,0,0,,
0,337,0.01,455.55555555555554,100.0,0.64,10,0,0,0,,
0,338,0.01,1000.0,188.88888888888889,0.6822429906542056,10,0,0,0,,
0,339,0.01,3000.0,722.2222222222222,0.6119402985074627,10,0,0,0,,
0,340,0.01,0.006333333333333334,0.001,0.7272727272727273,10,107,54,0,0.007211074791828998,1645.0632806331582
0,341,0.01,0.03666666666666667,0.004555555555555556,0.7789757412398922,10,29,9,0,0.03647539469256077,1593.1098228540639
0,342,0.01,0.05444444444444445,0.006333333333333334,0.7915904936014624,10,23,5,0,0.05199959965335162,1560.7984538516173
0,343,0.01,0.06333333333333332,0.009,0.7511520737327189,10,22,5,1,0.06823386941416697,5419.925334684779
0,344,0.01,0.09,0.01,0.8,10,15,3,0,0.08356030182312484,1618.1257127793137
0,345,0.01,0.3666666666666667,0.06333333333333332,0.7054263565891472,10,1,0,0,0.7874583055370247,11.084712092583255
0,346,0.01,0.5444444444444445,0.0811111111111111,0.7406749555950266,10,0,0,0,,
0,347,0.01,0.7222222222222222,0.0811111111111111,0.7980636237897648,10,0,0,0,,
0,348,0.01,2.7777777777777777,0.3666666666666667,0.7667844522968198,10,0,0,0,,
0,349,0.01,4.555555555555555,0.6333333333333333,0.7558886509635975,10,0,0,0,,
0,350,0.01,6.333333333333333,0.7222222222222222,0.795275590551181,10,0,0,0,,
0,351,0.01,7.222222222222221,1.0,0.7567567567567567,10,0,0,0,,
0,352,0.01,36.66666666666667,4.555555555555555,0.7789757412398921,10,0,0,0,,
0,353,0.01,54.44444444444444,6.333333333333333,0.7915904936014625,10,0,0,0,,
0,354,0.01,63.333333333333336,9.0,0.7511520737327189,10,0,0,0,,
0,355,0.01,90.0,10.0,0.8,10,0,0,0,,
0,356,0.01,366.66666666666663,63.333333333333336,0.7054263565891473,10,0,0,0,,
0,357,0.01,544.4444444444445,81.11111111111111,0.7406749555950267,10,0,0,0,,
0,358,0.01,722.2222222222222,81.11111111111111,0.7980636237897649,10,0,0,0,,
0,359,0.01,3000.0,455.55555555555554,0.7363344051446945,10,0,0,0,,
0,360,0.01,0.009,0.001,0.8000000000000002,10,77,39,0,0.008317637711026709,1587.5946360575456
0,361,0.01,0.04555555555555556,0.003666666666666667,0.8510158013544019,10,23,8,0,0.03311311214825911,1606.4806686878742
0,362,0.01,0.07222222222222222,0.0054444444444444445,0.8597997138769671,10,15,4,0,0.04965923214503363,1637.0120534021178
0,363,0.01,0.09,0.006333333333333334,0.8685121107266437,10,14,3,0,0.05861381645140291,1539.22898676086
0,364,0.01,0.18888888888888888,0.01,0.8994413407821228,10,5,1,0,0.09549925860214359,1217.1836048596701
0,365,0.01,0.5444444444444445,0.04555555555555556,0.8455743879472692,10,2,0,0,0.6955970647098065,84.63043497526944
0,366,0.01,0.8111111111111111,0.04555555555555556,0.8936446173800259,10,2,0,0,0.719613075383589,77.29745991116758
0,367,0.01,0.9,0.09,0.8181818181818182,10,0,0,0,,
0,368,0.01,2.7777777777777777,0.2777777777777778,0.8181818181818182,10,0,0,0,,
0,369,0.01,6.333333333333333,0.4555555555555556,0.8657937806873977,10,0,0,0,,
0,370,0.01,8.11111111111111,0.7222222222222222,0.8364779874213837,10,0,0,0,,
0,371,0.01,10.0,0.7222222222222222,0.8652849740932644,10,0,0,0,,
0,372,0.01,45.55555555555556,2.7777777777777777,0.8850574712643677,10,0,0,0,,
0,373,0.01,72.22222222222223,4.555555555555555,0.8813314037626627,10,0,0,0,,
0,374,0.01,90.0,5.444444444444445,0.8859138533178115,10,0,0,0,,
0,375,0.01,100.0,10.0,0.8181818181818182,10,0,0,0,,
0,376,0.01,544.4444444444445,36.66666666666667,0.8738049713193117,10,0,0,0,,
0,377,0.01,722.2222222222222,72.22222222222223,0.8181818181818182,10,0,0,0,,
0,378,0.01,900.0,81.11111111111111,0.8346545866364666,10,0,0,0,,
0,379,0.01,3000.0,277.77777777777777,0.8305084745762712,10,0,0,0,,
0,380,0.01,0.027777777777777776,0.001,0.9305019305019304,10,35,15,0,0.009772372209558112,1493.748117905457
0,381,0.01,0.4555555555555556,0.003666666666666667,0.9840309702395356,10,3,1,0,0.03664375746478333,215.90839111174273
0,382,0.01,0.9,0.003666666666666667,0.9918849133161194,10,3,1,0,0.03664375746478333,212.5005398186598
0,383,0.01,2.7777777777777777,0.0811111111111111,0.94325689856199,10,0,0,0,,
0,384,0.01,5.444444444444445,0.09,0.9674764103593656,10,0,0,0,,
0,385,0.01,8.11111111111111,0.04555555555555556,0.98882985969214,10,2,0,0,0.7406270847231488,78.80209354817018
0,386,0.01,18.88888888888889,0.006333333333333334,0.9993296365336328,10,3,0,0,0.0633869711256927,172.33138383674552
0,387,0.01,36.66666666666667,0.01888888888888889,0.998970227458582,10,4,0,0,0.1894596397598399,584.8559306160247
0,388,0.01,54.44444444444444,0.027777777777777776,0.9989801121876594,10,5,0,0,0.46624416277518343,1195.4238150823862
0,389,0.01,72.22222222222223,0.027777777777777776,0.9992310649750098,10,5,0,0,0.46624416277518343,1193.3875970138004
0,390,0.01,90.0,0.009,0.9998000199980002,10,4,0,0,0.08994975815300356,397.3510808910492
0,391,0.01,188.88888888888889,0.0054444444444444445,0.9999423546027204,10,2,0,0,0.05445026528424215,215.95720544260914
0,392,0.01,277.77777777777777,1.0,0.9928258270227183,10,0,0,0,,
0,393,0.01,455.55555555555554,0.03666666666666667,0.9998390373457745,10,3,0,0,0.605537024683122,784.5299410584917
0,394,0.01,544.4444444444445,7.222222222222221,0.9738167170191341,10,0,0,0,,
0,395,0.01,722.2222222222222,0.06333333333333332,0.9998246307631483,10,0,0,0,,
0,396,0.01,811.1111111111111,8.11111111111111,0.9801980198019803,10,0,0,0,,
0,397,0.01,1000.0,0.04555555555555556,0.9999088930393171,10,2,0,0,0.7406270847231488,78.92540297124626
0,398,0.01,2000.0,5.444444444444445,0.9945703363067206,10,0,0,0,,
0,399,0.01,3000.0,100.0,0.9354838709677419,10,0,0,0,,
1,0,0.05,0.001,0.027777777777777776,-0.9305019305019304,10,406,308,0,0.0015703628043335514,1662.6193748327744
1,1,0.05,0.001888888888888889,0.7222222222222222,-0.9947828755562373,10,319,169,1,0.0029648313895243423,1220844.0429144003
1,2,0.05,0.002777777777777778,54.44444444444444,-0.9998979643895719,10,221,115,1,0.004365158322401661,289421.8909787835
1,3,0.05,0.004555555555555556,0.1,-0.9128586609989372,10,139,70,0,0.007144963260755135,1643.774639554277
1,4,0.05,0.0054444444444444445,45.55555555555556,-0.9997610041726721,10,116,58,0,0.008550667128846832,1605.3166077938313
1,5,0.05,0.007222222222222223,0.5444444444444445,-0.9738167170191339,10,88,44,0,0.011324003632355566,1620.4175255737362
1,6,0.05,0.00811111111111111,90.0,-0.999819769329431,10,78,39,0,0.012764388088113435,1569.90455365056
1,7,0.05,0.01,2.7777777777777777,-0.9928258270227184,10,63,32,0,0.01570362804333553,1537.0582815296673
1,8,0.05,0.01888888888888889,722.2222222222222,-0.9999476936757038,10,33,17,0,0.029648313895243424,1284.3372634310372
1,9,0.05,0.03666666666666667,90.0,-0.999185517011588,10,19,2,0,0.05754399373371572,1480.6805977638453
1,10,0.05,0.05444444444444445,81.11111111111111,-0.998658434749278,10,14,1,0,0.08550667128846832,1104.1904040056372
1,11,0.05,0.07222222222222222,100.0,-0.9985565980125465,10,14,1,0,0.11380920613742496,1515.4865871905836
1,12,0.05,0.09,188.88888888888889,-0.9990475126557345,10,11,0,0,0.1420280186791194,1355.393995952417
1,13,0.05,0.18888888888888888,633.3333333333333,-0.9994036866197801,10,2,0,0,0.5785190126751167,262.8657775144001
1,14,0.05,0.4555555555555556,45.55555555555556,-0.9801980198019802,10,0,0,0,,
1,15,0.05,0.7222222222222222,36.66666666666667,-0.9613670133729569,10,0,0,0,,
1,16,0.05,1.0,45.55555555555556,-0.9570405727923628,10,0,0,0,,
1,17,0.05,3.6666666666666665,544.4444444444445,-0.9866207176160553,10,0,0,0,,
1,18,0.05,8.11111111111111,900.0,-0.9821363024593173,10,0,0,0,,
1,19,0.05,100.0,3000.0,-0.9354838709677419,10,0,0,0,,
1,20,0.05,0.001,0.009,-0.8000000000000002,10,425,320,0,0.0015703628043335514,1660.1023598466618
1,21,0.05,0.003666666666666667,0.05444444444444445,-0.8738049713193117,10,173,87,0,0.005754399373371567,1634.6761446048956
1,22,0.05,0.0054444444444444445,0.0811111111111111,-0.8741976893453145,10,116,58,0,0.008550667128846832,1626.2215544427872
1,23,0.05,0.007222222222222223,0.09,-0.8514285714285713,10,88,44,0,0.011324003632355566,1583.0144301370603
1,24,0.05,0.01,0.18888888888888888,-0.8994413407821228,10,63,32,0,0.01570362804333553,1563.592184732081
1,25,0.05,0.04555555555555556,0.5444444444444445,-0.8455743879472692,10,19,2,0,0.07144963260755134,1634.371158389487
1,26,0.05,0.06333333333333332,0.6333333333333333,-0.8181818181818181,10,15,1,0,0.09954054173515274,1598.495154050666
1,27,0.05,0.0811111111111111,0.9,-0.8346545866364665,10,11,0,0,0.1276184122748499,1505.3583990951977
1,28,0.05,0.2777777777777778,2.7777777777777777,-0.8181818181818182,10,1,0,0,0.8378919279519679,13.329519719294952
1,29,0.05,0.4555555555555556,7.222222222222221,-0.8813314037626627,10,0,0,0,,
1,30,0.05,0.6333333333333333,9.0,-0.8685121107266437,10,0,0,0,,
1,31,0.05,0.9,9.0,-0.8181818181818181,10,0,0,0,,
1,32,0.05,3.6666666666666665,36.66666666666667,-0.8181818181818183,10,0,0,0,,
1,33,0.05,5.444444444444445,63.333333333333336,-0.8416801292407108,10,0,0,0,,
1,34,0.05,7.222222222222221,72.22222222222223,-0.818181818181818,10,0,0,0,,
1,35,0.05,10.0,100.0,-0.8181818181818182,10,0,0,0,,
1,36,0.05,36.66666666666667,633.3333333333333,-0.8905472636815921,10,0,0,0,,
1,37,0.05,54.44444444444444,900.0,-0.8859138533178114,10,0,0,0,,
1,38,0.05,72.22222222222223,1000.0,-0.8652849740932643,10,0,0,0,,
1,39,0.05,277.77777777777777,3000.0,-0.8305084745762712,10,0,0,0,,
1,40,0.05,0.001,0.006333333333333334,-0.7272727272727273,10,421,320,0,0.0015703628043335514,1656.071033134774
1,41,0.05,0.004555555555555556,0.027777777777777776,-0.718213058419244,10,145,71,0,0.007144963260755135,1604.0662757470739
1,42,0.05,0.006333333333333334,0.05444444444444445,-0.7915904936014624,10,100,50,0,0.009954054173515275,1606.0235342193907
1,43,0.05,0.00811111111111111,0.07222222222222222,-0.7980636237897648,10,78,39,0,0.012705741052085419,1600.105403514066
1,44,0.05,0.01,0.0811111111111111,-0.7804878048780489,10,63,32,0,0.01570362804333553,1586.879905271448
1,45,0.05,0.05444444444444445,0.3666666666666667,-0.7414248021108178,10,17,1,0,0.08550667128846832,1516.142863000487
1,46,0.05,0.07222222222222222,0.5444444444444445,-0.7657657657657659,10,14,1,0,0.11380920613742496,1641.3344647743443
1,47,0.05,0.09,0.6333333333333333,-0.751152073732719,10,10,0,0,0.1420280186791194,1351.7730302252291
1,48,0.05,0.3666666666666667,2.7777777777777777,-0.7667844522968198,10,0,0,0,,
1,49,0.05,0.6333333333333333,4.555555555555555,-0.7558886509635975,10,0,0,0,,
1,50,0.05,0.8111111111111111,5.444444444444445,-0.7406749555950267,10,0,0,0,,
1,51,0.05,1.0,6.333333333333333,-0.7272727272727273,10,0,0,0,,
1,52,0.05,4.555555555555555,36.66666666666667,-0.7789757412398921,10,0,0,0,,
1,53,0.05,7.222222222222221,45.55555555555556,-0.7263157894736842,10,0,0,0,,
1,54,0.05,9.0,54.44444444444444,-0.7162872154115587,10,0,0,0,,
1,55,0.05,10.0,81.11111111111111,-0.7804878048780488,10,0,0,0,,
1,56,0.05,54.44444444444444,455.55555555555554,-0.7864923747276688,10,0,0,0,,
1,57,0.05,72.22222222222223,633.3333333333333,-0.7952755905511812,10,0,0,0,,
1,58,0.05,90.0,722.2222222222222,-0.7783857729138167,10,0,0,0,,
1,59,0.05,455.55555555555554,3000.0,-0.7363344051446945,10,0,0,0,,
1,60,0.05,0.001,0.004555555555555556,-0.64,10,426,321,0,0.0015703628043335514,1669.6175501656908
1,61,0.05,0.001888888888888889,0.01,-0.6822429906542055,10,320,170,0,0.0029648313895243423,1651.1080230397329
1,62,0.05,0.006333333333333334,0.027777777777777776,-0.6286644951140065,10,101,51,0,0.009908319448927675,1508.7896645545477
1,63,0.05,0.009,0.03666666666666667,-0.6058394160583941,10,71,36,0,0.01412537544622754,1632.9237329208108
1,64,0.05,0.01888888888888889,0.0811111111111111,-0.6222222222222222,10,35,17,0,0.029648313895243424,1519.883223549859
1,65,0.05,0.04555555555555556,0.18888888888888888,-0.6113744075829383,10,18,1,0,0.07144963260755134,1543.4173154280763
1,66,0.05,0.0811111111111111,0.3666666666666667,-0.6377171215880892,10,11,0,0,0.1276184122748499,1477.671435675591
1,67,0.05,0.1,0.5444444444444445,-0.6896551724137931,10,8,0,0,0.15763842561707805,962.7254908742357
1,68,0.05,0.3666666666666667,1.8888888888888888,-0.6748768472906403,10,0,0,0,,
1,69,0.05,0.7222222222222222,3.6666666666666665,-0.6708860759493671,10,0,0,0,,
1,70,0.05,0.9,4.555555555555555,-0.670061099796334,10,0,0,0,,
1,71,0.05,1.8888888888888888,9.0,-0.6530612244897959,10,0,0,0,,
1,72,0.05,5.444444444444445,27.77777777777778,-0.6722408026755854,10,0,0,0,,
1,73,0.05,9.0,36.66666666666667,-0.6058394160583942,10,0,0,0,,
1,74,0.05,18.88888888888889,81.11111111111111,-0.6222222222222222,10,0,0,0,,
1,75,0.05,45.55555555555556,188.88888888888889,-0.6113744075829383,10,0,0,0,,
1,76,0.05,81.11111111111111,366.66666666666663,-0.6377171215880894,10,0,0,0,,
1,77,0.05,100.0,455.55555555555554,-0.64,10,0,0,0,,
1,78,0.05,188.88888888888889,1000.0,-0.6822429906542056,10,0,0,0,,
1,79,0.05,722.2222222222222,3000.0,-0.6119402985074627,10,0,0,0,,
1,80,0.05,0.001,0.003666666666666667,-0.5714285714285715,10,406,322,0,0.0015631476426409539,1660.341400191984
1,81,0.05,0.001888888888888889,0.007222222222222223,-0.5853658536585367,10,323,171,1,0.0029512092266663842,289482.2027592487
1,82,0.05,0.0054444444444444445,0.01888888888888889,-0.5525114155251142,10,118,59,0,0.008511380382023759,1639.3473017244012
1,83,0.05,0.009,0.027777777777777776,-0.5105740181268882,10,71,36,0,0.014060475241299143,1576.262637381864
1,84,0.05,0.01888888888888889,0.07222222222222222,-0.5853658536585367,10,33,17,0,0.02951209226666387,1475.591899590582
1,85,0.05,0.05444444444444445,0.18888888888888888,-0.5525114155251141,10,18,1,0,0.08511380382023767,1653.5664094138115
1,86,0.05,0.09,0.2777777777777778,-0.5105740181268883,10,10,0,0,0.14142761841227486,1281.9676688142938
1,87,0.05,0.18888888888888888,0.6333333333333333,-0.5405405405405406,10,2,0,0,0.5761174116077384,261.4585576402071
1,88,0.05,0.2777777777777778,1.0,-0.5652173913043479,10,1,0,0,0.8348899266177451,13.295641068484555
1,89,0.05,0.8111111111111111,2.7777777777777777,-0.5479876160990712,10,0,0,0,,
1,90,0.05,1.8888888888888888,6.333333333333333,-0.5405405405405406,10,0,0,0,,
1,91,0.05,2.7777777777777777,10.0,-0.5652173913043478,10,0,0,0,,
1,92,0.05,8.11111111111111,27.77777777777778,-0.5479876160990713,10,0,0,0,,
1,93,0.05,10.0,36.66666666666667,-0.5714285714285715,10,0,0,0,,
1,94,0.05,27.77777777777778,90.0,-0.5283018867924528,10,0,0,0,,
1,95,0.05,72.22222222222223,277.77777777777777,-0.5873015873015872,10,0,0,0,,
1,96,0.05,100.0,366.66666666666663,-0.5714285714285714,10,0,0,0,,
1,97,0.05,277.77777777777777,900.0,-0.5283018867924527,10,0,0,0,,
1,98,0.05,633.3333333333333,2000.0,-0.518987341772152,10,0,0,0,,
1,99,0.05,1000.0,3000.0,-0.5,10,0,0,0,,
1,100,0.05,0.001,0.002777777777777778,-0.47058823529411764,10,417,323,0,0.0015631476426409539,1679.2305925198214
1,101,0.05,0.001888888888888889,0.0054444444444444445,-0.48484848484848486,10,324,171,0,0.0029512092266663842,1616.225655027364
1,102,0.05,0.003666666666666667,0.009,-0.4210526315789473,10,177,89,0,0.005701642722807478,1608.4531628543673
1,103,0.05,0.007222222222222223,0.01888888888888889,-0.4468085106382978,10,89,45,0,0.011271974561755105,1619.5623219999254
1,104,0.05,0.01888888888888889,0.05444444444444445,-0.4848484848484849,10,33,17,0,0.02951209226666387,1497.8843347531933
1,105,0.05,0.027777777777777776,0.0811111111111111,-0.4897959183673469,10,28,12,0,0.04345102241715714,1681.7470072137537
1,106,0.05,0.06333333333333332,0.18888888888888888,-0.4977973568281938,10,15,1,0,0.09908319448927676,1412.7279363548919
1,107,0.05,0.18888888888888888,0.4555555555555556,-0.4137931034482759,10,2,0,0,0.5737158105403602,256.5080125458285
1,108,0.05,0.2777777777777778,0.8111111111111111,-0.48979591836734687,10,1,0,0,0.8330887258172114,13.277266923867504
1,109,0.05,0.6333333333333333,1.8888888888888888,-0.4977973568281938,10,0,0,0,,
1,110,0.05,1.0,2.7777777777777777,-0.47058823529411764,10,0,0,0,,
1,111,0.05,2.7777777777777777,7.222222222222221,-0.44444444444444436,10,0,0,0,,
1,112,0.05,3.6666666666666665,10.0,-0.46341463414634154,10,0,0,0,,
1,113,0.05,10.0,27.77777777777778,-0.47058823529411764,10,0,0,0,,
1,114,0.05,27.77777777777778,72.22222222222223,-0.4444444444444445,10,0,0,0,,
1,115,0.05,36.66666666666667,90.0,-0.4210526315789473,10,0,0,0,,
1,116,0.05,72.22222222222223,188.88888888888889,-0.4468085106382979,10,0,0,0,,
1,117,0.05,188.88888888888889,544.4444444444445,-0.4848484848484848,10,0,0,0,,
1,118,0.05,366.66666666666663,900.0,-0.42105263157894746,10,0,0,0,,
1,119,0.05,811.1111111111111,2000.0,-0.42292490118577075,10,0,0,0,,
1,120,0.05,0.001,0.001888888888888889,-0.3076923076923077,10,427,327,1,0.0015488166189124811,248233.83821395348
1,121,0.05,0.002777777777777778,0.006333333333333334,-0.39024390243902446,10,231,117,0,0.004325138310350089,1556.9451987291284
1,122,0.05,0.004555555555555556,0.009,-0.3278688524590163,10,143,72,0,0.00707945784384138,1626.569631581212
1,123,0.05,0.009,0.01888888888888889,-0.354581673306773,10,72,36,0,0.013995873225726178,1559.3802415549385
1,124,0.05,0.027777777777777776,0.05444444444444445,-0.3243243243243244,10,24,12,0,0.043052661049171055,1560.2518972572354
1,125,0.05,0.03666666666666667,0.0811111111111111,-0.3773584905660377,10,20,5,0,0.05701642722807478,1408.2285865748222
1,126,0.05,0.0811111111111111,0.18888888888888888,-0.39917695473251025,10,10,0,0,0.12641761174116078,1085.8360875844571
1,127,0.05,0.18888888888888888,0.3666666666666667,-0.32000000000000006,10,2,0,0,0.571314209472982,258.9450237222046
1,128,0.05,0.3666666666666667,0.7222222222222222,-0.3265306122448979,10,0,0,0,,
1,129,0.05,0.4555555555555556,1.0,-0.37404580152671746,10,0,0,0,,
1,130,0.05,1.8888888888888888,3.6666666666666665,-0.32,10,0,0,0,,
1,131,0.05,3.6666666666666665,7.222222222222221,-0.32653061224489793,10,0,0,0,,
1,132,0.05,4.555555555555555,10.0,-0.37404580152671757,10,0,0,0,,
1,133,0.05,10.0,18.88888888888889,-0.3076923076923077,10,0,0,0,,
1,134,0.05,27.77777777777778,63.333333333333336,-0.3902439024390244,10,0,0,0,,
1,135,0.05,45.55555555555556,90.0,-0.3278688524590164,10,0,0,0,,
1,136,0.05,90.0,188.88888888888889,-0.35458167330677287,10,0,0,0,,
1,137,0.05,277.77777777777777,544.4444444444445,-0.32432432432432434,10,0,0,0,,
1,138,0.05,366.66666666666663,811.1111111111111,-0.3773584905660377,10,0,0,0,,
1,139,0.05,1000.0,2000.0,-0.3333333333333333,10,0,0,0,,
1,140,0.05,0.002777777777777778,0.004555555555555556,-0.2424242424242424,10,231,118,0,0.004285485203974397,1655.1099162570138
1,141,0.05,0.004555555555555556,0.007222222222222223,-0.22641509433962265,10,143,72,0,0.007014552984199714,1647.0892488613413
1,142,0.05,0.0054444444444444445,0.009,-0.2461538461538461,10,120,60,0,0.008394599865193973,1598.1735796326284
1,143,0.05,0.006333333333333334,0.01,-0.2244897959183673,10,103,52,0,0.009772372209558112,1604.713411595241
1,144,0.05,0.03666666666666667,0.06333333333333332,-0.2666666666666666,10,20,6,0,0.056754460540854715,1497.4847365125574
1,145,0.05,0.05444444444444445,0.09,-0.24615384615384614,10,13,1,0,0.08394599865193973,1506.3893830450324
1,146,0.05,0.06333333333333332,0.1,-0.22448979591836743,10,15,1,0,0.09772372209558111,1525.9849002725405
1,147,0.05,0.3666666666666667,0.6333333333333333,-0.2666666666666666,10,0,0,0,,
1,148,0.05,0.4555555555555556,0.8111111111111111,-0.2807017543859649,10,0,0,0,,
1,149,0.05,0.5444444444444445,1.0,-0.29496402877697836,10,0,0,0,,
1,150,0.05,3.6666666666666665,6.333333333333333,-0.26666666666666666,10,0,0,0,,
1,151,0.05,4.555555555555555,8.11111111111111,-0.2807017543859649,10,0,0,0,,
1,152,0.05,5.444444444444445,10.0,-0.2949640287769784,10,0,0,0,,
1,153,0.05,27.77777777777778,45.55555555555556,-0.2424242424242424,10,0,0,0,,
1,154,0.05,45.55555555555556,72.22222222222223,-0.22641509433962267,10,0,0,0,,
1,155,0.05,54.44444444444444,100.0,-0.2949640287769784,10,0,0,0,,
1,156,0.05,277.77777777777777,455.55555555555554,-0.24242424242424243,10,0,0,0,,
1,157,0.05,455.55555555555554,722.2222222222222,-0.2264150943396226,10,0,0,0,,
1,158,0.05,544.4444444444445,900.0,-0.24615384615384617,10,0,0,0,,
1,159,0.05,2000.0,3000.0,-0.2,10,0,0,0,,
1,160,0.05,0.001888888888888889,0.002777777777777778,-0.19047619047619047,10,330,174,0,0.0028973435877013213,1658.552505277226
1,161,0.05,0.003666666666666667,0.0054444444444444445,-0.19512195121951215,10,179,90,0,0.005623413251903491,1638.0737100117728
1,162,0.05,0.006333333333333334,0.00811111111111111,-0.123076923076923,10,104,52,0,0.009638290236239706,1479.6059578905424
1,163,0.05,0.00811111111111111,0.01,-0.1042944785276074,10,81,41,0,0.012359474334445108,1573.7959289425048
1,164,0.05,0.03666666666666667,0.04555555555555556,-0.10810810810810813,10,20,7,0,0.055718574893192985,1337.4331073951448
1,165,0.05,0.05444444444444445,0.0811111111111111,-0.1967213114754098,10,15,1,0,0.08394599865193973,1616.1617659727463
1,166,0.05,0.07222222222222222,0.1,-0.16129032258064524,10,13,1,0,0.11080720480320214,1438.47505985943
1,167,0.05,0.3666666666666667,0.4555555555555556,-0.10810810810810811,10,0,0,0,,
1,168,0.05,0.5444444444444445,0.7222222222222222,-0.1403508771929824,10,0,0,0,,
1,169,0.05,0.7222222222222222,0.9,-0.10958904109589043,10,0,0,0,,
1,170,0.05,2.7777777777777777,3.6666666666666665,-0.13793103448275862,10,0,0,0,,
1,171,0.05,5.444444444444445,7.222222222222221,-0.1403508771929824,10,0,0,0,,
1,172,0.05,6.333333333333333,9.0,-0.1739130434782609,10,0,0,0,,
1,173,0.05,18.88888888888889,27.77777777777778,-0.19047619047619047,10,0,0,0,,
1,174,0.05,45.55555555555556,63.333333333333336,-0.163265306122449,10,0,0,0,,
1,175,0.05,63.333333333333336,90.0,-0.17391304347826084,10,0,0,0,,
1,176,0.05,81.11111111111111,100.0,-0.10429447852760734,10,0,0,0,,
1,177,0.05,366.66666666666663,544.4444444444445,-0.19512195121951226,10,0,0,0,,
1,178,0.05,633.3333333333333,811.1111111111111,-0.12307692307692313,10,0,0,0,,
1,179,0.05,811.1111111111111,1000.0,-0.10429447852760737,10,0,0,0,,
1,180,0.05,0.001,0.001,0.0,10,406,329,0,0.001492794409578996,1656.5330868641267
1,181,0.05,0.004555555555555556,0.0054444444444444445,-0.08888888888888886,10,145,73,0,0.006918309709189363,1638.7678655333534
1,182,0.05,0.007222222222222223,0.007222222222222223,0.0,10,92,46,0,0.010814339512979387,1651.5293870404314
1,183,0.05,0.009,0.01,-0.05263157894736847,10,73,37,0,0.013614446824659497,1599.555537001809
1,184,0.05,0.04555555555555556,0.04555555555555556,0.0,10,22,2,0,0.06823386941416697,1569.4362354221473
1,185,0.05,0.06333333333333332,0.07222222222222222,-0.0655737704918033,10,16,1,0,0.09594006315159335,1558.5394602689857
1,186,0.05,0.09,0.09,0.0,10,11,0,0,0.13542361574382922,1447.1165234313967
1,187,0.05,0.4555555555555556,0.4555555555555556,0.0,10,0,0,0,,
1,188,0.05,0.6333333333333333,0.7222222222222222,-0.06557377049180328,10,0,0,0,,
1,189,0.05,0.9,0.9,0.0,10,0,0,0,,
1,190,0.05,3.6666666666666665,3.6666666666666665,0.0,10,0,0,0,,
1,191,0.05,6.333333333333333,6.333333333333333,0.0,10,0,0,0,,
1,192,0.05,8.11111111111111,9.0,-0.05194805194805197,10,0,0,0,,
1,193,0.05,36.66666666666667,36.66666666666667,0.0,10,0,0,0,,
1,194,0.05,63.333333333333336,63.333333333333336,0.0,10,0,0,0,,
1,195,0.05,81.11111111111111,90.0,-0.05194805194805193,10,0,0,0,,
1,196,0.05,277.77777777777777,277.77777777777777,0.0,10,0,0,0,,
1,197,0.05,544.4444444444445,633.3333333333333,-0.07547169811320747,10,0,0,0,,
1,198,0.05,811.1111111111111,811.1111111111111,0.0,10,0,0,0,,
1,199,0.05,3000.0,3000.0,0.0,10,0,0,0,,
1,200,0.05,0.0054444444444444445,0.004555555555555556,0.08888888888888886,10,123,62,0,0.007979946872679769,1632.089567622416
1,201,0.05,0.006333333333333334,0.0054444444444444445,0.0754716981132076,10,106,53,0,0.009332543007969905,1633.2710370056143
1,202,0.05,0.00811111111111111,0.007222222222222223,0.057971014492753555,10,82,41,0,0.011967405313072431,1642.4890225907043
1,203,0.05,0.01,0.009,0.05263157894736847,10,67,34,0,0.014791083881682071,1626.867577153769
1,204,0.05,0.06333333333333332,0.05444444444444445,0.07547169811320745,10,16,1,0,0.09332543007969915,1618.1795839960369
1,205,0.05,0.0811111111111111,0.07222222222222222,0.05797101449275364,10,13,0,0,0.12041360907271514,1549.6243246282797
1,206,0.05,0.1,0.09,0.05263157894736847,10,9,0,0,0.1486324216144096,1439.4019903845858
1,207,0.05,0.5444444444444445,0.4555555555555556,0.0888888888888889,10,0,0,0,,
1,208,0.05,0.7222222222222222,0.6333333333333333,0.06557377049180328,10,0,0,0,,
1,209,0.05,0.9,0.8111111111111111,0.05194805194805195,10,0,0,0,,
1,210,0.05,5.444444444444445,4.555555555555555,0.08888888888888893,10,0,0,0,,
1,211,0.05,7.222222222222221,6.333333333333333,0.06557377049180325,10,0,0,0,,
1,212,0.05,9.0,8.11111111111111,0.05194805194805197,10,0,0,0,,
1,213,0.05,10.0,9.0,0.05263157894736842,10,0,0,0,,
1,214,0.05,63.333333333333336,54.44444444444444,0.07547169811320759,10,0,0,0,,
1,215,0.05,81.11111111111111,72.22222222222223,0.057971014492753596,10,0,0,0,,
1,216,0.05,100.0,90.0,0.05263157894736842,10,0,0,0,,
1,217,0.05,633.3333333333333,544.4444444444445,0.07547169811320747,10,0,0,0,,
1,218,0.05,811.1111111111111,722.2222222222222,0.057971014492753645,10,0,0,0,,
1,219,0.05,1000.0,900.0,0.05263157894736842,10,0,0,0,,
1,220,0.05,0.002777777777777778,0.001888888888888889,0.19047619047619047,10,241,123,0,0.003944573020752785,1626.8393540239458
1,221,0.05,0.0054444444444444445,0.003666666666666667,0.19512195121951215,10,125,63,0,0.0076913044028660985,1636.1928788163848
1,222,0.05,0.00811111111111111,0.006333333333333334,0.123076923076923,10,83,42,0,0.011803206356517298,1584.624457250646
1,223,0.05,0.01,0.00811111111111111,0.1042944785276074,10,67,34,0,0.01458814260275349,1634.0160330263195
1,224,0.05,0.05444444444444445,0.03666666666666667,0.19512195121951223,10,20,5,0,0.07726805850957022,1553.7632017516007
1,225,0.05,0.0811111111111111,0.05444444444444445,0.1967213114754098,10,13,1,0,0.11501000667111408,1310.1386987103638
1,226,0.05,0.1,0.07222222222222222,0.16129032258064524,10,10,0,0,0.1438292194796531,1478.8386853990535
1,227,0.05,0.4555555555555556,0.3666666666666667,0.10810810810810811,10,0,0,0,,
1,228,0.05,0.8111111111111111,0.5444444444444445,0.19672131147540978,10,0,0,0,,
1,229,0.05,1.0,0.7222222222222222,0.16129032258064516,10,0,0,0,,
1,230,0.05,3.6666666666666665,2.7777777777777777,0.13793103448275862,10,0,0,0,,
1,231,0.05,7.222222222222221,5.444444444444445,0.1403508771929824,10,0,0,0,,
1,232,0.05,9.0,7.222222222222221,0.10958904109589046,10,0,0,0,,
1,233,0.05,36.66666666666667,27.77777777777778,0.13793103448275865,10,0,0,0,,
1,234,0.05,72.22222222222223,54.44444444444444,0.1403508771929825,10,0,0,0,,
1,235,0.05,90.0,63.333333333333336,0.17391304347826084,10,0,0,0,,
1,236,0.05,277.77777777777777,188.88888888888889,0.1904761904761905,10,0,0,0,,
1,237,0.05,633.3333333333333,455.55555555555554,0.16326530612244894,10,0,0,0,,
1,238,0.05,900.0,633.3333333333333,0.17391304347826092,10,0,0,0,,
1,239,0.05,3000.0,2000.0,0.2,10,0,0,0,,
1,240,0.05,0.004555555555555556,0.002777777777777778,0.2424242424242424,10,150,75,0,0.00630957344480193,1653.5212315971446
1,241,0.05,0.007222222222222223,0.004555555555555556,0.22641509433962265,10,95,48,0,0.010092528860766845,1554.8237253215905
1,242,0.05,0.009,0.0054444444444444445,0.2461538461538461,10,76,38,0,0.012473835142429432,1598.1970504812869
1,243,0.05,0.01,0.006333333333333334,0.2244897959183673,10,68,34,0,0.013995873225726178,1644.8229799625014
1,244,0.05,0.06333333333333332,0.03666666666666667,0.2666666666666666,10,20,4,0,0.0866961875758217,1569.7836720704731
1,245,0.05,0.0811111111111111,0.04555555555555556,0.2807017543859649,10,15,3,0,0.11020680453635757,1592.1274300793132
1,246,0.05,0.1,0.05444444444444445,0.2949640287769784,10,13,3,0,0.13482321547698467,1367.857057607804
1,247,0.05,0.6333333333333333,0.3666666666666667,0.2666666666666666,10,0,0,0,,
1,248,0.05,0.8111111111111111,0.4555555555555556,0.2807017543859649,10,0,0,0,,
1,249,0.05,1.0,0.5444444444444445,0.29496402877697836,10,0,0,0,,
1,250,0.05,4.555555555555555,2.7777777777777777,0.24242424242424243,10,0,0,0,,
1,251,0.05,7.222222222222221,4.555555555555555,0.22641509433962262,10,0,0,0,,
1,252,0.05,9.0,5.444444444444445,0.24615384615384614,10,0,0,0,,
1,253,0.05,45.55555555555556,27.77777777777778,0.2424242424242424,10,0,0,0,,
1,254,0.05,72.22222222222223,45.55555555555556,0.22641509433962267,10,0,0,0,,
1,255,0.05,90.0,54.44444444444444,0.24615384615384614,10,0,0,0,,
1,256,0.05,100.0,63.333333333333336,0.22448979591836732,10,0,0,0,,
1,257,0.05,633.3333333333333,366.66666666666663,0.26666666666666666,10,0,0,0,,
1,258,0.05,811.1111111111111,455.55555555555554,0.28070175438596495,10,0,0,0,,
1,259,0.05,1000.0,633.3333333333333,0.2244897959183674,10,0,0,0,,
1,260,0.05,0.001888888888888889,0.001,0.3076923076923077,10,340,184,0,0.0025234807724805754,1651.650948463732
1,261,0.05,0.006333333333333334,0.002777777777777778,0.39024390243902446,10,111,56,0,0.00794328234724282,1616.5879101465375
1,262,0.05,0.009,0.004555555555555556,0.3278688524590163,10,77,39,0,0.011857687481671597,1591.8835694353215
1,263,0.05,0.01888888888888889,0.009,0.354581673306773,10,39,18,0,0.024434305526939714,1603.8237987343437
1,264,0.05,0.05444444444444445,0.027777777777777776,0.3243243243243244,10,22,5,0,0.07211074791828997,1563.4325312708424
1,265,0.05,0.0811111111111111,0.03666666666666667,0.3773584905660377,10,17,3,0,0.10300200133422283,1406.0224836719729
1,266,0.05,0.18888888888888888,0.0811111111111111,0.39917695473251025,10,7,1,0,0.23689126084056036,1076.224232298929
1,267,0.05,0.3666666666666667,0.18888888888888888,0.32000000000000006,10,0,0,0,,
1,268,0.05,0.7222222222222222,0.3666666666666667,0.3265306122448979,10,0,0,0,,
1,269,0.05,1.0,0.4555555555555556,0.37404580152671746,10,0,0,0,,
1,270,0.05,3.6666666666666665,1.8888888888888888,0.32,10,0,0,0,,
1,271,0.05,7.222222222222221,3.6666666666666665,0.32653061224489793,10,0,0,0,,
1,272,0.05,10.0,4.555555555555555,0.37404580152671757,10,0,0,0,,
1,273,0.05,18.88888888888889,10.0,0.3076923076923077,10,0,0,0,,
1,274,0.05,63.333333333333336,27.77777777777778,0.3902439024390244,10,0,0,0,,
1,275,0.05,90.0,45.55555555555556,0.3278688524590164,10,0,0,0,,
1,276,0.05,188.88888888888889,90.0,0.35458167330677287,10,0,0,0,,
1,277,0.05,544.4444444444445,277.77777777777777,0.32432432432432434,10,0,0,0,,
1,278,0.05,811.1111111111111,366.66666666666663,0.3773584905660377,10,0,0,0,,
1,279,0.05,2000.0,1000.0,0.3333333333333333,10,0,0,0,,
1,280,0.05,0.002777777777777778,0.001,0.47058823529411764,10,253,130,0,0.0031915378551007614,1636.7267623506725
1,281,0.05,0.0054444444444444445,0.001888888888888889,0.48484848484848486,10,133,67,0,0.006137620051647945,1651.5993628585084
1,282,0.05,0.009,0.003666666666666667,0.4210526315789473,10,80,40,0,0.01096478196143185,1587.0492969188413
1,283,0.05,0.01888888888888889,0.007222222222222223,0.4468085106382978,10,44,19,0,0.0223872113856834,1584.1171823589054
1,284,0.05,0.05444444444444445,0.01888888888888889,0.4848484848484849,10,23,6,0,0.061376200516479455,1498.3027603682795
1,285,0.05,0.09,0.03666666666666667,0.4210526315789474,10,14,3,0,0.10960640426951301,1477.8236530707775
1,286,0.05,0.18888888888888888,0.07222222222222222,0.44680851063829796,10,6,0,0,0.22548365577051369,1410.8907271903845
1,287,0.05,0.4555555555555556,0.18888888888888888,0.4137931034482759,10,0,0,0,,
1,288,0.05,0.8111111111111111,0.2777777777777778,0.48979591836734687,10,0,0,0,,
1,289,0.05,1.8888888888888888,0.6333333333333333,0.4977973568281938,10,0,0,0,,
1,290,0.05,4.555555555555555,1.8888888888888888,0.4137931034482758,10,0,0,0,,
1,291,0.05,8.11111111111111,2.7777777777777777,0.48979591836734687,10,0,0,0,,
1,292,0.05,18.88888888888889,6.333333333333333,0.4977973568281939,10,0,0,0,,
1,293,0.05,27.77777777777778,10.0,0.47058823529411764,10,0,0,0,,
1,294,0.05,72.22222222222223,27.77777777777778,0.4444444444444445,10,0,0,0,,
1,295,0.05,100.0,36.66666666666667,0.4634146341463414,10,0,0,0,,
1,296,0.05,277.77777777777777,100.0,0.47058823529411764,10,0,0,0,,
1,297,0.05,722.2222222222222,277.77777777777777,0.4444444444444444,10,0,0,0,,
1,298,0.05,1000.0,366.66666666666663,0.46341463414634154,10,0,0,0,,
1,299,0.05,3000.0,1000.0,0.5,10,0,0,0,,
1,300,0.05,0.003666666666666667,0.001,0.5714285714285715,10,202,103,1,0.0035974933515574236,436919.09092487657
1,301,0.05,0.007222222222222223,0.001888888888888889,0.5853658536585367,10,105,53,1,0.006918309709189363,98573.75724412668
1,302,0.05,0.01888888888888889,0.0054444444444444445,0.5525114155251142,10,46,20,0,0.019230917289101594,1694.7187554722516
1,303,0.05,0.027777777777777776,0.009,0.5105740181268882,10,35,13,0,0.03019951720402016,1581.2387272668745
1,304,0.05,0.07222222222222222,0.01888888888888889,0.5853658536585367,10,18,4,0,0.06918309709189363,1447.5579230271208
1,305,0.05,0.1,0.027777777777777776,0.5652173913043479,10,13,3,0,0.09954054173515274,1356.65457934802
1,306,0.05,0.2777777777777778,0.0811111111111111,0.5479876160990712,10,3,0,0,0.5172781854569712,1301.6448312016275
1,307,0.05,0.6333333333333333,0.18888888888888888,0.5405405405405406,10,0,0,0,,
1,308,0.05,1.0,0.2777777777777778,0.5652173913043479,10,0,0,0,,
1,309,0.05,2.7777777777777777,0.8111111111111111,0.5479876160990712,10,0,0,0,,
1,310,0.05,3.6666666666666665,1.0,0.5714285714285715,10,0,0,0,,
1,311,0.05,9.0,2.7777777777777777,0.5283018867924528,10,0,0,0,,
1,312,0.05,27.77777777777778,7.222222222222221,0.5873015873015873,10,0,0,0,,
1,313,0.05,36.66666666666667,10.0,0.5714285714285715,10,0,0,0,,
1,314,0.05,90.0,27.77777777777778,0.5283018867924528,10,0,0,0,,
1,315,0.05,188.88888888888889,54.44444444444444,0.5525114155251143,10,0,0,0,,
1,316,0.05,277.77777777777777,90.0,0.5105740181268882,10,0,0,0,,
1,317,0.05,722.2222222222222,188.88888888888889,0.5853658536585366,10,0,0,0,,
1,318,0.05,2000.0,544.4444444444445,0.572052401746725,10,0,0,0,,
1,319,0.05,3000.0,900.0,0.5384615384615384,10,0,0,0,,
1,320,0.05,0.004555555555555556,0.001,0.64,10,170,86,1,0.003854783576657721,92835.80186312026
1,321,0.05,0.01,0.001888888888888889,0.6822429906542055,10,80,40,0,0.0075162289401820605,1596.1058846573355
1,322,0.05,0.027777777777777776,0.006333333333333334,0.6286644951140065,10,37,14,0,0.024099054286865956,1580.0160072710735
1,323,0.05,0.04555555555555556,0.00811111111111111,0.6977225672877847,10,28,9,0,0.032658783217233596,1489.95401438175
1,324,0.05,0.0811111111111111,0.01888888888888889,0.6222222222222222,10,16,4,0,0.07144963260755134,1354.9263100769238
1,325,0.05,0.18888888888888888,0.04555555555555556,0.6113744075829383,10,7,1,0,0.171447631754503,880.4192035851029
1,326,0.05,0.3666666666666667,0.0811111111111111,0.6377171215880892,10,3,0,0,0.5496997998665777,1349.742706679078
1,327,0.05,0.5444444444444445,0.1,0.6896551724137931,10,2,0,0,0.6859906604402934,78.71103031081209
1,328,0.05,1.8888888888888888,0.3666666666666667,0.6748768472906403,10,0,0,0,,
1,329,0.05,3.6666666666666665,0.7222222222222222,0.6708860759493671,10,0,0,0,,
1,330,0.05,4.555555555555555,0.9,0.670061099796334,10,0,0,0,,
1,331,0.05,9.0,1.8888888888888888,0.6530612244897959,10,0,0,0,,
1,332,0.05,27.77777777777778,5.444444444444445,0.6722408026755854,10,0,0,0,,
1,333,0.05,45.55555555555556,8.11111111111111,0.6977225672877846,10,0,0,0,,
1,334,0.05,81.11111111111111,18.88888888888889,0.6222222222222222,10,0,0,0,,
1,335,0.05,188.88888888888889,45.55555555555556,0.6113744075829383,10,0,0,0,,
1,336,0.05,366.66666666666663,81.11111111111111,0.6377171215880894,10,0,0,0,,
1,337,0.05,455.55555555555554,100.0,0.64,10,0,0,0,,
1,338,0.05,1000.0,188.88888888888889,0.6822429906542056,10,0,0,0,,
1,339,0.05,3000.0,722.2222222222222,0.6119402985074627,10,0,0,0,,
1,340,0.05,0.006333333333333334,0.001,0.7272727272727273,10,127,66,0,0.004111497211045221,1654.2623609221766
1,341,0.05,0.03666666666666667,0.004555555555555556,0.7789757412398922,10,33,12,0,0.019230917289101594,1618.2265309510547
1,342,0.05,0.05444444444444445,0.006333333333333334,0.7915904936014624,10,24,8,0,0.026915348039269166,1545.8576871047603
1,343,0.05,0.06333333333333332,0.009,0.7511520737327189,10,22,6,0,0.037497300224548336,1552.6356879171706
1,344,0.05,0.09,0.01,0.8,10,15,3,0,0.04265795188015926,1613.8958723990916
1,345,0.05,0.3666666666666667,0.06333333333333332,0.7054263565891472,10,5,0,0,0.45003335557038027,1123.7948346105638
1,346,0.05,0.5444444444444445,0.0811111111111111,0.7406749555950266,10,3,0,0,0.5761174116077384,1229.732544591723
1,347,0.05,0.7222222222222222,0.0811111111111111,0.7980636237897648,10,3,0,0,0.5857238158772515,1393.0533267657463
1,348,0.05,2.7777777777777777,0.3666666666666667,0.7667844522968198,10,0,0,0,,
1,349,0.05,4.555555555555555,0.6333333333333333,0.7558886509635975,10,0,0,0,,
1,350,0.05,6.333333333333333,0.7222222222222222,0.795275590551181,10,0,0,0,,
1,351,0.05,7.222222222222221,1.0,0.7567567567567567,10,0,0,0,,
1,352,0.05,36.66666666666667,4.555555555555555,0.7789757412398921,10,0,0,0,,
1,353,0.05,54.44444444444444,6.333333333333333,0.7915904936014625,10,0,0,0,,
1,354,0.05,63.333333333333336,9.0,0.7511520737327189,10,0,0,0,,
1,355,0.05,90.0,10.0,0.8,10,0,0,0,,
1,356,0.05,366.66666666666663,63.333333333333336,0.7054263565891473,10,0,0,0,,
1,357,0.05,544.4444444444445,81.11111111111111,0.7406749555950267,10,0,0,0,,
1,358,0.05,722.2222222222222,81.11111111111111,0.7980636237897649,10,0,0,0,,
1,359,0.05,3000.0,455.55555555555554,0.7363344051446945,10,0,0,0,,
1,360,0.05,0.009,0.001,0.8000000000000002,10,99,51,0,0.004265795188015926,1596.093391288865
1,361,0.05,0.04555555555555556,0.003666666666666667,0.8510158013544019,10,30,11,0,0.0159220872705117,1554.3841834389398
1,362,0.05,0.07222222222222222,0.0054444444444444445,0.8597997138769671,10,23,7,0,0.02376840286624876,1597.4632473140384
1,363,0.05,0.09,0.006333333333333334,0.8685121107266437,10,18,6,0,0.027669416454115126,1623.8229505374663
1,364,0.05,0.18888888888888888,0.01,0.8994413407821228,10,9,2,0,0.04405548635065534,1369.8711598034317
1,365,0.05,0.5444444444444445,0.04555555555555556,0.8455743879472692,10,5,0,0,0.19846564376250833,901.3310720634892
1,366,0.05,0.8111111111111111,0.04555555555555556,0.8936446173800259,10,5,0,0,0.20146764509673115,965.8162947506661
1,367,0.05,0.9,0.09,0.8181818181818182,10,2,0,0,0.648165443629086,103.89719806161338
1,368,0.05,2.7777777777777777,0.2777777777777778,0.8181818181818182,10,0,0,0,,
1,369,0.05,6.333333333333333,0.4555555555555556,0.8657937806873977,10,0,0,0,,
1,370,0.05,8.11111111111111,0.7222222222222222,0.8364779874213837,10,0,0,0,,
1,371,0.05,10.0,0.7222222222222222,0.8652849740932644,10,0,0,0,,
1,372,0.05,45.55555555555556,2.7777777777777777,0.8850574712643677,10,0,0,0,,
1,373,0.05,72.22222222222223,4.555555555555555,0.8813314037626627,10,0,0,0,,
1,374,0.05,90.0,5.444444444444445,0.8859138533178115,10,0,0,0,,
1,375,0.05,100.0,10.0,0.8181818181818182,10,0,0,0,,
1,376,0.05,544.4444444444445,36.66666666666667,0.8738049713193117,10,0,0,0,,
1,377,0.05,722.2222222222222,72.22222222222223,0.8181818181818182,10,0,0,0,,
1,378,0.05,900.0,81.11111111111111,0.8346545866364666,10,0,0,0,,
1,379,0.05,3000.0,277.77777777777777,0.8305084745762712,10,0,0,0,,
1,380,0.05,0.027777777777777776,0.001,0.9305019305019304,10,48,27,0,0.004425883723626264,1570.309794512393
1,381,0.05,0.4555555555555556,0.003666666666666667,0.9840309702395356,10,7,5,0,0.01629296032639723,1209.7539724402716
1,382,0.05,0.9,0.003666666666666667,0.9918849133161194,10,7,5,0,0.01629296032639723,802.3952781769204
1,383,0.05,2.7777777777777777,0.0811111111111111,0.94325689856199,10,3,0,0,0.5983322214809873,782.990041284678
1,384,0.05,5.444444444444445,0.09,0.9674764103593656,10,2,0,0,0.6595730486991327,98.58115599942833
1,385,0.05,8.11111111111111,0.04555555555555556,0.98882985969214,10,7,0,0,0.20326884589726485,1374.5573332378806
1,386,0.05,18.88888888888889,0.006333333333333334,0.9993296365336328,10,6,2,0,0.028054336379517132,1326.2601758730639
1,387,0.05,36.66666666666667,0.01888888888888889,0.998970227458582,10,3,0,0,0.08394599865193973,313.5781463922772
1,388,0.05,54.44444444444444,0.027777777777777776,0.9989801121876594,10,4,0,0,0.12341561040693796,397.1379073100917
1,389,0.05,72.22222222222223,0.027777777777777776,0.9992310649750098,10,4,0,0,0.12341561040693796,397.23386138546505
1,390,0.05,90.0,0.009,0.9998000199980002,10,5,0,0,0.03999447497610974,974.0759120313799
1,391,0.05,188.88888888888889,0.0054444444444444445,0.9999423546027204,10,7,3,0,0.024099054286865956,1158.368018230334
1,392,0.05,277.77777777777777,1.0,0.9928258270227183,10,0,0,0,,
1,393,0.05,455.55555555555554,0.03666666666666667,0.9998390373457745,10,4,0,0,0.16304202801867912,607.3439799044767
1,394,0.05,544.4444444444445,7.222222222222221,0.9738167170191341,10,0,0,0,,
1,395,0.05,722.2222222222222,0.06333333333333332,0.9998246307631483,10,5,0,0,0.4746497665110073,1341.5736708682502
1,396,0.05,811.1111111111111,8.11111111111111,0.9801980198019803,10,0,0,0,,
1,397,0.05,1000.0,0.04555555555555556,0.9999088930393171,10,5,0,0,0.20326884589726485,622.9792140098427
1,398,0.05,2000.0,5.444444444444445,0.9945703363067206,10,0,0,0,,
1,399,0.05,3000.0,100.0,0.9354838709677419,10,0,0,0,,
2,0,0.1,0.001,0.027777777777777776,-0.9305019305019304,10,414,312,0,0.0015703628043335514,1664.0984459696942
2,1,0.1,0.001888888888888889,0.7222222222222222,-0.9947828755562373,10,319,169,1,0.0029648313895243423,1087642.5266200532
2,2,0.1,0.002777777777777778,54.44444444444444,-0.9998979643895719,10,221,115,1,0.004365158322401661,292744.5821892279
2,3,0.1,0.004555555555555556,0.1,-0.9128586609989372,10,139,70,0,0.007144963260755135,1608.0537107873215
2,4,0.1,0.0054444444444444445,45.55555555555556,-0.9997610041726721,10,116,58,0,0.008550667128846832,1605.346298800249
2,5,0.1,0.007222222222222223,0.5444444444444445,-0.9738167170191339,10,88,44,0,0.011324003632355566,1624.4740414329406
2,6,0.1,0.00811111111111111,90.0,-0.999819769329431,10,78,39,0,0.012764388088113435,1570.2844168032511
2,7,0.1,0.01,2.7777777777777777,-0.9928258270227184,10,63,32,0,0.01570362804333553,1556.303745764933
2,8,0.1,0.01888888888888889,722.2222222222222,-0.9999476936757038,10,33,17,0,0.029648313895243424,1292.9873907541512
2,9,0.1,0.03666666666666667,90.0,-0.999185517011588,10,20,2,0,0.05754399373371572,1355.2246773583483
2,10,0.1,0.05444444444444445,81.11111111111111,-0.998658434749278,10,14,1,0,0.08550667128846832,1328.2886372616156
2,11,0.1,0.07222222222222222,100.0,-0.9985565980125465,10,13,1,0,0.11380920613742496,1316.7956413799625
2,12,0.1,0.09,188.88888888888889,-0.9990475126557345,10,10,0,0,0.1420280186791194,1560.5549773329399
2,13,0.1,0.18888888888888888,633.3333333333333,-0.9994036866197801,10,2,0,0,0.5797198132088058,264.0314936921486
2,14,0.1,0.4555555555555556,45.55555555555556,-0.9801980198019802,10,0,0,0,,
2,15,0.1,0.7222222222222222,36.66666666666667,-0.9613670133729569,10,0,0,0,,
2,16,0.1,1.0,45.55555555555556,-0.9570405727923628,10,0,0,0,,
2,17,0.1,3.6666666666666665,544.4444444444445,-0.9866207176160553,10,0,0,0,,
2,18,0.1,8.11111111111111,900.0,-0.9821363024593173,10,0,0,0,,
2,19,0.1,100.0,3000.0,-0.9354838709677419,10,0,0,0,,
2,20,0.1,0.001,0.009,-0.8000000000000002,10,420,320,0,0.0015703628043335514,1683.9731318257657
2,21,0.1,0.003666666666666667,0.05444444444444445,-0.8738049713193117,10,173,81,0,0.005754399373371567,1634.845369172347
2,22,0.1,0.0054444444444444445,0.0811111111111111,-0.8741976893453145,10,116,58,0,0.008550667128846832,1548.87635897489
2,23,0.1,0.007222222222222223,0.09,-0.8514285714285713,10,88,44,0,0.011324003632355566,1584.2896386089653
2,24,0.1,0.01,0.18888888888888888,-0.8994413407821228,10,63,32,0,0.01570362804333553,1638.7776234083703
2,25,0.1,0.04555555555555556,0.5444444444444445,-0.8455743879472692,10,18,2,0,0.07144963260755134,1608.1303991511168
2,26,0.1,0.06333333333333332,0.6333333333333333,-0.8181818181818181,10,15,1,0,0.09954054173515274,1585.321252064101
2,27,0.1,0.0811111111111111,0.9,-0.8346545866364665,10,11,0,0,0.1276184122748499,1324.8209017492954
2,28,0.1,0.2777777777777778,2.7777777777777777,-0.8181818181818182,10,1,0,0,0.8402935290193462,13.391278548841768
2,29,0.1,0.4555555555555556,7.222222222222221,-0.8813314037626627,10,0,0,0,,
2,30,0.1,0.6333333333333333,9.0,-0.8685121107266437,10,0,0,0,,
2,31,0.1,0.9,9.0,-0.8181818181818181,10,0,0,0,,
2,32,0.1,3.6666666666666665,36.66666666666667,-0.8181818181818183,10,0,0,0,,
2,33,0.1,5.444444444444445,63.333333333333336,-0.8416801292407108,10,0,0,0,,
2,34,0.1,7.222222222222221,72.22222222222223,-0.818181818181818,10,0,0,0,,
2,35,0.1,10.0,100.0,-0.8181818181818182,10,0,0,0,,
2,36,0.1,36.66666666666667,633.3333333333333,-0.8905472636815921,10,0,0,0,,
2,37,0.1,54.44444444444444,900.0,-0.8859138533178114,10,0,0,0,,
2,38,0.1,72.22222222222223,1000.0,-0.8652849740932643,10,0,0,0,,
2,39,0.1,277.77777777777777,3000.0,-0.8305084745762712,10,0,0,0,,
2,40,0.1,0.001,0.006333333333333334,-0.7272727272727273,10,426,320,0,0.0015703628043335514,1677.5136583998233
2,41,0.1,0.004555555555555556,0.027777777777777776,-0.718213058419244,10,145,65,0,0.007144963260755135,1606.3893336914962
2,42,0.1,0.006333333333333334,0.05444444444444445,-0.7915904936014624,10,104,43,0,0.009954054173515275,1604.9850416206855
2,43,0.1,0.00811111111111111,0.07222222222222222,-0.7980636237897648,10,78,39,0,0.012705741052085419,1598.731021174021
2,44,0.1,0.01,0.0811111111111111,-0.7804878048780489,10,64,32,0,0.01570362804333553,1350.9081643212962
2,45,0.1,0.05444444444444445,0.3666666666666667,-0.7414248021108178,10,15,1,0,0.08550667128846832,1225.9579124409026
2,46,0.1,0.07222222222222222,0.5444444444444445,-0.7657657657657659,10,12,1,0,0.11380920613742496,1273.44600457368
2,47,0.1,0.09,0.6333333333333333,-0.751152073732719,10,10,0,0,0.1420280186791194,1460.3677634912356
2,48,0.1,0.3666666666666667,2.7777777777777777,-0.7667844522968198,10,0,0,0,,
2,49,0.1,0.6333333333333333,4.555555555555555,-0.7558886509635975,10,0,0,0,,
2,50,0.1,0.8111111111111111,5.444444444444445,-0.7406749555950267,10,0,0,0,,
2,51,0.1,1.0,6.333333333333333,-0.7272727272727273,10,0,0,0,,
2,52,0.1,4.555555555555555,36.66666666666667,-0.7789757412398921,10,0,0,0,,
2,53,0.1,7.222222222222221,45.55555555555556,-0.7263157894736842,10,0,0,0,,
2,54,0.1,9.0,54.44444444444444,-0.7162872154115587,10,0,0,0,,
2,55,0.1,10.0,81.11111111111111,-0.7804878048780488,10,0,0,0,,
2,56,0.1,54.44444444444444,455.55555555555554,-0.7864923747276688,10,0,0,0,,
2,57,0.1,72.22222222222223,633.3333333333333,-0.7952755905511812,10,0,0,0,,
2,58,0.1,90.0,722.2222222222222,-0.7783857729138167,10,0,0,0,,
2,59,0.1,455.55555555555554,3000.0,-0.7363344051446945,10,0,0,0,,
2,60,0.1,0.001,0.004555555555555556,-0.64,10,424,321,0,0.0015631476426409539,1686.0949933350062
2,61,0.1,0.001888888888888889,0.01,-0.6822429906542055,10,325,172,1,0.0029512092266663842,484303.6316721632
2,62,0.1,0.006333333333333334,0.027777777777777776,-0.6286644951140065,10,105,46,0,0.009908319448927675,1562.1403319275419
2,63,0.1,0.009,0.03666666666666667,-0.6058394160583941,10,73,28,0,0.014060475241299143,1601.4912189779898
2,64,0.1,0.01888888888888889,0.0811111111111111,-0.6222222222222222,10,34,17,0,0.02951209226666387,1404.1217236728444
2,65,0.1,0.04555555555555556,0.18888888888888888,-0.6113744075829383,10,17,2,0,0.07112135136533289,1633.3504591443389
2,66,0.1,0.0811111111111111,0.3666666666666667,-0.6377171215880892,10,11,0,0,0.12701801200800533,1555.6025888489387
2,67,0.1,0.1,0.5444444444444445,-0.6896551724137931,10,8,0,0,0.15763842561707805,1431.3500802006274
2,68,0.1,0.3666666666666667,1.8888888888888888,-0.6748768472906403,10,0,0,0,,
2,69,0.1,0.7222222222222222,3.6666666666666665,-0.6708860759493671,10,0,0,0,,
2,70,0.1,0.9,4.555555555555555,-0.670061099796334,10,0,0,0,,
2,71,0.1,1.8888888888888888,9.0,-0.6530612244897959,10,0,0,0,,
2,72,0.1,5.444444444444445,27.77777777777778,-0.6722408026755854,10,0,0,0,,
2,73,0.1,9.0,36.66666666666667,-0.6058394160583942,10,0,0,0,,
2,74,0.1,18.88888888888889,81.11111111111111,-0.6222222222222222,10,0,0,0,,
2,75,0.1,45.55555555555556,188.88888888888889,-0.6113744075829383,10,0,0,0,,
2,76,0.1,81.11111111111111,366.66666666666663,-0.6377171215880894,10,0,0,0,,
2,77,0.1,100.0,455.55555555555554,-0.64,10,0,0,0,,
2,78,0.1,188.88888888888889,1000.0,-0.6822429906542056,10,0,0,0,,
2,79,0.1,722.2222222222222,3000.0,-0.6119402985074627,10,0,0,0,,
2,80,0.1,0.001,0.003666666666666667,-0.5714285714285715,10,410,323,0,0.001555965631605075,1659.7608200864506
2,81,0.1,0.001888888888888889,0.007222222222222223,-0.5853658536585367,10,319,173,1,0.0029512092266663842,186053.76018590853
2,82,0.1,0.0054444444444444445,0.01888888888888889,-0.5525114155251142,10,120,60,0,0.008472274141405963,1637.681917211412
2,83,0.1,0.009,0.027777777777777776,-0.5105740181268882,10,73,33,0,0.013995873225726178,1585.8278863561834
2,84,0.1,0.01888888888888889,0.07222222222222222,-0.5853658536585367,10,34,15,0,0.02951209226666387,1467.0933812581873
2,85,0.1,0.05444444444444445,0.18888888888888888,-0.5525114155251141,10,15,1,0,0.08511380382023767,1523.7745126956008
2,86,0.1,0.09,0.2777777777777778,-0.5105740181268883,10,10,0,0,0.14082721814543028,1539.037108369266
2,87,0.1,0.18888888888888888,0.6333333333333333,-0.5405405405405406,10,2,0,0,0.5749166110740493,260.09978293221553
2,88,0.1,0.2777777777777778,1.0,-0.5652173913043479,10,1,0,0,0.8348899266177451,13.295586514086036
2,89,0.1,0.8111111111111111,2.7777777777777777,-0.5479876160990712,10,0,0,0,,
2,90,0.1,1.8888888888888888,6.333333333333333,-0.5405405405405406,10,0,0,0,,
2,91,0.1,2.7777777777777777,10.0,-0.5652173913043478,10,0,0,0,,
2,92,0.1,8.11111111111111,27.77777777777778,-0.5479876160990713,10,0,0,0,,
2,93,0.1,10.0,36.66666666666667,-0.5714285714285715,10,0,0,0,,
2,94,0.1,27.77777777777778,90.0,-0.5283018867924528,10,0,0,0,,
2,95,0.1,72.22222222222223,277.77777777777777,-0.5873015873015872,10,0,0,0,,
2,96,0.1,100.0,366.66666666666663,-0.5714285714285714,10,0,0,0,,
2,97,0.1,277.77777777777777,900.0,-0.5283018867924527,10,0,0,0,,
2,98,0.1,633.3333333333333,2000.0,-0.518987341772152,10,0,0,0,,
2,99,0.1,1000.0,3000.0,-0.5,10,0,0,0,,
2,100,0.1,0.001,0.002777777777777778,-0.47058823529411764,10,418,323,1,0.0015488166189124811,352462.40669334185
2,101,0.1,0.001888888888888889,0.0054444444444444445,-0.48484848484848486,10,332,174,0,0.0029376496519615304,1643.1317090746595
2,102,0.1,0.003666666666666667,0.009,-0.4210526315789473,10,178,90,0,0.005675446054085471,1649.9019384650085
2,103,0.1,0.007222222222222223,0.01888888888888889,-0.4468085106382978,10,91,46,0,0.011168632477805612,1568.6530394431852
2,104,0.1,0.01888888888888889,0.05444444444444445,-0.4848484848484849,10,38,10,0,0.029376496519615308,1621.0949968938974
2,105,0.1,0.027777777777777776,0.0811111111111111,-0.4897959183673469,10,23,11,0,0.043052661049171055,1570.576546428784
2,106,0.1,0.06333333333333332,0.18888888888888888,-0.4977973568281938,10,14,1,0,0.0986279485631211,1394.917603384372
2,107,0.1,0.18888888888888888,0.4555555555555556,-0.4137931034482759,10,2,0,0,0.5701134089392929,255.6177819458418
2,108,0.1,0.2777777777777778,0.8111111111111111,-0.48979591836734687,10,1,0,0,0.8312875250166777,13.241804073242752
2,109,0.1,0.6333333333333333,1.8888888888888888,-0.4977973568281938,10,0,0,0,,
2,110,0.1,1.0,2.7777777777777777,-0.47058823529411764,10,0,0,0,,
2,111,0.1,2.7777777777777777,7.222222222222221,-0.44444444444444436,10,0,0,0,,
2,112,0.1,3.6666666666666665,10.0,-0.46341463414634154,10,0,0,0,,
2,113,0.1,10.0,27.77777777777778,-0.47058823529411764,10,0,0,0,,
2,114,0.1,27.77777777777778,72.22222222222223,-0.4444444444444445,10,0,0,0,,
2,115,0.1,36.66666666666667,90.0,-0.4210526315789473,10,0,0,0,,
2,116,0.1,72.22222222222223,188.88888888888889,-0.4468085106382979,10,0,0,0,,
2,117,0.1,188.88888888888889,544.4444444444445,-0.4848484848484848,10,0,0,0,,
2,118,0.1,366.66666666666663,900.0,-0.42105263157894746,10,0,0,0,,
2,119,0.1,811.1111111111111,2000.0,-0.42292490118577075,10,0,0,0,,
2,120,0.1,0.001,0.001888888888888889,-0.3076923076923077,10,415,324,0,0.0015275660582380732,1674.343665949019
2,121,0.1,0.002777777777777778,0.006333333333333334,-0.39024390243902446,10,231,120,1,0.004285485203974397,211389.895717491
2,122,0.1,0.004555555555555556,0.009,-0.3278688524590163,10,146,73,0,0.006982324040771718,1594.4366961882163
2,123,0.1,0.009,0.01888888888888889,-0.354581673306773,10,74,37,0,0.013803842646028852,1554.0971386602562
2,124,0.1,0.027777777777777776,0.05444444444444445,-0.3243243243243244,10,24,7,0,0.0424619563946313,1599.8871400784233
2,125,0.1,0.03666666666666667,0.0811111111111111,-0.3773584905660377,10,19,7,0,0.05649369748123028,1193.3455987538298
2,126,0.1,0.0811111111111111,0.18888888888888888,-0.39917695473251025,10,11,0,0,0.1258172114743162,1513.251772063123
2,127,0.1,0.18888888888888888,0.3666666666666667,-0.32000000000000006,10,2,0,0,0.5647098065376918,253.8453012910856
2,128,0.1,0.3666666666666667,0.7222222222222222,-0.3265306122448979,10,0,0,0,,
2,129,0.1,0.4555555555555556,1.0,-0.37404580152671746,10,0,0,0,,
2,130,0.1,1.8888888888888888,3.6666666666666665,-0.32,10,0,0,0,,
2,131,0.1,3.6666666666666665,7.222222222222221,-0.32653061224489793,10,0,0,0,,
2,132,0.1,4.555555555555555,10.0,-0.37404580152671757,10,0,0,0,,
2,133,0.1,10.0,18.88888888888889,-0.3076923076923077,10,0,0,0,,
2,134,0.1,27.77777777777778,63.333333333333336,-0.3902439024390244,10,0,0,0,,
2,135,0.1,45.55555555555556,90.0,-0.3278688524590164,10,0,0,0,,
2,136,0.1,90.0,188.88888888888889,-0.35458167330677287,10,0,0,0,,
2,137,0.1,277.77777777777777,544.4444444444445,-0.32432432432432434,10,0,0,0,,
2,138,0.1,366.66666666666663,811.1111111111111,-0.3773584905660377,10,0,0,0,,
2,139,0.1,1000.0,2000.0,-0.3333333333333333,10,0,0,0,,
2,140,0.1,0.002777777777777778,0.004555555555555556,-0.2424242424242424,10,242,122,1,0.004207266283844442,325733.9534916624
2,141,0.1,0.004555555555555556,0.007222222222222223,-0.22641509433962265,10,148,74,0,0.006886522963442762,1648.9453823826964
2,142,0.1,0.0054444444444444445,0.009,-0.2461538461538461,10,123,62,0,0.008241381150130029,1564.6101470254291
2,143,0.1,0.006333333333333334,0.01,-0.2244897959183673,10,106,53,0,0.009549925860214359,1630.6693540537826
2,144,0.1,0.03666666666666667,0.06333333333333332,-0.2666666666666666,10,18,5,0,0.055718574893192985,1454.3748080487876
2,145,0.1,0.05444444444444445,0.09,-0.24615384615384614,10,15,3,0,0.08279421637123345,1622.6291674273798
2,146,0.1,0.06333333333333332,0.1,-0.22448979591836743,10,15,2,0,0.09594006315159335,1150.3896647990173
2,147,0.1,0.3666666666666667,0.6333333333333333,-0.2666666666666666,10,0,0,0,,
2,148,0.1,0.4555555555555556,0.8111111111111111,-0.2807017543859649,10,0,0,0,,
2,149,0.1,0.5444444444444445,1.0,-0.29496402877697836,10,0,0,0,,
2,150,0.1,3.6666666666666665,6.333333333333333,-0.26666666666666666,10,0,0,0,,
2,151,0.1,4.555555555555555,8.11111111111111,-0.2807017543859649,10,0,0,0,,
2,152,0.1,5.444444444444445,10.0,-0.2949640287769784,10,0,0,0,,
2,153,0.1,27.77777777777778,45.55555555555556,-0.2424242424242424,10,0,0,0,,
2,154,0.1,45.55555555555556,72.22222222222223,-0.22641509433962267,10,0,0,0,,
2,155,0.1,54.44444444444444,100.0,-0.2949640287769784,10,0,0,0,,
2,156,0.1,277.77777777777777,455.55555555555554,-0.24242424242424243,10,0,0,0,,
2,157,0.1,455.55555555555554,722.2222222222222,-0.2264150943396226,10,0,0,0,,
2,158,0.1,544.4444444444445,900.0,-0.24615384615384617,10,0,0,0,,
2,159,0.1,2000.0,3000.0,-0.2,10,0,0,0,,
2,160,0.1,0.001888888888888889,0.002777777777777778,-0.19047619047619047,10,332,180,0,0.0028313919957993787,1644.0132069458298
2,161,0.1,0.003666666666666667,0.0054444444444444445,-0.19512195121951215,10,184,93,0,0.005520774392807574,1626.873420233114
2,162,0.1,0.006333333333333334,0.00811111111111111,-0.123076923076923,10,108,54,0,0.009375620069258801,1604.1730275097827
2,163,0.1,0.00811111111111111,0.01,-0.1042944785276074,10,84,42,0,0.011967405313072431,1610.7988270697879
2,164,0.1,0.03666666666666667,0.04555555555555556,-0.10810810810810813,10,21,7,0,0.05420008904016239,1465.0636757655886
2,165,0.1,0.05444444444444445,0.0811111111111111,-0.1967213114754098,10,12,3,0,0.08203515443298186,1462.8447606864775
2,166,0.1,0.07222222222222222,0.1,-0.16129032258064524,10,11,0,0,0.10840560373582389,1182.5734921276987
2,167,0.1,0.3666666666666667,0.4555555555555556,-0.10810810810810811,10,0,0,0,,
2,168,0.1,0.5444444444444445,0.7222222222222222,-0.1403508771929824,10,0,0,0,,
2,169,0.1,0.7222222222222222,0.9,-0.10958904109589043,10,0,0,0,,
2,170,0.1,2.7777777777777777,3.6666666666666665,-0.13793103448275862,10,0,0,0,,
2,171,0.1,5.444444444444445,7.222222222222221,-0.1403508771929824,10,0,0,0,,
2,172,0.1,6.333333333333333,9.0,-0.1739130434782609,10,0,0,0,,
2,173,0.1,18.88888888888889,27.77777777777778,-0.19047619047619047,10,0,0,0,,
2,174,0.1,45.55555555555556,63.333333333333336,-0.163265306122449,10,0,0,0,,
2,175,0.1,63.333333333333336,90.0,-0.17391304347826084,10,0,0,0,,
2,176,0.1,81.11111111111111,100.0,-0.10429447852760734,10,0,0,0,,
2,177,0.1,366.66666666666663,544.4444444444445,-0.19512195121951226,10,0,0,0,,
2,178,0.1,633.3333333333333,811.1111111111111,-0.12307692307692313,10,0,0,0,,
2,179,0.1,811.1111111111111,1000.0,-0.10429447852760737,10,0,0,0,,
2,180,0.1,0.001,0.001,0.0,10,444,325,0,0.001425607593602188,1662.3305443774948
2,181,0.1,0.004555555555555556,0.0054444444444444445,-0.08888888888888886,10,151,76,0,0.0066988460941652655,1575.9332799426966
2,182,0.1,0.007222222222222223,0.007222222222222223,0.0,10,96,48,0,0.01032761405761398,1601.3729237976768
2,183,0.1,0.009,0.01,-0.05263157894736847,10,76,38,0,0.013061708881318418,1589.96401339046
2,184,0.1,0.04555555555555556,0.04555555555555556,0.0,10,22,1,0,0.06516283940608428,1402.0815581823713
2,185,0.1,0.06333333333333332,0.07222222222222222,-0.0655737704918033,10,14,1,0,0.0924698173938223,1149.8972591053994
2,186,0.1,0.09,0.09,0.0,10,11,0,0,0.12881921280853903,1591.7769504024984
2,187,0.1,0.4555555555555556,0.4555555555555556,0.0,10,0,0,0,,
2,188,0.1,0.6333333333333333,0.7222222222222222,-0.06557377049180328,10,0,0,0,,
2,189,0.1,0.9,0.9,0.0,10,0,0,0,,
2,190,0.1,3.6666666666666665,3.6666666666666665,0.0,10,0,0,0,,
2,191,0.1,6.333333333333333,6.333333333333333,0.0,10,0,0,0,,
2,192,0.1,8.11111111111111,9.0,-0.05194805194805197,10,0,0,0,,
2,193,0.1,36.66666666666667,36.66666666666667,0.0,10,0,0,0,,
2,194,0.1,63.333333333333336,63.333333333333336,0.0,10,0,0,0,,
2,195,0.1,81.11111111111111,90.0,-0.05194805194805193,10,0,0,0,,
2,196,0.1,277.77777777777777,277.77777777777777,0.0,10,0,0,0,,
2,197,0.1,544.4444444444445,633.3333333333333,-0.07547169811320747,10,0,0,0,,
2,198,0.1,811.1111111111111,811.1111111111111,0.0,10,0,0,0,,
2,199,0.1,3000.0,3000.0,0.0,10,0,0,0,,
2,200,0.1,0.0054444444444444445,0.004555555555555556,0.08888888888888886,10,130,65,0,0.007481695005111545,1613.5003783490183
2,201,0.1,0.006333333333333334,0.0054444444444444445,0.0754716981132076,10,112,56,0,0.008749837752274364,1608.6636164331874
2,202,0.1,0.00811111111111111,0.007222222222222223,0.057971014492753555,10,87,44,0,0.011324003632355566,1546.8345133205357
2,203,0.1,0.01,0.009,0.05263157894736847,10,70,35,0,0.013995873225726178,1589.255976168909
2,204,0.1,0.06333333333333332,0.05444444444444445,0.07547169811320745,10,17,2,0,0.08790225168308842,1564.0784860860547
2,205,0.1,0.0811111111111111,0.07222222222222222,0.05797101449275364,10,14,1,0,0.1132088058705804,1603.0978089153764
2,206,0.1,0.1,0.09,0.05263157894736847,10,11,0,0,0.14022681787858574,1343.524563090019
2,207,0.1,0.5444444444444445,0.4555555555555556,0.0888888888888889,10,0,0,0,,
2,208,0.1,0.7222222222222222,0.6333333333333333,0.06557377049180328,10,0,0,0,,
2,209,0.1,0.9,0.8111111111111111,0.05194805194805195,10,0,0,0,,
2,210,0.1,5.444444444444445,4.555555555555555,0.08888888888888893,10,0,0,0,,
2,211,0.1,7.222222222222221,6.333333333333333,0.06557377049180325,10,0,0,0,,
2,212,0.1,9.0,8.11111111111111,0.05194805194805197,10,0,0,0,,
2,213,0.1,10.0,9.0,0.05263157894736842,10,0,0,0,,
2,214,0.1,63.333333333333336,54.44444444444444,0.07547169811320759,10,0,0,0,,
2,215,0.1,81.11111111111111,72.22222222222223,0.057971014492753596,10,0,0,0,,
2,216,0.1,100.0,90.0,0.05263157894736842,10,0,0,0,,
2,217,0.1,633.3333333333333,544.4444444444445,0.07547169811320747,10,0,0,0,,
2,218,0.1,811.1111111111111,722.2222222222222,0.057971014492753645,10,0,0,0,,
2,219,0.1,1000.0,900.0,0.05263157894736842,10,0,0,0,,
2,220,0.1,0.002777777777777778,0.001888888888888889,0.19047619047619047,10,258,131,0,0.0035974933515574236,1631.688680690398
2,221,0.1,0.0054444444444444445,0.003666666666666667,0.19512195121951215,10,133,67,0,0.007014552984199714,1606.5499988928584
2,222,0.1,0.00811111111111111,0.006333333333333334,0.123076923076923,10,88,44,0,0.01096478196143185,1613.7835448986477
2,223,0.1,0.01,0.00811111111111111,0.1042944785276074,10,71,36,0,0.013614446824659497,1624.071137979638
2,224,0.1,0.05444444444444445,0.03666666666666667,0.19512195121951223,10,24,4,0,0.07046930689671467,1537.9795525160998
2,225,0.1,0.0811111111111111,0.05444444444444445,0.1967213114754098,10,16,3,0,0.10480320213475651,1386.1116635136766
2,226,0.1,0.1,0.07222222222222222,0.16129032258064524,10,12,1,0,0.13242161440960643,1275.027600921268
2,227,0.1,0.4555555555555556,0.3666666666666667,0.10810810810810811,10,0,0,0,,
2,228,0.1,0.8111111111111111,0.5444444444444445,0.19672131147540978,10,0,0,0,,
2,229,0.1,1.0,0.7222222222222222,0.16129032258064516,10,0,0,0,,
2,230,0.1,3.6666666666666665,2.7777777777777777,0.13793103448275862,10,0,0,0,,
2,231,0.1,7.222222222222221,5.444444444444445,0.1403508771929824,10,0,0,0,,
2,232,0.1,9.0,7.222222222222221,0.10958904109589046,10,0,0,0,,
2,233,0.1,36.66666666666667,27.77777777777778,0.13793103448275865,10,0,0,0,,
2,234,0.1,72.22222222222223,54.44444444444444,0.1403508771929825,10,0,0,0,,
2,235,0.1,90.0,63.333333333333336,0.17391304347826084,10,0,0,0,,
2,236,0.1,277.77777777777777,188.88888888888889,0.1904761904761905,10,0,0,0,,
2,237,0.1,633.3333333333333,455.55555555555554,0.16326530612244894,10,0,0,0,,
2,238,0.1,900.0,633.3333333333333,0.17391304347826092,10,0,0,0,,
2,239,0.1,3000.0,2000.0,0.2,10,0,0,0,,
2,240,0.1,0.004555555555555556,0.002777777777777778,0.2424242424242424,10,162,81,0,0.005675446054085471,1606.6263638771404
2,241,0.1,0.007222222222222223,0.004555555555555556,0.22641509433962265,10,101,51,0,0.009120108393559097,1637.947466704139
2,242,0.1,0.009,0.0054444444444444445,0.2461538461538461,10,82,41,0,0.011168632477805612,1656.923692155427
2,243,0.1,0.01,0.006333333333333334,0.2244897959183673,10,73,37,0,0.01264736347471151,1535.4110942145994
2,244,0.1,0.06333333333333332,0.03666666666666667,0.2666666666666666,10,21,4,0,0.07726805850957022,1464.4771143877645
2,245,0.1,0.0811111111111111,0.04555555555555556,0.2807017543859649,10,16,4,0,0.09772372209558111,1172.2662253459964
2,246,0.1,0.1,0.05444444444444445,0.2949640287769784,10,14,3,0,0.11861240827218146,1373.3706815556513
2,247,0.1,0.6333333333333333,0.3666666666666667,0.2666666666666666,10,0,0,0,,
2,248,0.1,0.8111111111111111,0.4555555555555556,0.2807017543859649,10,0,0,0,,
2,249,0.1,1.0,0.5444444444444445,0.29496402877697836,10,0,0,0,,
2,250,0.1,4.555555555555555,2.7777777777777777,0.24242424242424243,10,0,0,0,,
2,251,0.1,7.222222222222221,4.555555555555555,0.22641509433962262,10,0,0,0,,
2,252,0.1,9.0,5.444444444444445,0.24615384615384614,10,0,0,0,,
2,253,0.1,45.55555555555556,27.77777777777778,0.2424242424242424,10,0,0,0,,
2,254,0.1,72.22222222222223,45.55555555555556,0.22641509433962267,10,0,0,0,,
2,255,0.1,90.0,54.44444444444444,0.24615384615384614,10,0,0,0,,
2,256,0.1,100.0,63.333333333333336,0.22448979591836732,10,0,0,0,,
2,257,0.1,633.3333333333333,366.66666666666663,0.26666666666666666,10,0,0,0,,
2,258,0.1,811.1111111111111,455.55555555555554,0.28070175438596495,10,0,0,0,,
2,259,0.1,1000.0,633.3333333333333,0.2244897959183674,10,0,0,0,,
2,260,0.1,0.001888888888888889,0.001,0.3076923076923077,10,356,200,0,0.0022080047330189016,1614.6538785719185
2,261,0.1,0.006333333333333334,0.002777777777777778,0.39024390243902446,10,123,62,0,0.0066988460941652655,1622.0708385512385
2,262,0.1,0.009,0.004555555555555556,0.3278688524590163,10,84,42,0,0.010280162981264735,1634.5625307984849
2,263,0.1,0.01888888888888889,0.009,0.354581673306773,10,42,20,0,0.020989398836235244,1500.8436838268221
2,264,0.1,0.05444444444444445,0.027777777777777776,0.3243243243243244,10,22,4,0,0.06251726927756862,1580.4031227943115
2,265,0.1,0.0811111111111111,0.03666666666666667,0.3773584905660377,10,15,3,0,0.08749837752274364,1405.8437271734745
2,266,0.1,0.18888888888888888,0.0811111111111111,0.39917695473251025,10,7,1,0,0.1990660440293529,943.6704432802796
2,267,0.1,0.3666666666666667,0.18888888888888888,0.32000000000000006,10,1,0,0,0.7712474983322214,10.582044984764233
2,268,0.1,0.7222222222222222,0.3666666666666667,0.3265306122448979,10,0,0,0,,
2,269,0.1,1.0,0.4555555555555556,0.37404580152671746,10,0,0,0,,
2,270,0.1,3.6666666666666665,1.8888888888888888,0.32,10,0,0,0,,
2,271,0.1,7.222222222222221,3.6666666666666665,0.32653061224489793,10,0,0,0,,
2,272,0.1,10.0,4.555555555555555,0.37404580152671757,10,0,0,0,,
2,273,0.1,18.88888888888889,10.0,0.3076923076923077,10,0,0,0,,
2,274,0.1,63.333333333333336,27.77777777777778,0.3902439024390244,10,0,0,0,,
2,275,0.1,90.0,45.55555555555556,0.3278688524590164,10,0,0,0,,
2,276,0.1,188.88888888888889,90.0,0.35458167330677287,10,0,0,0,,
2,277,0.1,544.4444444444445,277.77777777777777,0.32432432432432434,10,0,0,0,,
2,278,0.1,811.1111111111111,366.66666666666663,0.3773584905660377,10,0,0,0,,
2,279,0.1,2000.0,1000.0,0.3333333333333333,10,0,0,0,,
2,280,0.1,0.002777777777777778,0.001,0.47058823529411764,10,276,146,0,0.002594179362118812,1649.444827216186
2,281,0.1,0.0054444444444444445,0.001888888888888889,0.48484848484848486,10,150,75,0,0.0049659232145033575,1603.7089797214064
2,282,0.1,0.009,0.003666666666666667,0.4210526315789473,10,87,44,0,0.009120108393559097,1632.592048429102
2,283,0.1,0.01888888888888889,0.007222222222222223,0.4468085106382978,10,48,21,0,0.018365383433483474,1448.94361764807
2,284,0.1,0.05444444444444445,0.01888888888888889,0.4848484848484849,10,24,5,0,0.04965923214503363,1503.9909419808632
2,285,0.1,0.09,0.03666666666666667,0.4210526315789474,10,14,3,0,0.09120108393559097,1504.1737305432437
2,286,0.1,0.18888888888888888,0.07222222222222222,0.44680851063829796,10,6,1,0,0.18525683789192796,951.0268315484429
2,287,0.1,0.4555555555555556,0.18888888888888888,0.4137931034482759,10,0,0,0,,
2,288,0.1,0.8111111111111111,0.2777777777777778,0.48979591836734687,10,0,0,0,,
2,289,0.1,1.8888888888888888,0.6333333333333333,0.4977973568281938,10,0,0,0,,
2,290,0.1,4.555555555555555,1.8888888888888888,0.4137931034482758,10,0,0,0,,
2,291,0.1,8.11111111111111,2.7777777777777777,0.48979591836734687,10,0,0,0,,
2,292,0.1,18.88888888888889,6.333333333333333,0.4977973568281939,10,0,0,0,,
2,293,0.1,27.77777777777778,10.0,0.47058823529411764,10,0,0,0,,
2,294,0.1,72.22222222222223,27.77777777777778,0.4444444444444445,10,0,0,0,,
2,295,0.1,100.0,36.66666666666667,0.4634146341463414,10,0,0,0,,
2,296,0.1,277.77777777777777,100.0,0.47058823529411764,10,0,0,0,,
2,297,0.1,722.2222222222222,277.77777777777777,0.4444444444444444,10,0,0,0,,
2,298,0.1,1000.0,366.66666666666663,0.46341463414634154,10,0,0,0,,
2,299,0.1,3000.0,1000.0,0.5,10,0,0,0,,
2,300,0.1,0.003666666666666667,0.001,0.5714285714285715,10,223,118,0,0.0027925438412373365,1621.314736271736
2,301,0.1,0.007222222222222223,0.001888888888888889,0.5853658536585367,10,120,61,0,0.005321082592667942,1642.4858052624584
2,302,0.1,0.01888888888888889,0.0054444444444444445,0.5525114155251142,10,55,23,1,0.01499684835502374,7149.018049241469
2,303,0.1,0.027777777777777776,0.009,0.5105740181268882,10,40,15,0,0.024099054286865956,1700.8682036654793
2,304,0.1,0.07222222222222222,0.01888888888888889,0.5853658536585367,10,20,4,0,0.053210825926679424,1618.844530996462
2,305,0.1,0.1,0.027777777777777776,0.5652173913043479,10,16,2,0,0.07726805850957022,1386.9195188982198
2,306,0.1,0.2777777777777778,0.0811111111111111,0.5479876160990712,10,5,1,0,0.40080053368912605,1025.5274920293111
2,307,0.1,0.6333333333333333,0.18888888888888888,0.5405405405405406,10,0,0,0,,
2,308,0.1,1.0,0.2777777777777778,0.5652173913043479,10,0,0,0,,
2,309,0.1,2.7777777777777777,0.8111111111111111,0.5479876160990712,10,0,0,0,,
2,310,0.1,3.6666666666666665,1.0,0.5714285714285715,10,0,0,0,,
2,311,0.1,9.0,2.7777777777777777,0.5283018867924528,10,0,0,0,,
2,312,0.1,27.77777777777778,7.222222222222221,0.5873015873015873,10,0,0,0,,
2,313,0.1,36.66666666666667,10.0,0.5714285714285715,10,0,0,0,,
2,314,0.1,90.0,27.77777777777778,0.5283018867924528,10,0,0,0,,
2,315,0.1,188.88888888888889,54.44444444444444,0.5525114155251143,10,0,0,0,,
2,316,0.1,277.77777777777777,90.0,0.5105740181268882,10,0,0,0,,
2,317,0.1,722.2222222222222,188.88888888888889,0.5853658536585366,10,0,0,0,,
2,318,0.1,2000.0,544.4444444444445,0.572052401746725,10,0,0,0,,
2,319,0.1,3000.0,900.0,0.5384615384615384,10,0,0,0,,
2,320,0.1,0.004555555555555556,0.001,0.64,10,186,101,0,0.0028973435877013213,1634.5493683782015
2,321,0.1,0.01,0.001888888888888889,0.6822429906542055,10,96,48,0,0.005571857489319298,1580.2351982603618
2,322,0.1,0.027777777777777776,0.006333333333333334,0.6286644951140065,10,42,17,0,0.018197008586099843,1564.6588702864856
2,323,0.1,0.04555555555555556,0.00811111111111111,0.6977225672877847,10,33,11,0,0.024099054286865956,1628.1967909181487
2,324,0.1,0.0811111111111111,0.01888888888888889,0.6222222222222222,10,18,3,0,0.05420008904016239,1535.90348853725
2,325,0.1,0.18888888888888888,0.04555555555555556,0.6113744075829383,10,8,1,0,0.13062041360907273,827.5558465081646
2,326,0.1,0.3666666666666667,0.0811111111111111,0.6377171215880892,10,5,0,0,0.41340893929286193,1324.1849004758863
2,327,0.1,0.5444444444444445,0.1,0.6896551724137931,10,4,0,0,0.510673782521681,1618.1291441636683
2,328,0.1,1.8888888888888888,0.3666666666666667,0.6748768472906403,10,0,0,0,,
2,329,0.1,3.6666666666666665,0.7222222222222222,0.6708860759493671,10,0,0,0,,
2,330,0.1,4.555555555555555,0.9,0.670061099796334,10,0,0,0,,
2,331,0.1,9.0,1.8888888888888888,0.6530612244897959,10,0,0,0,,
2,332,0.1,27.77777777777778,5.444444444444445,0.6722408026755854,10,0,0,0,,
2,333,0.1,45.55555555555556,8.11111111111111,0.6977225672877846,10,0,0,0,,
2,334,0.1,81.11111111111111,18.88888888888889,0.6222222222222222,10,0,0,0,,
2,335,0.1,188.88888888888889,45.55555555555556,0.6113744075829383,10,0,0,0,,
2,336,0.1,366.66666666666663,81.11111111111111,0.6377171215880894,10,0,0,0,,
2,337,0.1,455.55555555555554,100.0,0.64,10,0,0,0,,
2,338,0.1,1000.0,188.88888888888889,0.6822429906542056,10,0,0,0,,
2,339,0.1,3000.0,722.2222222222222,0.6119402985074627,10,0,0,0,,
2,340,0.1,0.006333333333333334,0.001,0.7272727272727273,10,157,82,0,0.002992264636608189,1588.8776212115006
2,341,0.1,0.03666666666666667,0.004555555555555556,0.7789757412398922,10,45,16,0,0.01386755828871888,1608.8119648614409
2,342,0.1,0.05444444444444445,0.006333333333333334,0.7915904936014624,10,31,11,0,0.01931968317016924,1629.1392687640252
2,343,0.1,0.06333333333333332,0.009,0.7511520737327189,10,26,9,0,0.027164392688390836,1478.4070853923033
2,344,0.1,0.09,0.01,0.8,10,22,6,0,0.03047894989627983,1619.4722396928255
2,345,0.1,0.3666666666666667,0.06333333333333332,0.7054263565891472,10,5,0,0,0.1894596397598399,826.5696188048346
2,346,0.1,0.5444444444444445,0.0811111111111111,0.7406749555950266,10,5,0,0,0.4230153435623749,1468.5782957829092
2,347,0.1,0.7222222222222222,0.0811111111111111,0.7980636237897648,10,4,0,0,0.4266177451634423,1317.5199526842955
2,348,0.1,2.7777777777777777,0.3666666666666667,0.7667844522968198,10,0,0,0,,
2,349,0.1,4.555555555555555,0.6333333333333333,0.7558886509635975,10,0,0,0,,
2,350,0.1,6.333333333333333,0.7222222222222222,0.795275590551181,10,0,0,0,,
2,351,0.1,7.222222222222221,1.0,0.7567567567567567,10,0,0,0,,
2,352,0.1,36.66666666666667,4.555555555555555,0.7789757412398921,10,0,0,0,,
2,353,0.1,54.44444444444444,6.333333333333333,0.7915904936014625,10,0,0,0,,
2,354,0.1,63.333333333333336,9.0,0.7511520737327189,10,0,0,0,,
2,355,0.1,90.0,10.0,0.8,10,0,0,0,,
2,356,0.1,366.66666666666663,63.333333333333336,0.7054263565891473,10,0,0,0,,
2,357,0.1,544.4444444444445,81.11111111111111,0.7406749555950267,10,0,0,0,,
2,358,0.1,722.2222222222222,81.11111111111111,0.7980636237897649,10,0,0,0,,
2,359,0.1,3000.0,455.55555555555554,0.7363344051446945,10,0,0,0,,
2,360,0.1,0.009,0.001,0.8000000000000002,10,121,67,1,0.003047894989627983,59393.37407320775
2,361,0.1,0.04555555555555556,0.003666666666666667,0.8510158013544019,10,39,16,1,0.011271974561755105,30602.825904419984
2,362,0.1,0.07222222222222222,0.0054444444444444445,0.8597997138769671,10,27,10,0,0.016749428760264383,1499.0730405346399
2,363,0.1,0.09,0.006333333333333334,0.8685121107266437,10,24,9,0,0.01958844673505991,1568.260661749982
2,364,0.1,0.18888888888888888,0.01,0.8994413407821228,10,14,4,0,0.031045595881283555,1530.7447678179717
2,365,0.1,0.5444444444444445,0.04555555555555556,0.8455743879472692,10,4,0,0,0.14082721814543028,485.2908444456667
2,366,0.1,0.8111111111111111,0.04555555555555556,0.8936446173800259,10,4,0,0,0.14142761841227486,609.878946244499
2,367,0.1,0.9,0.09,0.8181818181818182,10,5,0,0,0.47164776517678453,1555.9296898995538
2,368,0.1,2.7777777777777777,0.2777777777777778,0.8181818181818182,10,0,0,0,,
2,369,0.1,6.333333333333333,0.4555555555555556,0.8657937806873977,10,0,0,0,,
2,370,0.1,8.11111111111111,0.7222222222222222,0.8364779874213837,10,0,0,0,,
2,371,0.1,10.0,0.7222222222222222,0.8652849740932644,10,0,0,0,,
2,372,0.1,45.55555555555556,2.7777777777777777,0.8850574712643677,10,0,0,0,,
2,373,0.1,72.22222222222223,4.555555555555555,0.8813314037626627,10,0,0,0,,
2,374,0.1,90.0,5.444444444444445,0.8859138533178115,10,0,0,0,,
2,375,0.1,100.0,10.0,0.8181818181818182,10,0,0,0,,
2,376,0.1,544.4444444444445,36.66666666666667,0.8738049713193117,10,0,0,0,,
2,377,0.1,722.2222222222222,72.22222222222223,0.8181818181818182,10,0,0,0,,
2,378,0.1,900.0,81.11111111111111,0.8346545866364666,10,0,0,0,,
2,379,0.1,3000.0,277.77777777777777,0.8305084745762712,10,0,0,0,,
2,380,0.1,0.027777777777777776,0.001,0.9305019305019304,10,63,43,0,0.0031045595881283557,1598.5357592700343
2,381,0.1,0.4555555555555556,0.003666666666666667,0.9840309702395356,10,14,9,0,0.011428783347897712,1287.5864243715585
2,382,0.1,0.9,0.003666666666666667,0.9918849133161194,10,14,9,0,0.011428783347897712,1525.6189205574112
2,383,0.1,2.7777777777777777,0.0811111111111111,0.94325689856199,10,5,0,0,0.4308205470313542,1419.1436975029876
2,384,0.1,5.444444444444445,0.09,0.9674764103593656,10,5,0,0,0.4758505670446964,1261.6093368358747
2,385,0.1,8.11111111111111,0.04555555555555556,0.98882985969214,10,4,0,0,0.1420280186791194,584.9756283607178
2,386,0.1,18.88888888888889,0.006333333333333334,0.9993296365336328,10,11,6,0,0.01967886289706845,1359.784957247934
2,387,0.1,36.66666666666667,0.01888888888888889,0.998970227458582,10,6,0,0,0.0588843655355589,1021.0392749984342
2,388,0.1,54.44444444444444,0.027777777777777776,0.9989801121876594,10,6,0,0,0.0866961875758217,884.8354098737942
2,389,0.1,72.22222222222223,0.027777777777777776,0.9992310649750098,10,6,0,0,0.0866961875758217,885.5314099723388
2,390,0.1,90.0,0.009,0.9998000199980002,10,8,2,0,0.028054336379517132,1301.4481531137094
2,391,0.1,188.88888888888889,0.0054444444444444445,0.9999423546027204,10,9,6,0,0.01690440931643265,1004.1539019972012
2,392,0.1,277.77777777777777,1.0,0.9928258270227183,10,0,0,0,,
2,393,0.1,455.55555555555554,0.03666666666666667,0.9998390373457745,10,4,0,0,0.11440960640426952,515.1070730561802
2,394,0.1,544.4444444444445,7.222222222222221,0.9738167170191341,10,0,0,0,,
2,395,0.1,722.2222222222222,0.06333333333333332,0.9998246307631483,10,5,0,0,0.19846564376250833,1018.7125302960712
2,396,0.1,811.1111111111111,8.11111111111111,0.9801980198019803,10,0,0,0,,
2,397,0.1,1000.0,0.04555555555555556,0.9999088930393171,10,4,0,0,0.1420280186791194,590.7767812300779
2,398,0.1,2000.0,5.444444444444445,0.9945703363067206,10,0,0,0,,
2,399,0.1,3000.0,100.0,0.9354838709677419,10,0,0,0,,
3,0,0.15,0.001,0.027777777777777776,-0.9305019305019304,10,404,311,1,0.0015703628043335514,6977.218391725882
3,1,0.15,0.001888888888888889,0.7222222222222222,-0.9947828755562373,10,319,169,1,0.0029648313895243423,1114571.7117090432
3,2,0.15,0.002777777777777778,54.44444444444444,-0.9998979643895719,10,221,115,1,0.004365158322401661,296365.89366758696
3,3,0.15,0.004555555555555556,0.1,-0.9128586609989372,10,139,70,0,0.007144963260755135,1622.048694139451
3,4,0.15,0.0054444444444444445,45.55555555555556,-0.9997610041726721,10,116,58,0,0.008550667128846832,1605.3874582588237
3,5,0.15,0.007222222222222223,0.5444444444444445,-0.9738167170191339,10,88,44,0,0.011324003632355566,1628.3789105718781
3,6,0.15,0.00811111111111111,90.0,-0.999819769329431,10,78,39,0,0.012764388088113435,1570.7109079023237
3,7,0.15,0.01,2.7777777777777777,-0.9928258270227184,10,63,32,0,0.01570362804333553,1577.1294707223497
3,8,0.15,0.01888888888888889,722.2222222222222,-0.9999476936757038,10,34,17,0,0.029648313895243424,1299.9435096845552
3,9,0.15,0.03666666666666667,90.0,-0.999185517011588,10,20,2,0,0.05754399373371572,1345.1943886991935
3,10,0.15,0.05444444444444445,81.11111111111111,-0.998658434749278,10,16,1,0,0.08550667128846832,1517.1864324284043
3,11,0.15,0.07222222222222222,100.0,-0.9985565980125465,10,13,1,0,0.11380920613742496,1469.886709638572
3,12,0.15,0.09,188.88888888888889,-0.9990475126557345,10,10,0,0,0.1420280186791194,1443.5718894721376
3,13,0.15,0.18888888888888888,633.3333333333333,-0.9994036866197801,10,2,0,0,0.5803202134756504,264.9487943509474
3,14,0.15,0.4555555555555556,45.55555555555556,-0.9801980198019802,10,0,0,0,,
3,15,0.15,0.7222222222222222,36.66666666666667,-0.9613670133729569,10,0,0,0,,
3,16,0.15,1.0,45.55555555555556,-0.9570405727923628,10,0,0,0,,
3,17,0.15,3.6666666666666665,544.4444444444445,-0.9866207176160553,10,0,0,0,,
3,18,0.15,8.11111111111111,900.0,-0.9821363024593173,10,0,0,0,,
3,19,0.15,100.0,3000.0,-0.9354838709677419,10,0,0,0,,
3,20,0.15,0.001,0.009,-0.8000000000000002,10,417,321,1,0.0015703628043335514,3338.9659643801942
3,21,0.15,0.003666666666666667,0.05444444444444445,-0.8738049713193117,10,175,74,0,0.005754399373371567,1640.5038727689548
3,22,0.15,0.0054444444444444445,0.0811111111111111,-0.8741976893453145,10,115,52,0,0.008550667128846832,1672.4398138873148
3,23,0.15,0.007222222222222223,0.09,-0.8514285714285713,10,85,41,0,0.011324003632355566,1553.2638126182358
3,24,0.15,0.01,0.18888888888888888,-0.8994413407821228,10,63,32,0,0.01570362804333553,1518.7714839167293
3,25,0.15,0.04555555555555556,0.5444444444444445,-0.8455743879472692,10,20,1,0,0.07144963260755134,1656.4073594412093
3,26,0.15,0.06333333333333332,0.6333333333333333,-0.8181818181818181,10,15,1,0,0.09954054173515274,1278.1638453560654
3,27,0.15,0.0811111111111111,0.9,-0.8346545866364665,10,11,0,0,0.1276184122748499,1356.391917328691
3,28,0.15,0.2777777777777778,2.7777777777777777,-0.8181818181818182,10,1,0,0,0.843295530353569,13.497142151754522
3,29,0.15,0.4555555555555556,7.222222222222221,-0.8813314037626627,10,0,0,0,,
3,30,0.15,0.6333333333333333,9.0,-0.8685121107266437,10,0,0,0,,
3,31,0.15,0.9,9.0,-0.8181818181818181,10,0,0,0,,
3,32,0.15,3.6666666666666665,36.66666666666667,-0.8181818181818183,10,0,0,0,,
3,33,0.15,5.444444444444445,63.333333333333336,-0.8416801292407108,10,0,0,0,,
3,34,0.15,7.222222222222221,72.22222222222223,-0.818181818181818,10,0,0,0,,
3,35,0.15,10.0,100.0,-0.8181818181818182,10,0,0,0,,
3,36,0.15,36.66666666666667,633.3333333333333,-0.8905472636815921,10,0,0,0,,
3,37,0.15,54.44444444444444,900.0,-0.8859138533178114,10,0,0,0,,
3,38,0.15,72.22222222222223,1000.0,-0.8652849740932643,10,0,0,0,,
3,39,0.15,277.77777777777777,3000.0,-0.8305084745762712,10,0,0,0,,
3,40,0.15,0.001,0.006333333333333334,-0.7272727272727273,10,412,324,0,0.0015631476426409539,1658.1785116708988
3,41,0.15,0.004555555555555556,0.027777777777777776,-0.718213058419244,10,145,67,0,0.007112135136533295,1642.3621462823844
3,42,0.15,0.006333333333333334,0.05444444444444445,-0.7915904936014624,10,104,40,0,0.009908319448927675,1633.5743828388208
3,43,0.15,0.00811111111111111,0.07222222222222222,-0.7980636237897648,10,80,28,0,0.012705741052085419,1536.552169907413
3,44,0.15,0.01,0.0811111111111111,-0.7804878048780489,10,66,25,1,0.01570362804333553,90286.98633005416
3,45,0.15,0.05444444444444445,0.3666666666666667,-0.7414248021108178,10,16,1,0,0.08550667128846832,1481.4579998293011
3,46,0.15,0.07222222222222222,0.5444444444444445,-0.7657657657657659,10,14,1,0,0.11380920613742496,1643.6902659020354
3,47,0.15,0.09,0.6333333333333333,-0.751152073732719,10,10,0,0,0.14142761841227486,1238.7345607292123
3,48,0.15,0.3666666666666667,2.7777777777777777,-0.7667844522968198,10,0,0,0,,
3,49,0.15,0.6333333333333333,4.555555555555555,-0.7558886509635975,10,0,0,0,,
3,50,0.15,0.8111111111111111,5.444444444444445,-0.7406749555950267,10,0,0,0,,
3,51,0.15,1.0,6.333333333333333,-0.7272727272727273,10,0,0,0,,
3,52,0.15,4.555555555555555,36.66666666666667,-0.7789757412398921,10,0,0,0,,
3,53,0.15,7.222222222222221,45.55555555555556,-0.7263157894736842,10,0,0,0,,
3,54,0.15,9.0,54.44444444444444,-0.7162872154115587,10,0,0,0,,
3,55,0.15,10.0,81.11111111111111,-0.7804878048780488,10,0,0,0,,
3,56,0.15,54.44444444444444,455.55555555555554,-0.7864923747276688,10,0,0,0,,
3,57,0.15,72.22222222222223,633.3333333333333,-0.7952755905511812,10,0,0,0,,
3,58,0.15,90.0,722.2222222222222,-0.7783857729138167,10,0,0,0,,
3,59,0.15,455.55555555555554,3000.0,-0.7363344051446945,10,0,0,0,,
3,60,0.15,0.001,0.004555555555555556,-0.64,10,419,326,1,0.001555965631605075,195584.4960869526
3,61,0.15,0.001888888888888889,0.01,-0.6822429906542055,10,325,173,0,0.0029512092266663842,1635.3767683949409
3,62,0.15,0.006333333333333334,0.027777777777777776,-0.6286644951140065,10,106,49,0,0.009862794856312099,1607.7640096270725
3,63,0.15,0.009,0.03666666666666667,-0.6058394160583941,10,79,32,0,0.013995873225726178,1572.6091822794187
3,64,0.15,0.01888888888888889,0.0811111111111111,-0.6222222222222222,10,41,9,0,0.029376496519615308,1581.7082426308352
3,65,0.15,0.04555555555555556,0.18888888888888888,-0.6113744075829383,10,19,3,0,0.07112135136533289,1519.8793552011073
3,66,0.15,0.0811111111111111,0.3666666666666667,-0.6377171215880892,10,11,0,0,0.12701801200800533,1587.9008860956537
3,67,0.15,0.1,0.5444444444444445,-0.6896551724137931,10,9,0,0,0.15703802535023348,1402.4561181241647
3,68,0.15,0.3666666666666667,1.8888888888888888,-0.6748768472906403,10,0,0,0,,
3,69,0.15,0.7222222222222222,3.6666666666666665,-0.6708860759493671,10,0,0,0,,
3,70,0.15,0.9,4.555555555555555,-0.670061099796334,10,0,0,0,,
3,71,0.15,1.8888888888888888,9.0,-0.6530612244897959,10,0,0,0,,
3,72,0.15,5.444444444444445,27.77777777777778,-0.6722408026755854,10,0,0,0,,
3,73,0.15,9.0,36.66666666666667,-0.6058394160583942,10,0,0,0,,
3,74,0.15,18.88888888888889,81.11111111111111,-0.6222222222222222,10,0,0,0,,
3,75,0.15,45.55555555555556,188.88888888888889,-0.6113744075829383,10,0,0,0,,
3,76,0.15,81.11111111111111,366.66666666666663,-0.6377171215880894,10,0,0,0,,
3,77,0.15,100.0,455.55555555555554,-0.64,10,0,0,0,,
3,78,0.15,188.88888888888889,1000.0,-0.6822429906542056,10,0,0,0,,
3,79,0.15,722.2222222222222,3000.0,-0.6119402985074627,10,0,0,0,,
3,80,0.15,0.001,0.003666666666666667,-0.5714285714285715,10,406,326,0,0.001555965631605075,1694.2364555968331
3,81,0.15,0.001888888888888889,0.007222222222222223,-0.5853658536585367,10,329,175,0,0.0029376496519615304,1659.3330925801977
3,82,0.15,0.0054444444444444445,0.01888888888888889,-0.5525114155251142,10,121,61,0,0.008433347577642757,1546.131179127949
3,83,0.15,0.009,0.027777777777777776,-0.5105740181268882,10,76,35,0,0.013931568029453036,1546.090383229423
3,84,0.15,0.01888888888888889,0.07222222222222222,-0.5853658536585367,10,45,9,0,0.029376496519615308,1661.8523489256115
3,85,0.15,0.05444444444444445,0.18888888888888888,-0.5525114155251141,10,11,2,0,0.08472274141405964,1170.6365156867992
3,86,0.15,0.09,0.2777777777777778,-0.5105740181268883,10,11,0,0,0.13962641761174116,1392.6133233142452
3,87,0.15,0.18888888888888888,0.6333333333333333,-0.5405405405405406,10,2,0,0,0.5731154102735156,250.18585956898775
3,88,0.15,0.2777777777777778,1.0,-0.5652173913043479,10,1,0,0,0.8348899266177451,13.29565521992247
3,89,0.15,0.8111111111111111,2.7777777777777777,-0.5479876160990712,10,0,0,0,,
3,90,0.15,1.8888888888888888,6.333333333333333,-0.5405405405405406,10,0,0,0,,
3,91,0.15,2.7777777777777777,10.0,-0.5652173913043478,10,0,0,0,,
3,92,0.15,8.11111111111111,27.77777777777778,-0.5479876160990713,10,0,0,0,,
3,93,0.15,10.0,36.66666666666667,-0.5714285714285715,10,0,0,0,,
3,94,0.15,27.77777777777778,90.0,-0.5283018867924528,10,0,0,0,,
3,95,0.15,72.22222222222223,277.77777777777777,-0.5873015873015872,10,0,0,0,,
3,96,0.15,100.0,366.66666666666663,-0.5714285714285714,10,0,0,0,,
3,97,0.15,277.77777777777777,900.0,-0.5283018867924527,10,0,0,0,,
3,98,0.15,633.3333333333333,2000.0,-0.518987341772152,10,0,0,0,,
3,99,0.15,1000.0,3000.0,-0.5,10,0,0,0,,
3,100,0.15,0.001,0.002777777777777778,-0.47058823529411764,10,417,329,0,0.0015417004529495583,1686.4923370975719
3,101,0.15,0.001888888888888889,0.0054444444444444445,-0.48484848484848486,10,332,177,0,0.0029107171180666053,1658.6698020092845
3,102,0.15,0.003666666666666667,0.009,-0.4210526315789473,10,183,92,0,0.005623413251903491,1635.8833625913965
3,103,0.15,0.007222222222222223,0.01888888888888889,-0.4468085106382978,10,93,47,0,0.011117317272815919,1560.803781899517
3,104,0.15,0.01888888888888889,0.05444444444444445,-0.4848484848484849,10,39,12,0,0.029107171180666053,1432.0858899936663
3,105,0.15,0.027777777777777776,0.0811111111111111,-0.4897959183673469,10,31,6,0,0.042854852039743964,1595.1583944956285
3,106,0.15,0.06333333333333332,0.18888888888888888,-0.4977973568281938,10,15,1,0,0.09817479430199844,1586.9656965114318
3,107,0.15,0.18888888888888888,0.4555555555555556,-0.4137931034482759,10,2,0,0,0.5665110073382255,250.739438531179
3,108,0.15,0.2777777777777778,0.8111111111111111,-0.48979591836734687,10,1,0,0,0.829486324216144,13.189343046624618
3,109,0.15,0.6333333333333333,1.8888888888888888,-0.4977973568281938,10,0,0,0,,
3,110,0.15,1.0,2.7777777777777777,-0.47058823529411764,10,0,0,0,,
3,111,0.15,2.7777777777777777,7.222222222222221,-0.44444444444444436,10,0,0,0,,
3,112,0.15,3.6666666666666665,10.0,-0.46341463414634154,10,0,0,0,,
3,113,0.15,10.0,27.77777777777778,-0.47058823529411764,10,0,0,0,,
3,114,0.15,27.77777777777778,72.22222222222223,-0.4444444444444445,10,0,0,0,,
3,115,0.15,36.66666666666667,90.0,-0.4210526315789473,10,0,0,0,,
3,116,0.15,72.22222222222223,188.88888888888889,-0.4468085106382979,10,0,0,0,,
3,117,0.15,188.88888888888889,544.4444444444445,-0.4848484848484848,10,0,0,0,,
3,118,0.15,366.66666666666663,900.0,-0.42105263157894746,10,0,0,0,,
3,119,0.15,811.1111111111111,2000.0,-0.42292490118577075,10,0,0,0,,
3,120,0.15,0.001,0.001888888888888889,-0.3076923076923077,10,419,329,1,0.0015066070661867417,18437.51353912806
3,121,0.15,0.002777777777777778,0.006333333333333334,-0.39024390243902446,10,239,122,0,0.00424619563946313,1637.037439296099
3,122,0.15,0.004555555555555556,0.009,-0.3278688524590163,10,149,75,0,0.006886522963442762,1639.8651252564887
3,123,0.15,0.009,0.01888888888888889,-0.354581673306773,10,76,38,0,0.013677288255958495,1598.6834267417128
3,124,0.15,0.027777777777777776,0.05444444444444445,-0.3243243243243244,10,28,8,0,0.04207266283844442,1475.4041367575528
3,125,0.15,0.03666666666666667,0.0811111111111111,-0.3773584905660377,10,23,3,0,0.05597576014951104,1547.8052673851455
3,126,0.15,0.0811111111111111,0.18888888888888888,-0.39917695473251025,10,10,0,0,0.12461641094062709,1016.1713414052688
3,127,0.15,0.18888888888888888,0.3666666666666667,-0.32000000000000006,10,2,0,0,0.5593062041360907,244.84237129029083
3,128,0.15,0.3666666666666667,0.7222222222222222,-0.3265306122448979,10,0,0,0,,
3,129,0.15,0.4555555555555556,1.0,-0.37404580152671746,10,0,0,0,,
3,130,0.15,1.8888888888888888,3.6666666666666665,-0.32,10,0,0,0,,
3,131,0.15,3.6666666666666665,7.222222222222221,-0.32653061224489793,10,0,0,0,,
3,132,0.15,4.555555555555555,10.0,-0.37404580152671757,10,0,0,0,,
3,133,0.15,10.0,18.88888888888889,-0.3076923076923077,10,0,0,0,,
3,134,0.15,27.77777777777778,63.333333333333336,-0.3902439024390244,10,0,0,0,,
3,135,0.15,45.55555555555556,90.0,-0.3278688524590164,10,0,0,0,,
3,136,0.15,90.0,188.88888888888889,-0.35458167330677287,10,0,0,0,,
3,137,0.15,277.77777777777777,544.4444444444445,-0.32432432432432434,10,0,0,0,,
3,138,0.15,366.66666666666663,811.1111111111111,-0.3773584905660377,10,0,0,0,,
3,139,0.15,1000.0,2000.0,-0.3333333333333333,10,0,0,0,,
3,140,0.15,0.002777777777777778,0.004555555555555556,-0.2424242424242424,10,243,125,0,0.004130475019901615,1645.5074698206736
3,141,0.15,0.004555555555555556,0.007222222222222223,-0.22641509433962265,10,153,77,1,0.006760829753919818,454255.31107364723
3,142,0.15,0.0054444444444444445,0.009,-0.2461538461538461,10,127,64,0,0.00809095899178383,1660.2399151666111
3,143,0.15,0.006333333333333334,0.01,-0.2244897959183673,10,110,55,0,0.009375620069258801,1634.0584887271582
3,144,0.15,0.03666666666666667,0.06333333333333332,-0.2666666666666666,10,20,5,0,0.05495408738576248,1425.1443772252585
3,145,0.15,0.05444444444444445,0.09,-0.24615384615384614,10,15,1,0,0.08128305161640995,1343.692637726183
3,146,0.15,0.06333333333333332,0.1,-0.22448979591836743,10,12,1,0,0.09418895965228417,1441.4952858166619
3,147,0.15,0.3666666666666667,0.6333333333333333,-0.2666666666666666,10,0,0,0,,
3,148,0.15,0.4555555555555556,0.8111111111111111,-0.2807017543859649,10,0,0,0,,
3,149,0.15,0.5444444444444445,1.0,-0.29496402877697836,10,0,0,0,,
3,150,0.15,3.6666666666666665,6.333333333333333,-0.26666666666666666,10,0,0,0,,
3,151,0.15,4.555555555555555,8.11111111111111,-0.2807017543859649,10,0,0,0,,
3,152,0.15,5.444444444444445,10.0,-0.2949640287769784,10,0,0,0,,
3,153,0.15,27.77777777777778,45.55555555555556,-0.2424242424242424,10,0,0,0,,
3,154,0.15,45.55555555555556,72.22222222222223,-0.22641509433962267,10,0,0,0,,
3,155,0.15,54.44444444444444,100.0,-0.2949640287769784,10,0,0,0,,
3,156,0.15,277.77777777777777,455.55555555555554,-0.24242424242424243,10,0,0,0,,
3,157,0.15,455.55555555555554,722.2222222222222,-0.2264150943396226,10,0,0,0,,
3,158,0.15,544.4444444444445,900.0,-0.24615384615384617,10,0,0,0,,
3,159,0.15,2000.0,3000.0,-0.2,10,0,0,0,,
3,160,0.15,0.001888888888888889,0.002777777777777778,-0.19047619047619047,10,347,186,1,0.0027797132677592883,137441.08189514538
3,161,0.15,0.003666666666666667,0.0054444444444444445,-0.19512195121951215,10,191,96,1,0.005395106225151279,145541.81787845842
3,162,0.15,0.006333333333333334,0.00811111111111111,-0.123076923076923,10,112,56,0,0.009120108393559097,1620.4221274872216
3,163,0.15,0.00811111111111111,0.01,-0.1042944785276074,10,87,44,0,0.011587773561551261,1632.375845699588
3,164,0.15,0.03666666666666667,0.04555555555555556,-0.10810810810810813,10,20,8,0,0.052480746024977286,1505.0482013821388
3,165,0.15,0.05444444444444445,0.0811111111111111,-0.1967213114754098,10,15,1,0,0.0801678063387679,1317.6372221602512
3,166,0.15,0.07222222222222222,0.1,-0.16129032258064524,10,11,2,0,0.10540360240160107,1009.1595067184703
3,167,0.15,0.3666666666666667,0.4555555555555556,-0.10810810810810811,10,0,0,0,,
3,168,0.15,0.5444444444444445,0.7222222222222222,-0.1403508771929824,10,0,0,0,,
3,169,0.15,0.7222222222222222,0.9,-0.10958904109589043,10,0,0,0,,
3,170,0.15,2.7777777777777777,3.6666666666666665,-0.13793103448275862,10,0,0,0,,
3,171,0.15,5.444444444444445,7.222222222222221,-0.1403508771929824,10,0,0,0,,
3,172,0.15,6.333333333333333,9.0,-0.1739130434782609,10,0,0,0,,
3,173,0.15,18.88888888888889,27.77777777777778,-0.19047619047619047,10,0,0,0,,
3,174,0.15,45.55555555555556,63.333333333333336,-0.163265306122449,10,0,0,0,,
3,175,0.15,63.333333333333336,90.0,-0.17391304347826084,10,0,0,0,,
3,176,0.15,81.11111111111111,100.0,-0.10429447852760734,10,0,0,0,,
3,177,0.15,366.66666666666663,544.4444444444445,-0.19512195121951226,10,0,0,0,,
3,178,0.15,633.3333333333333,811.1111111111111,-0.12307692307692313,10,0,0,0,,
3,179,0.15,811.1111111111111,1000.0,-0.10429447852760737,10,0,0,0,,
3,180,0.15,0.001,0.001,0.0,10,426,366,5,0.0013677288255958494,30742.315355499326
3,181,0.15,0.004555555555555556,0.0054444444444444445,-0.08888888888888886,10,157,79,0,0.006486344335482388,1602.81279637732
3,182,0.15,0.007222222222222223,0.007222222222222223,0.0,10,101,51,0,0.009862794856312099,1636.2382043388134
3,183,0.15,0.009,0.01,-0.05263157894736847,10,80,40,0,0.012589254117941675,1607.6310436926126
3,184,0.15,0.04555555555555556,0.04555555555555556,0.0,10,20,1,0,0.062230028516915954,1648.4225947133632
3,185,0.15,0.06333333333333332,0.07222222222222222,-0.0655737704918033,10,14,1,0,0.08953647655495937,1047.121853311352
3,186,0.15,0.09,0.09,0.0,10,12,0,0,0.12341561040693796,1544.4310180358348
3,187,0.15,0.4555555555555556,0.4555555555555556,0.0,10,0,0,0,,
3,188,0.15,0.6333333333333333,0.7222222222222222,-0.06557377049180328,10,0,0,0,,
3,189,0.15,0.9,0.9,0.0,10,0,0,0,,
3,190,0.15,3.6666666666666665,3.6666666666666665,0.0,10,0,0,0,,
3,191,0.15,6.333333333333333,6.333333333333333,0.0,10,0,0,0,,
3,192,0.15,8.11111111111111,9.0,-0.05194805194805197,10,0,0,0,,
3,193,0.15,36.66666666666667,36.66666666666667,0.0,10,0,0,0,,
3,194,0.15,63.333333333333336,63.333333333333336,0.0,10,0,0,0,,
3,195,0.15,81.11111111111111,90.0,-0.05194805194805193,10,0,0,0,,
3,196,0.15,277.77777777777777,277.77777777777777,0.0,10,0,0,0,,
3,197,0.15,544.4444444444445,633.3333333333333,-0.07547169811320747,10,0,0,0,,
3,198,0.15,811.1111111111111,811.1111111111111,0.0,10,0,0,0,,
3,199,0.15,3000.0,3000.0,0.0,10,0,0,0,,
3,200,0.15,0.0054444444444444445,0.004555555555555556,0.08888888888888886,10,137,69,0,0.007046930689671467,1625.1554617441982
3,201,0.15,0.006333333333333334,0.0054444444444444445,0.0754716981132076,10,117,59,0,0.008279421637123344,1617.7346974635018
3,202,0.15,0.00811111111111111,0.007222222222222223,0.057971014492753555,10,91,46,0,0.01071519305237607,1593.0011344232475
3,203,0.15,0.01,0.009,0.05263157894736847,10,74,37,0,0.013243415351946643,1636.8735932993077
3,204,0.15,0.06333333333333332,0.05444444444444445,0.07547169811320745,10,19,2,0,0.08279421637123345,1412.7778485557508
3,205,0.15,0.0811111111111111,0.07222222222222222,0.05797101449275364,10,15,1,0,0.10780520346897933,1573.010364739776
3,206,0.15,0.1,0.09,0.05263157894736847,10,10,0,0,0.13302201467645097,1390.428080910414
3,207,0.15,0.5444444444444445,0.4555555555555556,0.0888888888888889,10,0,0,0,,
3,208,0.15,0.7222222222222222,0.6333333333333333,0.06557377049180328,10,0,0,0,,
3,209,0.15,0.9,0.8111111111111111,0.05194805194805195,10,0,0,0,,
3,210,0.15,5.444444444444445,4.555555555555555,0.08888888888888893,10,0,0,0,,
3,211,0.15,7.222222222222221,6.333333333333333,0.06557377049180325,10,0,0,0,,
3,212,0.15,9.0,8.11111111111111,0.05194805194805197,10,0,0,0,,
3,213,0.15,10.0,9.0,0.05263157894736842,10,0,0,0,,
3,214,0.15,63.333333333333336,54.44444444444444,0.07547169811320759,10,0,0,0,,
3,215,0.15,81.11111111111111,72.22222222222223,0.057971014492753596,10,0,0,0,,
3,216,0.15,100.0,90.0,0.05263157894736842,10,0,0,0,,
3,217,0.15,633.3333333333333,544.4444444444445,0.07547169811320747,10,0,0,0,,
3,218,0.15,811.1111111111111,722.2222222222222,0.057971014492753645,10,0,0,0,,
3,219,0.15,1000.0,900.0,0.05263157894736842,10,0,0,0,,
3,220,0.15,0.002777777777777778,0.001888888888888889,0.19047619047619047,10,272,140,0,0.003311311214825911,1641.6906784173875
3,221,0.15,0.0054444444444444445,0.003666666666666667,0.19512195121951215,10,142,71,0,0.006456542290346556,1571.823796166762
3,222,0.15,0.00811111111111111,0.006333333333333334,0.123076923076923,10,93,47,0,0.010232929922807547,1618.2359984317445
3,223,0.15,0.01,0.00811111111111111,0.1042944785276074,10,75,38,0,0.012823305826560218,1585.684839862413
3,224,0.15,0.05444444444444445,0.03666666666666667,0.19512195121951223,10,22,3,0,0.06486344335482389,1586.3480586721553
3,225,0.15,0.0811111111111111,0.05444444444444445,0.1967213114754098,10,17,3,0,0.09638290236239705,1429.851691179082
3,226,0.15,0.1,0.07222222222222222,0.16129032258064524,10,12,2,0,0.1228152101400934,1394.0513490291144
3,227,0.15,0.4555555555555556,0.3666666666666667,0.10810810810810811,10,0,0,0,,
3,228,0.15,0.8111111111111111,0.5444444444444445,0.19672131147540978,10,0,0,0,,
3,229,0.15,1.0,0.7222222222222222,0.16129032258064516,10,0,0,0,,
3,230,0.15,3.6666666666666665,2.7777777777777777,0.13793103448275862,10,0,0,0,,
3,231,0.15,7.222222222222221,5.444444444444445,0.1403508771929824,10,0,0,0,,
3,232,0.15,9.0,7.222222222222221,0.10958904109589046,10,0,0,0,,
3,233,0.15,36.66666666666667,27.77777777777778,0.13793103448275865,10,0,0,0,,
3,234,0.15,72.22222222222223,54.44444444444444,0.1403508771929825,10,0,0,0,,
3,235,0.15,90.0,63.333333333333336,0.17391304347826084,10,0,0,0,,
3,236,0.15,277.77777777777777,188.88888888888889,0.1904761904761905,10,0,0,0,,
3,237,0.15,633.3333333333333,455.55555555555554,0.16326530612244894,10,0,0,0,,
3,238,0.15,900.0,633.3333333333333,0.17391304347826092,10,0,0,0,,
3,239,0.15,3000.0,2000.0,0.2,10,0,0,0,,
3,240,0.15,0.004555555555555556,0.002777777777777778,0.2424242424242424,10,174,87,0,0.0051522864458175615,1630.2291525660564
3,241,0.15,0.007222222222222223,0.004555555555555556,0.22641509433962265,10,109,55,1,0.008317637711026709,31616.415758893785
3,242,0.15,0.009,0.0054444444444444445,0.2461538461538461,10,87,44,0,0.010139113857366799,1628.319038322689
3,243,0.15,0.01,0.006333333333333334,0.2244897959183673,10,78,39,0,0.011534532578210918,1599.7535049796174
3,244,0.15,0.06333333333333332,0.03666666666666667,0.2666666666666666,10,22,3,0,0.06982324040771712,1472.8201059587282
3,245,0.15,0.0811111111111111,0.04555555555555556,0.2807017543859649,10,16,3,0,0.08790225168308842,1463.6581738932464
3,246,0.15,0.1,0.05444444444444445,0.2949640287769784,10,12,2,0,0.1066044029352902,1313.518637860675
3,247,0.15,0.6333333333333333,0.3666666666666667,0.2666666666666666,10,0,0,0,,
3,248,0.15,0.8111111111111111,0.4555555555555556,0.2807017543859649,10,0,0,0,,
3,249,0.15,1.0,0.5444444444444445,0.29496402877697836,10,0,0,0,,
3,250,0.15,4.555555555555555,2.7777777777777777,0.24242424242424243,10,0,0,0,,
3,251,0.15,7.222222222222221,4.555555555555555,0.22641509433962262,10,0,0,0,,
3,252,0.15,9.0,5.444444444444445,0.24615384615384614,10,0,0,0,,
3,253,0.15,45.55555555555556,27.77777777777778,0.2424242424242424,10,0,0,0,,
3,254,0.15,72.22222222222223,45.55555555555556,0.22641509433962267,10,0,0,0,,
3,255,0.15,90.0,54.44444444444444,0.24615384615384614,10,0,0,0,,
3,256,0.15,100.0,63.333333333333336,0.22448979591836732,10,0,0,0,,
3,257,0.15,633.3333333333333,366.66666666666663,0.26666666666666666,10,0,0,0,,
3,258,0.15,811.1111111111111,455.55555555555554,0.28070175438596495,10,0,0,0,,
3,259,0.15,1000.0,633.3333333333333,0.2244897959183674,10,0,0,0,,
3,260,0.15,0.001888888888888889,0.001,0.3076923076923077,10,380,216,6,0.001976969640111862,174250.744677579
3,261,0.15,0.006333333333333334,0.002777777777777778,0.39024390243902446,10,134,67,0,0.00588843655355589,1584.9153325355103
3,262,0.15,0.009,0.004555555555555556,0.3278688524590163,10,91,46,0,0.009162204901219993,1579.3182349034535
3,263,0.15,0.01888888888888889,0.009,0.354581673306773,10,47,22,0,0.018535316234148124,1466.4303834400278
3,264,0.15,0.05444444444444445,0.027777777777777776,0.3243243243243244,10,26,5,0,0.055718574893192985,1602.869585991761
3,265,0.15,0.0811111111111111,0.03666666666666667,0.3773584905660377,10,19,2,0,0.07691304402866098,1492.0919568451452
3,266,0.15,0.18888888888888888,0.0811111111111111,0.39917695473251025,10,6,0,0,0.17384923282188125,1054.8607256633645
3,267,0.15,0.3666666666666667,0.18888888888888888,0.32000000000000006,10,2,0,0,0.6841894596397597,58.45448733462918
3,268,0.15,0.7222222222222222,0.3666666666666667,0.3265306122448979,10,0,0,0,,
3,269,0.15,1.0,0.4555555555555556,0.37404580152671746,10,0,0,0,,
3,270,0.15,3.6666666666666665,1.8888888888888888,0.32,10,0,0,0,,
3,271,0.15,7.222222222222221,3.6666666666666665,0.32653061224489793,10,0,0,0,,
3,272,0.15,10.0,4.555555555555555,0.37404580152671757,10,0,0,0,,
3,273,0.15,18.88888888888889,10.0,0.3076923076923077,10,0,0,0,,
3,274,0.15,63.333333333333336,27.77777777777778,0.3902439024390244,10,0,0,0,,
3,275,0.15,90.0,45.55555555555556,0.3278688524590164,10,0,0,0,,
3,276,0.15,188.88888888888889,90.0,0.35458167330677287,10,0,0,0,,
3,277,0.15,544.4444444444445,277.77777777777777,0.32432432432432434,10,0,0,0,,
3,278,0.15,811.1111111111111,366.66666666666663,0.3773584905660377,10,0,0,0,,
3,279,0.15,2000.0,1000.0,0.3333333333333333,10,0,0,0,,
3,280,0.15,0.002777777777777778,0.001,0.47058823529411764,10,305,162,1,0.002228435149270303,199775.95397682127
3,281,0.15,0.0054444444444444445,0.001888888888888889,0.48484848484848486,10,167,84,0,0.00424619563946313,1656.5636553120519
3,282,0.15,0.009,0.003666666666666667,0.4210526315789473,10,96,48,0,0.00794328234724282,1617.6404343031738
3,283,0.15,0.01888888888888889,0.007222222222222223,0.4468085106382978,10,50,23,0,0.01584893192461114,1502.0625676109244
3,284,0.15,0.05444444444444445,0.01888888888888889,0.4848484848484849,10,29,6,0,0.0424619563946313,1599.9352213184447
3,285,0.15,0.09,0.03666666666666667,0.4210526315789474,10,17,3,0,0.07943282347242814,1325.976125489452
3,286,0.15,0.18888888888888888,0.07222222222222222,0.44680851063829796,10,6,1,0,0.15943962641761175,704.4907238128493
3,287,0.15,0.4555555555555556,0.18888888888888888,0.4137931034482759,10,1,0,0,0.7178118745830553,10.942159556170852
3,288,0.15,0.8111111111111111,0.2777777777777778,0.48979591836734687,10,0,0,0,,
3,289,0.15,1.8888888888888888,0.6333333333333333,0.4977973568281938,10,0,0,0,,
3,290,0.15,4.555555555555555,1.8888888888888888,0.4137931034482758,10,0,0,0,,
3,291,0.15,8.11111111111111,2.7777777777777777,0.48979591836734687,10,0,0,0,,
3,292,0.15,18.88888888888889,6.333333333333333,0.4977973568281939,10,0,0,0,,
3,293,0.15,27.77777777777778,10.0,0.47058823529411764,10,0,0,0,,
3,294,0.15,72.22222222222223,27.77777777777778,0.4444444444444445,10,0,0,0,,
3,295,0.15,100.0,36.66666666666667,0.4634146341463414,10,0,0,0,,
3,296,0.15,277.77777777777777,100.0,0.47058823529411764,10,0,0,0,,
3,297,0.15,722.2222222222222,277.77777777777777,0.4444444444444444,10,0,0,0,,
3,298,0.15,1000.0,366.66666666666663,0.46341463414634154,10,0,0,0,,
3,299,0.15,3000.0,1000.0,0.5,10,0,0,0,,
3,300,0.15,0.003666666666666667,0.001,0.5714285714285715,10,245,134,0,0.0023442288153199225,1622.2402273830555
3,301,0.15,0.007222222222222223,0.001888888888888889,0.5853658536585367,10,140,70,1,0.004446312674691089,107386.80264661566
3,302,0.15,0.01888888888888889,0.0054444444444444445,0.5525114155251142,10,55,25,0,0.01264736347471151,1596.4641789039295
3,303,0.15,0.027777777777777776,0.009,0.5105740181268882,10,42,17,0,0.020511621788255645,1426.657929210118
3,304,0.15,0.07222222222222222,0.01888888888888889,0.5853658536585367,10,24,5,0,0.044463126746910886,1576.1173824477307
3,305,0.15,0.1,0.027777777777777776,0.5652173913043479,10,15,4,0,0.06486344335482389,989.5521403916944
3,306,0.15,0.2777777777777778,0.0811111111111111,0.5479876160990712,10,7,1,0,0.1894596397598399,1229.044670580523
3,307,0.15,0.6333333333333333,0.18888888888888888,0.5405405405405406,10,0,0,0,,
3,308,0.15,1.0,0.2777777777777778,0.5652173913043479,10,0,0,0,,
3,309,0.15,2.7777777777777777,0.8111111111111111,0.5479876160990712,10,0,0,0,,
3,310,0.15,3.6666666666666665,1.0,0.5714285714285715,10,0,0,0,,
3,311,0.15,9.0,2.7777777777777777,0.5283018867924528,10,0,0,0,,
3,312,0.15,27.77777777777778,7.222222222222221,0.5873015873015873,10,0,0,0,,
3,313,0.15,36.66666666666667,10.0,0.5714285714285715,10,0,0,0,,
3,314,0.15,90.0,27.77777777777778,0.5283018867924528,10,0,0,0,,
3,315,0.15,188.88888888888889,54.44444444444444,0.5525114155251143,10,0,0,0,,
3,316,0.15,277.77777777777777,90.0,0.5105740181268882,10,0,0,0,,
3,317,0.15,722.2222222222222,188.88888888888889,0.5853658536585366,10,0,0,0,,
3,318,0.15,2000.0,544.4444444444445,0.572052401746725,10,0,0,0,,
3,319,0.15,3000.0,900.0,0.5384615384615384,10,0,0,0,,
3,320,0.15,0.004555555555555556,0.001,0.64,10,217,117,1,0.00239883291901949,68607.50196539288
3,321,0.15,0.01,0.001888888888888889,0.6822429906542055,10,111,57,0,0.004591980128368685,1624.217981594116
3,322,0.15,0.027777777777777776,0.006333333333333334,0.6286644951140065,10,45,19,0,0.015135612484362087,1614.8743669911794
3,323,0.15,0.04555555555555556,0.00811111111111111,0.6977225672877847,10,33,13,0,0.01976969640111862,1633.919940510638
3,324,0.15,0.0811111111111111,0.01888888888888889,0.6222222222222222,10,18,3,0,0.045081670454146,1457.4935560009947
3,325,0.15,0.18888888888888888,0.04555555555555556,0.6113744075829383,10,9,1,0,0.10840560373582389,1617.541181794511
3,326,0.15,0.3666666666666667,0.0811111111111111,0.6377171215880892,10,5,0,0,0.1960640426951301,1082.7464142742392
3,327,0.15,0.5444444444444445,0.1,0.6896551724137931,10,5,0,0,0.4254169446297531,1523.1158425843148
3,328,0.15,1.8888888888888888,0.3666666666666667,0.6748768472906403,10,0,0,0,,
3,329,0.15,3.6666666666666665,0.7222222222222222,0.6708860759493671,10,0,0,0,,
3,330,0.15,4.555555555555555,0.9,0.670061099796334,10,0,0,0,,
3,331,0.15,9.0,1.8888888888888888,0.6530612244897959,10,0,0,0,,
3,332,0.15,27.77777777777778,5.444444444444445,0.6722408026755854,10,0,0,0,,
3,333,0.15,45.55555555555556,8.11111111111111,0.6977225672877846,10,0,0,0,,
3,334,0.15,81.11111111111111,18.88888888888889,0.6222222222222222,10,0,0,0,,
3,335,0.15,188.88888888888889,45.55555555555556,0.6113744075829383,10,0,0,0,,
3,336,0.15,366.66666666666663,81.11111111111111,0.6377171215880894,10,0,0,0,,
3,337,0.15,455.55555555555554,100.0,0.64,10,0,0,0,,
3,338,0.15,1000.0,188.88888888888889,0.6822429906542056,10,0,0,0,,
3,339,0.15,3000.0,722.2222222222222,0.6119402985074627,10,0,0,0,,
3,340,0.15,0.006333333333333334,0.001,0.7272727272727273,10,175,98,0,0.002454708915685031,1628.8944295220672
3,341,0.15,0.03666666666666667,0.004555555555555556,0.7789757412398922,10,51,19,0,0.011324003632355566,1633.477962015587
3,342,0.15,0.05444444444444445,0.006333333333333334,0.7915904936014624,10,36,13,0,0.015776112696993486,1655.4556035680052
3,343,0.15,0.06333333333333332,0.009,0.7511520737327189,10,31,10,0,0.022181964198002193,1596.3280559826512
3,344,0.15,0.09,0.01,0.8,10,25,7,0,0.024888573182823902,1605.331410051126
3,345,0.15,0.3666666666666667,0.06333333333333332,0.7054263565891472,10,4,0,0,0.15583722481654436,724.9566621783658
3,346,0.15,0.5444444444444445,0.0811111111111111,0.7406749555950266,10,5,0,0,0.20146764509673115,1070.0223286810372
3,347,0.15,0.7222222222222222,0.0811111111111111,0.7980636237897648,10,6,0,0,0.20326884589726485,1386.888564837004
3,348,0.15,2.7777777777777777,0.3666666666666667,0.7667844522968198,10,0,0,0,,
3,349,0.15,4.555555555555555,0.6333333333333333,0.7558886509635975,10,0,0,0,,
3,350,0.15,6.333333333333333,0.7222222222222222,0.795275590551181,10,0,0,0,,
3,351,0.15,7.222222222222221,1.0,0.7567567567567567,10,0,0,0,,
3,352,0.15,36.66666666666667,4.555555555555555,0.7789757412398921,10,0,0,0,,
3,353,0.15,54.44444444444444,6.333333333333333,0.7915904936014625,10,0,0,0,,
3,354,0.15,63.333333333333336,9.0,0.7511520737327189,10,0,0,0,,
3,355,0.15,90.0,10.0,0.8,10,0,0,0,,
3,356,0.15,366.66666666666663,63.333333333333336,0.7054263565891473,10,0,0,0,,
3,357,0.15,544.4444444444445,81.11111111111111,0.7406749555950267,10,0,0,0,,
3,358,0.15,722.2222222222222,81.11111111111111,0.7980636237897649,10,0,0,0,,
3,359,0.15,3000.0,455.55555555555554,0.7363344051446945,10,0,0,0,,
3,360,0.15,0.009,0.001,0.8000000000000002,10,132,83,0,0.00248885731828239,1649.2217178710046
3,361,0.15,0.04555555555555556,0.003666666666666667,0.8510158013544019,10,49,20,0,0.009162204901219993,1549.9709307229875
3,362,0.15,0.07222222222222222,0.0054444444444444445,0.8597997138769671,10,35,13,0,0.013614446824659497,1519.0413539332185
3,363,0.15,0.09,0.006333333333333334,0.8685121107266437,10,29,11,0,0.01584893192461114,1635.55017470326
3,364,0.15,0.18888888888888888,0.01,0.8994413407821228,10,14,6,0,0.025118864315095794,1324.7434029963258
3,365,0.15,0.5444444444444445,0.04555555555555556,0.8455743879472692,10,4,0,0,0.11440960640426952,498.562786222497
3,366,0.15,0.8111111111111111,0.04555555555555556,0.8936446173800259,10,4,0,0,0.11440960640426952,438.8989469580945
3,367,0.15,0.9,0.09,0.8181818181818182,10,5,0,0,0.38939292861907937,1539.541381268964
3,368,0.15,2.7777777777777777,0.2777777777777778,0.8181818181818182,10,0,0,0,,
3,369,0.15,6.333333333333333,0.4555555555555556,0.8657937806873977,10,0,0,0,,
3,370,0.15,8.11111111111111,0.7222222222222222,0.8364779874213837,10,0,0,0,,
3,371,0.15,10.0,0.7222222222222222,0.8652849740932644,10,0,0,0,,
3,372,0.15,45.55555555555556,2.7777777777777777,0.8850574712643677,10,0,0,0,,
3,373,0.15,72.22222222222223,4.555555555555555,0.8813314037626627,10,0,0,0,,
3,374,0.15,90.0,5.444444444444445,0.8859138533178115,10,0,0,0,,
3,375,0.15,100.0,10.0,0.8181818181818182,10,0,0,0,,
3,376,0.15,544.4444444444445,36.66666666666667,0.8738049713193117,10,0,0,0,,
3,377,0.15,722.2222222222222,72.22222222222223,0.8181818181818182,10,0,0,0,,
3,378,0.15,900.0,81.11111111111111,0.8346545866364666,10,0,0,0,,
3,379,0.15,3000.0,277.77777777777777,0.8305084745762712,10,0,0,0,,
3,380,0.15,0.027777777777777776,0.001,0.9305019305019304,10,78,59,1,0.002511886431509582,91036.03706571103
3,381,0.15,0.4555555555555556,0.003666666666666667,0.9840309702395356,10,17,14,0,0.00924698173938223,1503.9123392089873
3,382,0.15,0.9,0.003666666666666667,0.9918849133161194,10,15,13,0,0.00924698173938223,1482.253481638888
3,383,0.15,2.7777777777777777,0.0811111111111111,0.94325689856199,10,5,0,0,0.2056704469646431,1100.3201957635724
3,384,0.15,5.444444444444445,0.09,0.9674764103593656,10,5,0,0,0.39119412941961307,1386.9171319844036
3,385,0.15,8.11111111111111,0.04555555555555556,0.98882985969214,10,4,0,0,0.11501000667111408,521.8355302977245
3,386,0.15,18.88888888888889,0.006333333333333334,0.9993296365336328,10,11,8,0,0.0159220872705117,953.3779090565125
3,387,0.15,36.66666666666667,0.01888888888888889,0.998970227458582,10,9,0,0,0.04764309868054156,1365.4381648763256
3,388,0.15,54.44444444444444,0.027777777777777776,0.9989801121876594,10,6,0,0,0.07014552984199714,968.3676353185552
3,389,0.15,72.22222222222223,0.027777777777777776,0.9992310649750098,10,6,0,0,0.07014552984199714,968.29263792616
3,390,0.15,90.0,0.009,0.9998000199980002,10,13,4,0,0.022698648518838214,1576.13251712257
3,391,0.15,188.88888888888889,0.0054444444444444445,0.9999423546027204,10,12,9,0,0.01374041975012515,969.2733692220186
3,392,0.15,277.77777777777777,1.0,0.9928258270227183,10,0,0,0,,
3,393,0.15,455.55555555555554,0.03666666666666667,0.9998390373457745,10,8,0,0,0.0924698173938223,1018.935578925272
3,394,0.15,544.4444444444445,7.222222222222221,0.9738167170191341,10,0,0,0,,
3,395,0.15,722.2222222222222,0.06333333333333332,0.9998246307631483,10,5,0,0,0.1600400266844563,840.3128323510488
3,396,0.15,811.1111111111111,8.11111111111111,0.9801980198019803,10,0,0,0,,
3,397,0.15,1000.0,0.04555555555555556,0.9999088930393171,10,4,0,0,0.11501000667111408,522.8973748719521
3,398,0.15,2000.0,5.444444444444445,0.9945703363067206,10,0,0,0,,
3,399,0.15,3000.0,100.0,0.9354838709677419,10,0,0,0,,
4,0,0.2,0.001,0.027777777777777776,-0.9305019305019304,10,405,311,0,0.0015703628043335514,1677.1715588922314
4,1,0.2,0.001888888888888889,0.7222222222222222,-0.9947828755562373,10,319,169,1,0.0029648313895243423,1366938.201913714
4,2,0.2,0.002777777777777778,54.44444444444444,-0.9998979643895719,10,221,115,1,0.004365158322401661,299313.0906515332
4,3,0.2,0.004555555555555556,0.1,-0.9128586609989372,10,135,58,0,0.007144963260755135,1715.180484891024
4,4,0.2,0.0054444444444444445,45.55555555555556,-0.9997610041726721,10,116,58,0,0.008550667128846832,1605.4381759582268
4,5,0.2,0.007222222222222223,0.5444444444444445,-0.9738167170191339,10,88,44,0,0.011324003632355566,1632.0087125995342
4,6,0.2,0.00811111111111111,90.0,-0.999819769329431,10,78,39,0,0.012764388088113435,1571.1793828698287
4,7,0.2,0.01,2.7777777777777777,-0.9928258270227184,10,63,32,0,0.01570362804333553,1591.3049912105557
4,8,0.2,0.01888888888888889,722.2222222222222,-0.9999476936757038,10,34,17,0,0.029648313895243424,1305.5571046756877
4,9,0.2,0.03666666666666667,90.0,-0.999185517011588,10,21,2,0,0.05754399373371572,1539.9822420432922
4,10,0.2,0.05444444444444445,81.11111111111111,-0.998658434749278,10,16,1,0,0.08550667128846832,1528.9362591262034
4,11,0.2,0.07222222222222222,100.0,-0.9985565980125465,10,12,1,0,0.11380920613742496,1596.4959145002067
4,12,0.2,0.09,188.88888888888889,-0.9990475126557345,10,10,0,0,0.1420280186791194,1302.0276076110572
4,13,0.2,0.18888888888888888,633.3333333333333,-0.9994036866197801,10,2,0,0,0.5815210140093395,267.1488999347307
4,14,0.2,0.4555555555555556,45.55555555555556,-0.9801980198019802,10,0,0,0,,
4,15,0.2,0.7222222222222222,36.66666666666667,-0.9613670133729569,10,0,0,0,,
4,16,0.2,1.0,45.55555555555556,-0.9570405727923628,10,0,0,0,,
4,17,0.2,3.6666666666666665,544.4444444444445,-0.9866207176160553,10,0,0,0,,
4,18,0.2,8.11111111111111,900.0,-0.9821363024593173,10,0,0,0,,
4,19,0.2,100.0,3000.0,-0.9354838709677419,10,0,0,0,,
4,20,0.2,0.001,0.009,-0.8000000000000002,10,416,322,1,0.0015703628043335514,4539.945552990264
4,21,0.2,0.003666666666666667,0.05444444444444445,-0.8738049713193117,10,173,77,0,0.005754399373371567,1629.1399852538088
4,22,0.2,0.0054444444444444445,0.0811111111111111,-0.8741976893453145,10,116,44,0,0.008550667128846832,1632.6175593539592
4,23,0.2,0.007222222222222223,0.09,-0.8514285714285713,10,91,30,0,0.011324003632355566,1758.2543843223593
4,24,0.2,0.01,0.18888888888888888,-0.8994413407821228,10,63,32,0,0.01570362804333553,1530.8457789109855
4,25,0.2,0.04555555555555556,0.5444444444444445,-0.8455743879472692,10,17,1,0,0.07144963260755134,1636.5083148225042
4,26,0.2,0.06333333333333332,0.6333333333333333,-0.8181818181818181,10,15,1,0,0.09954054173515274,1341.2879581473421
4,27,0.2,0.0811111111111111,0.9,-0.8346545866364665,10,11,0,0,0.1276184122748499,1372.7809021088447
4,28,0.2,0.2777777777777778,2.7777777777777777,-0.8181818181818182,10,1,0,0,0.8456971314209473,13.630544961227281
4,29,0.2,0.4555555555555556,7.222222222222221,-0.8813314037626627,10,0,0,0,,
4,30,0.2,0.6333333333333333,9.0,-0.8685121107266437,10,0,0,0,,
4,31,0.2,0.9,9.0,-0.8181818181818181,10,0,0,0,,
4,32,0.2,3.6666666666666665,36.66666666666667,-0.8181818181818183,10,0,0,0,,
4,33,0.2,5.444444444444445,63.333333333333336,-0.8416801292407108,10,0,0,0,,
4,34,0.2,7.222222222222221,72.22222222222223,-0.818181818181818,10,0,0,0,,
4,35,0.2,10.0,100.0,-0.8181818181818182,10,0,0,0,,
4,36,0.2,36.66666666666667,633.3333333333333,-0.8905472636815921,10,0,0,0,,
4,37,0.2,54.44444444444444,900.0,-0.8859138533178114,10,0,0,0,,
4,38,0.2,72.22222222222223,1000.0,-0.8652849740932643,10,0,0,0,,
4,39,0.2,277.77777777777777,3000.0,-0.8305084745762712,10,0,0,0,,
4,40,0.2,0.001,0.006333333333333334,-0.7272727272727273,10,407,325,0,0.0015631476426409539,1671.7018152100409
4,41,0.2,0.004555555555555556,0.027777777777777776,-0.718213058419244,10,145,68,0,0.007112135136533295,1617.8303778115996
4,42,0.2,0.006333333333333334,0.05444444444444445,-0.7915904936014624,10,101,43,0,0.009908319448927675,1581.6027683409027
4,43,0.2,0.00811111111111111,0.07222222222222222,-0.7980636237897648,10,81,29,0,0.012705741052085419,1631.790724647131
4,44,0.2,0.01,0.0811111111111111,-0.7804878048780489,10,68,23,0,0.015631476426409538,1456.9146055603755
4,45,0.2,0.05444444444444445,0.3666666666666667,-0.7414248021108178,10,13,1,0,0.08550667128846832,1401.7790753750307
4,46,0.2,0.07222222222222222,0.5444444444444445,-0.7657657657657659,10,15,1,0,0.1132088058705804,1488.332367231624
4,47,0.2,0.09,0.6333333333333333,-0.751152073732719,10,10,0,0,0.14142761841227486,1547.895041183665
4,48,0.2,0.3666666666666667,2.7777777777777777,-0.7667844522968198,10,0,0,0,,
4,49,0.2,0.6333333333333333,4.555555555555555,-0.7558886509635975,10,0,0,0,,
4,50,0.2,0.8111111111111111,5.444444444444445,-0.7406749555950267,10,0,0,0,,
4,51,0.2,1.0,6.333333333333333,-0.7272727272727273,10,0,0,0,,
4,52,0.2,4.555555555555555,36.66666666666667,-0.7789757412398921,10,0,0,0,,
4,53,0.2,7.222222222222221,45.55555555555556,-0.7263157894736842,10,0,0,0,,
4,54,0.2,9.0,54.44444444444444,-0.7162872154115587,10,0,0,0,,
4,55,0.2,10.0,81.11111111111111,-0.7804878048780488,10,0,0,0,,
4,56,0.2,54.44444444444444,455.55555555555554,-0.7864923747276688,10,0,0,0,,
4,57,0.2,72.22222222222223,633.3333333333333,-0.7952755905511812,10,0,0,0,,
4,58,0.2,90.0,722.2222222222222,-0.7783857729138167,10,0,0,0,,
4,59,0.2,455.55555555555554,3000.0,-0.7363344051446945,10,0,0,0,,
4,60,0.2,0.001,0.004555555555555556,-0.64,10,409,329,1,0.001555965631605075,8032.138042960499
4,61,0.2,0.001888888888888889,0.01,-0.6822429906542055,10,331,175,1,0.0029512092266663842,150055.4243481907
4,62,0.2,0.006333333333333334,0.027777777777777776,-0.6286644951140065,10,104,49,0,0.009862794856312099,1580.6897253541956
4,63,0.2,0.009,0.03666666666666667,-0.6058394160583941,10,79,32,0,0.013995873225726178,1597.1969134586311
4,64,0.2,0.01888888888888889,0.0811111111111111,-0.6222222222222222,10,40,10,0,0.029376496519615308,1459.2442597421666
4,65,0.2,0.04555555555555556,0.18888888888888888,-0.6113744075829383,10,16,4,0,0.0707945784384138,1419.1937293064484
4,66,0.2,0.0811111111111111,0.3666666666666667,-0.6377171215880892,10,11,0,0,0.12701801200800533,1364.7513432758544
4,67,0.2,0.1,0.5444444444444445,-0.6896551724137931,10,8,0,0,0.15703802535023348,794.2438524243557
4,68,0.2,0.3666666666666667,1.8888888888888888,-0.6748768472906403,10,0,0,0,,
4,69,0.2,0.7222222222222222,3.6666666666666665,-0.6708860759493671,10,0,0,0,,
4,70,0.2,0.9,4.555555555555555,-0.670061099796334,10,0,0,0,,
4,71,0.2,1.8888888888888888,9.0,-0.6530612244897959,10,0,0,0,,
4,72,0.2,5.444444444444445,27.77777777777778,-0.6722408026755854,10,0,0,0,,
4,73,0.2,9.0,36.66666666666667,-0.6058394160583942,10,0,0,0,,
4,74,0.2,18.88888888888889,81.11111111111111,-0.6222222222222222,10,0,0,0,,
4,75,0.2,45.55555555555556,188.88888888888889,-0.6113744075829383,10,0,0,0,,
4,76,0.2,81.11111111111111,366.66666666666663,-0.6377171215880894,10,0,0,0,,
4,77,0.2,100.0,455.55555555555554,-0.64,10,0,0,0,,
4,78,0.2,188.88888888888889,1000.0,-0.6822429906542056,10,0,0,0,,
4,79,0.2,722.2222222222222,3000.0,-0.6119402985074627,10,0,0,0,,
4,80,0.2,0.001,0.003666666666666667,-0.5714285714285715,10,404,330,1,0.0015488166189124811,8621.165027076924
4,81,0.2,0.001888888888888889,0.007222222222222223,-0.5853658536585367,10,331,177,0,0.0029241523778433367,1642.0478364399683
4,82,0.2,0.0054444444444444445,0.01888888888888889,-0.5525114155251142,10,124,62,0,0.008394599865193973,1633.5421202033722
4,83,0.2,0.009,0.027777777777777776,-0.5105740181268882,10,77,36,0,0.01386755828871888,1605.564357882751
4,84,0.2,0.01888888888888889,0.07222222222222222,-0.5853658536585367,10,41,10,0,0.02924152377843337,1302.2669023951828
4,85,0.2,0.05444444444444445,0.18888888888888888,-0.5525114155251141,10,14,3,0,0.08433347577642757,1135.7473157164764
4,86,0.2,0.09,0.2777777777777778,-0.5105740181268883,10,10,0,0,0.1390260173448966,1186.3757509756156
4,87,0.2,0.18888888888888888,0.6333333333333333,-0.5405405405405406,10,2,0,0,0.5719146097398266,254.38488236546166
4,88,0.2,0.2777777777777778,1.0,-0.5652173913043479,10,1,0,0,0.8348899266177451,13.295887943452218
4,89,0.2,0.8111111111111111,2.7777777777777777,-0.5479876160990712,10,0,0,0,,
4,90,0.2,1.8888888888888888,6.333333333333333,-0.5405405405405406,10,0,0,0,,
4,91,0.2,2.7777777777777777,10.0,-0.5652173913043478,10,0,0,0,,
4,92,0.2,8.11111111111111,27.77777777777778,-0.5479876160990713,10,0,0,0,,
4,93,0.2,10.0,36.66666666666667,-0.5714285714285715,10,0,0,0,,
4,94,0.2,27.77777777777778,90.0,-0.5283018867924528,10,0,0,0,,
4,95,0.2,72.22222222222223,277.77777777777777,-0.5873015873015872,10,0,0,0,,
4,96,0.2,100.0,366.66666666666663,-0.5714285714285714,10,0,0,0,,
4,97,0.2,277.77777777777777,900.0,-0.5283018867924527,10,0,0,0,,
4,98,0.2,633.3333333333333,2000.0,-0.518987341772152,10,0,0,0,,
4,99,0.2,1000.0,3000.0,-0.5,10,0,0,0,,
4,100,0.2,0.001,0.002777777777777778,-0.47058823529411764,10,420,336,3,0.0015275660582380732,108469.68642888483
4,101,0.2,0.001888888888888889,0.0054444444444444445,-0.48484848484848486,10,341,180,0,0.0028973435877013213,1657.4386315577742
4,102,0.2,0.003666666666666667,0.009,-0.4210526315789473,10,186,94,0,0.005571857489319298,1632.8623033814908
4,103,0.2,0.007222222222222223,0.01888888888888889,-0.4468085106382978,10,94,47,0,0.011015393095414156,1598.058160585205
4,104,0.2,0.01888888888888889,0.05444444444444445,-0.4848484848484849,10,39,12,0,0.028973435877013242,1429.6116399297587
4,105,0.2,0.027777777777777776,0.0811111111111111,-0.4897959183673469,10,28,6,0,0.04265795188015926,1306.5414780701708
4,106,0.2,0.06333333333333332,0.18888888888888888,-0.4977973568281938,10,14,2,0,0.09772372209558111,1541.1013339807591
4,107,0.2,0.18888888888888888,0.4555555555555556,-0.4137931034482759,10,2,0,0,0.5635090060040027,237.2642070099072
4,108,0.2,0.2777777777777778,0.8111111111111111,-0.48979591836734687,10,1,0,0,0.8282855236824549,13.13180768021331
4,109,0.2,0.6333333333333333,1.8888888888888888,-0.4977973568281938,10,0,0,0,,
4,110,0.2,1.0,2.7777777777777777,-0.47058823529411764,10,0,0,0,,
4,111,0.2,2.7777777777777777,7.222222222222221,-0.44444444444444436,10,0,0,0,,
4,112,0.2,3.6666666666666665,10.0,-0.46341463414634154,10,0,0,0,,
4,113,0.2,10.0,27.77777777777778,-0.47058823529411764,10,0,0,0,,
4,114,0.2,27.77777777777778,72.22222222222223,-0.4444444444444445,10,0,0,0,,
4,115,0.2,36.66666666666667,90.0,-0.4210526315789473,10,0,0,0,,
4,116,0.2,72.22222222222223,188.88888888888889,-0.4468085106382979,10,0,0,0,,
4,117,0.2,188.88888888888889,544.4444444444445,-0.4848484848484848,10,0,0,0,,
4,118,0.2,366.66666666666663,900.0,-0.42105263157894746,10,0,0,0,,
4,119,0.2,811.1111111111111,2000.0,-0.42292490118577075,10,0,0,0,,
4,120,0.2,0.001,0.001888888888888889,-0.3076923076923077,10,402,333,7,0.001485935642287006,114703.53535920559
4,121,0.2,0.002777777777777778,0.006333333333333334,-0.39024390243902446,10,245,125,1,0.004207266283844442,238153.02596410888
4,122,0.2,0.004555555555555556,0.009,-0.3278688524590163,10,153,77,0,0.0067920363261718434,1633.189481309179
4,123,0.2,0.009,0.01888888888888889,-0.354581673306773,10,77,39,0,0.013551894123510363,1498.5829483476864
4,124,0.2,0.027777777777777776,0.05444444444444445,-0.3243243243243244,10,27,9,0,0.041495404263436286,1473.6790916566274
4,125,0.2,0.03666666666666667,0.0811111111111111,-0.3773584905660377,10,24,4,0,0.0554625712957911,1554.6942604875512
4,126,0.2,0.0811111111111111,0.18888888888888888,-0.39917695473251025,10,11,1,0,0.12341561040693796,1577.9852288906811
4,127,0.2,0.18888888888888888,0.3666666666666667,-0.32000000000000006,10,2,0,0,0.5533022014676451,234.094723925591
4,128,0.2,0.3666666666666667,0.7222222222222222,-0.3265306122448979,10,0,0,0,,
4,129,0.2,0.4555555555555556,1.0,-0.37404580152671746,10,0,0,0,,
4,130,0.2,1.8888888888888888,3.6666666666666665,-0.32,10,0,0,0,,
4,131,0.2,3.6666666666666665,7.222222222222221,-0.32653061224489793,10,0,0,0,,
4,132,0.2,4.555555555555555,10.0,-0.37404580152671757,10,0,0,0,,
4,133,0.2,10.0,18.88888888888889,-0.3076923076923077,10,0,0,0,,
4,134,0.2,27.77777777777778,63.333333333333336,-0.3902439024390244,10,0,0,0,,
4,135,0.2,45.55555555555556,90.0,-0.3278688524590164,10,0,0,0,,
4,136,0.2,90.0,188.88888888888889,-0.35458167330677287,10,0,0,0,,
4,137,0.2,277.77777777777777,544.4444444444445,-0.32432432432432434,10,0,0,0,,
4,138,0.2,366.66666666666663,811.1111111111111,-0.3773584905660377,10,0,0,0,,
4,139,0.2,1000.0,2000.0,-0.3333333333333333,10,0,0,0,,
4,140,0.2,0.002777777777777778,0.004555555555555556,-0.2424242424242424,10,249,129,1,0.004055085354483839,322406.7943080431
4,141,0.2,0.004555555555555556,0.007222222222222223,-0.22641509433962265,10,157,79,0,0.006637430704019089,1634.3383103398
4,142,0.2,0.0054444444444444445,0.009,-0.2461538461538461,10,130,65,0,0.007979946872679769,1617.8365145437579
4,143,0.2,0.006333333333333334,0.01,-0.2244897959183673,10,113,57,1,0.009204495717531713,52513.23428136172
4,144,0.2,0.03666666666666667,0.06333333333333332,-0.2666666666666666,10,21,6,0,0.05395106225151279,1635.7609306544045
4,145,0.2,0.05444444444444445,0.09,-0.24615384615384614,10,13,2,0,0.07979946872679769,1226.0892628885495
4,146,0.2,0.06333333333333332,0.1,-0.22448979591836743,10,13,0,0,0.0924698173938223,1195.62483846078
4,147,0.2,0.3666666666666667,0.6333333333333333,-0.2666666666666666,10,0,0,0,,
4,148,0.2,0.4555555555555556,0.8111111111111111,-0.2807017543859649,10,0,0,0,,
4,149,0.2,0.5444444444444445,1.0,-0.29496402877697836,10,0,0,0,,
4,150,0.2,3.6666666666666665,6.333333333333333,-0.26666666666666666,10,0,0,0,,
4,151,0.2,4.555555555555555,8.11111111111111,-0.2807017543859649,10,0,0,0,,
4,152,0.2,5.444444444444445,10.0,-0.2949640287769784,10,0,0,0,,
4,153,0.2,27.77777777777778,45.55555555555556,-0.2424242424242424,10,0,0,0,,
4,154,0.2,45.55555555555556,72.22222222222223,-0.22641509433962267,10,0,0,0,,
4,155,0.2,54.44444444444444,100.0,-0.2949640287769784,10,0,0,0,,
4,156,0.2,277.77777777777777,455.55555555555554,-0.24242424242424243,10,0,0,0,,
4,157,0.2,455.55555555555554,722.2222222222222,-0.2264150943396226,10,0,0,0,,
4,158,0.2,544.4444444444445,900.0,-0.24615384615384617,10,0,0,0,,
4,159,0.2,2000.0,3000.0,-0.2,10,0,0,0,,
4,160,0.2,0.001888888888888889,0.002777777777777778,-0.19047619047619047,10,364,191,0,0.0027164392688390836,1652.190172592056
4,161,0.2,0.003666666666666667,0.0054444444444444445,-0.19512195121951215,10,195,99,1,0.005272298614228227,141896.84171211568
4,162,0.2,0.006333333333333334,0.00811111111111111,-0.123076923076923,10,116,58,0,0.008871560120379608,1654.4871549199452
4,163,0.2,0.00811111111111111,0.01,-0.1042944785276074,10,91,46,0,0.011271974561755105,1654.2505467794101
4,164,0.2,0.03666666666666667,0.04555555555555556,-0.10810810810810813,10,23,9,0,0.051050499997540646,1623.4997073609602
4,165,0.2,0.05444444444444445,0.0811111111111111,-0.1967213114754098,10,13,4,0,0.07870457896950984,1399.0334590179084
4,166,0.2,0.07222222222222222,0.1,-0.16129032258064524,10,11,1,0,0.10300200133422283,1420.8399632365022
4,167,0.2,0.3666666666666667,0.4555555555555556,-0.10810810810810811,10,0,0,0,,
4,168,0.2,0.5444444444444445,0.7222222222222222,-0.1403508771929824,10,0,0,0,,
4,169,0.2,0.7222222222222222,0.9,-0.10958904109589043,10,0,0,0,,
4,170,0.2,2.7777777777777777,3.6666666666666665,-0.13793103448275862,10,0,0,0,,
4,171,0.2,5.444444444444445,7.222222222222221,-0.1403508771929824,10,0,0,0,,
4,172,0.2,6.333333333333333,9.0,-0.1739130434782609,10,0,0,0,,
4,173,0.2,18.88888888888889,27.77777777777778,-0.19047619047619047,10,0,0,0,,
4,174,0.2,45.55555555555556,63.333333333333336,-0.163265306122449,10,0,0,0,,
4,175,0.2,63.333333333333336,90.0,-0.17391304347826084,10,0,0,0,,
4,176,0.2,81.11111111111111,100.0,-0.10429447852760734,10,0,0,0,,
4,177,0.2,366.66666666666663,544.4444444444445,-0.19512195121951226,10,0,0,0,,
4,178,0.2,633.3333333333333,811.1111111111111,-0.12307692307692313,10,0,0,0,,
4,179,0.2,811.1111111111111,1000.0,-0.10429447852760737,10,0,0,0,,
4,180,0.2,0.001,0.001,0.0,10,477,381,41,0.0013061708881318419,199550.74686723403
4,181,0.2,0.004555555555555556,0.0054444444444444445,-0.08888888888888886,10,163,82,1,0.0062805835881331795,151576.03099802163
4,182,0.2,0.007222222222222223,0.007222222222222223,0.0,10,105,53,0,0.009462371613657929,1634.321463378483
4,183,0.2,0.009,0.01,-0.05263157894736847,10,83,42,0,0.012133888504649774,1584.7982202634337
4,184,0.2,0.04555555555555556,0.04555555555555556,0.0,10,18,2,0,0.05970352865838372,1383.6013088481614
4,185,0.2,0.06333333333333332,0.07222222222222222,-0.0655737704918033,10,15,0,0,0.08629785477669702,1642.1035962472363
4,186,0.2,0.09,0.09,0.0,10,12,0,0,0.1180120080053369,1527.4248966200691
4,187,0.2,0.4555555555555556,0.4555555555555556,0.0,10,0,0,0,,
4,188,0.2,0.6333333333333333,0.7222222222222222,-0.06557377049180328,10,0,0,0,,
4,189,0.2,0.9,0.9,0.0,10,0,0,0,,
4,190,0.2,3.6666666666666665,3.6666666666666665,0.0,10,0,0,0,,
4,191,0.2,6.333333333333333,6.333333333333333,0.0,10,0,0,0,,
4,192,0.2,8.11111111111111,9.0,-0.05194805194805197,10,0,0,0,,
4,193,0.2,36.66666666666667,36.66666666666667,0.0,10,0,0,0,,
4,194,0.2,63.333333333333336,63.333333333333336,0.0,10,0,0,0,,
4,195,0.2,81.11111111111111,90.0,-0.05194805194805193,10,0,0,0,,
4,196,0.2,277.77777777777777,277.77777777777777,0.0,10,0,0,0,,
4,197,0.2,544.4444444444445,633.3333333333333,-0.07547169811320747,10,0,0,0,,
4,198,0.2,811.1111111111111,811.1111111111111,0.0,10,0,0,0,,
4,199,0.2,3000.0,3000.0,0.0,10,0,0,0,,
4,200,0.2,0.0054444444444444445,0.004555555555555556,0.08888888888888886,10,144,72,0,0.006668067692136219,1642.418199530996
4,201,0.2,0.006333333333333334,0.0054444444444444445,0.0754716981132076,10,123,62,0,0.00783429642766212,1601.608675497091
4,202,0.2,0.00811111111111111,0.007222222222222223,0.057971014492753555,10,95,48,0,0.010185913880541169,1602.5480156467813
4,203,0.2,0.01,0.009,0.05263157894736847,10,77,39,0,0.012589254117941675,1562.2777613248993
4,204,0.2,0.06333333333333332,0.05444444444444445,0.07547169811320745,10,19,2,0,0.07870457896950984,1321.283982306504
4,205,0.2,0.0811111111111111,0.07222222222222222,0.05797101449275364,10,15,1,0,0.10240160106737825,1507.2641582918268
4,206,0.2,0.1,0.09,0.05263157894736847,10,11,0,0,0.12641761174116078,1367.3958852671763
4,207,0.2,0.5444444444444445,0.4555555555555556,0.0888888888888889,10,0,0,0,,
4,208,0.2,0.7222222222222222,0.6333333333333333,0.06557377049180328,10,0,0,0,,
4,209,0.2,0.9,0.8111111111111111,0.05194805194805195,10,0,0,0,,
4,210,0.2,5.444444444444445,4.555555555555555,0.08888888888888893,10,0,0,0,,
4,211,0.2,7.222222222222221,6.333333333333333,0.06557377049180325,10,0,0,0,,
4,212,0.2,9.0,8.11111111111111,0.05194805194805197,10,0,0,0,,
4,213,0.2,10.0,9.0,0.05263157894736842,10,0,0,0,,
4,214,0.2,63.333333333333336,54.44444444444444,0.07547169811320759,10,0,0,0,,
4,215,0.2,81.11111111111111,72.22222222222223,0.057971014492753596,10,0,0,0,,
4,216,0.2,100.0,90.0,0.05263157894736842,10,0,0,0,,
4,217,0.2,633.3333333333333,544.4444444444445,0.07547169811320747,10,0,0,0,,
4,218,0.2,811.1111111111111,722.2222222222222,0.057971014492753645,10,0,0,0,,
4,219,0.2,1000.0,900.0,0.05263157894736842,10,0,0,0,,
4,220,0.2,0.002777777777777778,0.001888888888888889,0.19047619047619047,10,286,148,0,0.003076096814740708,1634.8864888624732
4,221,0.2,0.0054444444444444445,0.003666666666666667,0.19512195121951215,10,151,76,0,0.005997910762555094,1597.7824777221392
4,222,0.2,0.00811111111111111,0.006333333333333334,0.123076923076923,10,98,49,0,0.009638290236239706,1647.8023345816139
4,223,0.2,0.01,0.00811111111111111,0.1042944785276074,10,79,40,0,0.012078138351067799,1656.5889298031418
4,224,0.2,0.05444444444444445,0.03666666666666667,0.19512195121951223,10,23,4,0,0.06025595860743581,1539.95711262951
4,225,0.2,0.0811111111111111,0.05444444444444445,0.1967213114754098,10,16,2,0,0.08953647655495937,1464.4157159329175
4,226,0.2,0.1,0.07222222222222222,0.16129032258064524,10,14,2,0,0.11501000667111408,1569.7409788867121
4,227,0.2,0.4555555555555556,0.3666666666666667,0.10810810810810811,10,0,0,0,,
4,228,0.2,0.8111111111111111,0.5444444444444445,0.19672131147540978,10,0,0,0,,
4,229,0.2,1.0,0.7222222222222222,0.16129032258064516,10,0,0,0,,
4,230,0.2,3.6666666666666665,2.7777777777777777,0.13793103448275862,10,0,0,0,,
4,231,0.2,7.222222222222221,5.444444444444445,0.1403508771929824,10,0,0,0,,
4,232,0.2,9.0,7.222222222222221,0.10958904109589046,10,0,0,0,,
4,233,0.2,36.66666666666667,27.77777777777778,0.13793103448275865,10,0,0,0,,
4,234,0.2,72.22222222222223,54.44444444444444,0.1403508771929825,10,0,0,0,,
4,235,0.2,90.0,63.333333333333336,0.17391304347826084,10,0,0,0,,
4,236,0.2,277.77777777777777,188.88888888888889,0.1904761904761905,10,0,0,0,,
4,237,0.2,633.3333333333333,455.55555555555554,0.16326530612244894,10,0,0,0,,
4,238,0.2,900.0,633.3333333333333,0.17391304347826092,10,0,0,0,,
4,239,0.2,3000.0,2000.0,0.2,10,0,0,0,,
4,240,0.2,0.004555555555555556,0.002777777777777778,0.2424242424242424,10,185,93,0,0.004742419852602448,1660.7894081333163
4,241,0.2,0.007222222222222223,0.004555555555555556,0.22641509433962265,10,115,58,0,0.0076913044028660985,1650.570838737483
4,242,0.2,0.009,0.0054444444444444445,0.2461538461538461,10,93,47,0,0.009332543007969905,1637.0473815350683
4,243,0.2,0.01,0.006333333333333334,0.2244897959183673,10,83,42,0,0.010665961212302578,1593.3655126318556
4,244,0.2,0.06333333333333332,0.03666666666666667,0.2666666666666666,10,21,3,0,0.06397348354826482,1505.382089017653
4,245,0.2,0.0811111111111111,0.04555555555555556,0.2807017543859649,10,18,2,0,0.08053784411990669,1431.6444613459296
4,246,0.2,0.1,0.05444444444444445,0.2949640287769784,10,14,2,0,0.09727472237769651,1600.676110856468
4,247,0.2,0.6333333333333333,0.3666666666666667,0.2666666666666666,10,0,0,0,,
4,248,0.2,0.8111111111111111,0.4555555555555556,0.2807017543859649,10,0,0,0,,
4,249,0.2,1.0,0.5444444444444445,0.29496402877697836,10,0,0,0,,
4,250,0.2,4.555555555555555,2.7777777777777777,0.24242424242424243,10,0,0,0,,
4,251,0.2,7.222222222222221,4.555555555555555,0.22641509433962262,10,0,0,0,,
4,252,0.2,9.0,5.444444444444445,0.24615384615384614,10,0,0,0,,
4,253,0.2,45.55555555555556,27.77777777777778,0.2424242424242424,10,0,0,0,,
4,254,0.2,72.22222222222223,45.55555555555556,0.22641509433962267,10,0,0,0,,
4,255,0.2,90.0,54.44444444444444,0.24615384615384614,10,0,0,0,,
4,256,0.2,100.0,63.333333333333336,0.22448979591836732,10,0,0,0,,
4,257,0.2,633.3333333333333,366.66666666666663,0.26666666666666666,10,0,0,0,,
4,258,0.2,811.1111111111111,455.55555555555554,0.28070175438596495,10,0,0,0,,
4,259,0.2,1000.0,633.3333333333333,0.2244897959183674,10,0,0,0,,
4,260,0.2,0.001888888888888889,0.001,0.3076923076923077,10,382,232,12,0.00180301774085957,165881.8757424118
4,261,0.2,0.006333333333333334,0.002777777777777778,0.39024390243902446,10,145,73,0,0.005272298614228227,1623.4836706297945
4,262,0.2,0.009,0.004555555555555556,0.3278688524590163,10,99,49,0,0.008317637711026709,1627.402689531766
4,263,0.2,0.01888888888888889,0.009,0.354581673306773,10,51,24,0,0.016749428760264383,1572.6153263022481
4,264,0.2,0.05444444444444445,0.027777777777777776,0.3243243243243244,10,27,4,0,0.05058246620031143,1594.620448204637
4,265,0.2,0.0811111111111111,0.03666666666666667,0.3773584905660377,10,19,4,0,0.06918309709189363,1414.088436780339
4,266,0.2,0.18888888888888888,0.0811111111111111,0.39917695473251025,10,7,1,0,0.15583722481654436,948.307621827216
4,267,0.2,0.3666666666666667,0.18888888888888888,0.32000000000000006,10,2,0,0,0.6199466310873916,73.56374071854692
4,268,0.2,0.7222222222222222,0.3666666666666667,0.3265306122448979,10,0,0,0,,
4,269,0.2,1.0,0.4555555555555556,0.37404580152671746,10,0,0,0,,
4,270,0.2,3.6666666666666665,1.8888888888888888,0.32,10,0,0,0,,
4,271,0.2,7.222222222222221,3.6666666666666665,0.32653061224489793,10,0,0,0,,
4,272,0.2,10.0,4.555555555555555,0.37404580152671757,10,0,0,0,,
4,273,0.2,18.88888888888889,10.0,0.3076923076923077,10,0,0,0,,
4,274,0.2,63.333333333333336,27.77777777777778,0.3902439024390244,10,0,0,0,,
4,275,0.2,90.0,45.55555555555556,0.3278688524590164,10,0,0,0,,
4,276,0.2,188.88888888888889,90.0,0.35458167330677287,10,0,0,0,,
4,277,0.2,544.4444444444445,277.77777777777777,0.32432432432432434,10,0,0,0,,
4,278,0.2,811.1111111111111,366.66666666666663,0.3773584905660377,10,0,0,0,,
4,279,0.2,2000.0,1000.0,0.3333333333333333,10,0,0,0,,
4,280,0.2,0.002777777777777778,0.001,0.47058823529411764,10,320,178,8,0.001976969640111862,233603.72703361974
4,281,0.2,0.0054444444444444445,0.001888888888888889,0.48484848484848486,10,182,92,0,0.0037497300224548337,1632.792218929697
4,282,0.2,0.009,0.003666666666666667,0.4210526315789473,10,105,53,0,0.00707945784384138,1582.096467648411
4,283,0.2,0.01888888888888889,0.007222222222222223,0.4468085106382978,10,57,26,1,0.01412537544622754,6660.316509162947
4,284,0.2,0.05444444444444445,0.01888888888888889,0.4848484848484849,10,27,7,0,0.03767037989839089,1513.887396792219
4,285,0.2,0.09,0.03666666666666667,0.4210526315789474,10,18,3,0,0.0707945784384138,1505.340702161879
4,286,0.2,0.18888888888888888,0.07222222222222222,0.44680851063829796,10,8,1,0,0.1420280186791194,848.338889675016
4,287,0.2,0.4555555555555556,0.18888888888888888,0.4137931034482759,10,2,0,0,0.6421614409606403,64.22381701721744
4,288,0.2,0.8111111111111111,0.2777777777777778,0.48979591836734687,10,0,0,0,,
4,289,0.2,1.8888888888888888,0.6333333333333333,0.4977973568281938,10,0,0,0,,
4,290,0.2,4.555555555555555,1.8888888888888888,0.4137931034482758,10,0,0,0,,
4,291,0.2,8.11111111111111,2.7777777777777777,0.48979591836734687,10,0,0,0,,
4,292,0.2,18.88888888888889,6.333333333333333,0.4977973568281939,10,0,0,0,,
4,293,0.2,27.77777777777778,10.0,0.47058823529411764,10,0,0,0,,
4,294,0.2,72.22222222222223,27.77777777777778,0.4444444444444445,10,0,0,0,,
4,295,0.2,100.0,36.66666666666667,0.4634146341463414,10,0,0,0,,
4,296,0.2,277.77777777777777,100.0,0.47058823529411764,10,0,0,0,,
4,297,0.2,722.2222222222222,277.77777777777777,0.4444444444444444,10,0,0,0,,
4,298,0.2,1000.0,366.66666666666663,0.46341463414634154,10,0,0,0,,
4,299,0.2,3000.0,1000.0,0.5,10,0,0,0,,
4,300,0.2,0.003666666666666667,0.001,0.5714285714285715,10,265,150,4,0.002051162178825567,225714.20162603402
4,301,0.2,0.007222222222222223,0.001888888888888889,0.5853658536585367,10,154,78,0,0.003890451449942805,1656.3354836035369
4,302,0.2,0.01888888888888889,0.0054444444444444445,0.5525114155251142,10,62,28,0,0.011117317272815919,1647.8583381618616
4,303,0.2,0.027777777777777776,0.009,0.5105740181268882,10,43,19,0,0.018113400926196024,1527.6161446861488
4,304,0.2,0.07222222222222222,0.01888888888888889,0.5853658536585367,10,23,6,0,0.03890451449942805,1376.6826970309342
4,305,0.2,0.1,0.027777777777777776,0.5652173913043479,10,19,3,0,0.05701642722807478,1461.5474178091797
4,306,0.2,0.2777777777777778,0.0811111111111111,0.5479876160990712,10,6,1,0,0.16604402935290194,961.415265766312
4,307,0.2,0.6333333333333333,0.18888888888888888,0.5405405405405406,10,2,0,0,0.6631754503002001,57.6228155040656
4,308,0.2,1.0,0.2777777777777778,0.5652173913043479,10,0,0,0,,
4,309,0.2,2.7777777777777777,0.8111111111111111,0.5479876160990712,10,0,0,0,,
4,310,0.2,3.6666666666666665,1.0,0.5714285714285715,10,0,0,0,,
4,311,0.2,9.0,2.7777777777777777,0.5283018867924528,10,0,0,0,,
4,312,0.2,27.77777777777778,7.222222222222221,0.5873015873015873,10,0,0,0,,
4,313,0.2,36.66666666666667,10.0,0.5714285714285715,10,0,0,0,,
4,314,0.2,90.0,27.77777777777778,0.5283018867924528,10,0,0,0,,
4,315,0.2,188.88888888888889,54.44444444444444,0.5525114155251143,10,0,0,0,,
4,316,0.2,277.77777777777777,90.0,0.5105740181268882,10,0,0,0,,
4,317,0.2,722.2222222222222,188.88888888888889,0.5853658536585366,10,0,0,0,,
4,318,0.2,2000.0,544.4444444444445,0.572052401746725,10,0,0,0,,
4,319,0.2,3000.0,900.0,0.5384615384615384,10,0,0,0,,
4,320,0.2,0.004555555555555556,0.001,0.64,10,232,133,5,0.0020892961308540407,110936.32816252357
4,321,0.2,0.01,0.001888888888888889,0.6822429906542055,10,126,65,0,0.003981071705534973,1591.847119775442
4,322,0.2,0.027777777777777776,0.006333333333333334,0.6286644951140065,10,50,22,0,0.013182567385564075,1586.811031786261
4,323,0.2,0.04555555555555556,0.00811111111111111,0.6977225672877847,10,41,15,0,0.017139573075084253,1396.9723770211763
4,324,0.2,0.0811111111111111,0.01888888888888889,0.6222222222222222,10,23,4,0,0.03926449353995997,1501.0561149772639
4,325,0.2,0.18888888888888888,0.04555555555555556,0.6113744075829383,10,10,1,0,0.0946237161365793,1335.4920622634481
4,326,0.2,0.3666666666666667,0.0811111111111111,0.6377171215880892,10,5,0,0,0.17024683122081388,824.7186219290494
4,327,0.2,0.5444444444444445,0.1,0.6896551724137931,10,5,0,0,0.3713809206137425,1192.6455695650416
4,328,0.2,1.8888888888888888,0.3666666666666667,0.6748768472906403,10,0,0,0,,
4,329,0.2,3.6666666666666665,0.7222222222222222,0.6708860759493671,10,0,0,0,,
4,330,0.2,4.555555555555555,0.9,0.670061099796334,10,0,0,0,,
4,331,0.2,9.0,1.8888888888888888,0.6530612244897959,10,0,0,0,,
4,332,0.2,27.77777777777778,5.444444444444445,0.6722408026755854,10,0,0,0,,
4,333,0.2,45.55555555555556,8.11111111111111,0.6977225672877846,10,0,0,0,,
4,334,0.2,81.11111111111111,18.88888888888889,0.6222222222222222,10,0,0,0,,
4,335,0.2,188.88888888888889,45.55555555555556,0.6113744075829383,10,0,0,0,,
4,336,0.2,366.66666666666663,81.11111111111111,0.6377171215880894,10,0,0,0,,
4,337,0.2,455.55555555555554,100.0,0.64,10,0,0,0,,
4,338,0.2,1000.0,188.88888888888889,0.6822429906542056,10,0,0,0,,
4,339,0.2,3000.0,722.2222222222222,0.6119402985074627,10,0,0,0,,
4,340,0.2,0.006333333333333334,0.001,0.7272727272727273,10,178,114,0,0.0021281390459827135,1657.2489730712805
4,341,0.2,0.03666666666666667,0.004555555555555556,0.7789757412398922,10,56,22,0,0.00972747223776965,1596.3930639316843
4,342,0.2,0.05444444444444445,0.006333333333333334,0.7915904936014624,10,43,16,0,0.013551894123510363,1512.3198039308068
4,343,0.2,0.06333333333333332,0.009,0.7511520737327189,10,32,12,0,0.019230917289101594,1571.5867615555853
4,344,0.2,0.09,0.01,0.8,10,29,9,0,0.02147830474130533,1575.7307795477677
4,345,0.2,0.3666666666666667,0.06333333333333332,0.7054263565891472,10,5,0,0,0.13482321547698467,743.5712800736786
4,346,0.2,0.5444444444444445,0.0811111111111111,0.7406749555950266,10,5,0,0,0.17384923282188125,667.3073904226253
4,347,0.2,0.7222222222222222,0.0811111111111111,0.7980636237897648,10,5,0,0,0.1750500333555704,962.1824785764346
4,348,0.2,2.7777777777777777,0.3666666666666667,0.7667844522968198,10,0,0,0,,
4,349,0.2,4.555555555555555,0.6333333333333333,0.7558886509635975,10,0,0,0,,
4,350,0.2,6.333333333333333,0.7222222222222222,0.795275590551181,10,0,0,0,,
4,351,0.2,7.222222222222221,1.0,0.7567567567567567,10,0,0,0,,
4,352,0.2,36.66666666666667,4.555555555555555,0.7789757412398921,10,0,0,0,,
4,353,0.2,54.44444444444444,6.333333333333333,0.7915904936014625,10,0,0,0,,
4,354,0.2,63.333333333333336,9.0,0.7511520737327189,10,0,0,0,,
4,355,0.2,90.0,10.0,0.8,10,0,0,0,,
4,356,0.2,366.66666666666663,63.333333333333336,0.7054263565891473,10,0,0,0,,
4,357,0.2,544.4444444444445,81.11111111111111,0.7406749555950267,10,0,0,0,,
4,358,0.2,722.2222222222222,81.11111111111111,0.7980636237897649,10,0,0,0,,
4,359,0.2,3000.0,455.55555555555554,0.7363344051446945,10,0,0,0,,
4,360,0.2,0.009,0.001,0.8000000000000002,10,160,99,0,0.0021478304741305333,1644.928489914304
4,361,0.2,0.04555555555555556,0.003666666666666667,0.8510158013544019,10,57,24,0,0.007906786279998253,1518.798448689446
4,362,0.2,0.07222222222222222,0.0054444444444444445,0.8597997138769671,10,39,16,0,0.011748975549395291,1465.0616083018442
4,363,0.2,0.09,0.006333333333333334,0.8685121107266437,10,36,14,0,0.013677288255958495,1648.5738981064142
4,364,0.2,0.18888888888888888,0.01,0.8994413407821228,10,21,8,0,0.02157744409152667,1570.9698894779312
4,365,0.2,0.5444444444444445,0.04555555555555556,0.8455743879472692,10,8,0,0,0.09817479430199844,1320.7932117616351
4,366,0.2,0.8111111111111111,0.04555555555555556,0.8936446173800259,10,10,0,0,0.0986279485631211,1362.2073139683403
4,367,0.2,0.9,0.09,0.8181818181818182,10,6,0,0,0.19486324216144096,1182.8614164699209
4,368,0.2,2.7777777777777777,0.2777777777777778,0.8181818181818182,10,0,0,0,,
4,369,0.2,6.333333333333333,0.4555555555555556,0.8657937806873977,10,0,0,0,,
4,370,0.2,8.11111111111111,0.7222222222222222,0.8364779874213837,10,0,0,0,,
4,371,0.2,10.0,0.7222222222222222,0.8652849740932644,10,0,0,0,,
4,372,0.2,45.55555555555556,2.7777777777777777,0.8850574712643677,10,0,0,0,,
4,373,0.2,72.22222222222223,4.555555555555555,0.8813314037626627,10,0,0,0,,
4,374,0.2,90.0,5.444444444444445,0.8859138533178115,10,0,0,0,,
4,375,0.2,100.0,10.0,0.8181818181818182,10,0,0,0,,
4,376,0.2,544.4444444444445,36.66666666666667,0.8738049713193117,10,0,0,0,,
4,377,0.2,722.2222222222222,72.22222222222223,0.8181818181818182,10,0,0,0,,
4,378,0.2,900.0,81.11111111111111,0.8346545866364666,10,0,0,0,,
4,379,0.2,3000.0,277.77777777777777,0.8305084745762712,10,0,0,0,,
4,380,0.2,0.027777777777777776,0.001,0.9305019305019304,10,96,75,2,0.0021577444091526667,107423.50781326779
4,381,0.2,0.4555555555555556,0.003666666666666667,0.9840309702395356,10,20,18,0,0.00794328234724282,1603.6402297977152
4,382,0.2,0.9,0.003666666666666667,0.9918849133161194,10,19,18,0,0.00794328234724282,1432.8577543525316
4,383,0.2,2.7777777777777777,0.0811111111111111,0.94325689856199,10,5,0,0,0.17685123415610407,824.2807158729044
4,384,0.2,5.444444444444445,0.09,0.9674764103593656,10,5,0,0,0.1960640426951301,1063.9589945607179
4,385,0.2,8.11111111111111,0.04555555555555556,0.98882985969214,10,8,0,0,0.0986279485631211,666.0090782205608
4,386,0.2,18.88888888888889,0.006333333333333334,0.9993296365336328,10,13,11,0,0.013677288255958495,1578.4074813069387
4,387,0.2,36.66666666666667,0.01888888888888889,0.998970227458582,10,12,1,0,0.040926065973001094,1495.6184443898292
4,388,0.2,54.44444444444444,0.027777777777777776,0.9989801121876594,10,9,0,0,0.06025595860743581,1430.9241669354756
4,389,0.2,72.22222222222223,0.027777777777777776,0.9992310649750098,10,9,0,0,0.06025595860743581,1430.9963829868814
4,390,0.2,90.0,0.009,0.9998000199980002,10,16,8,0,0.019498445997580455,1511.0541084815145
4,391,0.2,188.88888888888889,0.0054444444444444445,0.9999423546027204,10,14,12,0,0.011803206356517298,1467.0824028573802
4,392,0.2,277.77777777777777,1.0,0.9928258270227183,10,0,0,0,,
4,393,0.2,455.55555555555554,0.03666666666666667,0.9998390373457745,10,6,0,0,0.07943282347242814,1021.8720122035352
4,394,0.2,544.4444444444445,7.222222222222221,0.9738167170191341,10,0,0,0,,
4,395,0.2,722.2222222222222,0.06333333333333332,0.9998246307631483,10,4,0,0,0.13782521681120746,629.548495614206
4,396,0.2,811.1111111111111,8.11111111111111,0.9801980198019803,10,0,0,0,,
4,397,0.2,1000.0,0.04555555555555556,0.9999088930393171,10,8,0,0,0.0986279485631211,693.2040214569142
4,398,0.2,2000.0,5.444444444444445,0.9945703363067206,10,0,0,0,,
4,399,0.2,3000.0,100.0,0.9354838709677419,10,0,0,0,,
5,0,0.3,0.001,0.027777777777777776,-0.9305019305019304,10,419,316,2,0.0015703628043335514,5073.58939589774
5,1,0.3,0.001888888888888889,0.7222222222222222,-0.9947828755562373,10,319,169,1,0.0029648313895243423,1583967.3427972463
5,2,0.3,0.002777777777777778,54.44444444444444,-0.9998979643895719,10,221,115,1,0.004365158322401661,301463.5219530685
5,3,0.3,0.004555555555555556,0.1,-0.9128586609989372,10,143,58,0,0.007144963260755135,1626.1803848815616
5,4,0.3,0.0054444444444444445,45.55555555555556,-0.9997610041726721,10,116,58,0,0.008550667128846832,1605.5615871837947
5,5,0.3,0.007222222222222223,0.5444444444444445,-0.9738167170191339,10,88,44,0,0.011324003632355566,1638.2602844007713
5,6,0.3,0.00811111111111111,90.0,-0.999819769329431,10,78,39,0,0.012764388088113435,1572.2221161427337
5,7,0.3,0.01,2.7777777777777777,-0.9928258270227184,10,63,32,0,0.01570362804333553,1607.4122153129304
5,8,0.3,0.01888888888888889,722.2222222222222,-0.9999476936757038,10,35,17,0,0.029648313895243424,1459.1845999973725
5,9,0.3,0.03666666666666667,90.0,-0.999185517011588,10,23,3,0,0.05754399373371572,1536.620978247831
5,10,0.3,0.05444444444444445,81.11111111111111,-0.998658434749278,10,19,1,0,0.08590135215053961,1667.7828350436373
5,11,0.3,0.07222222222222222,100.0,-0.9985565980125465,10,12,1,0,0.11380920613742496,1646.2946737249208
5,12,0.3,0.09,188.88888888888889,-0.9990475126557345,10,10,0,0,0.1420280186791194,1342.7179563773739
5,13,0.3,0.18888888888888888,633.3333333333333,-0.9994036866197801,10,2,0,0,0.5827218145430286,271.4970582217916
5,14,0.3,0.4555555555555556,45.55555555555556,-0.9801980198019802,10,0,0,0,,
5,15,0.3,0.7222222222222222,36.66666666666667,-0.9613670133729569,10,0,0,0,,
5,16,0.3,1.0,45.55555555555556,-0.9570405727923628,10,0,0,0,,
5,17,0.3,3.6666666666666665,544.4444444444445,-0.9866207176160553,10,0,0,0,,
5,18,0.3,8.11111111111111,900.0,-0.9821363024593173,10,0,0,0,,
5,19,0.3,100.0,3000.0,-0.9354838709677419,10,0,0,0,,
5,20,0.3,0.001,0.009,-0.8000000000000002,10,412,326,0,0.0015631476426409539,1660.830266470953
5,21,0.3,0.003666666666666667,0.05444444444444445,-0.8738049713193117,10,169,79,0,0.005754399373371567,1626.1734181556792
5,22,0.3,0.0054444444444444445,0.0811111111111111,-0.8741976893453145,10,121,50,0,0.008550667128846832,1616.1311172262706
5,23,0.3,0.007222222222222223,0.09,-0.8514285714285713,10,93,36,0,0.011324003632355566,1657.7832508021847
5,24,0.3,0.01,0.18888888888888888,-0.8994413407821228,10,63,32,0,0.01570362804333553,1563.542930649712
5,25,0.3,0.04555555555555556,0.5444444444444445,-0.8455743879472692,10,16,2,0,0.07144963260755134,1388.9549743987934
5,26,0.3,0.06333333333333332,0.6333333333333333,-0.8181818181818181,10,14,1,0,0.09954054173515274,1630.7781978962828
5,27,0.3,0.0811111111111111,0.9,-0.8346545866364665,10,11,0,0,0.1276184122748499,1387.8520773965606
5,28,0.3,0.2777777777777778,2.7777777777777777,-0.8181818181818182,10,1,0,0,0.8498999332888592,13.99638024645722
5,29,0.3,0.4555555555555556,7.222222222222221,-0.8813314037626627,10,0,0,0,,
5,30,0.3,0.6333333333333333,9.0,-0.8685121107266437,10,0,0,0,,
5,31,0.3,0.9,9.0,-0.8181818181818181,10,0,0,0,,
5,32,0.3,3.6666666666666665,36.66666666666667,-0.8181818181818183,10,0,0,0,,
5,33,0.3,5.444444444444445,63.333333333333336,-0.8416801292407108,10,0,0,0,,
5,34,0.3,7.222222222222221,72.22222222222223,-0.818181818181818,10,0,0,0,,
5,35,0.3,10.0,100.0,-0.8181818181818182,10,0,0,0,,
5,36,0.3,36.66666666666667,633.3333333333333,-0.8905472636815921,10,0,0,0,,
5,37,0.3,54.44444444444444,900.0,-0.8859138533178114,10,0,0,0,,
5,38,0.3,72.22222222222223,1000.0,-0.8652849740932643,10,0,0,0,,
5,39,0.3,277.77777777777777,3000.0,-0.8305084745762712,10,0,0,0,,
5,40,0.3,0.001,0.006333333333333334,-0.7272727272727273,10,405,324,6,0.001555965631605075,151153.23624356627
5,41,0.3,0.004555555555555556,0.027777777777777776,-0.718213058419244,10,144,70,0,0.007112135136533295,1597.1099394573428
5,42,0.3,0.006333333333333334,0.05444444444444445,-0.7915904936014624,10,106,44,0,0.009908319448927675,1578.3213113102545
5,43,0.3,0.00811111111111111,0.07222222222222222,-0.7980636237897648,10,80,33,0,0.012705741052085419,1514.682250125816
5,44,0.3,0.01,0.0811111111111111,-0.7804878048780489,10,67,26,0,0.015631476426409538,1426.0126875455046
5,45,0.3,0.05444444444444445,0.3666666666666667,-0.7414248021108178,10,16,1,0,0.08511380382023767,1399.2074381097134
5,46,0.3,0.07222222222222222,0.5444444444444445,-0.7657657657657659,10,13,1,0,0.1132088058705804,1487.4899197224722
5,47,0.3,0.09,0.6333333333333333,-0.751152073732719,10,11,0,0,0.14142761841227486,1399.4961484752828
5,48,0.3,0.3666666666666667,2.7777777777777777,-0.7667844522968198,10,0,0,0,,
5,49,0.3,0.6333333333333333,4.555555555555555,-0.7558886509635975,10,0,0,0,,
5,50,0.3,0.8111111111111111,5.444444444444445,-0.7406749555950267,10,0,0,0,,
5,51,0.3,1.0,6.333333333333333,-0.7272727272727273,10,0,0,0,,
5,52,0.3,4.555555555555555,36.66666666666667,-0.7789757412398921,10,0,0,0,,
5,53,0.3,7.222222222222221,45.55555555555556,-0.7263157894736842,10,0,0,0,,
5,54,0.3,9.0,54.44444444444444,-0.7162872154115587,10,0,0,0,,
5,55,0.3,10.0,81.11111111111111,-0.7804878048780488,10,0,0,0,,
5,56,0.3,54.44444444444444,455.55555555555554,-0.7864923747276688,10,0,0,0,,
5,57,0.3,72.22222222222223,633.3333333333333,-0.7952755905511812,10,0,0,0,,
5,58,0.3,90.0,722.2222222222222,-0.7783857729138167,10,0,0,0,,
5,59,0.3,455.55555555555554,3000.0,-0.7363344051446945,10,0,0,0,,
5,60,0.3,0.001,0.004555555555555556,-0.64,10,415,332,9,0.0015488166189124811,192622.9642148274
5,61,0.3,0.001888888888888889,0.01,-0.6822429906542055,10,340,178,0,0.0029376496519615304,1639.1848191663712
5,62,0.3,0.006333333333333334,0.027777777777777776,-0.6286644951140065,10,110,51,0,0.009817479430199843,1568.7039798425467
5,63,0.3,0.009,0.03666666666666667,-0.6058394160583941,10,81,34,0,0.01386755828871888,1636.0597349203658
5,64,0.3,0.01888888888888889,0.0811111111111111,-0.6222222222222222,10,39,12,0,0.02924152377843337,1624.2847164884204
5,65,0.3,0.04555555555555556,0.18888888888888888,-0.6113744075829383,10,17,1,0,0.07046930689671467,1518.352799893272
5,66,0.3,0.0811111111111111,0.3666666666666667,-0.6377171215880892,10,10,0,0,0.12641761174116078,1210.5886201299904
5,67,0.3,0.1,0.5444444444444445,-0.6896551724137931,10,9,0,0,0.15643762508338893,1328.1625813294825
5,68,0.3,0.3666666666666667,1.8888888888888888,-0.6748768472906403,10,0,0,0,,
5,69,0.3,0.7222222222222222,3.6666666666666665,-0.6708860759493671,10,0,0,0,,
5,70,0.3,0.9,4.555555555555555,-0.670061099796334,10,0,0,0,,
5,71,0.3,1.8888888888888888,9.0,-0.6530612244897959,10,0,0,0,,
5,72,0.3,5.444444444444445,27.77777777777778,-0.6722408026755854,10,0,0,0,,
5,73,0.3,9.0,36.66666666666667,-0.6058394160583942,10,0,0,0,,
5,74,0.3,18.88888888888889,81.11111111111111,-0.6222222222222222,10,0,0,0,,
5,75,0.3,45.55555555555556,188.88888888888889,-0.6113744075829383,10,0,0,0,,
5,76,0.3,81.11111111111111,366.66666666666663,-0.6377171215880894,10,0,0,0,,
5,77,0.3,100.0,455.55555555555554,-0.64,10,0,0,0,,
5,78,0.3,188.88888888888889,1000.0,-0.6822429906542056,10,0,0,0,,
5,79,0.3,722.2222222222222,3000.0,-0.6119402985074627,10,0,0,0,,
5,80,0.3,0.001,0.003666666666666667,-0.5714285714285715,10,417,338,16,0.0015346169827992941,206851.04785986582
5,81,0.3,0.001888888888888889,0.007222222222222223,-0.5853658536585367,10,342,182,1,0.0029107171180666053,434921.25910066284
5,82,0.3,0.0054444444444444445,0.01888888888888889,-0.5525114155251142,10,126,63,0,0.008356030182312475,1603.276633443602
5,83,0.3,0.009,0.027777777777777776,-0.5105740181268882,10,79,37,0,0.013677288255958495,1532.2068972517293
5,84,0.3,0.01888888888888889,0.07222222222222222,-0.5853658536585367,10,38,13,0,0.029107171180666053,1451.5472353725027
5,85,0.3,0.05444444444444445,0.18888888888888888,-0.5525114155251141,10,12,1,0,0.08356030182312484,1627.5142002108857
5,86,0.3,0.09,0.2777777777777778,-0.5105740181268883,10,9,1,0,0.13782521681120746,1537.0633161245344
5,87,0.3,0.18888888888888888,0.6333333333333333,-0.5405405405405406,10,2,0,0,0.5695130086724483,244.92308352794066
5,88,0.3,0.2777777777777778,1.0,-0.5652173913043479,10,1,0,0,0.8348899266177451,13.296985566578158
5,89,0.3,0.8111111111111111,2.7777777777777777,-0.5479876160990712,10,0,0,0,,
5,90,0.3,1.8888888888888888,6.333333333333333,-0.5405405405405406,10,0,0,0,,
5,91,0.3,2.7777777777777777,10.0,-0.5652173913043478,10,0,0,0,,
5,92,0.3,8.11111111111111,27.77777777777778,-0.5479876160990713,10,0,0,0,,
5,93,0.3,10.0,36.66666666666667,-0.5714285714285715,10,0,0,0,,
5,94,0.3,27.77777777777778,90.0,-0.5283018867924528,10,0,0,0,,
5,95,0.3,72.22222222222223,277.77777777777777,-0.5873015873015872,10,0,0,0,,
5,96,0.3,100.0,366.66666666666663,-0.5714285714285714,10,0,0,0,,
5,97,0.3,277.77777777777777,900.0,-0.5283018867924527,10,0,0,0,,
5,98,0.3,633.3333333333333,2000.0,-0.518987341772152,10,0,0,0,,
5,99,0.3,1000.0,3000.0,-0.5,10,0,0,0,,
5,100,0.3,0.001,0.002777777777777778,-0.47058823529411764,10,427,341,18,0.0015135612484362072,778099.1535767955
5,101,0.3,0.001888888888888889,0.0054444444444444445,-0.48484848484848486,10,350,186,0,0.0028575905433749467,1648.3786793084737
5,102,0.3,0.003666666666666667,0.009,-0.4210526315789473,10,191,97,0,0.005495408738576248,1632.0948601217208
5,103,0.3,0.007222222222222223,0.01888888888888889,-0.4468085106382978,10,99,49,0,0.010864256236170655,1551.9834916139307
5,104,0.3,0.01888888888888889,0.05444444444444445,-0.4848484848484849,10,45,14,0,0.028575905433749466,1512.3096088375473
5,105,0.3,0.027777777777777776,0.0811111111111111,-0.4897959183673469,10,28,8,0,0.04207266283844442,1446.872328288645
5,106,0.3,0.06333333333333332,0.18888888888888888,-0.4977973568281938,10,13,0,0,0.09638290236239705,1542.4808623416982
5,107,0.3,0.18888888888888888,0.4555555555555556,-0.4137931034482759,10,2,0,0,0.557505003335557,223.20393997962378
5,108,0.3,0.2777777777777778,0.8111111111111111,-0.48979591836734687,10,1,0,0,0.8252835223482321,12.964798530334878
5,109,0.3,0.6333333333333333,1.8888888888888888,-0.4977973568281938,10,0,0,0,,
5,110,0.3,1.0,2.7777777777777777,-0.47058823529411764,10,0,0,0,,
5,111,0.3,2.7777777777777777,7.222222222222221,-0.44444444444444436,10,0,0,0,,
5,112,0.3,3.6666666666666665,10.0,-0.46341463414634154,10,0,0,0,,
5,113,0.3,10.0,27.77777777777778,-0.47058823529411764,10,0,0,0,,
5,114,0.3,27.77777777777778,72.22222222222223,-0.4444444444444445,10,0,0,0,,
5,115,0.3,36.66666666666667,90.0,-0.4210526315789473,10,0,0,0,,
5,116,0.3,72.22222222222223,188.88888888888889,-0.4468085106382979,10,0,0,0,,
5,117,0.3,188.88888888888889,544.4444444444445,-0.4848484848484848,10,0,0,0,,
5,118,0.3,366.66666666666663,900.0,-0.42105263157894746,10,0,0,0,,
5,119,0.3,811.1111111111111,2000.0,-0.42292490118577075,10,0,0,0,,
5,120,0.3,0.001,0.001888888888888889,-0.3076923076923077,10,457,346,27,0.001445439770745928,238203.71747502143
5,121,0.3,0.002777777777777778,0.006333333333333334,-0.39024390243902446,10,253,130,1,0.004130475019901615,184012.0974484944
5,122,0.3,0.004555555555555556,0.009,-0.3278688524590163,10,161,81,1,0.006637430704019089,56012.473376702736
5,123,0.3,0.009,0.01888888888888889,-0.354581673306773,10,81,40,0,0.013243415351946643,1624.5061600873944
5,124,0.3,0.027777777777777776,0.05444444444444445,-0.3243243243243244,10,27,8,0,0.040550853544838394,1607.4595179226556
5,125,0.3,0.03666666666666667,0.0811111111111111,-0.3773584905660377,10,22,6,0,0.05420008904016239,1411.3810657297684
5,126,0.3,0.0811111111111111,0.18888888888888888,-0.39917695473251025,10,8,0,0,0.12101400933955972,1521.0432422039473
5,127,0.3,0.18888888888888888,0.3666666666666667,-0.32000000000000006,10,2,0,0,0.5430953969312875,210.8090528582056
5,128,0.3,0.3666666666666667,0.7222222222222222,-0.3265306122448979,10,0,0,0,,
5,129,0.3,0.4555555555555556,1.0,-0.37404580152671746,10,0,0,0,,
5,130,0.3,1.8888888888888888,3.6666666666666665,-0.32,10,0,0,0,,
5,131,0.3,3.6666666666666665,7.222222222222221,-0.32653061224489793,10,0,0,0,,
5,132,0.3,4.555555555555555,10.0,-0.37404580152671757,10,0,0,0,,
5,133,0.3,10.0,18.88888888888889,-0.3076923076923077,10,0,0,0,,
5,134,0.3,27.77777777777778,63.333333333333336,-0.3902439024390244,10,0,0,0,,
5,135,0.3,45.55555555555556,90.0,-0.3278688524590164,10,0,0,0,,
5,136,0.3,90.0,188.88888888888889,-0.35458167330677287,10,0,0,0,,
5,137,0.3,277.77777777777777,544.4444444444445,-0.32432432432432434,10,0,0,0,,
5,138,0.3,366.66666666666663,811.1111111111111,-0.3773584905660377,10,0,0,0,,
5,139,0.3,1000.0,2000.0,-0.3333333333333333,10,0,0,0,,
5,140,0.3,0.002777777777777778,0.004555555555555556,-0.2424242424242424,10,266,136,1,0.003926449353996001,206816.6455643302
5,141,0.3,0.004555555555555556,0.007222222222222223,-0.22641509433962265,10,165,83,0,0.006397348354826482,1653.2607055451456
5,142,0.3,0.0054444444444444445,0.009,-0.2461538461538461,10,138,69,0,0.0076913044028660985,1662.0251094702319
5,143,0.3,0.006333333333333334,0.01,-0.2244897959183673,10,119,60,0,0.008871560120379608,1572.9870953117613
5,144,0.3,0.03666666666666667,0.06333333333333332,-0.2666666666666666,10,22,6,0,0.05223961889991197,1624.2877296078543
5,145,0.3,0.05444444444444445,0.09,-0.24615384615384614,10,17,1,0,0.07726805850957022,1678.64865229884
5,146,0.3,0.06333333333333332,0.1,-0.22448979591836743,10,14,1,0,0.08871560120379608,1638.9805392828275
5,147,0.3,0.3666666666666667,0.6333333333333333,-0.2666666666666666,10,0,0,0,,
5,148,0.3,0.4555555555555556,0.8111111111111111,-0.2807017543859649,10,0,0,0,,
5,149,0.3,0.5444444444444445,1.0,-0.29496402877697836,10,0,0,0,,
5,150,0.3,3.6666666666666665,6.333333333333333,-0.26666666666666666,10,0,0,0,,
5,151,0.3,4.555555555555555,8.11111111111111,-0.2807017543859649,10,0,0,0,,
5,152,0.3,5.444444444444445,10.0,-0.2949640287769784,10,0,0,0,,
5,153,0.3,27.77777777777778,45.55555555555556,-0.2424242424242424,10,0,0,0,,
5,154,0.3,45.55555555555556,72.22222222222223,-0.22641509433962267,10,0,0,0,,
5,155,0.3,54.44444444444444,100.0,-0.2949640287769784,10,0,0,0,,
5,156,0.3,277.77777777777777,455.55555555555554,-0.24242424242424243,10,0,0,0,,
5,157,0.3,455.55555555555554,722.2222222222222,-0.2264150943396226,10,0,0,0,,
5,158,0.3,544.4444444444445,900.0,-0.24615384615384617,10,0,0,0,,
5,159,0.3,2000.0,3000.0,-0.2,10,0,0,0,,
5,160,0.3,0.001888888888888889,0.002777777777777778,-0.19047619047619047,10,378,203,1,0.002606153549998895,205131.98563510663
5,161,0.3,0.003666666666666667,0.0054444444444444445,-0.19512195121951215,10,208,104,0,0.005058246620031137,1640.8690697022619
5,162,0.3,0.006333333333333334,0.00811111111111111,-0.123076923076923,10,123,62,0,0.008394599865193973,1621.5876876056707
5,163,0.3,0.00811111111111111,0.01,-0.1042944785276074,10,97,49,0,0.010616955571987252,1650.97020226702
5,164,0.3,0.03666666666666667,0.04555555555555556,-0.10810810810810813,10,26,8,0,0.04808393484497285,1559.9373269509008
5,165,0.3,0.05444444444444445,0.0811111111111111,-0.1967213114754098,10,15,1,0,0.07550922276654341,1378.9500423618638
5,166,0.3,0.07222222222222222,0.1,-0.16129032258064524,10,12,0,0,0.09817479430199844,1507.5744437543754
5,167,0.3,0.3666666666666667,0.4555555555555556,-0.10810810810810811,10,0,0,0,,
5,168,0.3,0.5444444444444445,0.7222222222222222,-0.1403508771929824,10,0,0,0,,
5,169,0.3,0.7222222222222222,0.9,-0.10958904109589043,10,0,0,0,,
5,170,0.3,2.7777777777777777,3.6666666666666665,-0.13793103448275862,10,0,0,0,,
5,171,0.3,5.444444444444445,7.222222222222221,-0.1403508771929824,10,0,0,0,,
5,172,0.3,6.333333333333333,9.0,-0.1739130434782609,10,0,0,0,,
5,173,0.3,18.88888888888889,27.77777777777778,-0.19047619047619047,10,0,0,0,,
5,174,0.3,45.55555555555556,63.333333333333336,-0.163265306122449,10,0,0,0,,
5,175,0.3,63.333333333333336,90.0,-0.17391304347826084,10,0,0,0,,
5,176,0.3,81.11111111111111,100.0,-0.10429447852760734,10,0,0,0,,
5,177,0.3,366.66666666666663,544.4444444444445,-0.19512195121951226,10,0,0,0,,
5,178,0.3,633.3333333333333,811.1111111111111,-0.12307692307692313,10,0,0,0,,
5,179,0.3,811.1111111111111,1000.0,-0.10429447852760737,10,0,0,0,,
5,180,0.3,0.001,0.001,0.0,10,576,414,152,0.0012078138351067798,195152.61033220144
5,181,0.3,0.004555555555555556,0.0054444444444444445,-0.08888888888888886,10,174,87,0,0.005915616341754743,1645.6856516469077
5,182,0.3,0.007222222222222223,0.007222222222222223,0.0,10,114,57,0,0.008709635899560805,1591.3519847270006
5,183,0.3,0.009,0.01,-0.05263157894736847,10,89,45,0,0.01137627285823431,1607.4315654467268
5,184,0.3,0.04555555555555556,0.04555555555555556,0.0,10,20,2,0,0.05520774392807573,1367.2137064206884
5,185,0.3,0.06333333333333332,0.07222222222222222,-0.0655737704918033,10,16,2,0,0.08090958991783821,1434.9740772114058
5,186,0.3,0.09,0.09,0.0,10,14,0,0,0.10900600400266845,1577.5166772180958
5,187,0.3,0.4555555555555556,0.4555555555555556,0.0,10,0,0,0,,
5,188,0.3,0.6333333333333333,0.7222222222222222,-0.06557377049180328,10,0,0,0,,
5,189,0.3,0.9,0.9,0.0,10,0,0,0,,
5,190,0.3,3.6666666666666665,3.6666666666666665,0.0,10,0,0,0,,
5,191,0.3,6.333333333333333,6.333333333333333,0.0,10,0,0,0,,
5,192,0.3,8.11111111111111,9.0,-0.05194805194805197,10,0,0,0,,
5,193,0.3,36.66666666666667,36.66666666666667,0.0,10,0,0,0,,
5,194,0.3,63.333333333333336,63.333333333333336,0.0,10,0,0,0,,
5,195,0.3,81.11111111111111,90.0,-0.05194805194805193,10,0,0,0,,
5,196,0.3,277.77777777777777,277.77777777777777,0.0,10,0,0,0,,
5,197,0.3,544.4444444444445,633.3333333333333,-0.07547169811320747,10,0,0,0,,
5,198,0.3,811.1111111111111,811.1111111111111,0.0,10,0,0,0,,
5,199,0.3,3000.0,3000.0,0.0,10,0,0,0,,
5,200,0.3,0.0054444444444444445,0.004555555555555556,0.08888888888888886,10,158,79,0,0.0060255958607435805,1630.4827455025068
5,201,0.3,0.006333333333333334,0.0054444444444444445,0.0754716981132076,10,135,68,0,0.007112135136533295,1597.7415765244791
5,202,0.3,0.00811111111111111,0.007222222222222223,0.057971014492753555,10,104,52,0,0.009289663867799364,1599.652793380804
5,203,0.3,0.01,0.009,0.05263157894736847,10,84,42,0,0.01148153621496883,1532.055401888083
5,204,0.3,0.06333333333333332,0.05444444444444445,0.07547169811320745,10,20,2,0,0.07112135136533289,1525.2264743965186
5,205,0.3,0.0811111111111111,0.07222222222222222,0.05797101449275364,10,18,1,0,0.09289663867799362,1503.5514323066513
5,206,0.3,0.1,0.09,0.05263157894736847,10,14,0,0,0.11561040693795864,1286.618139096567
5,207,0.3,0.5444444444444445,0.4555555555555556,0.0888888888888889,10,0,0,0,,
5,208,0.3,0.7222222222222222,0.6333333333333333,0.06557377049180328,10,0,0,0,,
5,209,0.3,0.9,0.8111111111111111,0.05194805194805195,10,0,0,0,,
5,210,0.3,5.444444444444445,4.555555555555555,0.08888888888888893,10,0,0,0,,
5,211,0.3,7.222222222222221,6.333333333333333,0.06557377049180325,10,0,0,0,,
5,212,0.3,9.0,8.11111111111111,0.05194805194805197,10,0,0,0,,
5,213,0.3,10.0,9.0,0.05263157894736842,10,0,0,0,,
5,214,0.3,63.333333333333336,54.44444444444444,0.07547169811320759,10,0,0,0,,
5,215,0.3,81.11111111111111,72.22222222222223,0.057971014492753596,10,0,0,0,,
5,216,0.3,100.0,90.0,0.05263157894736842,10,0,0,0,,
5,217,0.3,633.3333333333333,544.4444444444445,0.07547169811320747,10,0,0,0,,
5,218,0.3,811.1111111111111,722.2222222222222,0.057971014492753645,10,0,0,0,,
5,219,0.3,1000.0,900.0,0.05263157894736842,10,0,0,0,,
5,220,0.3,0.002777777777777778,0.001888888888888889,0.19047619047619047,10,316,165,0,0.0027164392688390836,1658.5530413893187
5,221,0.3,0.0054444444444444445,0.003666666666666667,0.19512195121951215,10,168,84,0,0.005272298614228227,1595.8334874061486
5,222,0.3,0.00811111111111111,0.006333333333333334,0.123076923076923,10,108,54,0,0.008629785477669702,1622.586976321058
5,223,0.3,0.01,0.00811111111111111,0.1042944785276074,10,88,44,0,0.010864256236170655,1632.0470996358724
5,224,0.3,0.05444444444444445,0.03666666666666667,0.19512195121951223,10,29,4,0,0.05296634438916581,1652.5455657903863
5,225,0.3,0.0811111111111111,0.05444444444444445,0.1967213114754098,10,19,3,0,0.07870457896950984,1441.393737911119
5,226,0.3,0.1,0.07222222222222222,0.16129032258064524,10,16,2,0,0.10180120080053369,1565.3295116715665
5,227,0.3,0.4555555555555556,0.3666666666666667,0.10810810810810811,10,0,0,0,,
5,228,0.3,0.8111111111111111,0.5444444444444445,0.19672131147540978,10,0,0,0,,
5,229,0.3,1.0,0.7222222222222222,0.16129032258064516,10,0,0,0,,
5,230,0.3,3.6666666666666665,2.7777777777777777,0.13793103448275862,10,0,0,0,,
5,231,0.3,7.222222222222221,5.444444444444445,0.1403508771929824,10,0,0,0,,
5,232,0.3,9.0,7.222222222222221,0.10958904109589046,10,0,0,0,,
5,233,0.3,36.66666666666667,27.77777777777778,0.13793103448275865,10,0,0,0,,
5,234,0.3,72.22222222222223,54.44444444444444,0.1403508771929825,10,0,0,0,,
5,235,0.3,90.0,63.333333333333336,0.17391304347826084,10,0,0,0,,
5,236,0.3,277.77777777777777,188.88888888888889,0.1904761904761905,10,0,0,0,,
5,237,0.3,633.3333333333333,455.55555555555554,0.16326530612244894,10,0,0,0,,
5,238,0.3,900.0,633.3333333333333,0.17391304347826092,10,0,0,0,,
5,239,0.3,3000.0,2000.0,0.2,10,0,0,0,,
5,240,0.3,0.004555555555555556,0.002777777777777778,0.2424242424242424,10,208,104,0,0.004130475019901615,1650.9479075359582
5,241,0.3,0.007222222222222223,0.004555555555555556,0.22641509433962265,10,129,65,0,0.0066988460941652655,1652.5834380777733
5,242,0.3,0.009,0.0054444444444444445,0.2461538461538461,10,105,53,0,0.00809095899178383,1604.7039409307592
5,243,0.3,0.01,0.006333333333333334,0.2244897959183673,10,94,47,0,0.009289663867799364,1568.822589350154
5,244,0.3,0.06333333333333332,0.03666666666666667,0.2666666666666666,10,27,5,0,0.05520774392807573,1308.5082179642923
5,245,0.3,0.0811111111111111,0.04555555555555556,0.2807017543859649,10,22,4,0,0.06918309709189363,1611.2190706355807
5,246,0.3,0.1,0.05444444444444445,0.2949640287769784,10,15,3,0,0.08356030182312484,1403.4379414127127
5,247,0.3,0.6333333333333333,0.3666666666666667,0.2666666666666666,10,0,0,0,,
5,248,0.3,0.8111111111111111,0.4555555555555556,0.2807017543859649,10,0,0,0,,
5,249,0.3,1.0,0.5444444444444445,0.29496402877697836,10,0,0,0,,
5,250,0.3,4.555555555555555,2.7777777777777777,0.24242424242424243,10,0,0,0,,
5,251,0.3,7.222222222222221,4.555555555555555,0.22641509433962262,10,0,0,0,,
5,252,0.3,9.0,5.444444444444445,0.24615384615384614,10,0,0,0,,
5,253,0.3,45.55555555555556,27.77777777777778,0.2424242424242424,10,0,0,0,,
5,254,0.3,72.22222222222223,45.55555555555556,0.22641509433962267,10,0,0,0,,
5,255,0.3,90.0,54.44444444444444,0.24615384615384614,10,0,0,0,,
5,256,0.3,100.0,63.333333333333336,0.22448979591836732,10,0,0,0,,
5,257,0.3,633.3333333333333,366.66666666666663,0.26666666666666666,10,0,0,0,,
5,258,0.3,811.1111111111111,455.55555555555554,0.28070175438596495,10,0,0,0,,
5,259,0.3,1000.0,633.3333333333333,0.2244897959183674,10,0,0,0,,
5,260,0.3,0.001888888888888889,0.001,0.3076923076923077,10,392,260,21,0.0015417004529495583,220766.46944098207
5,261,0.3,0.006333333333333334,0.002777777777777778,0.39024390243902446,10,169,85,0,0.004446312674691089,1658.8739275419837
5,262,0.3,0.009,0.004555555555555556,0.3278688524590163,10,112,56,0,0.00707945784384138,1655.7926349499578
5,263,0.3,0.01888888888888889,0.009,0.354581673306773,10,56,27,0,0.014190575216890926,1680.0124923890528
5,264,0.3,0.05444444444444445,0.027777777777777776,0.3243243243243244,10,32,5,0,0.04325138310350088,1556.9733876223975
5,265,0.3,0.0811111111111111,0.03666666666666667,0.3773584905660377,10,21,3,0,0.05834451042737448,1501.7339309775975
5,266,0.3,0.18888888888888888,0.0811111111111111,0.39917695473251025,10,9,1,0,0.13062041360907273,1128.8373567571493
5,267,0.3,0.3666666666666667,0.18888888888888888,0.32000000000000006,10,3,0,0,0.5304869913275517,672.4671491458333
5,268,0.3,0.7222222222222222,0.3666666666666667,0.3265306122448979,10,0,0,0,,
5,269,0.3,1.0,0.4555555555555556,0.37404580152671746,10,0,0,0,,
5,270,0.3,3.6666666666666665,1.8888888888888888,0.32,10,0,0,0,,
5,271,0.3,7.222222222222221,3.6666666666666665,0.32653061224489793,10,0,0,0,,
5,272,0.3,10.0,4.555555555555555,0.37404580152671757,10,0,0,0,,
5,273,0.3,18.88888888888889,10.0,0.3076923076923077,10,0,0,0,,
5,274,0.3,63.333333333333336,27.77777777777778,0.3902439024390244,10,0,0,0,,
5,275,0.3,90.0,45.55555555555556,0.3278688524590164,10,0,0,0,,
5,276,0.3,188.88888888888889,90.0,0.35458167330677287,10,0,0,0,,
5,277,0.3,544.4444444444445,277.77777777777777,0.32432432432432434,10,0,0,0,,
5,278,0.3,811.1111111111111,366.66666666666663,0.3773584905660377,10,0,0,0,,
5,279,0.3,2000.0,1000.0,0.3333333333333333,10,0,0,0,,
5,280,0.3,0.002777777777777778,0.001,0.47058823529411764,10,319,210,10,0.0016443717232149323,237706.13731153845
5,281,0.3,0.0054444444444444445,0.001888888888888889,0.48484848484848486,10,211,109,0,0.0031188895840939352,1623.1284965839634
5,282,0.3,0.009,0.003666666666666667,0.4210526315789473,10,122,61,0,0.005915616341754743,1642.1689081975592
5,283,0.3,0.01888888888888889,0.007222222222222223,0.4468085106382978,10,65,30,0,0.011748975549395291,1495.6788196560922
5,284,0.3,0.05444444444444445,0.01888888888888889,0.4848484848484849,10,35,10,0,0.031188895840939385,1616.2974407694667
5,285,0.3,0.09,0.03666666666666667,0.4210526315789474,10,21,3,0,0.05942921586155727,1551.045890799959
5,286,0.3,0.18888888888888888,0.07222222222222222,0.44680851063829796,10,11,1,0,0.1180120080053369,1595.269767744559
5,287,0.3,0.4555555555555556,0.18888888888888888,0.4137931034482759,10,3,0,0,0.5418945963975984,688.2577599674765
5,288,0.3,0.8111111111111111,0.2777777777777778,0.48979591836734687,10,0,0,0,,
5,289,0.3,1.8888888888888888,0.6333333333333333,0.4977973568281938,10,0,0,0,,
5,290,0.3,4.555555555555555,1.8888888888888888,0.4137931034482758,10,0,0,0,,
5,291,0.3,8.11111111111111,2.7777777777777777,0.48979591836734687,10,0,0,0,,
5,292,0.3,18.88888888888889,6.333333333333333,0.4977973568281939,10,0,0,0,,
5,293,0.3,27.77777777777778,10.0,0.47058823529411764,10,0,0,0,,
5,294,0.3,72.22222222222223,27.77777777777778,0.4444444444444445,10,0,0,0,,
5,295,0.3,100.0,36.66666666666667,0.4634146341463414,10,0,0,0,,
5,296,0.3,277.77777777777777,100.0,0.47058823529411764,10,0,0,0,,
5,297,0.3,722.2222222222222,277.77777777777777,0.4444444444444444,10,0,0,0,,
5,298,0.3,1000.0,366.66666666666663,0.46341463414634154,10,0,0,0,,
5,299,0.3,3000.0,1000.0,0.5,10,0,0,0,,
5,300,0.3,0.003666666666666667,0.001,0.5714285714285715,10,282,182,8,0.0016826740610704674,114463.74396731514
5,301,0.3,0.007222222222222223,0.001888888888888889,0.5853658536585367,10,182,95,0,0.0031915378551007614,1640.587356723865
5,302,0.3,0.01888888888888889,0.0054444444444444445,0.5525114155251142,10,70,34,0,0.009120108393559097,1633.2172294601587
5,303,0.3,0.027777777777777776,0.009,0.5105740181268882,10,52,22,0,0.01492794409578996,1662.2616366324485
5,304,0.3,0.07222222222222222,0.01888888888888889,0.5853658536585367,10,32,8,0,0.031915378551007616,1450.2474130388912
5,305,0.3,0.1,0.027777777777777776,0.5652173913043479,10,24,5,0,0.046773514128719815,1490.7551495065984
5,306,0.3,0.2777777777777778,0.0811111111111111,0.5479876160990712,10,9,1,0,0.13662441627751834,1194.953874061897
5,307,0.3,0.6333333333333333,0.18888888888888888,0.5405405405405406,10,3,0,0,0.5527018012008005,717.192383284413
5,308,0.3,1.0,0.2777777777777778,0.5652173913043479,10,0,0,0,,
5,309,0.3,2.7777777777777777,0.8111111111111111,0.5479876160990712,10,0,0,0,,
5,310,0.3,3.6666666666666665,1.0,0.5714285714285715,10,0,0,0,,
5,311,0.3,9.0,2.7777777777777777,0.5283018867924528,10,0,0,0,,
5,312,0.3,27.77777777777778,7.222222222222221,0.5873015873015873,10,0,0,0,,
5,313,0.3,36.66666666666667,10.0,0.5714285714285715,10,0,0,0,,
5,314,0.3,90.0,27.77777777777778,0.5283018867924528,10,0,0,0,,
5,315,0.3,188.88888888888889,54.44444444444444,0.5525114155251143,10,0,0,0,,
5,316,0.3,277.77777777777777,90.0,0.5105740181268882,10,0,0,0,,
5,317,0.3,722.2222222222222,188.88888888888889,0.5853658536585366,10,0,0,0,,
5,318,0.3,2000.0,544.4444444444445,0.572052401746725,10,0,0,0,,
5,319,0.3,3000.0,900.0,0.5384615384615384,10,0,0,0,,
5,320,0.3,0.004555555555555556,0.001,0.64,10,237,165,0,0.0016982436524617442,1725.9329159424842
5,321,0.3,0.01,0.001888888888888889,0.6822429906542055,10,155,82,0,0.003235936569296281,1610.780869136513
5,322,0.3,0.027777777777777776,0.006333333333333334,0.6286644951140065,10,64,27,0,0.010764652136298349,1658.1682404421938
5,323,0.3,0.04555555555555556,0.00811111111111111,0.6977225672877847,10,54,19,0,0.013931568029453036,1645.8455625832828
5,324,0.3,0.0811111111111111,0.01888888888888889,0.6222222222222222,10,29,6,0,0.032062693245054674,1653.617556710942
5,325,0.3,0.18888888888888888,0.04555555555555556,0.6113744075829383,10,12,2,0,0.07726805850957022,1592.5140984990608
5,326,0.3,0.3666666666666667,0.0811111111111111,0.6377171215880892,10,9,0,0,0.13842561707805204,934.3249155027783
5,327,0.3,0.5444444444444445,0.1,0.6896551724137931,10,6,0,0,0.17264843228819213,1151.9546681399477
5,328,0.3,1.8888888888888888,0.3666666666666667,0.6748768472906403,10,0,0,0,,
5,329,0.3,3.6666666666666665,0.7222222222222222,0.6708860759493671,10,0,0,0,,
5,330,0.3,4.555555555555555,0.9,0.670061099796334,10,0,0,0,,
5,331,0.3,9.0,1.8888888888888888,0.6530612244897959,10,0,0,0,,
5,332,0.3,27.77777777777778,5.444444444444445,0.6722408026755854,10,0,0,0,,
5,333,0.3,45.55555555555556,8.11111111111111,0.6977225672877846,10,0,0,0,,
5,334,0.3,81.11111111111111,18.88888888888889,0.6222222222222222,10,0,0,0,,
5,335,0.3,188.88888888888889,45.55555555555556,0.6113744075829383,10,0,0,0,,
5,336,0.3,366.66666666666663,81.11111111111111,0.6377171215880894,10,0,0,0,,
5,337,0.3,455.55555555555554,100.0,0.64,10,0,0,0,,
5,338,0.3,1000.0,188.88888888888889,0.6822429906542056,10,0,0,0,,
5,339,0.3,3000.0,722.2222222222222,0.6119402985074627,10,0,0,0,,
5,340,0.3,0.006333333333333334,0.001,0.7272727272727273,10,212,146,3,0.0017218685749860062,110367.0126800953
5,341,0.3,0.03666666666666667,0.004555555555555556,0.7789757412398922,10,76,29,0,0.007870457896950985,1624.7786374679295
5,342,0.3,0.05444444444444445,0.006333333333333334,0.7915904936014624,10,58,21,0,0.01096478196143185,1642.1057267201268
5,343,0.3,0.06333333333333332,0.009,0.7511520737327189,10,43,15,0,0.01548816618912481,1626.2146977697687
5,344,0.3,0.09,0.01,0.8,10,37,13,0,0.017298163592151014,1379.7811730043295
5,345,0.3,0.3666666666666667,0.06333333333333332,0.7054263565891472,10,9,0,0,0.10900600400266845,1510.4973960496761
5,346,0.3,0.5444444444444445,0.0811111111111111,0.7406749555950266,10,5,0,0,0.14022681787858574,684.4157931714714
5,347,0.3,0.7222222222222222,0.0811111111111111,0.7980636237897648,10,6,0,0,0.14082721814543028,797.8394776675748
5,348,0.3,2.7777777777777777,0.3666666666666667,0.7667844522968198,10,0,0,0,,
5,349,0.3,4.555555555555555,0.6333333333333333,0.7558886509635975,10,0,0,0,,
5,350,0.3,6.333333333333333,0.7222222222222222,0.795275590551181,10,0,0,0,,
5,351,0.3,7.222222222222221,1.0,0.7567567567567567,10,0,0,0,,
5,352,0.3,36.66666666666667,4.555555555555555,0.7789757412398921,10,0,0,0,,
5,353,0.3,54.44444444444444,6.333333333333333,0.7915904936014625,10,0,0,0,,
5,354,0.3,63.333333333333336,9.0,0.7511520737327189,10,0,0,0,,
5,355,0.3,90.0,10.0,0.8,10,0,0,0,,
5,356,0.3,366.66666666666663,63.333333333333336,0.7054263565891473,10,0,0,0,,
5,357,0.3,544.4444444444445,81.11111111111111,0.7406749555950267,10,0,0,0,,
5,358,0.3,722.2222222222222,81.11111111111111,0.7980636237897649,10,0,0,0,,
5,359,0.3,3000.0,455.55555555555554,0.7363344051446945,10,0,0,0,,
5,360,0.3,0.009,0.001,0.8000000000000002,10,171,131,2,0.0017298163592151016,106542.94469263923
5,361,0.3,0.04555555555555556,0.003666666666666667,0.8510158013544019,10,77,33,0,0.006367955209079162,1649.4471937803462
5,362,0.3,0.07222222222222222,0.0054444444444444445,0.8597997138769671,10,49,22,0,0.009462371613657929,1595.0584839031112
5,363,0.3,0.09,0.006333333333333334,0.8685121107266437,10,45,19,0,0.011015393095414156,1648.2269630629146
5,364,0.3,0.18888888888888888,0.01,0.8994413407821228,10,27,11,0,0.017378008287493762,1495.4173650487535
5,365,0.3,0.5444444444444445,0.04555555555555556,0.8455743879472692,10,9,0,0,0.07906786279998253,1042.677427324328
5,366,0.3,0.8111111111111111,0.04555555555555556,0.8936446173800259,10,8,0,0,0.07943282347242814,949.3110953038348
5,367,0.3,0.9,0.09,0.8181818181818182,10,5,0,0,0.15703802535023348,783.4379512207166
5,368,0.3,2.7777777777777777,0.2777777777777778,0.8181818181818182,10,0,0,0,,
5,369,0.3,6.333333333333333,0.4555555555555556,0.8657937806873977,10,0,0,0,,
5,370,0.3,8.11111111111111,0.7222222222222222,0.8364779874213837,10,0,0,0,,
5,371,0.3,10.0,0.7222222222222222,0.8652849740932644,10,0,0,0,,
5,372,0.3,45.55555555555556,2.7777777777777777,0.8850574712643677,10,0,0,0,,
5,373,0.3,72.22222222222223,4.555555555555555,0.8813314037626627,10,0,0,0,,
5,374,0.3,90.0,5.444444444444445,0.8859138533178115,10,0,0,0,,
5,375,0.3,100.0,10.0,0.8181818181818182,10,0,0,0,,
5,376,0.3,544.4444444444445,36.66666666666667,0.8738049713193117,10,0,0,0,,
5,377,0.3,722.2222222222222,72.22222222222223,0.8181818181818182,10,0,0,0,,
5,378,0.3,900.0,81.11111111111111,0.8346545866364666,10,0,0,0,,
5,379,0.3,3000.0,277.77777777777777,0.8305084745762712,10,0,0,0,,
5,380,0.3,0.027777777777777776,0.001,0.9305019305019304,10,116,107,7,0.0017378008287493763,111440.19726611013
5,381,0.3,0.4555555555555556,0.003666666666666667,0.9840309702395356,10,28,27,0,0.006367955209079162,1531.095870253331
5,382,0.3,0.9,0.003666666666666667,0.9918849133161194,10,29,27,0,0.006367955209079162,1399.8255849118186
5,383,0.3,2.7777777777777777,0.0811111111111111,0.94325689856199,10,6,0,0,0.1420280186791194,814.3657649549965
5,384,0.3,5.444444444444445,0.09,0.9674764103593656,10,5,0,0,0.15763842561707805,665.3141273536912
5,385,0.3,8.11111111111111,0.04555555555555556,0.98882985969214,10,8,0,0,0.07943282347242814,991.2265235643493
5,386,0.3,18.88888888888889,0.006333333333333334,0.9993296365336328,10,19,16,0,0.011015393095414156,1343.2251183674312
5,387,0.3,36.66666666666667,0.01888888888888889,0.998970227458582,10,13,1,0,0.032809529311311904,1418.2010472891898
5,388,0.3,54.44444444444444,0.027777777777777776,0.9989801121876594,10,12,1,0,0.04830588020397728,1345.8217685197496
5,389,0.3,72.22222222222223,0.027777777777777776,0.9992310649750098,10,12,1,0,0.04830588020397728,1345.9044120729982
5,390,0.3,90.0,0.009,0.9998000199980002,10,15,11,0,0.015631476426409538,944.1849654018157
5,391,0.3,188.88888888888889,0.0054444444444444445,0.9999423546027204,10,20,18,0,0.009462371613657929,1508.7701637774903
5,392,0.3,277.77777777777777,1.0,0.9928258270227183,10,0,0,0,,
5,393,0.3,455.55555555555554,0.03666666666666667,0.9998390373457745,10,11,0,0,0.06397348354826482,1397.5242732213499
5,394,0.3,544.4444444444445,7.222222222222221,0.9738167170191341,10,0,0,0,,
5,395,0.3,722.2222222222222,0.06333333333333332,0.9998246307631483,10,8,0,0,0.11080720480320214,1041.2242469437667
5,396,0.3,811.1111111111111,8.11111111111111,0.9801980198019803,10,0,0,0,,
5,397,0.3,1000.0,0.04555555555555556,0.9999088930393171,10,8,0,0,0.07943282347242814,992.1800571762739
5,398,0.3,2000.0,5.444444444444445,0.9945703363067206,10,0,0,0,,
5,399,0.3,3000.0,100.0,0.9354838709677419,10,0,0,0,,
6,0,0.4,0.001,0.027777777777777776,-0.9305019305019304,10,404,315,0,0.0015703628043335514,1673.5441777082276
6,1,0.4,0.001888888888888889,0.7222222222222222,-0.9947828755562373,10,319,169,1,0.0029648313895243423,1076531.9605872075
6,2,0.4,0.002777777777777778,54.44444444444444,-0.9998979643895719,10,221,115,1,0.004365158322401661,298545.7483310226
6,3,0.4,0.004555555555555556,0.1,-0.9128586609989372,10,141,63,0,0.007144963260755135,1624.4343542286108
6,4,0.4,0.0054444444444444445,45.55555555555556,-0.9997610041726721,10,116,58,0,0.008550667128846832,1605.7045645547234
6,5,0.4,0.007222222222222223,0.5444444444444445,-0.9738167170191339,10,88,44,0,0.011324003632355566,1642.8806520720348
6,6,0.4,0.00811111111111111,90.0,-0.999819769329431,10,78,39,0,0.012764388088113435,1573.3697103984744
6,7,0.4,0.01,2.7777777777777777,-0.9928258270227184,10,63,32,0,0.01570362804333553,1614.8682834000003
6,8,0.4,0.01888888888888889,722.2222222222222,-0.9999476936757038,10,35,17,0,0.029648313895243424,1416.6632928180654
6,9,0.4,0.03666666666666667,90.0,-0.999185517011588,10,23,3,0,0.05754399373371572,1533.1506865839078
6,10,0.4,0.05444444444444445,81.11111111111111,-0.998658434749278,10,19,1,0,0.08590135215053961,1661.1476207828787
6,11,0.4,0.07222222222222222,100.0,-0.9985565980125465,10,13,1,0,0.11380920613742496,1643.8358153177592
6,12,0.4,0.09,188.88888888888889,-0.9990475126557345,10,10,0,0,0.14262841894596398,1482.8130138142408
6,13,0.4,0.18888888888888888,633.3333333333333,-0.9994036866197801,10,2,0,0,0.5845230153435623,279.62063782267
6,14,0.4,0.4555555555555556,45.55555555555556,-0.9801980198019802,10,0,0,0,,
6,15,0.4,0.7222222222222222,36.66666666666667,-0.9613670133729569,10,0,0,0,,
6,16,0.4,1.0,45.55555555555556,-0.9570405727923628,10,0,0,0,,
6,17,0.4,3.6666666666666665,544.4444444444445,-0.9866207176160553,10,0,0,0,,
6,18,0.4,8.11111111111111,900.0,-0.9821363024593173,10,0,0,0,,
6,19,0.4,100.0,3000.0,-0.9354838709677419,10,0,0,0,,
6,20,0.4,0.001,0.009,-0.8000000000000002,10,414,326,1,0.0015631476426409539,2981.184386752469
6,21,0.4,0.003666666666666667,0.05444444444444445,-0.8738049713193117,10,172,82,1,0.005754399373371567,1594.9785424751587
6,22,0.4,0.0054444444444444445,0.0811111111111111,-0.8741976893453145,10,117,50,0,0.008550667128846832,1483.3318995436662
6,23,0.4,0.007222222222222223,0.09,-0.8514285714285713,10,93,39,0,0.011324003632355566,1546.1990273584984
6,24,0.4,0.01,0.18888888888888888,-0.8994413407821228,10,61,18,0,0.01570362804333553,1467.692099532379
6,25,0.4,0.04555555555555556,0.5444444444444445,-0.8455743879472692,10,14,2,0,0.07144963260755134,1426.0646625922036
6,26,0.4,0.06333333333333332,0.6333333333333333,-0.8181818181818181,10,14,1,0,0.09954054173515274,1574.447812411793
6,27,0.4,0.0811111111111111,0.9,-0.8346545866364665,10,11,0,0,0.1276184122748499,1393.9867690407248
6,28,0.4,0.2777777777777778,2.7777777777777777,-0.8181818181818182,10,1,0,0,0.8541027351567712,14.513557880299793
6,29,0.4,0.4555555555555556,7.222222222222221,-0.8813314037626627,10,0,0,0,,
6,30,0.4,0.6333333333333333,9.0,-0.8685121107266437,10,0,0,0,,
6,31,0.4,0.9,9.0,-0.8181818181818181,10,0,0,0,,
6,32,0.4,3.6666666666666665,36.66666666666667,-0.8181818181818183,10,0,0,0,,
6,33,0.4,5.444444444444445,63.333333333333336,-0.8416801292407108,10,0,0,0,,
6,34,0.4,7.222222222222221,72.22222222222223,-0.818181818181818,10,0,0,0,,
6,35,0.4,10.0,100.0,-0.8181818181818182,10,0,0,0,,
6,36,0.4,36.66666666666667,633.3333333333333,-0.8905472636815921,10,0,0,0,,
6,37,0.4,54.44444444444444,900.0,-0.8859138533178114,10,0,0,0,,
6,38,0.4,72.22222222222223,1000.0,-0.8652849740932643,10,0,0,0,,
6,39,0.4,277.77777777777777,3000.0,-0.8305084745762712,10,0,0,0,,
6,40,0.4,0.001,0.006333333333333334,-0.7272727272727273,10,424,329,4,0.001555965631605075,147434.08919959082
6,41,0.4,0.004555555555555556,0.027777777777777776,-0.718213058419244,10,150,72,0,0.00707945784384138,1610.291963007546
6,42,0.4,0.006333333333333334,0.05444444444444445,-0.7915904936014624,10,105,44,0,0.009908319448927675,1587.1973332202567
6,43,0.4,0.00811111111111111,0.07222222222222222,-0.7980636237897648,10,87,33,0,0.012705741052085419,1601.594165507061
6,44,0.4,0.01,0.0811111111111111,-0.7804878048780489,10,68,27,0,0.015631476426409538,1582.7716689234735
6,45,0.4,0.05444444444444445,0.3666666666666667,-0.7414248021108178,10,15,2,0,0.08511380382023767,1537.0264632964872
6,46,0.4,0.07222222222222222,0.5444444444444445,-0.7657657657657659,10,13,1,0,0.1132088058705804,1641.3535926525735
6,47,0.4,0.09,0.6333333333333333,-0.751152073732719,10,10,0,0,0.14142761841227486,1044.4996871529627
6,48,0.4,0.3666666666666667,2.7777777777777777,-0.7667844522968198,10,0,0,0,,
6,49,0.4,0.6333333333333333,4.555555555555555,-0.7558886509635975,10,0,0,0,,
6,50,0.4,0.8111111111111111,5.444444444444445,-0.7406749555950267,10,0,0,0,,
6,51,0.4,1.0,6.333333333333333,-0.7272727272727273,10,0,0,0,,
6,52,0.4,4.555555555555555,36.66666666666667,-0.7789757412398921,10,0,0,0,,
6,53,0.4,7.222222222222221,45.55555555555556,-0.7263157894736842,10,0,0,0,,
6,54,0.4,9.0,54.44444444444444,-0.7162872154115587,10,0,0,0,,
6,55,0.4,10.0,81.11111111111111,-0.7804878048780488,10,0,0,0,,
6,56,0.4,54.44444444444444,455.55555555555554,-0.7864923747276688,10,0,0,0,,
6,57,0.4,72.22222222222223,633.3333333333333,-0.7952755905511812,10,0,0,0,,
6,58,0.4,90.0,722.2222222222222,-0.7783857729138167,10,0,0,0,,
6,59,0.4,455.55555555555554,3000.0,-0.7363344051446945,10,0,0,0,,
6,60,0.4,0.001,0.004555555555555556,-0.64,10,420,340,7,0.0015417004529495583,190181.25219299222
6,61,0.4,0.001888888888888889,0.01,-0.6822429906542055,10,341,181,0,0.0029241523778433367,1656.0802264997699
6,62,0.4,0.006333333333333334,0.027777777777777776,-0.6286644951140065,10,115,54,0,0.00972747223776965,1563.4863295200873
6,63,0.4,0.009,0.03666666666666667,-0.6058394160583941,10,80,35,0,0.013803842646028852,1581.4036938070362
6,64,0.4,0.01888888888888889,0.0811111111111111,-0.6222222222222222,10,41,12,0,0.029107171180666053,1600.8313245411712
6,65,0.4,0.04555555555555556,0.18888888888888888,-0.6113744075829383,10,16,1,0,0.07014552984199714,1361.7120069395066
6,66,0.4,0.0811111111111111,0.3666666666666667,-0.6377171215880892,10,11,0,0,0.1258172114743162,1562.0674529591156
6,67,0.4,0.1,0.5444444444444445,-0.6896551724137931,10,9,0,0,0.15643762508338893,1136.3651189509278
6,68,0.4,0.3666666666666667,1.8888888888888888,-0.6748768472906403,10,0,0,0,,
6,69,0.4,0.7222222222222222,3.6666666666666665,-0.6708860759493671,10,0,0,0,,
6,70,0.4,0.9,4.555555555555555,-0.670061099796334,10,0,0,0,,
6,71,0.4,1.8888888888888888,9.0,-0.6530612244897959,10,0,0,0,,
6,72,0.4,5.444444444444445,27.77777777777778,-0.6722408026755854,10,0,0,0,,
6,73,0.4,9.0,36.66666666666667,-0.6058394160583942,10,0,0,0,,
6,74,0.4,18.88888888888889,81.11111111111111,-0.6222222222222222,10,0,0,0,,
6,75,0.4,45.55555555555556,188.88888888888889,-0.6113744075829383,10,0,0,0,,
6,76,0.4,81.11111111111111,366.66666666666663,-0.6377171215880894,10,0,0,0,,
6,77,0.4,100.0,455.55555555555554,-0.64,10,0,0,0,,
6,78,0.4,188.88888888888889,1000.0,-0.6822429906542056,10,0,0,0,,
6,79,0.4,722.2222222222222,3000.0,-0.6119402985074627,10,0,0,0,,
6,80,0.4,0.001,0.003666666666666667,-0.5714285714285715,10,424,340,12,0.0015275660582380732,197595.15346032588
6,81,0.4,0.001888888888888889,0.007222222222222223,-0.5853658536585367,10,350,186,0,0.0028840315031266055,1658.458495388598
6,82,0.4,0.0054444444444444445,0.01888888888888889,-0.5525114155251142,10,130,65,0,0.008279421637123344,1590.764662779561
6,83,0.4,0.009,0.027777777777777776,-0.5105740181268882,10,83,40,0,0.013551894123510363,1604.926137265787
6,84,0.4,0.01888888888888889,0.07222222222222222,-0.5853658536585367,10,44,12,0,0.028840315031266057,1565.72176969509
6,85,0.4,0.05444444444444445,0.18888888888888888,-0.5525114155251141,10,13,1,0,0.08279421637123345,1498.0886098570886
6,86,0.4,0.09,0.2777777777777778,-0.5105740181268883,10,8,0,0,0.13662441627751834,972.4341443786435
6,87,0.4,0.18888888888888888,0.6333333333333333,-0.5405405405405406,10,2,0,0,0.5677118078719146,237.1615727436514
6,88,0.4,0.2777777777777778,1.0,-0.5652173913043479,10,1,0,0,0.8348899266177451,13.299136239003028
6,89,0.4,0.8111111111111111,2.7777777777777777,-0.5479876160990712,10,0,0,0,,
6,90,0.4,1.8888888888888888,6.333333333333333,-0.5405405405405406,10,0,0,0,,
6,91,0.4,2.7777777777777777,10.0,-0.5652173913043478,10,0,0,0,,
6,92,0.4,8.11111111111111,27.77777777777778,-0.5479876160990713,10,0,0,0,,
6,93,0.4,10.0,36.66666666666667,-0.5714285714285715,10,0,0,0,,
6,94,0.4,27.77777777777778,90.0,-0.5283018867924528,10,0,0,0,,
6,95,0.4,72.22222222222223,277.77777777777777,-0.5873015873015872,10,0,0,0,,
6,96,0.4,100.0,366.66666666666663,-0.5714285714285714,10,0,0,0,,
6,97,0.4,277.77777777777777,900.0,-0.5283018867924527,10,0,0,0,,
6,98,0.4,633.3333333333333,2000.0,-0.518987341772152,10,0,0,0,,
6,99,0.4,1000.0,3000.0,-0.5,10,0,0,0,,
6,100,0.4,0.001,0.002777777777777778,-0.47058823529411764,10,426,345,20,0.001492794409578996,215624.06036288635
6,101,0.4,0.001888888888888889,0.0054444444444444445,-0.48484848484848486,10,361,192,2,0.0028313919957993787,189194.2587954106
6,102,0.4,0.003666666666666667,0.009,-0.4210526315789473,10,201,101,0,0.005395106225151279,1611.5186850675398
6,103,0.4,0.007222222222222223,0.01888888888888889,-0.4468085106382978,10,103,51,0,0.01071519305237607,1644.970359419542
6,104,0.4,0.01888888888888889,0.05444444444444445,-0.4848484848484849,10,42,14,0,0.02831391995799379,1515.0222499914737
6,105,0.4,0.027777777777777776,0.0811111111111111,-0.4897959183673469,10,29,6,0,0.04168693834703355,1428.1066729953725
6,106,0.4,0.06333333333333332,0.18888888888888888,-0.4977973568281938,10,11,0,0,0.09549925860214359,1234.20994637506
6,107,0.4,0.18888888888888888,0.4555555555555556,-0.4137931034482759,10,2,0,0,0.5515010006671114,202.9487370631751
6,108,0.4,0.2777777777777778,0.8111111111111111,-0.48979591836734687,10,1,0,0,0.8228819212808538,12.75641858692257
6,109,0.4,0.6333333333333333,1.8888888888888888,-0.4977973568281938,10,0,0,0,,
6,110,0.4,1.0,2.7777777777777777,-0.47058823529411764,10,0,0,0,,
6,111,0.4,2.7777777777777777,7.222222222222221,-0.44444444444444436,10,0,0,0,,
6,112,0.4,3.6666666666666665,10.0,-0.46341463414634154,10,0,0,0,,
6,113,0.4,10.0,27.77777777777778,-0.47058823529411764,10,0,0,0,,
6,114,0.4,27.77777777777778,72.22222222222223,-0.4444444444444445,10,0,0,0,,
6,115,0.4,36.66666666666667,90.0,-0.4210526315789473,10,0,0,0,,
6,116,0.4,72.22222222222223,188.88888888888889,-0.4468085106382979,10,0,0,0,,
6,117,0.4,188.88888888888889,544.4444444444445,-0.4848484848484848,10,0,0,0,,
6,118,0.4,366.66666666666663,900.0,-0.42105263157894746,10,0,0,0,,
6,119,0.4,811.1111111111111,2000.0,-0.42292490118577075,10,0,0,0,,
6,120,0.4,0.001,0.001888888888888889,-0.3076923076923077,10,455,366,44,0.0014125375446227555,296266.9569500798
6,121,0.4,0.002777777777777778,0.006333333333333334,-0.39024390243902446,10,263,135,1,0.004055085354483839,113588.07087454495
6,122,0.4,0.004555555555555556,0.009,-0.3278688524590163,10,167,84,0,0.006486344335482388,1608.4698148338764
6,123,0.4,0.009,0.01888888888888889,-0.354581673306773,10,84,42,0,0.012941958414499863,1602.886983280305
6,124,0.4,0.027777777777777776,0.05444444444444445,-0.3243243243243244,10,32,8,0,0.03944573020752785,1444.6116632743685
6,125,0.4,0.03666666666666667,0.0811111111111111,-0.3773584905660377,10,26,5,0,0.053210825926679424,1481.9069156950463
6,126,0.4,0.0811111111111111,0.18888888888888888,-0.39917695473251025,10,9,0,0,0.11921280853902602,1269.433774193336
6,127,0.4,0.18888888888888888,0.3666666666666667,-0.32000000000000006,10,2,0,0,0.5328885923949299,180.3594029547608
6,128,0.4,0.3666666666666667,0.7222222222222222,-0.3265306122448979,10,0,0,0,,
6,129,0.4,0.4555555555555556,1.0,-0.37404580152671746,10,0,0,0,,
6,130,0.4,1.8888888888888888,3.6666666666666665,-0.32,10,0,0,0,,
6,131,0.4,3.6666666666666665,7.222222222222221,-0.32653061224489793,10,0,0,0,,
6,132,0.4,4.555555555555555,10.0,-0.37404580152671757,10,0,0,0,,
6,133,0.4,10.0,18.88888888888889,-0.3076923076923077,10,0,0,0,,
6,134,0.4,27.77777777777778,63.333333333333336,-0.3902439024390244,10,0,0,0,,
6,135,0.4,45.55555555555556,90.0,-0.3278688524590164,10,0,0,0,,
6,136,0.4,90.0,188.88888888888889,-0.35458167330677287,10,0,0,0,,
6,137,0.4,277.77777777777777,544.4444444444445,-0.32432432432432434,10,0,0,0,,
6,138,0.4,366.66666666666663,811.1111111111111,-0.3773584905660377,10,0,0,0,,
6,139,0.4,1000.0,2000.0,-0.3333333333333333,10,0,0,0,,
6,140,0.4,0.002777777777777778,0.004555555555555556,-0.2424242424242424,10,280,143,1,0.0037844258471709355,310080.24831224565
6,141,0.4,0.004555555555555556,0.007222222222222223,-0.22641509433962265,10,175,88,1,0.006165950018614822,316782.22171939554
6,142,0.4,0.0054444444444444445,0.009,-0.2461538461538461,10,146,73,1,0.007447319739059889,81746.33184683273
6,143,0.4,0.006333333333333334,0.01,-0.2244897959183673,10,125,63,0,0.008550667128846832,1590.9266837299888
6,144,0.4,0.03666666666666667,0.06333333333333332,-0.2666666666666666,10,24,6,0,0.050815944256056046,1371.5907925531046
6,145,0.4,0.05444444444444445,0.09,-0.24615384615384614,10,16,1,0,0.07447319739059889,1587.77021673279
6,146,0.4,0.06333333333333332,0.1,-0.22448979591836743,10,17,0,0,0.08590135215053961,1567.8330522634787
6,147,0.4,0.3666666666666667,0.6333333333333333,-0.2666666666666666,10,0,0,0,,
6,148,0.4,0.4555555555555556,0.8111111111111111,-0.2807017543859649,10,0,0,0,,
6,149,0.4,0.5444444444444445,1.0,-0.29496402877697836,10,0,0,0,,
6,150,0.4,3.6666666666666665,6.333333333333333,-0.26666666666666666,10,0,0,0,,
6,151,0.4,4.555555555555555,8.11111111111111,-0.2807017543859649,10,0,0,0,,
6,152,0.4,5.444444444444445,10.0,-0.2949640287769784,10,0,0,0,,
6,153,0.4,27.77777777777778,45.55555555555556,-0.2424242424242424,10,0,0,0,,
6,154,0.4,45.55555555555556,72.22222222222223,-0.22641509433962267,10,0,0,0,,
6,155,0.4,54.44444444444444,100.0,-0.2949640287769784,10,0,0,0,,
6,156,0.4,277.77777777777777,455.55555555555554,-0.24242424242424243,10,0,0,0,,
6,157,0.4,455.55555555555554,722.2222222222222,-0.2264150943396226,10,0,0,0,,
6,158,0.4,544.4444444444445,900.0,-0.24615384615384617,10,0,0,0,,
6,159,0.4,2000.0,3000.0,-0.2,10,0,0,0,,
6,160,0.4,0.001888888888888889,0.002777777777777778,-0.19047619047619047,10,399,214,5,0.002500345361696432,215955.5235045992
6,161,0.4,0.003666666666666667,0.0054444444444444445,-0.19512195121951215,10,219,110,0,0.00485288500162121,1483.340895921018
6,162,0.4,0.006333333333333334,0.00811111111111111,-0.123076923076923,10,131,66,0,0.007979946872679769,1637.4868416955726
6,163,0.4,0.00811111111111111,0.01,-0.1042944785276074,10,103,52,0,0.010046157902783957,1645.639329146184
6,164,0.4,0.03666666666666667,0.04555555555555556,-0.10810810810810813,10,27,11,0,0.04570881896148752,1664.2467098485338
6,165,0.4,0.05444444444444445,0.0811111111111111,-0.1967213114754098,10,16,1,0,0.07244359600749899,1543.5558826009099
6,166,0.4,0.07222222222222222,0.1,-0.16129032258064524,10,14,0,0,0.09375620069258803,1583.0043178751037
6,167,0.4,0.3666666666666667,0.4555555555555556,-0.10810810810810811,10,0,0,0,,
6,168,0.4,0.5444444444444445,0.7222222222222222,-0.1403508771929824,10,0,0,0,,
6,169,0.4,0.7222222222222222,0.9,-0.10958904109589043,10,0,0,0,,
6,170,0.4,2.7777777777777777,3.6666666666666665,-0.13793103448275862,10,0,0,0,,
6,171,0.4,5.444444444444445,7.222222222222221,-0.1403508771929824,10,0,0,0,,
6,172,0.4,6.333333333333333,9.0,-0.1739130434782609,10,0,0,0,,
6,173,0.4,18.88888888888889,27.77777777777778,-0.19047619047619047,10,0,0,0,,
6,174,0.4,45.55555555555556,63.333333333333336,-0.163265306122449,10,0,0,0,,
6,175,0.4,63.333333333333336,90.0,-0.17391304347826084,10,0,0,0,,
6,176,0.4,81.11111111111111,100.0,-0.10429447852760734,10,0,0,0,,
6,177,0.4,366.66666666666663,544.4444444444445,-0.19512195121951226,10,0,0,0,,
6,178,0.4,633.3333333333333,811.1111111111111,-0.12307692307692313,10,0,0,0,,
6,179,0.4,811.1111111111111,1000.0,-0.10429447852760737,10,0,0,0,,
6,180,0.4,0.001,0.001,0.0,10,550,446,113,0.001122018454301963,720419.7660098486
6,181,0.4,0.004555555555555556,0.0054444444444444445,-0.08888888888888886,10,186,93,0,0.005571857489319298,1637.2833314917345
6,182,0.4,0.007222222222222223,0.007222222222222223,0.0,10,123,62,0,0.00809095899178383,1643.5805608676403
6,183,0.4,0.009,0.01,-0.05263157894736847,10,96,48,0,0.010665961212302578,1644.0522055851438
6,184,0.4,0.04555555555555556,0.04555555555555556,0.0,10,26,5,0,0.051050499997540646,1514.8627902394658
6,185,0.4,0.06333333333333332,0.07222222222222222,-0.0655737704918033,10,16,2,0,0.07585775750291836,1202.0346656010254
6,186,0.4,0.09,0.09,0.0,10,14,0,0,0.10120080053368913,1262.0600749115151
6,187,0.4,0.4555555555555556,0.4555555555555556,0.0,10,0,0,0,,
6,188,0.4,0.6333333333333333,0.7222222222222222,-0.06557377049180328,10,0,0,0,,
6,189,0.4,0.9,0.9,0.0,10,0,0,0,,
6,190,0.4,3.6666666666666665,3.6666666666666665,0.0,10,0,0,0,,
6,191,0.4,6.333333333333333,6.333333333333333,0.0,10,0,0,0,,
6,192,0.4,8.11111111111111,9.0,-0.05194805194805197,10,0,0,0,,
6,193,0.4,36.66666666666667,36.66666666666667,0.0,10,0,0,0,,
6,194,0.4,63.333333333333336,63.333333333333336,0.0,10,0,0,0,,
6,195,0.4,81.11111111111111,90.0,-0.05194805194805193,10,0,0,0,,
6,196,0.4,277.77777777777777,277.77777777777777,0.0,10,0,0,0,,
6,197,0.4,544.4444444444445,633.3333333333333,-0.07547169811320747,10,0,0,0,,
6,198,0.4,811.1111111111111,811.1111111111111,0.0,10,0,0,0,,
6,199,0.4,3000.0,3000.0,0.0,10,0,0,0,,
6,200,0.4,0.0054444444444444445,0.004555555555555556,0.08888888888888886,10,172,86,0,0.005495408738576248,1616.2742681664533
6,201,0.4,0.006333333333333334,0.0054444444444444445,0.0754716981132076,10,147,74,0,0.006516283940608427,1646.1167701248612
6,202,0.4,0.00811111111111111,0.007222222222222223,0.057971014492753555,10,113,57,0,0.008511380382023759,1653.855060663711
6,203,0.4,0.01,0.009,0.05263157894736847,10,91,46,0,0.010568175092136586,1621.5572962689548
6,204,0.4,0.06333333333333332,0.05444444444444445,0.07547169811320745,10,23,2,0,0.06516283940608428,1537.175900918096
6,205,0.4,0.0811111111111111,0.07222222222222222,0.05797101449275364,10,20,1,0,0.08550667128846832,1536.7513256695968
6,206,0.4,0.1,0.09,0.05263157894736847,10,15,0,0,0.10600400266844563,1178.0761321163584
6,207,0.4,0.5444444444444445,0.4555555555555556,0.0888888888888889,10,0,0,0,,
6,208,0.4,0.7222222222222222,0.6333333333333333,0.06557377049180328,10,0,0,0,,
6,209,0.4,0.9,0.8111111111111111,0.05194805194805195,10,0,0,0,,
6,210,0.4,5.444444444444445,4.555555555555555,0.08888888888888893,10,0,0,0,,
6,211,0.4,7.222222222222221,6.333333333333333,0.06557377049180325,10,0,0,0,,
6,212,0.4,9.0,8.11111111111111,0.05194805194805197,10,0,0,0,,
6,213,0.4,10.0,9.0,0.05263157894736842,10,0,0,0,,
6,214,0.4,63.333333333333336,54.44444444444444,0.07547169811320759,10,0,0,0,,
6,215,0.4,81.11111111111111,72.22222222222223,0.057971014492753596,10,0,0,0,,
6,216,0.4,100.0,90.0,0.05263157894736842,10,0,0,0,,
6,217,0.4,633.3333333333333,544.4444444444445,0.07547169811320747,10,0,0,0,,
6,218,0.4,811.1111111111111,722.2222222222222,0.057971014492753645,10,0,0,0,,
6,219,0.4,1000.0,900.0,0.05263157894736842,10,0,0,0,,
6,220,0.4,0.002777777777777778,0.001888888888888889,0.19047619047619047,10,345,182,0,0.002432204009073816,1640.9910089974567
6,221,0.4,0.0054444444444444445,0.003666666666666667,0.19512195121951215,10,186,93,0,0.004742419852602448,1617.066157683893
6,222,0.4,0.00811111111111111,0.006333333333333334,0.123076923076923,10,118,59,0,0.00783429642766212,1626.6042615785784
6,223,0.4,0.01,0.00811111111111111,0.1042944785276074,10,94,47,0,0.009908319448927675,1608.6424641820624
6,224,0.4,0.05444444444444445,0.03666666666666667,0.19512195121951223,10,32,5,0,0.04742419852602448,1565.0157296714242
6,225,0.4,0.0811111111111111,0.05444444444444445,0.1967213114754098,10,21,1,0,0.07046930689671467,1509.6841628392006
6,226,0.4,0.1,0.07222222222222222,0.16129032258064524,10,17,1,0,0.09162204901220002,1570.5396286360483
6,227,0.4,0.4555555555555556,0.3666666666666667,0.10810810810810811,10,0,0,0,,
6,228,0.4,0.8111111111111111,0.5444444444444445,0.19672131147540978,10,0,0,0,,
6,229,0.4,1.0,0.7222222222222222,0.16129032258064516,10,0,0,0,,
6,230,0.4,3.6666666666666665,2.7777777777777777,0.13793103448275862,10,0,0,0,,
6,231,0.4,7.222222222222221,5.444444444444445,0.1403508771929824,10,0,0,0,,
6,232,0.4,9.0,7.222222222222221,0.10958904109589046,10,0,0,0,,
6,233,0.4,36.66666666666667,27.77777777777778,0.13793103448275865,10,0,0,0,,
6,234,0.4,72.22222222222223,54.44444444444444,0.1403508771929825,10,0,0,0,,
6,235,0.4,90.0,63.333333333333336,0.17391304347826084,10,0,0,0,,
6,236,0.4,277.77777777777777,188.88888888888889,0.1904761904761905,10,0,0,0,,
6,237,0.4,633.3333333333333,455.55555555555554,0.16326530612244894,10,0,0,0,,
6,238,0.4,900.0,633.3333333333333,0.17391304347826092,10,0,0,0,,
6,239,0.4,3000.0,2000.0,0.2,10,0,0,0,,
6,240,0.4,0.004555555555555556,0.002777777777777778,0.2424242424242424,10,230,116,1,0.003681289736425313,134902.93302937958
6,241,0.4,0.007222222222222223,0.004555555555555556,0.22641509433962265,10,143,72,0,0.005970352865838366,1602.977141667791
6,242,0.4,0.009,0.0054444444444444445,0.2461538461538461,10,118,59,0,0.007211074791828998,1619.534996252129
6,243,0.4,0.01,0.006333333333333334,0.2244897959183673,10,103,52,0,0.008317637711026709,1638.5789620521225
6,244,0.4,0.06333333333333332,0.03666666666666667,0.2666666666666666,10,28,3,0,0.04897788193684462,1532.2649631369627
6,245,0.4,0.0811111111111111,0.04555555555555556,0.2807017543859649,10,22,2,0,0.061376200516479455,1550.95080883328
6,246,0.4,0.1,0.05444444444444445,0.2949640287769784,10,18,2,0,0.07379042301291007,1452.4897685371427
6,247,0.4,0.6333333333333333,0.3666666666666667,0.2666666666666666,10,0,0,0,,
6,248,0.4,0.8111111111111111,0.4555555555555556,0.2807017543859649,10,0,0,0,,
6,249,0.4,1.0,0.5444444444444445,0.29496402877697836,10,0,0,0,,
6,250,0.4,4.555555555555555,2.7777777777777777,0.24242424242424243,10,0,0,0,,
6,251,0.4,7.222222222222221,4.555555555555555,0.22641509433962262,10,0,0,0,,
6,252,0.4,9.0,5.444444444444445,0.24615384615384614,10,0,0,0,,
6,253,0.4,45.55555555555556,27.77777777777778,0.2424242424242424,10,0,0,0,,
6,254,0.4,72.22222222222223,45.55555555555556,0.22641509433962267,10,0,0,0,,
6,255,0.4,90.0,54.44444444444444,0.24615384615384614,10,0,0,0,,
6,256,0.4,100.0,63.333333333333336,0.22448979591836732,10,0,0,0,,
6,257,0.4,633.3333333333333,366.66666666666663,0.26666666666666666,10,0,0,0,,
6,258,0.4,811.1111111111111,455.55555555555554,0.28070175438596495,10,0,0,0,,
6,259,0.4,1000.0,633.3333333333333,0.2244897959183674,10,0,0,0,,
6,260,0.4,0.001888888888888889,0.001,0.3076923076923077,10,408,291,23,0.001361444682465951,241542.58243584473
6,261,0.4,0.006333333333333334,0.002777777777777778,0.39024390243902446,10,188,96,0,0.003872576449216173,1641.0907802739346
6,262,0.4,0.009,0.004555555555555556,0.3278688524590163,10,126,63,0,0.006223002851691595,1628.1369506209821
6,263,0.4,0.01888888888888889,0.009,0.354581673306773,10,66,31,0,0.012416523075924106,1649.5245427380917
6,264,0.4,0.05444444444444445,0.027777777777777776,0.3243243243243244,10,30,5,0,0.038018939632056124,1643.1022941954452
6,265,0.4,0.0811111111111111,0.03666666666666667,0.3773584905660377,10,25,4,0,0.051050499997540646,1518.317327394577
6,266,0.4,0.18888888888888888,0.0811111111111111,0.39917695473251025,10,10,1,0,0.11380920613742496,840.7982979038235
6,267,0.4,0.3666666666666667,0.18888888888888888,0.32000000000000006,10,4,0,0,0.4692461641094062,1223.780021000427
6,268,0.4,0.7222222222222222,0.3666666666666667,0.3265306122448979,10,0,0,0,,
6,269,0.4,1.0,0.4555555555555556,0.37404580152671746,10,0,0,0,,
6,270,0.4,3.6666666666666665,1.8888888888888888,0.32,10,0,0,0,,
6,271,0.4,7.222222222222221,3.6666666666666665,0.32653061224489793,10,0,0,0,,
6,272,0.4,10.0,4.555555555555555,0.37404580152671757,10,0,0,0,,
6,273,0.4,18.88888888888889,10.0,0.3076923076923077,10,0,0,0,,
6,274,0.4,63.333333333333336,27.77777777777778,0.3902439024390244,10,0,0,0,,
6,275,0.4,90.0,45.55555555555556,0.3278688524590164,10,0,0,0,,
6,276,0.4,188.88888888888889,90.0,0.35458167330677287,10,0,0,0,,
6,277,0.4,544.4444444444445,277.77777777777777,0.32432432432432434,10,0,0,0,,
6,278,0.4,811.1111111111111,366.66666666666663,0.3773584905660377,10,0,0,0,,
6,279,0.4,2000.0,1000.0,0.3333333333333333,10,0,0,0,,
6,280,0.4,0.002777777777777778,0.001,0.47058823529411764,10,349,235,15,0.001425607593602188,237675.530974621
6,281,0.4,0.0054444444444444445,0.001888888888888889,0.48484848484848486,10,242,126,0,0.002691534803926914,1658.198264408028
6,282,0.4,0.009,0.003666666666666667,0.4210526315789473,10,139,70,0,0.0051522864458175615,1635.6037859998928
6,283,0.4,0.01888888888888889,0.007222222222222223,0.4468085106382978,10,73,34,0,0.010232929922807547,1576.3556246809185
6,284,0.4,0.05444444444444445,0.01888888888888889,0.4848484848484849,10,37,12,0,0.026915348039269166,1452.9316563914572
6,285,0.4,0.09,0.03666666666666667,0.4210526315789474,10,26,5,0,0.051760683195056764,1602.1564916131845
6,286,0.4,0.18888888888888888,0.07222222222222222,0.44680851063829796,10,11,1,0,0.10240160106737825,1261.8723985928261
6,287,0.4,0.4555555555555556,0.18888888888888888,0.4137931034482759,10,4,0,0,0.476450967311541,1642.943008254828
6,288,0.4,0.8111111111111111,0.2777777777777778,0.48979591836734687,10,0,0,0,,
6,289,0.4,1.8888888888888888,0.6333333333333333,0.4977973568281938,10,0,0,0,,
6,290,0.4,4.555555555555555,1.8888888888888888,0.4137931034482758,10,0,0,0,,
6,291,0.4,8.11111111111111,2.7777777777777777,0.48979591836734687,10,0,0,0,,
6,292,0.4,18.88888888888889,6.333333333333333,0.4977973568281939,10,0,0,0,,
6,293,0.4,27.77777777777778,10.0,0.47058823529411764,10,0,0,0,,
6,294,0.4,72.22222222222223,27.77777777777778,0.4444444444444445,10,0,0,0,,
6,295,0.4,100.0,36.66666666666667,0.4634146341463414,10,0,0,0,,
6,296,0.4,277.77777777777777,100.0,0.47058823529411764,10,0,0,0,,
6,297,0.4,722.2222222222222,277.77777777777777,0.4444444444444444,10,0,0,0,,
6,298,0.4,1000.0,366.66666666666663,0.46341463414634154,10,0,0,0,,
6,299,0.4,3000.0,1000.0,0.5,10,0,0,0,,
6,300,0.4,0.003666666666666667,0.001,0.5714285714285715,10,304,211,12,0.001445439770745928,116438.80508841152
6,301,0.4,0.007222222222222223,0.001888888888888889,0.5853658536585367,10,211,112,1,0.002741574171927881,127820.65696069939
6,302,0.4,0.01888888888888889,0.0054444444444444445,0.5525114155251142,10,87,40,0,0.007870457896950985,1599.1689691058689
6,303,0.4,0.027777777777777776,0.009,0.5105740181268882,10,59,26,0,0.012882495516931335,1555.7682093554029
6,304,0.4,0.07222222222222222,0.01888888888888889,0.5853658536585367,10,37,11,0,0.027415741719278835,1579.4966832238113
6,305,0.4,0.1,0.027777777777777776,0.5652173913043479,10,26,5,0,0.040179081084894,1399.2102616717268
6,306,0.4,0.2777777777777778,0.0811111111111111,0.5479876160990712,10,9,1,0,0.11741160773849232,1189.0059735044026
6,307,0.4,0.6333333333333333,0.18888888888888888,0.5405405405405406,10,3,0,0,0.4824549699799866,1020.0541717906058
6,308,0.4,1.0,0.2777777777777778,0.5652173913043479,10,0,0,0,,
6,309,0.4,2.7777777777777777,0.8111111111111111,0.5479876160990712,10,0,0,0,,
6,310,0.4,3.6666666666666665,1.0,0.5714285714285715,10,0,0,0,,
6,311,0.4,9.0,2.7777777777777777,0.5283018867924528,10,0,0,0,,
6,312,0.4,27.77777777777778,7.222222222222221,0.5873015873015873,10,0,0,0,,
6,313,0.4,36.66666666666667,10.0,0.5714285714285715,10,0,0,0,,
6,314,0.4,90.0,27.77777777777778,0.5283018867924528,10,0,0,0,,
6,315,0.4,188.88888888888889,54.44444444444444,0.5525114155251143,10,0,0,0,,
6,316,0.4,277.77777777777777,90.0,0.5105740181268882,10,0,0,0,,
6,317,0.4,722.2222222222222,188.88888888888889,0.5853658536585366,10,0,0,0,,
6,318,0.4,2000.0,544.4444444444445,0.572052401746725,10,0,0,0,,
6,319,0.4,3000.0,900.0,0.5384615384615384,10,0,0,0,,
6,320,0.4,0.004555555555555556,0.001,0.64,10,259,193,10,0.0014588142602753474,112490.1267742646
6,321,0.4,0.01,0.001888888888888889,0.6822429906542055,10,178,99,1,0.0027669416454115126,54478.03110113964
6,322,0.4,0.027777777777777776,0.006333333333333334,0.6286644951140065,10,75,32,0,0.00924698173938223,1631.6664720469698
6,323,0.4,0.04555555555555556,0.00811111111111111,0.6977225672877847,10,61,23,0,0.01191242008027375,1589.6605505653226
6,324,0.4,0.0811111111111111,0.01888888888888889,0.6222222222222222,10,34,10,0,0.02754228703338166,1515.9237563399586
6,325,0.4,0.18888888888888888,0.04555555555555556,0.6113744075829383,10,17,2,0,0.0663743070401909,1363.551425593526
6,326,0.4,0.3666666666666667,0.0811111111111111,0.6377171215880892,10,9,0,0,0.11921280853902602,1134.8732080089815
6,327,0.4,0.5444444444444445,0.1,0.6896551724137931,10,8,0,0,0.14803202134756505,1024.5271322683925
6,328,0.4,1.8888888888888888,0.3666666666666667,0.6748768472906403,10,0,0,0,,
6,329,0.4,3.6666666666666665,0.7222222222222222,0.6708860759493671,10,0,0,0,,
6,330,0.4,4.555555555555555,0.9,0.670061099796334,10,0,0,0,,
6,331,0.4,9.0,1.8888888888888888,0.6530612244897959,10,0,0,0,,
6,332,0.4,27.77777777777778,5.444444444444445,0.6722408026755854,10,0,0,0,,
6,333,0.4,45.55555555555556,8.11111111111111,0.6977225672877846,10,0,0,0,,
6,334,0.4,81.11111111111111,18.88888888888889,0.6222222222222222,10,0,0,0,,
6,335,0.4,188.88888888888889,45.55555555555556,0.6113744075829383,10,0,0,0,,
6,336,0.4,366.66666666666663,81.11111111111111,0.6377171215880894,10,0,0,0,,
6,337,0.4,455.55555555555554,100.0,0.64,10,0,0,0,,
6,338,0.4,1000.0,188.88888888888889,0.6822429906542056,10,0,0,0,,
6,339,0.4,3000.0,722.2222222222222,0.6119402985074627,10,0,0,0,,
6,340,0.4,0.006333333333333334,0.001,0.7272727272727273,10,232,176,21,0.0014723125024327193,97356.05856105569
6,341,0.4,0.03666666666666667,0.004555555555555556,0.7789757412398922,10,84,36,0,0.006729766562843182,1630.9305549013798
6,342,0.4,0.05444444444444445,0.006333333333333334,0.7915904936014624,10,67,26,0,0.009332543007969905,1582.2783407233542
6,343,0.4,0.06333333333333332,0.009,0.7511520737327189,10,50,19,0,0.013243415351946643,1601.553823330751
6,344,0.4,0.09,0.01,0.8,10,45,16,0,0.014791083881682071,1540.3525011214606
6,345,0.4,0.3666666666666667,0.06333333333333332,0.7054263565891472,10,8,0,0,0.09332543007969915,991.8990304781544
6,346,0.4,0.5444444444444445,0.0811111111111111,0.7406749555950266,10,9,0,0,0.11981320880587058,1346.4569884591747
6,347,0.4,0.7222222222222222,0.0811111111111111,0.7980636237897648,10,10,0,0,0.12041360907271514,1404.7612910724306
6,348,0.4,2.7777777777777777,0.3666666666666667,0.7667844522968198,10,0,0,0,,
6,349,0.4,4.555555555555555,0.6333333333333333,0.7558886509635975,10,0,0,0,,
6,350,0.4,6.333333333333333,0.7222222222222222,0.795275590551181,10,0,0,0,,
6,351,0.4,7.222222222222221,1.0,0.7567567567567567,10,0,0,0,,
6,352,0.4,36.66666666666667,4.555555555555555,0.7789757412398921,10,0,0,0,,
6,353,0.4,54.44444444444444,6.333333333333333,0.7915904936014625,10,0,0,0,,
6,354,0.4,63.333333333333336,9.0,0.7511520737327189,10,0,0,0,,
6,355,0.4,90.0,10.0,0.8,10,0,0,0,,
6,356,0.4,366.66666666666663,63.333333333333336,0.7054263565891473,10,0,0,0,,
6,357,0.4,544.4444444444445,81.11111111111111,0.7406749555950267,10,0,0,0,,
6,358,0.4,722.2222222222222,81.11111111111111,0.7980636237897649,10,0,0,0,,
6,359,0.4,3000.0,455.55555555555554,0.7363344051446945,10,0,0,0,,
6,360,0.4,0.009,0.001,0.8000000000000002,10,198,162,1,0.0014791083881682072,104815.51969747877
6,361,0.4,0.04555555555555556,0.003666666666666667,0.8510158013544019,10,83,42,1,0.005420008904016238,38714.74175382374
6,362,0.4,0.07222222222222222,0.0054444444444444445,0.8597997138769671,10,61,28,1,0.008053784411990669,7358.482016979859
6,363,0.4,0.09,0.006333333333333334,0.8685121107266437,10,54,24,0,0.009375620069258801,1628.7654773496504
6,364,0.4,0.18888888888888888,0.01,0.8994413407821228,10,30,12,0,0.014791083881682071,1299.5055955577975
6,365,0.4,0.5444444444444445,0.04555555555555556,0.8455743879472692,10,10,0,0,0.06760829753919818,1296.40851302078
6,366,0.4,0.8111111111111111,0.04555555555555556,0.8936446173800259,10,11,0,0,0.06760829753919818,1301.0440364892395
6,367,0.4,0.9,0.09,0.8181818181818182,10,10,0,0,0.13362241494329552,1571.015997080774
6,368,0.4,2.7777777777777777,0.2777777777777778,0.8181818181818182,10,0,0,0,,
6,369,0.4,6.333333333333333,0.4555555555555556,0.8657937806873977,10,0,0,0,,
6,370,0.4,8.11111111111111,0.7222222222222222,0.8364779874213837,10,0,0,0,,
6,371,0.4,10.0,0.7222222222222222,0.8652849740932644,10,0,0,0,,
6,372,0.4,45.55555555555556,2.7777777777777777,0.8850574712643677,10,0,0,0,,
6,373,0.4,72.22222222222223,4.555555555555555,0.8813314037626627,10,0,0,0,,
6,374,0.4,90.0,5.444444444444445,0.8859138533178115,10,0,0,0,,
6,375,0.4,100.0,10.0,0.8181818181818182,10,0,0,0,,
6,376,0.4,544.4444444444445,36.66666666666667,0.8738049713193117,10,0,0,0,,
6,377,0.4,722.2222222222222,72.22222222222223,0.8181818181818182,10,0,0,0,,
6,378,0.4,900.0,81.11111111111111,0.8346545866364666,10,0,0,0,,
6,379,0.4,3000.0,277.77777777777777,0.8305084745762712,10,0,0,0,,
6,380,0.4,0.027777777777777776,0.001,0.9305019305019304,10,150,139,3,0.0014791083881682072,111482.6797564429
6,381,0.4,0.4555555555555556,0.003666666666666667,0.9840309702395356,10,38,35,0,0.005445026528424209,1276.7868066749804
6,382,0.4,0.9,0.003666666666666667,0.9918849133161194,10,38,35,0,0.005445026528424209,1483.316829224507
6,383,0.4,2.7777777777777777,0.0811111111111111,0.94325689856199,10,10,0,0,0.12101400933955972,1572.21279347963
6,384,0.4,5.444444444444445,0.09,0.9674764103593656,10,9,0,0,0.1342228152101401,1497.1396804253814
6,385,0.4,8.11111111111111,0.04555555555555556,0.98882985969214,10,11,0,0,0.06760829753919818,1337.149318791499
6,386,0.4,18.88888888888889,0.006333333333333334,0.9993296365336328,10,24,21,0,0.009375620069258801,1531.7230530791305
6,387,0.4,36.66666666666667,0.01888888888888889,0.998970227458582,10,19,4,0,0.028054336379517132,1395.9917079005634
6,388,0.4,54.44444444444444,0.027777777777777776,0.9989801121876594,10,17,1,0,0.041304750199016145,1501.6500251566704
6,389,0.4,72.22222222222223,0.027777777777777776,0.9992310649750098,10,17,1,0,0.041304750199016145,1501.6386681186432
6,390,0.4,90.0,0.009,0.9998000199980002,10,24,15,0,0.013365955165464419,1106.7462336336862
6,391,0.4,188.88888888888889,0.0054444444444444445,0.9999423546027204,10,28,24,0,0.00809095899178383,1580.5390988366864
6,392,0.4,277.77777777777777,1.0,0.9928258270227183,10,0,0,0,,
6,393,0.4,455.55555555555554,0.03666666666666667,0.9998390373457745,10,14,1,0,0.05445026528424215,1523.0030374210305
6,394,0.4,544.4444444444445,7.222222222222221,0.9738167170191341,10,0,0,0,,
6,395,0.4,722.2222222222222,0.06333333333333332,0.9998246307631483,10,9,0,0,0.09418895965228417,809.2942958388136
6,396,0.4,811.1111111111111,8.11111111111111,0.9801980198019803,10,0,0,0,,
6,397,0.4,1000.0,0.04555555555555556,0.9999088930393171,10,11,0,0,0.06760829753919818,1337.877427220357
6,398,0.4,2000.0,5.444444444444445,0.9945703363067206,10,0,0,0,,
6,399,0.4,3000.0,100.0,0.9354838709677419,10,0,0,0,,
7,0,0.5,0.001,0.027777777777777776,-0.9305019305019304,10,413,316,0,0.0015703628043335514,1678.704499530631
7,1,0.5,0.001888888888888889,0.7222222222222222,-0.9947828755562373,10,319,169,1,0.0029648313895243423,1154909.597343103
7,2,0.5,0.002777777777777778,54.44444444444444,-0.9998979643895719,10,221,115,1,0.004365158322401661,292455.2591871393
7,3,0.5,0.004555555555555556,0.1,-0.9128586609989372,10,137,61,0,0.007144963260755135,1625.730719005869
7,4,0.5,0.0054444444444444445,45.55555555555556,-0.9997610041726721,10,116,58,0,0.008550667128846832,1605.8571719184513
7,5,0.5,0.007222222222222223,0.5444444444444445,-0.9738167170191339,10,88,44,0,0.011324003632355566,1645.1608419843699
7,6,0.5,0.00811111111111111,90.0,-0.999819769329431,10,78,39,0,0.012764388088113435,1574.577964704882
7,7,0.5,0.01,2.7777777777777777,-0.9928258270227184,10,63,32,0,0.01570362804333553,1618.3867927347976
7,8,0.5,0.01888888888888889,722.2222222222222,-0.9999476936757038,10,36,17,0,0.029648313895243424,1591.2943948171219
7,9,0.5,0.03666666666666667,90.0,-0.999185517011588,10,24,4,0,0.05754399373371572,1500.2452897000521
7,10,0.5,0.05444444444444445,81.11111111111111,-0.998658434749278,10,19,1,0,0.08590135215053961,1659.7917202626763
7,11,0.5,0.07222222222222222,100.0,-0.9985565980125465,10,13,1,0,0.11380920613742496,1633.5585771855337
7,12,0.5,0.09,188.88888888888889,-0.9990475126557345,10,11,0,0,0.14262841894596398,1528.5462185758279
7,13,0.5,0.18888888888888888,633.3333333333333,-0.9994036866197801,10,2,0,0,0.5857238158772515,293.8465118021877
7,14,0.5,0.4555555555555556,45.55555555555556,-0.9801980198019802,10,0,0,0,,
7,15,0.5,0.7222222222222222,36.66666666666667,-0.9613670133729569,10,0,0,0,,
7,16,0.5,1.0,45.55555555555556,-0.9570405727923628,10,0,0,0,,
7,17,0.5,3.6666666666666665,544.4444444444445,-0.9866207176160553,10,0,0,0,,
7,18,0.5,8.11111111111111,900.0,-0.9821363024593173,10,0,0,0,,
7,19,0.5,100.0,3000.0,-0.9354838709677419,10,0,0,0,,
7,20,0.5,0.001,0.009,-0.8000000000000002,10,421,329,2,0.0015631476426409539,5505.977085124299
7,21,0.5,0.003666666666666667,0.05444444444444445,-0.8738049713193117,10,177,83,0,0.005754399373371567,1639.5532706102115
7,22,0.5,0.0054444444444444445,0.0811111111111111,-0.8741976893453145,10,121,51,0,0.008550667128846832,1596.3700978906193
7,23,0.5,0.007222222222222223,0.09,-0.8514285714285713,10,95,35,0,0.011324003632355566,1583.1027257211879
7,24,0.5,0.01,0.18888888888888888,-0.8994413407821228,10,68,22,0,0.01570362804333553,1642.0340312978103
7,25,0.5,0.04555555555555556,0.5444444444444445,-0.8455743879472692,10,15,3,0,0.07144963260755134,1645.7129392672005
7,26,0.5,0.06333333333333332,0.6333333333333333,-0.8181818181818181,10,14,1,0,0.09954054173515274,1336.5878196806734
7,27,0.5,0.0811111111111111,0.9,-0.8346545866364665,10,11,0,0,0.1276184122748499,1396.9127604038229
7,28,0.5,0.2777777777777778,2.7777777777777777,-0.8181818181818182,10,1,0,0,0.8577051367578384,15.180311273043559
7,29,0.5,0.4555555555555556,7.222222222222221,-0.8813314037626627,10,0,0,0,,
7,30,0.5,0.6333333333333333,9.0,-0.8685121107266437,10,0,0,0,,
7,31,0.5,0.9,9.0,-0.8181818181818181,10,0,0,0,,
7,32,0.5,3.6666666666666665,36.66666666666667,-0.8181818181818183,10,0,0,0,,
7,33,0.5,5.444444444444445,63.333333333333336,-0.8416801292407108,10,0,0,0,,
7,34,0.5,7.222222222222221,72.22222222222223,-0.818181818181818,10,0,0,0,,
7,35,0.5,10.0,100.0,-0.8181818181818182,10,0,0,0,,
7,36,0.5,36.66666666666667,633.3333333333333,-0.8905472636815921,10,0,0,0,,
7,37,0.5,54.44444444444444,900.0,-0.8859138533178114,10,0,0,0,,
7,38,0.5,72.22222222222223,1000.0,-0.8652849740932643,10,0,0,0,,
7,39,0.5,277.77777777777777,3000.0,-0.8305084745762712,10,0,0,0,,
7,40,0.5,0.001,0.006333333333333334,-0.7272727272727273,10,410,335,7,0.0015488166189124811,92000.64672070665
7,41,0.5,0.004555555555555556,0.027777777777777776,-0.718213058419244,10,152,74,0,0.007046930689671467,1593.1255711018944
7,42,0.5,0.006333333333333334,0.05444444444444445,-0.7915904936014624,10,107,46,0,0.009862794856312099,1583.2478262720037
7,43,0.5,0.00811111111111111,0.07222222222222222,-0.7980636237897648,10,81,32,0,0.01264736347471151,1504.9956055269881
7,44,0.5,0.01,0.0811111111111111,-0.7804878048780489,10,69,25,0,0.01555965631605075,1608.7868288285708
7,45,0.5,0.05444444444444445,0.3666666666666667,-0.7414248021108178,10,13,3,0,0.08472274141405964,1155.8642963222458
7,46,0.5,0.07222222222222222,0.5444444444444445,-0.7657657657657659,10,11,0,0,0.1132088058705804,1627.4466631118287
7,47,0.5,0.09,0.6333333333333333,-0.751152073732719,10,11,0,0,0.14082721814543028,1217.2059419934035
7,48,0.5,0.3666666666666667,2.7777777777777777,-0.7667844522968198,10,0,0,0,,
7,49,0.5,0.6333333333333333,4.555555555555555,-0.7558886509635975,10,0,0,0,,
7,50,0.5,0.8111111111111111,5.444444444444445,-0.7406749555950267,10,0,0,0,,
7,51,0.5,1.0,6.333333333333333,-0.7272727272727273,10,0,0,0,,
7,52,0.5,4.555555555555555,36.66666666666667,-0.7789757412398921,10,0,0,0,,
7,53,0.5,7.222222222222221,45.55555555555556,-0.7263157894736842,10,0,0,0,,
7,54,0.5,9.0,54.44444444444444,-0.7162872154115587,10,0,0,0,,
7,55,0.5,10.0,81.11111111111111,-0.7804878048780488,10,0,0,0,,
7,56,0.5,54.44444444444444,455.55555555555554,-0.7864923747276688,10,0,0,0,,
7,57,0.5,72.22222222222223,633.3333333333333,-0.7952755905511812,10,0,0,0,,
7,58,0.5,90.0,722.2222222222222,-0.7783857729138167,10,0,0,0,,
7,59,0.5,455.55555555555554,3000.0,-0.7363344051446945,10,0,0,0,,
7,60,0.5,0.001,0.004555555555555556,-0.64,10,418,341,15,0.0015346169827992941,193723.42643295915
7,61,0.5,0.001888888888888889,0.01,-0.6822429906542055,10,353,184,0,0.0029107171180666053,1641.3011997572344
7,62,0.5,0.006333333333333334,0.027777777777777776,-0.6286644951140065,10,113,55,0,0.009682778562612486,1536.2412288569285
7,63,0.5,0.009,0.03666666666666667,-0.6058394160583941,10,83,36,0,0.01374041975012515,1615.3111973155321
7,64,0.5,0.01888888888888889,0.0811111111111111,-0.6222222222222222,10,43,12,0,0.028840315031266057,1510.5182087598591
7,65,0.5,0.04555555555555556,0.18888888888888888,-0.6113744075829383,10,18,2,0,0.0695024317588797,1490.0490210794314
7,66,0.5,0.0811111111111111,0.3666666666666667,-0.6377171215880892,10,11,1,0,0.12521681120747166,1627.8315217806742
7,67,0.5,0.1,0.5444444444444445,-0.6896551724137931,10,8,0,0,0.15583722481654436,1468.3334401349182
7,68,0.5,0.3666666666666667,1.8888888888888888,-0.6748768472906403,10,0,0,0,,
7,69,0.5,0.7222222222222222,3.6666666666666665,-0.6708860759493671,10,0,0,0,,
7,70,0.5,0.9,4.555555555555555,-0.670061099796334,10,0,0,0,,
7,71,0.5,1.8888888888888888,9.0,-0.6530612244897959,10,0,0,0,,
7,72,0.5,5.444444444444445,27.77777777777778,-0.6722408026755854,10,0,0,0,,
7,73,0.5,9.0,36.66666666666667,-0.6058394160583942,10,0,0,0,,
7,74,0.5,18.88888888888889,81.11111111111111,-0.6222222222222222,10,0,0,0,,
7,75,0.5,45.55555555555556,188.88888888888889,-0.6113744075829383,10,0,0,0,,
7,76,0.5,81.11111111111111,366.66666666666663,-0.6377171215880894,10,0,0,0,,
7,77,0.5,100.0,455.55555555555554,-0.64,10,0,0,0,,
7,78,0.5,188.88888888888889,1000.0,-0.6822429906542056,10,0,0,0,,
7,79,0.5,722.2222222222222,3000.0,-0.6119402985074627,10,0,0,0,,
7,80,0.5,0.001,0.003666666666666667,-0.5714285714285715,10,420,347,27,0.0015135612484362072,394202.23820357764
7,81,0.5,0.001888888888888889,0.007222222222222223,-0.5853658536585367,10,355,191,4,0.002870780582024692,548280.9148219334
7,82,0.5,0.0054444444444444445,0.01888888888888889,-0.5525114155251142,10,134,67,0,0.008203515443298184,1542.6962973101345
7,83,0.5,0.009,0.027777777777777776,-0.5105740181268882,10,85,41,0,0.013427649611378642,1642.8261231643498
7,84,0.5,0.01888888888888889,0.07222222222222222,-0.5853658536585367,10,46,12,0,0.028707805820246922,1482.5984850471104
7,85,0.5,0.05444444444444445,0.18888888888888888,-0.5525114155251141,10,15,1,0,0.08241381150130021,1620.220945411604
7,86,0.5,0.09,0.2777777777777778,-0.5105740181268883,10,8,0,0,0.13542361574382922,1237.6291927363895
7,87,0.5,0.18888888888888888,0.6333333333333333,-0.5405405405405406,10,2,0,0,0.5653102068045364,220.56372453698407
7,88,0.5,0.2777777777777778,1.0,-0.5652173913043479,10,1,0,0,0.8348899266177451,13.302576637926869
7,89,0.5,0.8111111111111111,2.7777777777777777,-0.5479876160990712,10,0,0,0,,
7,90,0.5,1.8888888888888888,6.333333333333333,-0.5405405405405406,10,0,0,0,,
7,91,0.5,2.7777777777777777,10.0,-0.5652173913043478,10,0,0,0,,
7,92,0.5,8.11111111111111,27.77777777777778,-0.5479876160990713,10,0,0,0,,
7,93,0.5,10.0,36.66666666666667,-0.5714285714285715,10,0,0,0,,
7,94,0.5,27.77777777777778,90.0,-0.5283018867924528,10,0,0,0,,
7,95,0.5,72.22222222222223,277.77777777777777,-0.5873015873015872,10,0,0,0,,
7,96,0.5,100.0,366.66666666666663,-0.5714285714285714,10,0,0,0,,
7,97,0.5,277.77777777777777,900.0,-0.5283018867924527,10,0,0,0,,
7,98,0.5,633.3333333333333,2000.0,-0.518987341772152,10,0,0,0,,
7,99,0.5,1000.0,3000.0,-0.5,10,0,0,0,,
7,100,0.5,0.001,0.002777777777777778,-0.47058823529411764,10,430,348,31,0.0014723125024327193,227899.299196299
7,101,0.5,0.001888888888888889,0.0054444444444444445,-0.48484848484848486,10,369,198,5,0.0027925438412373365,303584.104108535
7,102,0.5,0.003666666666666667,0.009,-0.4210526315789473,10,209,105,1,0.005296634438916581,64003.1959696833
7,103,0.5,0.007222222222222223,0.01888888888888889,-0.4468085106382978,10,106,52,0,0.010568175092136586,1626.7079045196006
7,104,0.5,0.01888888888888889,0.05444444444444445,-0.4848484848484849,10,44,13,0,0.027925438412373393,1480.546600254484
7,105,0.5,0.027777777777777776,0.0811111111111111,-0.4897959183673469,10,32,5,0,0.04111497211045221,1567.8361225166968
7,106,0.5,0.06333333333333332,0.18888888888888888,-0.4977973568281938,10,13,0,0,0.0946237161365793,1359.6658936917495
7,107,0.5,0.18888888888888888,0.4555555555555556,-0.4137931034482759,10,2,0,0,0.5460973982655103,178.70221191333448
7,108,0.5,0.2777777777777778,0.8111111111111111,-0.48979591836734687,10,1,0,0,0.8204803202134756,12.503732092492367
7,109,0.5,0.6333333333333333,1.8888888888888888,-0.4977973568281938,10,0,0,0,,
7,110,0.5,1.0,2.7777777777777777,-0.47058823529411764,10,0,0,0,,
7,111,0.5,2.7777777777777777,7.222222222222221,-0.44444444444444436,10,0,0,0,,
7,112,0.5,3.6666666666666665,10.0,-0.46341463414634154,10,0,0,0,,
7,113,0.5,10.0,27.77777777777778,-0.47058823529411764,10,0,0,0,,
7,114,0.5,27.77777777777778,72.22222222222223,-0.4444444444444445,10,0,0,0,,
7,115,0.5,36.66666666666667,90.0,-0.4210526315789473,10,0,0,0,,
7,116,0.5,72.22222222222223,188.88888888888889,-0.4468085106382979,10,0,0,0,,
7,117,0.5,188.88888888888889,544.4444444444445,-0.4848484848484848,10,0,0,0,,
7,118,0.5,366.66666666666663,900.0,-0.42105263157894746,10,0,0,0,,
7,119,0.5,811.1111111111111,2000.0,-0.42292490118577075,10,0,0,0,,
7,120,0.5,0.001,0.001888888888888889,-0.3076923076923077,10,475,394,67,0.0013740419750125148,231353.11886294113
7,121,0.5,0.002777777777777778,0.006333333333333334,-0.39024390243902446,10,274,140,1,0.003962780342554394,147032.26289512927
7,122,0.5,0.004555555555555556,0.009,-0.3278688524590163,10,175,88,0,0.00630957344480193,1660.5055314042713
7,123,0.5,0.009,0.01888888888888889,-0.354581673306773,10,88,44,0,0.01264736347471151,1594.8547182181446
7,124,0.5,0.027777777777777776,0.05444444444444445,-0.3243243243243244,10,32,9,0,0.038547835766577165,1411.6034768835636
7,125,0.5,0.03666666666666667,0.0811111111111111,-0.3773584905660377,10,32,4,0,0.05223961889991197,1690.2155602558628
7,126,0.5,0.0811111111111111,0.18888888888888888,-0.39917695473251025,10,11,0,0,0.11741160773849232,1464.3413246007851
7,127,0.5,0.18888888888888888,0.3666666666666667,-0.32000000000000006,10,2,0,0,0.5232821881254169,150.51231497628996
7,128,0.5,0.3666666666666667,0.7222222222222222,-0.3265306122448979,10,0,0,0,,
7,129,0.5,0.4555555555555556,1.0,-0.37404580152671746,10,0,0,0,,
7,130,0.5,1.8888888888888888,3.6666666666666665,-0.32,10,0,0,0,,
7,131,0.5,3.6666666666666665,7.222222222222221,-0.32653061224489793,10,0,0,0,,
7,132,0.5,4.555555555555555,10.0,-0.37404580152671757,10,0,0,0,,
7,133,0.5,10.0,18.88888888888889,-0.3076923076923077,10,0,0,0,,
7,134,0.5,27.77777777777778,63.333333333333336,-0.3902439024390244,10,0,0,0,,
7,135,0.5,45.55555555555556,90.0,-0.3278688524590164,10,0,0,0,,
7,136,0.5,90.0,188.88888888888889,-0.35458167330677287,10,0,0,0,,
7,137,0.5,277.77777777777777,544.4444444444445,-0.32432432432432434,10,0,0,0,,
7,138,0.5,366.66666666666663,811.1111111111111,-0.3773584905660377,10,0,0,0,,
7,139,0.5,1000.0,2000.0,-0.3333333333333333,10,0,0,0,,
7,140,0.5,0.002777777777777778,0.004555555555555556,-0.2424242424242424,10,294,150,1,0.0036643757464783332,264202.99506680766
7,141,0.5,0.004555555555555556,0.007222222222222223,-0.22641509433962265,10,183,92,0,0.005942921586155727,1642.7400992802645
7,142,0.5,0.0054444444444444445,0.009,-0.2461538461538461,10,152,76,0,0.007177942912713615,1614.4886631210547
7,143,0.5,0.006333333333333334,0.01,-0.2244897959183673,10,132,66,0,0.008241381150130029,1627.1552096916937
7,144,0.5,0.03666666666666667,0.06333333333333332,-0.2666666666666666,10,26,5,0,0.04920395356814511,1426.1381003759038
7,145,0.5,0.05444444444444445,0.09,-0.24615384615384614,10,17,3,0,0.07211074791828997,1442.4423017451948
7,146,0.5,0.06333333333333332,0.1,-0.22448979591836743,10,17,2,0,0.08279421637123345,1566.6493331807576
7,147,0.5,0.3666666666666667,0.6333333333333333,-0.2666666666666666,10,0,0,0,,
7,148,0.5,0.4555555555555556,0.8111111111111111,-0.2807017543859649,10,0,0,0,,
7,149,0.5,0.5444444444444445,1.0,-0.29496402877697836,10,0,0,0,,
7,150,0.5,3.6666666666666665,6.333333333333333,-0.26666666666666666,10,0,0,0,,
7,151,0.5,4.555555555555555,8.11111111111111,-0.2807017543859649,10,0,0,0,,
7,152,0.5,5.444444444444445,10.0,-0.2949640287769784,10,0,0,0,,
7,153,0.5,27.77777777777778,45.55555555555556,-0.2424242424242424,10,0,0,0,,
7,154,0.5,45.55555555555556,72.22222222222223,-0.22641509433962267,10,0,0,0,,
7,155,0.5,54.44444444444444,100.0,-0.2949640287769784,10,0,0,0,,
7,156,0.5,277.77777777777777,455.55555555555554,-0.24242424242424243,10,0,0,0,,
7,157,0.5,455.55555555555554,722.2222222222222,-0.2264150943396226,10,0,0,0,,
7,158,0.5,544.4444444444445,900.0,-0.24615384615384617,10,0,0,0,,
7,159,0.5,2000.0,3000.0,-0.2,10,0,0,0,,
7,160,0.5,0.001888888888888889,0.002777777777777778,-0.19047619047619047,10,411,226,11,0.00239883291901949,228880.04147139812
7,161,0.5,0.003666666666666667,0.0054444444444444445,-0.19512195121951215,10,231,116,0,0.004655860935229591,1625.818030447527
7,162,0.5,0.006333333333333334,0.00811111111111111,-0.123076923076923,10,139,70,0,0.007585775750291836,1630.4676760183102
7,163,0.5,0.00811111111111111,0.01,-0.1042944785276074,10,110,55,0,0.00950604793656281,1638.4260928745175
7,164,0.5,0.03666666666666667,0.04555555555555556,-0.10810810810810813,10,29,10,0,0.04325138310350088,1647.9080607564001
7,165,0.5,0.05444444444444445,0.0811111111111111,-0.1967213114754098,10,16,1,0,0.0695024317588797,1203.7249985156732
7,166,0.5,0.07222222222222222,0.1,-0.16129032258064524,10,13,1,0,0.08953647655495937,1528.2577067672885
7,167,0.5,0.3666666666666667,0.4555555555555556,-0.10810810810810811,10,0,0,0,,
7,168,0.5,0.5444444444444445,0.7222222222222222,-0.1403508771929824,10,0,0,0,,
7,169,0.5,0.7222222222222222,0.9,-0.10958904109589043,10,0,0,0,,
7,170,0.5,2.7777777777777777,3.6666666666666665,-0.13793103448275862,10,0,0,0,,
7,171,0.5,5.444444444444445,7.222222222222221,-0.1403508771929824,10,0,0,0,,
7,172,0.5,6.333333333333333,9.0,-0.1739130434782609,10,0,0,0,,
7,173,0.5,18.88888888888889,27.77777777777778,-0.19047619047619047,10,0,0,0,,
7,174,0.5,45.55555555555556,63.333333333333336,-0.163265306122449,10,0,0,0,,
7,175,0.5,63.333333333333336,90.0,-0.17391304347826084,10,0,0,0,,
7,176,0.5,81.11111111111111,100.0,-0.10429447852760734,10,0,0,0,,
7,177,0.5,366.66666666666663,544.4444444444445,-0.19512195121951226,10,0,0,0,,
7,178,0.5,633.3333333333333,811.1111111111111,-0.12307692307692313,10,0,0,0,,
7,179,0.5,811.1111111111111,1000.0,-0.10429447852760737,10,0,0,0,,
7,180,0.5,0.001,0.001,0.0,10,480,463,30,0.0010471285480508996,174617.82846008707
7,181,0.5,0.004555555555555556,0.0054444444444444445,-0.08888888888888886,10,197,99,0,0.005272298614228227,1652.9747791358916
7,182,0.5,0.007222222222222223,0.007222222222222223,0.0,10,132,66,0,0.007550922276654342,1634.8320222542504
7,183,0.5,0.009,0.01,-0.05263157894736847,10,102,51,0,0.01,1637.592897713759
7,184,0.5,0.04555555555555556,0.04555555555555556,0.0,10,26,5,0,0.04786300923226385,1571.49213759141
7,185,0.5,0.06333333333333332,0.07222222222222222,-0.0655737704918033,10,18,3,0,0.07177942912713615,1348.5531430825504
7,186,0.5,0.09,0.09,0.0,10,17,0,0,0.0946237161365793,1501.5021030973796
7,187,0.5,0.4555555555555556,0.4555555555555556,0.0,10,0,0,0,,
7,188,0.5,0.6333333333333333,0.7222222222222222,-0.06557377049180328,10,0,0,0,,
7,189,0.5,0.9,0.9,0.0,10,0,0,0,,
7,190,0.5,3.6666666666666665,3.6666666666666665,0.0,10,0,0,0,,
7,191,0.5,6.333333333333333,6.333333333333333,0.0,10,0,0,0,,
7,192,0.5,8.11111111111111,9.0,-0.05194805194805197,10,0,0,0,,
7,193,0.5,36.66666666666667,36.66666666666667,0.0,10,0,0,0,,
7,194,0.5,63.333333333333336,63.333333333333336,0.0,10,0,0,0,,
7,195,0.5,81.11111111111111,90.0,-0.05194805194805193,10,0,0,0,,
7,196,0.5,277.77777777777777,277.77777777777777,0.0,10,0,0,0,,
7,197,0.5,544.4444444444445,633.3333333333333,-0.07547169811320747,10,0,0,0,,
7,198,0.5,811.1111111111111,811.1111111111111,0.0,10,0,0,0,,
7,199,0.5,3000.0,3000.0,0.0,10,0,0,0,,
7,200,0.5,0.0054444444444444445,0.004555555555555556,0.08888888888888886,10,186,93,0,0.005081594425605605,1620.5738950721075
7,201,0.5,0.006333333333333334,0.0054444444444444445,0.0754716981132076,10,158,79,0,0.005997910762555094,1623.2431407344623
7,202,0.5,0.00811111111111111,0.007222222222222223,0.057971014492753555,10,122,61,0,0.007870457896950985,1557.5708450591253
7,203,0.5,0.01,0.009,0.05263157894736847,10,98,49,0,0.009772372209558112,1557.3208936971025
7,204,0.5,0.06333333333333332,0.05444444444444445,0.07547169811320745,10,24,1,0,0.06025595860743581,1652.0805968356956
7,205,0.5,0.0811111111111111,0.07222222222222222,0.05797101449275364,10,19,1,0,0.07906786279998253,1447.5339230828245
7,206,0.5,0.1,0.09,0.05263157894736847,10,18,0,0,0.09817479430199844,1537.7319589661033
7,207,0.5,0.5444444444444445,0.4555555555555556,0.0888888888888889,10,0,0,0,,
7,208,0.5,0.7222222222222222,0.6333333333333333,0.06557377049180328,10,0,0,0,,
7,209,0.5,0.9,0.8111111111111111,0.05194805194805195,10,0,0,0,,
7,210,0.5,5.444444444444445,4.555555555555555,0.08888888888888893,10,0,0,0,,
7,211,0.5,7.222222222222221,6.333333333333333,0.06557377049180325,10,0,0,0,,
7,212,0.5,9.0,8.11111111111111,0.05194805194805197,10,0,0,0,,
7,213,0.5,10.0,9.0,0.05263157894736842,10,0,0,0,,
7,214,0.5,63.333333333333336,54.44444444444444,0.07547169811320759,10,0,0,0,,
7,215,0.5,81.11111111111111,72.22222222222223,0.057971014492753596,10,0,0,0,,
7,216,0.5,100.0,90.0,0.05263157894736842,10,0,0,0,,
7,217,0.5,633.3333333333333,544.4444444444445,0.07547169811320747,10,0,0,0,,
7,218,0.5,811.1111111111111,722.2222222222222,0.057971014492753645,10,0,0,0,,
7,219,0.5,1000.0,900.0,0.05263157894736842,10,0,0,0,,
7,220,0.5,0.002777777777777778,0.001888888888888889,0.19047619047619047,10,380,199,3,0.0022181964198002193,175533.25698103107
7,221,0.5,0.0054444444444444445,0.003666666666666667,0.19512195121951215,10,203,102,0,0.00430526610491711,1639.6957384954444
7,222,0.5,0.00811111111111111,0.006333333333333334,0.123076923076923,10,128,64,0,0.007177942912713615,1626.9889252613805
7,223,0.5,0.01,0.00811111111111111,0.1042944785276074,10,102,51,0,0.009120108393559097,1638.5713976578795
7,224,0.5,0.05444444444444445,0.03666666666666667,0.19512195121951223,10,32,4,0,0.043052661049171055,1560.7553121396666
7,225,0.5,0.0811111111111111,0.05444444444444445,0.1967213114754098,10,21,2,0,0.06397348354826482,1526.406116611243
7,226,0.5,0.1,0.07222222222222222,0.16129032258064524,10,18,1,0,0.08394599865193973,1626.7793947232256
7,227,0.5,0.4555555555555556,0.3666666666666667,0.10810810810810811,10,0,0,0,,
7,228,0.5,0.8111111111111111,0.5444444444444445,0.19672131147540978,10,0,0,0,,
7,229,0.5,1.0,0.7222222222222222,0.16129032258064516,10,0,0,0,,
7,230,0.5,3.6666666666666665,2.7777777777777777,0.13793103448275862,10,0,0,0,,
7,231,0.5,7.222222222222221,5.444444444444445,0.1403508771929824,10,0,0,0,,
7,232,0.5,9.0,7.222222222222221,0.10958904109589046,10,0,0,0,,
7,233,0.5,36.66666666666667,27.77777777777778,0.13793103448275865,10,0,0,0,,
7,234,0.5,72.22222222222223,54.44444444444444,0.1403508771929825,10,0,0,0,,
7,235,0.5,90.0,63.333333333333336,0.17391304347826084,10,0,0,0,,
7,236,0.5,277.77777777777777,188.88888888888889,0.1904761904761905,10,0,0,0,,
7,237,0.5,633.3333333333333,455.55555555555554,0.16326530612244894,10,0,0,0,,
7,238,0.5,900.0,633.3333333333333,0.17391304347826092,10,0,0,0,,
7,239,0.5,3000.0,2000.0,0.2,10,0,0,0,,
7,240,0.5,0.004555555555555556,0.002777777777777778,0.2424242424242424,10,252,127,0,0.003326595532940047,1593.224596154738
7,241,0.5,0.007222222222222223,0.004555555555555556,0.22641509433962265,10,159,79,0,0.005420008904016238,1593.3500013689802
7,242,0.5,0.009,0.0054444444444444445,0.2461538461538461,10,129,65,0,0.006516283940608427,1647.9306966425434
7,243,0.5,0.01,0.006333333333333334,0.2244897959183673,10,115,57,0,0.0075162289401820605,1593.2255360976483
7,244,0.5,0.06333333333333332,0.03666666666666667,0.2666666666666666,10,34,5,0,0.044258837236262644,1513.049631993915
7,245,0.5,0.0811111111111111,0.04555555555555556,0.2807017543859649,10,27,4,0,0.05520774392807573,1425.8015590807706
7,246,0.5,0.1,0.05444444444444445,0.2949640287769784,10,24,4,0,0.0663743070401909,1598.719851529391
7,247,0.5,0.6333333333333333,0.3666666666666667,0.2666666666666666,10,0,0,0,,
7,248,0.5,0.8111111111111111,0.4555555555555556,0.2807017543859649,10,0,0,0,,
7,249,0.5,1.0,0.5444444444444445,0.29496402877697836,10,0,0,0,,
7,250,0.5,4.555555555555555,2.7777777777777777,0.24242424242424243,10,0,0,0,,
7,251,0.5,7.222222222222221,4.555555555555555,0.22641509433962262,10,0,0,0,,
7,252,0.5,9.0,5.444444444444445,0.24615384615384614,10,0,0,0,,
7,253,0.5,45.55555555555556,27.77777777777778,0.2424242424242424,10,0,0,0,,
7,254,0.5,72.22222222222223,45.55555555555556,0.22641509433962267,10,0,0,0,,
7,255,0.5,90.0,54.44444444444444,0.24615384615384614,10,0,0,0,,
7,256,0.5,100.0,63.333333333333336,0.22448979591836732,10,0,0,0,,
7,257,0.5,633.3333333333333,366.66666666666663,0.26666666666666666,10,0,0,0,,
7,258,0.5,811.1111111111111,455.55555555555554,0.28070175438596495,10,0,0,0,,
7,259,0.5,1000.0,633.3333333333333,0.2244897959183674,10,0,0,0,,
7,260,0.5,0.001888888888888889,0.001,0.3076923076923077,10,418,310,17,0.001224616199265049,215381.47865088886
7,261,0.5,0.006333333333333334,0.002777777777777778,0.39024390243902446,10,213,108,0,0.0034673685045253167,1639.1513780781745
7,262,0.5,0.009,0.004555555555555556,0.3278688524590163,10,140,70,0,0.0055975760149511045,1660.4939877200884
7,263,0.5,0.01888888888888889,0.009,0.354581673306773,10,72,34,0,0.011117317272815919,1596.6119103323979
7,264,0.5,0.05444444444444445,0.027777777777777776,0.3243243243243244,10,42,8,0,0.034197944251370904,1536.1180716426816
7,265,0.5,0.0811111111111111,0.03666666666666667,0.3773584905660377,10,29,5,0,0.04570881896148752,1343.739842196056
7,266,0.5,0.18888888888888888,0.0811111111111111,0.39917695473251025,10,12,0,0,0.10180120080053369,1229.5227845704253
7,267,0.5,0.3666666666666667,0.18888888888888888,0.32000000000000006,10,4,0,0,0.4236157438292195,1317.3089733623121
7,268,0.5,0.7222222222222222,0.3666666666666667,0.3265306122448979,10,0,0,0,,
7,269,0.5,1.0,0.4555555555555556,0.37404580152671746,10,0,0,0,,
7,270,0.5,3.6666666666666665,1.8888888888888888,0.32,10,0,0,0,,
7,271,0.5,7.222222222222221,3.6666666666666665,0.32653061224489793,10,0,0,0,,
7,272,0.5,10.0,4.555555555555555,0.37404580152671757,10,0,0,0,,
7,273,0.5,18.88888888888889,10.0,0.3076923076923077,10,0,0,0,,
7,274,0.5,63.333333333333336,27.77777777777778,0.3902439024390244,10,0,0,0,,
7,275,0.5,90.0,45.55555555555556,0.3278688524590164,10,0,0,0,,
7,276,0.5,188.88888888888889,90.0,0.35458167330677287,10,0,0,0,,
7,277,0.5,544.4444444444445,277.77777777777777,0.32432432432432434,10,0,0,0,,
7,278,0.5,811.1111111111111,366.66666666666663,0.3773584905660377,10,0,0,0,,
7,279,0.5,2000.0,1000.0,0.3333333333333333,10,0,0,0,,
7,280,0.5,0.002777777777777778,0.001,0.47058823529411764,10,365,269,24,0.0012647363474711521,259249.63518365452
7,281,0.5,0.0054444444444444445,0.001888888888888889,0.48484848484848486,10,268,143,3,0.00239883291901949,186195.60038903268
7,282,0.5,0.009,0.003666666666666667,0.4210526315789473,10,157,79,0,0.0046131757456037955,1647.410150221283
7,283,0.5,0.01888888888888889,0.007222222222222223,0.4468085106382978,10,85,39,0,0.009120108393559097,1698.034500312845
7,284,0.5,0.05444444444444445,0.01888888888888889,0.4848484848484849,10,46,12,0,0.023988329190194897,1544.676688387023
7,285,0.5,0.09,0.03666666666666667,0.4210526315789474,10,27,4,0,0.04613175745603795,1620.7089089074807
7,286,0.5,0.18888888888888888,0.07222222222222222,0.44680851063829796,10,14,0,0,0.09120108393559097,1565.6292751108256
7,287,0.5,0.4555555555555556,0.18888888888888888,0.4137931034482759,10,4,0,0,0.428418945963976,1229.9304788896723
7,288,0.5,0.8111111111111111,0.2777777777777778,0.48979591836734687,10,1,0,0,0.8667111407605069,34.031930583385616
7,289,0.5,1.8888888888888888,0.6333333333333333,0.4977973568281938,10,0,0,0,,
7,290,0.5,4.555555555555555,1.8888888888888888,0.4137931034482758,10,0,0,0,,
7,291,0.5,8.11111111111111,2.7777777777777777,0.48979591836734687,10,0,0,0,,
7,292,0.5,18.88888888888889,6.333333333333333,0.4977973568281939,10,0,0,0,,
7,293,0.5,27.77777777777778,10.0,0.47058823529411764,10,0,0,0,,
7,294,0.5,72.22222222222223,27.77777777777778,0.4444444444444445,10,0,0,0,,
7,295,0.5,100.0,36.66666666666667,0.4634146341463414,10,0,0,0,,
7,296,0.5,277.77777777777777,100.0,0.47058823529411764,10,0,0,0,,
7,297,0.5,722.2222222222222,277.77777777777777,0.4444444444444444,10,0,0,0,,
7,298,0.5,1000.0,366.66666666666663,0.46341463414634154,10,0,0,0,,
7,299,0.5,3000.0,1000.0,0.5,10,0,0,0,,
7,300,0.5,0.003666666666666667,0.001,0.5714285714285715,10,310,244,17,0.0012823305826560219,111100.50637831776
7,301,0.5,0.007222222222222223,0.001888888888888889,0.5853658536585367,10,228,128,1,0.002432204009073816,64779.91929496567
7,302,0.5,0.01888888888888889,0.0054444444444444445,0.5525114155251142,10,100,46,0,0.006982324040771718,1619.4745978237659
7,303,0.5,0.027777777777777776,0.009,0.5105740181268882,10,68,29,0,0.01148153621496883,1653.1860388999548
7,304,0.5,0.07222222222222222,0.01888888888888889,0.5853658536585367,10,39,11,0,0.02432204009073816,1629.680813429243
7,305,0.5,0.1,0.027777777777777776,0.5652173913043479,10,27,6,0,0.03564511334262443,1488.4427809020083
7,306,0.5,0.2777777777777778,0.0811111111111111,0.5479876160990712,10,10,1,0,0.10420280186791195,1160.36047997867
7,307,0.5,0.6333333333333333,0.18888888888888888,0.5405405405405406,10,4,0,0,0.4326217478318879,1429.0599354243934
7,308,0.5,1.0,0.2777777777777778,0.5652173913043479,10,1,0,0,0.8691127418278852,33.597180866794524
7,309,0.5,2.7777777777777777,0.8111111111111111,0.5479876160990712,10,0,0,0,,
7,310,0.5,3.6666666666666665,1.0,0.5714285714285715,10,0,0,0,,
7,311,0.5,9.0,2.7777777777777777,0.5283018867924528,10,0,0,0,,
7,312,0.5,27.77777777777778,7.222222222222221,0.5873015873015873,10,0,0,0,,
7,313,0.5,36.66666666666667,10.0,0.5714285714285715,10,0,0,0,,
7,314,0.5,90.0,27.77777777777778,0.5283018867924528,10,0,0,0,,
7,315,0.5,188.88888888888889,54.44444444444444,0.5525114155251143,10,0,0,0,,
7,316,0.5,277.77777777777777,90.0,0.5105740181268882,10,0,0,0,,
7,317,0.5,722.2222222222222,188.88888888888889,0.5853658536585366,10,0,0,0,,
7,318,0.5,2000.0,544.4444444444445,0.572052401746725,10,0,0,0,,
7,319,0.5,3000.0,900.0,0.5384615384615384,10,0,0,0,,
7,320,0.5,0.004555555555555556,0.001,0.64,10,268,227,9,0.0012941958414499862,116736.29551996
7,321,0.5,0.01,0.001888888888888889,0.6822429906542055,10,192,116,0,0.0024434305526939712,1661.8204879436485
7,322,0.5,0.027777777777777776,0.006333333333333334,0.6286644951140065,10,85,37,0,0.008165823713585922,1674.3741662915863
7,323,0.5,0.04555555555555556,0.00811111111111111,0.6977225672877847,10,72,27,1,0.010519618738232235,10728.70457016546
7,324,0.5,0.0811111111111111,0.01888888888888889,0.6222222222222222,10,39,12,0,0.02432204009073816,1530.8594044113395
7,325,0.5,0.18888888888888888,0.04555555555555556,0.6113744075829383,10,19,3,0,0.0588843655355589,1443.7158903240825
7,326,0.5,0.3666666666666667,0.0811111111111111,0.6377171215880892,10,9,0,0,0.10540360240160107,1270.2802838894802
7,327,0.5,0.5444444444444445,0.1,0.6896551724137931,10,10,0,0,0.13062041360907273,1360.0454456840125
7,328,0.5,1.8888888888888888,0.3666666666666667,0.6748768472906403,10,0,0,0,,
7,329,0.5,3.6666666666666665,0.7222222222222222,0.6708860759493671,10,0,0,0,,
7,330,0.5,4.555555555555555,0.9,0.670061099796334,10,0,0,0,,
7,331,0.5,9.0,1.8888888888888888,0.6530612244897959,10,0,0,0,,
7,332,0.5,27.77777777777778,5.444444444444445,0.6722408026755854,10,0,0,0,,
7,333,0.5,45.55555555555556,8.11111111111111,0.6977225672877846,10,0,0,0,,
7,334,0.5,81.11111111111111,18.88888888888889,0.6222222222222222,10,0,0,0,,
7,335,0.5,188.88888888888889,45.55555555555556,0.6113744075829383,10,0,0,0,,
7,336,0.5,366.66666666666663,81.11111111111111,0.6377171215880894,10,0,0,0,,
7,337,0.5,455.55555555555554,100.0,0.64,10,0,0,0,,
7,338,0.5,1000.0,188.88888888888889,0.6822429906542056,10,0,0,0,,
7,339,0.5,3000.0,722.2222222222222,0.6119402985074627,10,0,0,0,,
7,340,0.5,0.006333333333333334,0.001,0.7272727272727273,10,249,210,13,0.00130016957803329,390706.6096118188
7,341,0.5,0.03666666666666667,0.004555555555555556,0.7789757412398922,10,96,43,0,0.005942921586155727,1633.7984299493467
7,342,0.5,0.05444444444444445,0.006333333333333334,0.7915904936014624,10,76,31,0,0.008241381150130029,1576.4796201622844
7,343,0.5,0.06333333333333332,0.009,0.7511520737327189,10,60,23,0,0.011694993910198712,1613.3525915440468
7,344,0.5,0.09,0.01,0.8,10,52,19,0,0.0130016957803329,1567.3332222729325
7,345,0.5,0.3666666666666667,0.06333333333333332,0.7054263565891472,10,13,0,0,0.08241381150130021,1517.4773909167557
7,346,0.5,0.5444444444444445,0.0811111111111111,0.7406749555950266,10,10,0,0,0.10600400266844563,1272.5453115816736
7,347,0.5,0.7222222222222222,0.0811111111111111,0.7980636237897648,10,10,0,0,0.10600400266844563,1274.3295120463936
7,348,0.5,2.7777777777777777,0.3666666666666667,0.7667844522968198,10,0,0,0,,
7,349,0.5,4.555555555555555,0.6333333333333333,0.7558886509635975,10,0,0,0,,
7,350,0.5,6.333333333333333,0.7222222222222222,0.795275590551181,10,0,0,0,,
7,351,0.5,7.222222222222221,1.0,0.7567567567567567,10,0,0,0,,
7,352,0.5,36.66666666666667,4.555555555555555,0.7789757412398921,10,0,0,0,,
7,353,0.5,54.44444444444444,6.333333333333333,0.7915904936014625,10,0,0,0,,
7,354,0.5,63.333333333333336,9.0,0.7511520737327189,10,0,0,0,,
7,355,0.5,90.0,10.0,0.8,10,0,0,0,,
7,356,0.5,366.66666666666663,63.333333333333336,0.7054263565891473,10,0,0,0,,
7,357,0.5,544.4444444444445,81.11111111111111,0.7406749555950267,10,0,0,0,,
7,358,0.5,722.2222222222222,81.11111111111111,0.7980636237897649,10,0,0,0,,
7,359,0.5,3000.0,455.55555555555554,0.7363344051446945,10,0,0,0,,
7,360,0.5,0.009,0.001,0.8000000000000002,10,220,194,5,0.00130016957803329,215186.45209160692
7,361,0.5,0.04555555555555556,0.003666666666666667,0.8510158013544019,10,98,50,1,0.00478630092322638,9862.93205207839
7,362,0.5,0.07222222222222222,0.0054444444444444445,0.8597997138769671,10,72,34,1,0.007112135136533295,4438.001497207707
7,363,0.5,0.09,0.006333333333333334,0.8685121107266437,10,65,29,1,0.008279421637123344,4099.470201954152
7,364,0.5,0.18888888888888888,0.01,0.8994413407821228,10,31,17,0,0.013061708881318418,1565.5374983602221
7,365,0.5,0.5444444444444445,0.04555555555555556,0.8455743879472692,10,15,1,0,0.05942921586155727,1566.9027732917586
7,366,0.5,0.8111111111111111,0.04555555555555556,0.8936446173800259,10,15,1,0,0.05942921586155727,1345.6171310597754
7,367,0.5,0.9,0.09,0.8181818181818182,10,11,0,0,0.1180120080053369,1141.4626063670887
7,368,0.5,2.7777777777777777,0.2777777777777778,0.8181818181818182,10,1,0,0,0.8727151434289525,32.89476107254457
7,369,0.5,6.333333333333333,0.4555555555555556,0.8657937806873977,10,0,0,0,,
7,370,0.5,8.11111111111111,0.7222222222222222,0.8364779874213837,10,0,0,0,,
7,371,0.5,10.0,0.7222222222222222,0.8652849740932644,10,0,0,0,,
7,372,0.5,45.55555555555556,2.7777777777777777,0.8850574712643677,10,0,0,0,,
7,373,0.5,72.22222222222223,4.555555555555555,0.8813314037626627,10,0,0,0,,
7,374,0.5,90.0,5.444444444444445,0.8859138533178115,10,0,0,0,,
7,375,0.5,100.0,10.0,0.8181818181818182,10,0,0,0,,
7,376,0.5,544.4444444444445,36.66666666666667,0.8738049713193117,10,0,0,0,,
7,377,0.5,722.2222222222222,72.22222222222223,0.8181818181818182,10,0,0,0,,
7,378,0.5,900.0,81.11111111111111,0.8346545866364666,10,0,0,0,,
7,379,0.5,3000.0,277.77777777777777,0.8305084745762712,10,0,0,0,,
7,380,0.5,0.027777777777777776,0.001,0.9305019305019304,10,177,168,4,0.0013061708881318419,239439.6980963617
7,381,0.5,0.4555555555555556,0.003666666666666667,0.9840309702395356,10,45,44,0,0.00478630092322638,1599.3943451367477
7,382,0.5,0.9,0.003666666666666667,0.9918849133161194,10,45,44,0,0.00478630092322638,1573.7496735114507
7,383,0.5,2.7777777777777777,0.0811111111111111,0.94325689856199,10,9,0,0,0.1066044029352902,1155.371473056309
7,384,0.5,5.444444444444445,0.09,0.9674764103593656,10,10,0,0,0.1180120080053369,1206.6510011388225
7,385,0.5,8.11111111111111,0.04555555555555556,0.98882985969214,10,15,1,0,0.05970352865838372,1537.550067268129
7,386,0.5,18.88888888888889,0.006333333333333334,0.9993296365336328,10,32,26,0,0.008279421637123344,1632.8676290730843
7,387,0.5,36.66666666666667,0.01888888888888889,0.998970227458582,10,20,5,0,0.024660393372343388,1405.460254930999
7,388,0.5,54.44444444444444,0.027777777777777776,0.9989801121876594,10,19,1,0,0.03630780547701014,1457.1545275471992
7,389,0.5,72.22222222222223,0.027777777777777776,0.9992310649750098,10,19,1,0,0.03630780547701014,1457.1436661966145
7,390,0.5,90.0,0.009,0.9998000199980002,10,20,18,0,0.011748975549395291,1431.4304431869302
7,391,0.5,188.88888888888889,0.0054444444444444445,0.9999423546027204,10,33,30,0,0.007112135136533295,1635.3430050969612
7,392,0.5,277.77777777777777,1.0,0.9928258270227183,10,0,0,0,,
7,393,0.5,455.55555555555554,0.03666666666666667,0.9998390373457745,10,16,1,0,0.04786300923226385,1533.0957735493562
7,394,0.5,544.4444444444445,7.222222222222221,0.9738167170191341,10,0,0,0,,
7,395,0.5,722.2222222222222,0.06333333333333332,0.9998246307631483,10,12,0,0,0.08279421637123345,1499.73030476783
7,396,0.5,811.1111111111111,8.11111111111111,0.9801980198019803,10,0,0,0,,
7,397,0.5,1000.0,0.04555555555555556,0.9999088930393171,10,15,1,0,0.05970352865838372,1537.2790532095114
7,398,0.5,2000.0,5.444444444444445,0.9945703363067206,10,0,0,0,,
7,399,0.5,3000.0,100.0,0.9354838709677419,10,0,0,0,,
8,0,0.6,0.001,0.027777777777777776,-0.9305019305019304,10,413,316,0,0.0015703628043335514,1684.3329224024762
8,1,0.6,0.001888888888888889,0.7222222222222222,-0.9947828755562373,10,319,169,1,0.0029648313895243423,1229201.2209311281
8,2,0.6,0.002777777777777778,54.44444444444444,-0.9998979643895719,10,221,115,1,0.004365158322401661,285992.60678475664
8,3,0.6,0.004555555555555556,0.1,-0.9128586609989372,10,147,63,0,0.007144963260755135,1587.7581714956948
8,4,0.6,0.0054444444444444445,45.55555555555556,-0.9997610041726721,10,116,58,0,0.008550667128846832,1606.0114773846105
8,5,0.6,0.007222222222222223,0.5444444444444445,-0.9738167170191339,10,88,44,0,0.011324003632355566,1643.5286078479471
8,6,0.6,0.00811111111111111,90.0,-0.999819769329431,10,78,39,0,0.012764388088113435,1575.8059700651934
8,7,0.6,0.01,2.7777777777777777,-0.9928258270227184,10,63,32,0,0.01570362804333553,1620.0729901250445
8,8,0.6,0.01888888888888889,722.2222222222222,-0.9999476936757038,10,36,17,0,0.029648313895243424,1559.0667535197254
8,9,0.6,0.03666666666666667,90.0,-0.999185517011588,10,25,5,0,0.05780960474057181,1511.0918699430172
8,10,0.6,0.05444444444444445,81.11111111111111,-0.998658434749278,10,19,1,0,0.08590135215053961,1659.5655727155488
8,11,0.6,0.07222222222222222,100.0,-0.9985565980125465,10,14,1,0,0.11380920613742496,1623.7819421061665
8,12,0.6,0.09,188.88888888888889,-0.9990475126557345,10,12,0,0,0.14262841894596398,1545.078554593925
8,13,0.6,0.18888888888888888,633.3333333333333,-0.9994036866197801,10,2,0,0,0.5869246164109406,308.4991517138167
8,14,0.6,0.4555555555555556,45.55555555555556,-0.9801980198019802,10,0,0,0,,
8,15,0.6,0.7222222222222222,36.66666666666667,-0.9613670133729569,10,0,0,0,,
8,16,0.6,1.0,45.55555555555556,-0.9570405727923628,10,0,0,0,,
8,17,0.6,3.6666666666666665,544.4444444444445,-0.9866207176160553,10,0,0,0,,
8,18,0.6,8.11111111111111,900.0,-0.9821363024593173,10,0,0,0,,
8,19,0.6,100.0,3000.0,-0.9354838709677419,10,0,0,0,,
8,20,0.6,0.001,0.009,-0.8000000000000002,10,407,325,5,0.001555965631605075,6267.969228377989
8,21,0.6,0.003666666666666667,0.05444444444444445,-0.8738049713193117,10,173,82,1,0.005754399373371567,1851.8831409644301
8,22,0.6,0.0054444444444444445,0.0811111111111111,-0.8741976893453145,10,124,51,0,0.008511380382023759,1579.272605836764
8,23,0.6,0.007222222222222223,0.09,-0.8514285714285713,10,99,37,0,0.011324003632355566,1633.8546673770584
8,24,0.6,0.01,0.18888888888888888,-0.8994413407821228,10,69,23,0,0.01570362804333553,1573.3467492116874
8,25,0.6,0.04555555555555556,0.5444444444444445,-0.8455743879472692,10,16,2,0,0.07144963260755134,1656.8633083371587
8,26,0.6,0.06333333333333332,0.6333333333333333,-0.8181818181818181,10,13,1,0,0.09954054173515274,1178.0839854334602
8,27,0.6,0.0811111111111111,0.9,-0.8346545866364665,10,11,0,0,0.1276184122748499,1429.0168006080585
8,28,0.6,0.2777777777777778,2.7777777777777777,-0.8181818181818182,10,1,0,0,0.8601067378252167,15.995286745786549
8,29,0.6,0.4555555555555556,7.222222222222221,-0.8813314037626627,10,0,0,0,,
8,30,0.6,0.6333333333333333,9.0,-0.8685121107266437,10,0,0,0,,
8,31,0.6,0.9,9.0,-0.8181818181818181,10,0,0,0,,
8,32,0.6,3.6666666666666665,36.66666666666667,-0.8181818181818183,10,0,0,0,,
8,33,0.6,5.444444444444445,63.333333333333336,-0.8416801292407108,10,0,0,0,,
8,34,0.6,7.222222222222221,72.22222222222223,-0.818181818181818,10,0,0,0,,
8,35,0.6,10.0,100.0,-0.8181818181818182,10,0,0,0,,
8,36,0.6,36.66666666666667,633.3333333333333,-0.8905472636815921,10,0,0,0,,
8,37,0.6,54.44444444444444,900.0,-0.8859138533178114,10,0,0,0,,
8,38,0.6,72.22222222222223,1000.0,-0.8652849740932643,10,0,0,0,,
8,39,0.6,277.77777777777777,3000.0,-0.8305084745762712,10,0,0,0,,
8,40,0.6,0.001,0.006333333333333334,-0.7272727272727273,10,425,338,9,0.0015488166189124811,142205.7568893676
8,41,0.6,0.004555555555555556,0.027777777777777776,-0.718213058419244,10,153,76,0,0.007046930689671467,1617.1242464714758
8,42,0.6,0.006333333333333334,0.05444444444444445,-0.7915904936014624,10,109,47,0,0.009862794856312099,1589.8238332813783
8,43,0.6,0.00811111111111111,0.07222222222222222,-0.7980636237897648,10,88,34,0,0.01264736347471151,1558.8817873935072
8,44,0.6,0.01,0.0811111111111111,-0.7804878048780489,10,68,26,0,0.01555965631605075,1522.564249611962
8,45,0.6,0.05444444444444445,0.3666666666666667,-0.7414248021108178,10,13,2,0,0.08472274141405964,1303.548265321037
8,46,0.6,0.07222222222222222,0.5444444444444445,-0.7657657657657659,10,10,0,0,0.11260840560373583,1575.194548585877
8,47,0.6,0.09,0.6333333333333333,-0.751152073732719,10,11,0,0,0.14082721814543028,1402.850565662892
8,48,0.6,0.3666666666666667,2.7777777777777777,-0.7667844522968198,10,0,0,0,,
8,49,0.6,0.6333333333333333,4.555555555555555,-0.7558886509635975,10,0,0,0,,
8,50,0.6,0.8111111111111111,5.444444444444445,-0.7406749555950267,10,0,0,0,,
8,51,0.6,1.0,6.333333333333333,-0.7272727272727273,10,0,0,0,,
8,52,0.6,4.555555555555555,36.66666666666667,-0.7789757412398921,10,0,0,0,,
8,53,0.6,7.222222222222221,45.55555555555556,-0.7263157894736842,10,0,0,0,,
8,54,0.6,9.0,54.44444444444444,-0.7162872154115587,10,0,0,0,,
8,55,0.6,10.0,81.11111111111111,-0.7804878048780488,10,0,0,0,,
8,56,0.6,54.44444444444444,455.55555555555554,-0.7864923747276688,10,0,0,0,,
8,57,0.6,72.22222222222223,633.3333333333333,-0.7952755905511812,10,0,0,0,,
8,58,0.6,90.0,722.2222222222222,-0.7783857729138167,10,0,0,0,,
8,59,0.6,455.55555555555554,3000.0,-0.7363344051446945,10,0,0,0,,
8,60,0.6,0.001,0.004555555555555556,-0.64,10,399,340,12,0.0015275660582380732,181819.18825492865
8,61,0.6,0.001888888888888889,0.01,-0.6822429906542055,10,354,187,1,0.0029107171180666053,418889.50348781527
8,62,0.6,0.006333333333333334,0.027777777777777776,-0.6286644951140065,10,114,57,0,0.009638290236239706,1565.775059295271
8,63,0.6,0.009,0.03666666666666667,-0.6058394160583941,10,86,37,0,0.013614446824659497,1604.487470225437
8,64,0.6,0.01888888888888889,0.0811111111111111,-0.6222222222222222,10,42,13,0,0.028707805820246922,1472.489984682
8,65,0.6,0.04555555555555556,0.18888888888888888,-0.6113744075829383,10,19,1,0,0.06918309709189363,1591.986859475754
8,66,0.6,0.0811111111111111,0.3666666666666667,-0.6377171215880892,10,8,0,0,0.12461641094062709,1436.3519092582512
8,67,0.6,0.1,0.5444444444444445,-0.6896551724137931,10,8,0,0,0.15583722481654436,1358.0608786436565
8,68,0.6,0.3666666666666667,1.8888888888888888,-0.6748768472906403,10,0,0,0,,
8,69,0.6,0.7222222222222222,3.6666666666666665,-0.6708860759493671,10,0,0,0,,
8,70,0.6,0.9,4.555555555555555,-0.670061099796334,10,0,0,0,,
8,71,0.6,1.8888888888888888,9.0,-0.6530612244897959,10,0,0,0,,
8,72,0.6,5.444444444444445,27.77777777777778,-0.6722408026755854,10,0,0,0,,
8,73,0.6,9.0,36.66666666666667,-0.6058394160583942,10,0,0,0,,
8,74,0.6,18.88888888888889,81.11111111111111,-0.6222222222222222,10,0,0,0,,
8,75,0.6,45.55555555555556,188.88888888888889,-0.6113744075829383,10,0,0,0,,
8,76,0.6,81.11111111111111,366.66666666666663,-0.6377171215880894,10,0,0,0,,
8,77,0.6,100.0,455.55555555555554,-0.64,10,0,0,0,,
8,78,0.6,188.88888888888889,1000.0,-0.6822429906542056,10,0,0,0,,
8,79,0.6,722.2222222222222,3000.0,-0.6119402985074627,10,0,0,0,,
8,80,0.6,0.001,0.003666666666666667,-0.5714285714285715,10,403,346,18,0.0014996848355023741,199476.3423796888
8,81,0.6,0.001888888888888889,0.007222222222222223,-0.5853658536585367,10,349,190,10,0.002844461107447914,163904.11159686098
8,82,0.6,0.0054444444444444445,0.01888888888888889,-0.5525114155251142,10,136,68,0,0.008128305161640995,1626.3241855865645
8,83,0.6,0.009,0.027777777777777776,-0.5105740181268882,10,87,42,0,0.013304544179780914,1503.0669851134026
8,84,0.6,0.01888888888888889,0.07222222222222222,-0.5853658536585367,10,47,11,0,0.028444611074479167,1533.8270699424636
8,85,0.6,0.05444444444444445,0.18888888888888888,-0.5525114155251141,10,17,0,0,0.08165823713585922,1367.5080212872745
8,86,0.6,0.09,0.2777777777777778,-0.5105740181268883,10,8,0,0,0.1342228152101401,1527.5850810704833
8,87,0.6,0.18888888888888888,0.6333333333333333,-0.5405405405405406,10,2,0,0,0.5635090060040027,209.52406162985682
8,88,0.6,0.2777777777777778,1.0,-0.5652173913043479,10,1,0,0,0.8348899266177451,13.307535299953493
8,89,0.6,0.8111111111111111,2.7777777777777777,-0.5479876160990712,10,0,0,0,,
8,90,0.6,1.8888888888888888,6.333333333333333,-0.5405405405405406,10,0,0,0,,
8,91,0.6,2.7777777777777777,10.0,-0.5652173913043478,10,0,0,0,,
8,92,0.6,8.11111111111111,27.77777777777778,-0.5479876160990713,10,0,0,0,,
8,93,0.6,10.0,36.66666666666667,-0.5714285714285715,10,0,0,0,,
8,94,0.6,27.77777777777778,90.0,-0.5283018867924528,10,0,0,0,,
8,95,0.6,72.22222222222223,277.77777777777777,-0.5873015873015872,10,0,0,0,,
8,96,0.6,100.0,366.66666666666663,-0.5714285714285714,10,0,0,0,,
8,97,0.6,277.77777777777777,900.0,-0.5283018867924527,10,0,0,0,,
8,98,0.6,633.3333333333333,2000.0,-0.518987341772152,10,0,0,0,,
8,99,0.6,1000.0,3000.0,-0.5,10,0,0,0,,
8,100,0.6,0.001,0.002777777777777778,-0.47058823529411764,10,424,356,26,0.001452111617587742,232368.41768558836
8,101,0.6,0.001888888888888889,0.0054444444444444445,-0.48484848484848486,10,369,202,8,0.0027669416454115126,468242.8769163359
8,102,0.6,0.003666666666666667,0.009,-0.4210526315789473,10,214,108,0,0.005223961889991197,1651.9499737001504
8,103,0.6,0.007222222222222223,0.01888888888888889,-0.4468085106382978,10,110,54,0,0.010423174293933047,1640.091334392758
8,104,0.6,0.01888888888888889,0.05444444444444445,-0.4848484848484849,10,44,15,0,0.027669416454115126,1622.332686746595
8,105,0.6,0.027777777777777776,0.0811111111111111,-0.4897959183673469,10,34,8,0,0.04073802778041126,1290.7249404748977
8,106,0.6,0.06333333333333332,0.18888888888888888,-0.4977973568281938,10,14,0,0,0.09332543007969915,1533.802870048386
8,107,0.6,0.18888888888888888,0.4555555555555556,-0.4137931034482759,10,2,0,0,0.5400933955970647,153.30033110643544
8,108,0.6,0.2777777777777778,0.8111111111111111,-0.48979591836734687,10,1,0,0,0.8180787191460973,12.213646112616216
8,109,0.6,0.6333333333333333,1.8888888888888888,-0.4977973568281938,10,0,0,0,,
8,110,0.6,1.0,2.7777777777777777,-0.47058823529411764,10,0,0,0,,
8,111,0.6,2.7777777777777777,7.222222222222221,-0.44444444444444436,10,0,0,0,,
8,112,0.6,3.6666666666666665,10.0,-0.46341463414634154,10,0,0,0,,
8,113,0.6,10.0,27.77777777777778,-0.47058823529411764,10,0,0,0,,
8,114,0.6,27.77777777777778,72.22222222222223,-0.4444444444444445,10,0,0,0,,
8,115,0.6,36.66666666666667,90.0,-0.4210526315789473,10,0,0,0,,
8,116,0.6,72.22222222222223,188.88888888888889,-0.4468085106382979,10,0,0,0,,
8,117,0.6,188.88888888888889,544.4444444444445,-0.4848484848484848,10,0,0,0,,
8,118,0.6,366.66666666666663,900.0,-0.42105263157894746,10,0,0,0,,
8,119,0.6,811.1111111111111,2000.0,-0.42292490118577075,10,0,0,0,,
8,120,0.6,0.001,0.001888888888888889,-0.3076923076923077,10,473,401,70,0.0013365955165464433,204402.55270690203
8,121,0.6,0.002777777777777778,0.006333333333333334,-0.39024390243902446,10,287,145,1,0.003890451449942805,178579.36130520268
8,122,0.6,0.004555555555555556,0.009,-0.3278688524590163,10,181,91,0,0.006165950018614822,1650.9385892936173
8,123,0.6,0.009,0.01888888888888889,-0.354581673306773,10,90,45,0,0.012359474334445108,1594.0721463736706
8,124,0.6,0.027777777777777776,0.05444444444444445,-0.3243243243243244,10,37,10,0,0.037497300224548336,1542.7335039894272
8,125,0.6,0.03666666666666667,0.0811111111111111,-0.3773584905660377,10,28,6,0,0.051050499997540646,1425.3404104260346
8,126,0.6,0.0811111111111111,0.18888888888888888,-0.39917695473251025,10,11,0,0,0.11501000667111408,917.2351701364224
8,127,0.6,0.18888888888888888,0.3666666666666667,-0.32000000000000006,10,2,0,0,0.513675783855904,123.42791836080522
8,128,0.6,0.3666666666666667,0.7222222222222222,-0.3265306122448979,10,0,0,0,,
8,129,0.6,0.4555555555555556,1.0,-0.37404580152671746,10,0,0,0,,
8,130,0.6,1.8888888888888888,3.6666666666666665,-0.32,10,0,0,0,,
8,131,0.6,3.6666666666666665,7.222222222222221,-0.32653061224489793,10,0,0,0,,
8,132,0.6,4.555555555555555,10.0,-0.37404580152671757,10,0,0,0,,
8,133,0.6,10.0,18.88888888888889,-0.3076923076923077,10,0,0,0,,
8,134,0.6,27.77777777777778,63.333333333333336,-0.3902439024390244,10,0,0,0,,
8,135,0.6,45.55555555555556,90.0,-0.3278688524590164,10,0,0,0,,
8,136,0.6,90.0,188.88888888888889,-0.35458167330677287,10,0,0,0,,
8,137,0.6,277.77777777777777,544.4444444444445,-0.32432432432432434,10,0,0,0,,
8,138,0.6,366.66666666666663,811.1111111111111,-0.3773584905660377,10,0,0,0,,
8,139,0.6,1000.0,2000.0,-0.3333333333333333,10,0,0,0,,
8,140,0.6,0.002777777777777778,0.004555555555555556,-0.2424242424242424,10,310,157,1,0.00353183169791957,247243.71980230664
8,141,0.6,0.004555555555555556,0.007222222222222223,-0.22641509433962265,10,192,96,0,0.0057279603098582925,1645.632788497248
8,142,0.6,0.0054444444444444445,0.009,-0.2461538461538461,10,159,80,0,0.006950243175887969,1650.0671141793405
8,143,0.6,0.006333333333333334,0.01,-0.2244897959183673,10,138,69,0,0.00794328234724282,1635.9896019835028
8,144,0.6,0.03666666666666667,0.06333333333333332,-0.2666666666666666,10,27,8,0,0.04764309868054156,1686.8673234817268
8,145,0.6,0.05444444444444445,0.09,-0.24615384615384614,10,20,1,0,0.06982324040771712,1457.40145614982
8,146,0.6,0.06333333333333332,0.1,-0.22448979591836743,10,19,1,0,0.07979946872679769,1462.587125288974
8,147,0.6,0.3666666666666667,0.6333333333333333,-0.2666666666666666,10,0,0,0,,
8,148,0.6,0.4555555555555556,0.8111111111111111,-0.2807017543859649,10,0,0,0,,
8,149,0.6,0.5444444444444445,1.0,-0.29496402877697836,10,0,0,0,,
8,150,0.6,3.6666666666666665,6.333333333333333,-0.26666666666666666,10,0,0,0,,
8,151,0.6,4.555555555555555,8.11111111111111,-0.2807017543859649,10,0,0,0,,
8,152,0.6,5.444444444444445,10.0,-0.2949640287769784,10,0,0,0,,
8,153,0.6,27.77777777777778,45.55555555555556,-0.2424242424242424,10,0,0,0,,
8,154,0.6,45.55555555555556,72.22222222222223,-0.22641509433962267,10,0,0,0,,
8,155,0.6,54.44444444444444,100.0,-0.2949640287769784,10,0,0,0,,
8,156,0.6,277.77777777777777,455.55555555555554,-0.24242424242424243,10,0,0,0,,
8,157,0.6,455.55555555555554,722.2222222222222,-0.2264150943396226,10,0,0,0,,
8,158,0.6,544.4444444444445,900.0,-0.24615384615384617,10,0,0,0,,
8,159,0.6,2000.0,3000.0,-0.2,10,0,0,0,,
8,160,0.6,0.001888888888888889,0.002777777777777778,-0.19047619047619047,10,426,237,18,0.002301441817408509,211053.07334946172
8,161,0.6,0.003666666666666667,0.0054444444444444445,-0.19512195121951215,10,243,122,0,0.004487453899331323,1642.7853924630906
8,162,0.6,0.006333333333333334,0.00811111111111111,-0.123076923076923,10,147,74,0,0.007211074791828998,1621.458670803774
8,163,0.6,0.00811111111111111,0.01,-0.1042944785276074,10,116,58,0,0.009036494737223014,1648.0051008466412
8,164,0.6,0.03666666666666667,0.04555555555555556,-0.10810810810810813,10,29,12,0,0.04111497211045221,1586.1601552138115
8,165,0.6,0.05444444444444445,0.0811111111111111,-0.1967213114754098,10,20,0,0,0.06668067692136219,1463.8096458301081
8,166,0.6,0.07222222222222222,0.1,-0.16129032258064524,10,16,2,0,0.08590135215053961,1483.2275327754103
8,167,0.6,0.3666666666666667,0.4555555555555556,-0.10810810810810811,10,0,0,0,,
8,168,0.6,0.5444444444444445,0.7222222222222222,-0.1403508771929824,10,0,0,0,,
8,169,0.6,0.7222222222222222,0.9,-0.10958904109589043,10,0,0,0,,
8,170,0.6,2.7777777777777777,3.6666666666666665,-0.13793103448275862,10,0,0,0,,
8,171,0.6,5.444444444444445,7.222222222222221,-0.1403508771929824,10,0,0,0,,
8,172,0.6,6.333333333333333,9.0,-0.1739130434782609,10,0,0,0,,
8,173,0.6,18.88888888888889,27.77777777777778,-0.19047619047619047,10,0,0,0,,
8,174,0.6,45.55555555555556,63.333333333333336,-0.163265306122449,10,0,0,0,,
8,175,0.6,63.333333333333336,90.0,-0.17391304347826084,10,0,0,0,,
8,176,0.6,81.11111111111111,100.0,-0.10429447852760734,10,0,0,0,,
8,177,0.6,366.66666666666663,544.4444444444445,-0.19512195121951226,10,0,0,0,,
8,178,0.6,633.3333333333333,811.1111111111111,-0.12307692307692313,10,0,0,0,,
8,179,0.6,811.1111111111111,1000.0,-0.10429447852760737,10,0,0,0,,
8,180,0.6,0.001,0.001,0.0,10,430,412,2,0.0009817479430199844,190076.39053819983
8,181,0.6,0.004555555555555556,0.0054444444444444445,-0.08888888888888886,10,209,105,0,0.004988844874600122,1610.3184228294053
8,182,0.6,0.007222222222222223,0.007222222222222223,0.0,10,140,70,0,0.00707945784384138,1630.1448767990453
8,183,0.6,0.009,0.01,-0.05263157894736847,10,108,54,0,0.009462371613657929,1606.2611547666386
8,184,0.6,0.04555555555555556,0.04555555555555556,0.0,10,26,7,0,0.0446683592150963,1621.2521204356656
8,185,0.6,0.06333333333333332,0.07222222222222222,-0.0655737704918033,10,17,3,0,0.06760829753919818,1512.957968735864
8,186,0.6,0.09,0.09,0.0,10,18,0,0,0.08871560120379608,1582.274272525695
8,187,0.6,0.4555555555555556,0.4555555555555556,0.0,10,0,0,0,,
8,188,0.6,0.6333333333333333,0.7222222222222222,-0.06557377049180328,10,0,0,0,,
8,189,0.6,0.9,0.9,0.0,10,0,0,0,,
8,190,0.6,3.6666666666666665,3.6666666666666665,0.0,10,0,0,0,,
8,191,0.6,6.333333333333333,6.333333333333333,0.0,10,0,0,0,,
8,192,0.6,8.11111111111111,9.0,-0.05194805194805197,10,0,0,0,,
8,193,0.6,36.66666666666667,36.66666666666667,0.0,10,0,0,0,,
8,194,0.6,63.333333333333336,63.333333333333336,0.0,10,0,0,0,,
8,195,0.6,81.11111111111111,90.0,-0.05194805194805193,10,0,0,0,,
8,196,0.6,277.77777777777777,277.77777777777777,0.0,10,0,0,0,,
8,197,0.6,544.4444444444445,633.3333333333333,-0.07547169811320747,10,0,0,0,,
8,198,0.6,811.1111111111111,811.1111111111111,0.0,10,0,0,0,,
8,199,0.6,3000.0,3000.0,0.0,10,0,0,0,,
8,200,0.6,0.0054444444444444445,0.004555555555555556,0.08888888888888886,10,200,100,0,0.004698941086052151,1659.0412105842147
8,201,0.6,0.006333333333333334,0.0054444444444444445,0.0754716981132076,10,170,85,0,0.0055975760149511045,1644.9637449114252
8,202,0.6,0.00811111111111111,0.007222222222222223,0.057971014492753555,10,131,66,0,0.007345138681571151,1646.339655068446
8,203,0.6,0.01,0.009,0.05263157894736847,10,105,53,0,0.009120108393559097,1589.1124759725337
8,204,0.6,0.06333333333333332,0.05444444444444445,0.07547169811320745,10,31,2,0,0.05597576014951104,1590.7661835348554
8,205,0.6,0.0811111111111111,0.07222222222222222,0.05797101449275364,10,23,1,0,0.07379042301291007,1419.5550786191498
8,206,0.6,0.1,0.09,0.05263157894736847,10,17,0,0,0.09162204901220002,1623.1188269787428
8,207,0.6,0.5444444444444445,0.4555555555555556,0.0888888888888889,10,0,0,0,,
8,208,0.6,0.7222222222222222,0.6333333333333333,0.06557377049180328,10,0,0,0,,
8,209,0.6,0.9,0.8111111111111111,0.05194805194805195,10,0,0,0,,
8,210,0.6,5.444444444444445,4.555555555555555,0.08888888888888893,10,0,0,0,,
8,211,0.6,7.222222222222221,6.333333333333333,0.06557377049180325,10,0,0,0,,
8,212,0.6,9.0,8.11111111111111,0.05194805194805197,10,0,0,0,,
8,213,0.6,10.0,9.0,0.05263157894736842,10,0,0,0,,
8,214,0.6,63.333333333333336,54.44444444444444,0.07547169811320759,10,0,0,0,,
8,215,0.6,81.11111111111111,72.22222222222223,0.057971014492753596,10,0,0,0,,
8,216,0.6,100.0,90.0,0.05263157894736842,10,0,0,0,,
8,217,0.6,633.3333333333333,544.4444444444445,0.07547169811320747,10,0,0,0,,
8,218,0.6,811.1111111111111,722.2222222222222,0.057971014492753645,10,0,0,0,,
8,219,0.6,1000.0,900.0,0.05263157894736842,10,0,0,0,,
8,220,0.6,0.002777777777777778,0.001888888888888889,0.19047619047619047,10,396,216,11,0.002032357010936221,228711.26138403968
8,221,0.6,0.0054444444444444445,0.003666666666666667,0.19512195121951215,10,221,111,1,0.003962780342554394,128181.64084477724
8,222,0.6,0.00811111111111111,0.006333333333333334,0.123076923076923,10,138,69,0,0.006637430704019089,1590.0766416519884
8,223,0.6,0.01,0.00811111111111111,0.1042944785276074,10,110,55,0,0.008433347577642757,1641.8964222978277
8,224,0.6,0.05444444444444445,0.03666666666666667,0.19512195121951223,10,36,8,0,0.03962780342554394,1573.8944980259055
8,225,0.6,0.0811111111111111,0.05444444444444445,0.1967213114754098,10,27,4,0,0.0588843655355589,1588.2031998902967
8,226,0.6,0.1,0.07222222222222222,0.16129032258064524,10,19,2,0,0.07726805850957022,1585.5202888318395
8,227,0.6,0.4555555555555556,0.3666666666666667,0.10810810810810811,10,0,0,0,,
8,228,0.6,0.8111111111111111,0.5444444444444445,0.19672131147540978,10,0,0,0,,
8,229,0.6,1.0,0.7222222222222222,0.16129032258064516,10,0,0,0,,
8,230,0.6,3.6666666666666665,2.7777777777777777,0.13793103448275862,10,0,0,0,,
8,231,0.6,7.222222222222221,5.444444444444445,0.1403508771929824,10,0,0,0,,
8,232,0.6,9.0,7.222222222222221,0.10958904109589046,10,0,0,0,,
8,233,0.6,36.66666666666667,27.77777777777778,0.13793103448275865,10,0,0,0,,
8,234,0.6,72.22222222222223,54.44444444444444,0.1403508771929825,10,0,0,0,,
8,235,0.6,90.0,63.333333333333336,0.17391304347826084,10,0,0,0,,
8,236,0.6,277.77777777777777,188.88888888888889,0.1904761904761905,10,0,0,0,,
8,237,0.6,633.3333333333333,455.55555555555554,0.16326530612244894,10,0,0,0,,
8,238,0.6,900.0,633.3333333333333,0.17391304347826092,10,0,0,0,,
8,239,0.6,3000.0,2000.0,0.2,10,0,0,0,,
8,240,0.6,0.004555555555555556,0.002777777777777778,0.2424242424242424,10,274,138,0,0.003047894989627983,1647.5298820971025
8,241,0.6,0.007222222222222223,0.004555555555555556,0.22641509433962265,10,171,86,0,0.0049659232145033575,1627.4407076901293
8,242,0.6,0.009,0.0054444444444444445,0.2461538461538461,10,140,70,0,0.005970352865838366,1629.4069474932246
8,243,0.6,0.01,0.006333333333333334,0.2244897959183673,10,123,62,0,0.006918309709189363,1621.0257889284192
8,244,0.6,0.06333333333333332,0.03666666666666667,0.2666666666666666,10,34,5,0,0.040550853544838394,1431.9959089770502
8,245,0.6,0.0811111111111111,0.04555555555555556,0.2807017543859649,10,28,5,0,0.05058246620031143,1607.1358447215082
8,246,0.6,0.1,0.05444444444444445,0.2949640287769784,10,25,5,0,0.06053408747539136,1406.286718556797
8,247,0.6,0.6333333333333333,0.3666666666666667,0.2666666666666666,10,0,0,0,,
8,248,0.6,0.8111111111111111,0.4555555555555556,0.2807017543859649,10,0,0,0,,
8,249,0.6,1.0,0.5444444444444445,0.29496402877697836,10,0,0,0,,
8,250,0.6,4.555555555555555,2.7777777777777777,0.24242424242424243,10,0,0,0,,
8,251,0.6,7.222222222222221,4.555555555555555,0.22641509433962262,10,0,0,0,,
8,252,0.6,9.0,5.444444444444445,0.24615384615384614,10,0,0,0,,
8,253,0.6,45.55555555555556,27.77777777777778,0.2424242424242424,10,0,0,0,,
8,254,0.6,72.22222222222223,45.55555555555556,0.22641509433962267,10,0,0,0,,
8,255,0.6,90.0,54.44444444444444,0.24615384615384614,10,0,0,0,,
8,256,0.6,100.0,63.333333333333336,0.22448979591836732,10,0,0,0,,
8,257,0.6,633.3333333333333,366.66666666666663,0.26666666666666666,10,0,0,0,,
8,258,0.6,811.1111111111111,455.55555555555554,0.28070175438596495,10,0,0,0,,
8,259,0.6,1000.0,633.3333333333333,0.2244897959183674,10,0,0,0,,
8,260,0.6,0.001888888888888889,0.001,0.3076923076923077,10,431,329,22,0.001116863247780561,200126.20431060623
8,261,0.6,0.006333333333333334,0.002777777777777778,0.39024390243902446,10,233,119,0,0.0031477483141013176,1640.302513054313
8,262,0.6,0.009,0.004555555555555556,0.3278688524590163,10,154,77,0,0.005105049999754065,1656.3216268510366
8,263,0.6,0.01888888888888889,0.009,0.354581673306773,10,78,38,0,0.010139113857366799,1570.137084189644
8,264,0.6,0.05444444444444445,0.027777777777777776,0.3243243243243244,10,42,10,0,0.031045595881283555,1513.5804811498251
8,265,0.6,0.0811111111111111,0.03666666666666667,0.3773584905660377,10,31,4,0,0.041495404263436286,1400.7629510728043
8,266,0.6,0.18888888888888888,0.0811111111111111,0.39917695473251025,10,15,1,0,0.0924698173938223,1340.5182590281522
8,267,0.6,0.3666666666666667,0.18888888888888888,0.32000000000000006,10,5,0,0,0.3881921280853903,1418.4103616319396
8,268,0.6,0.7222222222222222,0.3666666666666667,0.3265306122448979,10,0,0,0,,
8,269,0.6,1.0,0.4555555555555556,0.37404580152671746,10,0,0,0,,
8,270,0.6,3.6666666666666665,1.8888888888888888,0.32,10,0,0,0,,
8,271,0.6,7.222222222222221,3.6666666666666665,0.32653061224489793,10,0,0,0,,
8,272,0.6,10.0,4.555555555555555,0.37404580152671757,10,0,0,0,,
8,273,0.6,18.88888888888889,10.0,0.3076923076923077,10,0,0,0,,
8,274,0.6,63.333333333333336,27.77777777777778,0.3902439024390244,10,0,0,0,,
8,275,0.6,90.0,45.55555555555556,0.3278688524590164,10,0,0,0,,
8,276,0.6,188.88888888888889,90.0,0.35458167330677287,10,0,0,0,,
8,277,0.6,544.4444444444445,277.77777777777777,0.32432432432432434,10,0,0,0,,
8,278,0.6,811.1111111111111,366.66666666666663,0.3773584905660377,10,0,0,0,,
8,279,0.6,2000.0,1000.0,0.3333333333333333,10,0,0,0,,
8,280,0.6,0.002777777777777778,0.001,0.47058823529411764,10,373,292,30,0.0011481536214968829,1205197.1823227045
8,281,0.6,0.0054444444444444445,0.001888888888888889,0.48484848484848486,10,265,160,3,0.0021677041048196962,124002.94349684326
8,282,0.6,0.009,0.003666666666666667,0.4210526315789473,10,174,87,0,0.004168693834703355,1628.864698785313
8,283,0.6,0.01888888888888889,0.007222222222222223,0.4468085106382978,10,89,43,0,0.008241381150130029,1648.8858811008733
8,284,0.6,0.05444444444444445,0.01888888888888889,0.4848484848484849,10,51,16,0,0.02167704104819694,1604.5363568423177
8,285,0.6,0.09,0.03666666666666667,0.4210526315789474,10,33,5,0,0.041879356511791824,1628.6471255424367
8,286,0.6,0.18888888888888888,0.07222222222222222,0.44680851063829796,10,15,1,0,0.08279421637123345,1356.4929175929024
8,287,0.6,0.4555555555555556,0.18888888888888888,0.4137931034482759,10,5,0,0,0.39179452968645767,1309.4699948148054
8,288,0.6,0.8111111111111111,0.2777777777777778,0.48979591836734687,10,2,0,0,0.5665110073382255,38.13632905885953
8,289,0.6,1.8888888888888888,0.6333333333333333,0.4977973568281938,10,0,0,0,,
8,290,0.6,4.555555555555555,1.8888888888888888,0.4137931034482758,10,0,0,0,,
8,291,0.6,8.11111111111111,2.7777777777777777,0.48979591836734687,10,0,0,0,,
8,292,0.6,18.88888888888889,6.333333333333333,0.4977973568281939,10,0,0,0,,
8,293,0.6,27.77777777777778,10.0,0.47058823529411764,10,0,0,0,,
8,294,0.6,72.22222222222223,27.77777777777778,0.4444444444444445,10,0,0,0,,
8,295,0.6,100.0,36.66666666666667,0.4634146341463414,10,0,0,0,,
8,296,0.6,277.77777777777777,100.0,0.47058823529411764,10,0,0,0,,
8,297,0.6,722.2222222222222,277.77777777777777,0.4444444444444444,10,0,0,0,,
8,298,0.6,1000.0,366.66666666666663,0.46341463414634154,10,0,0,0,,
8,299,0.6,3000.0,1000.0,0.5,10,0,0,0,,
8,300,0.6,0.003666666666666667,0.001,0.5714285714285715,10,315,256,13,0.0011587773561551262,542330.7178843311
8,301,0.6,0.007222222222222223,0.001888888888888889,0.5853658536585367,10,244,145,3,0.002187761623949552,93217.41366691331
8,302,0.6,0.01888888888888889,0.0054444444444444445,0.5525114155251142,10,114,52,0,0.00630957344480193,1631.5027123817251
8,303,0.6,0.027777777777777776,0.009,0.5105740181268882,10,78,33,0,0.010375284158180127,1642.9155602679107
8,304,0.6,0.07222222222222222,0.01888888888888889,0.5853658536585367,10,47,15,0,0.02187761623949552,1496.102473240391
8,305,0.6,0.1,0.027777777777777776,0.5652173913043479,10,34,7,0,0.032210687912834345,1309.4488549853638
8,306,0.6,0.2777777777777778,0.0811111111111111,0.5479876160990712,10,14,1,0,0.09418895965228417,1419.6858106730424
8,307,0.6,0.6333333333333333,0.18888888888888888,0.5405405405405406,10,5,0,0,0.39419613075383586,1617.6116923468885
8,308,0.6,1.0,0.2777777777777778,0.5652173913043479,10,2,0,0,0.5683122081387592,37.76094483571475
8,309,0.6,2.7777777777777777,0.8111111111111111,0.5479876160990712,10,0,0,0,,
8,310,0.6,3.6666666666666665,1.0,0.5714285714285715,10,0,0,0,,
8,311,0.6,9.0,2.7777777777777777,0.5283018867924528,10,0,0,0,,
8,312,0.6,27.77777777777778,7.222222222222221,0.5873015873015873,10,0,0,0,,
8,313,0.6,36.66666666666667,10.0,0.5714285714285715,10,0,0,0,,
8,314,0.6,90.0,27.77777777777778,0.5283018867924528,10,0,0,0,,
8,315,0.6,188.88888888888889,54.44444444444444,0.5525114155251143,10,0,0,0,,
8,316,0.6,277.77777777777777,90.0,0.5105740181268882,10,0,0,0,,
8,317,0.6,722.2222222222222,188.88888888888889,0.5853658536585366,10,0,0,0,,
8,318,0.6,2000.0,544.4444444444445,0.572052401746725,10,0,0,0,,
8,319,0.6,3000.0,900.0,0.5384615384615384,10,0,0,0,,
8,320,0.6,0.004555555555555556,0.001,0.64,10,293,248,10,0.0011641260294104909,439739.8389778501
8,321,0.6,0.01,0.001888888888888889,0.6822429906542055,10,208,133,0,0.0022080047330189016,1662.5294626757836
8,322,0.6,0.027777777777777776,0.006333333333333334,0.6286644951140065,10,95,42,0,0.007379042301291015,1729.0035351815548
8,323,0.6,0.04555555555555556,0.00811111111111111,0.6977225672877847,10,80,30,0,0.009462371613657929,1535.958445759231
8,324,0.6,0.0811111111111111,0.01888888888888889,0.6222222222222222,10,45,13,0,0.021978598727848252,1680.9693502885134
8,325,0.6,0.18888888888888888,0.04555555555555556,0.6113744075829383,10,22,3,0,0.05296634438916581,1659.3232733012983
8,326,0.6,0.3666666666666667,0.0811111111111111,0.6377171215880892,10,11,0,0,0.0946237161365793,1586.7972494504547
8,327,0.6,0.5444444444444445,0.1,0.6896551724137931,10,9,0,0,0.11741160773849232,1269.4946698163867
8,328,0.6,1.8888888888888888,0.3666666666666667,0.6748768472906403,10,0,0,0,,
8,329,0.6,3.6666666666666665,0.7222222222222222,0.6708860759493671,10,0,0,0,,
8,330,0.6,4.555555555555555,0.9,0.670061099796334,10,0,0,0,,
8,331,0.6,9.0,1.8888888888888888,0.6530612244897959,10,0,0,0,,
8,332,0.6,27.77777777777778,5.444444444444445,0.6722408026755854,10,0,0,0,,
8,333,0.6,45.55555555555556,8.11111111111111,0.6977225672877846,10,0,0,0,,
8,334,0.6,81.11111111111111,18.88888888888889,0.6222222222222222,10,0,0,0,,
8,335,0.6,188.88888888888889,45.55555555555556,0.6113744075829383,10,0,0,0,,
8,336,0.6,366.66666666666663,81.11111111111111,0.6377171215880894,10,0,0,0,,
8,337,0.6,455.55555555555554,100.0,0.64,10,0,0,0,,
8,338,0.6,1000.0,188.88888888888889,0.6822429906542056,10,0,0,0,,
8,339,0.6,3000.0,722.2222222222222,0.6119402985074627,10,0,0,0,,
8,340,0.6,0.006333333333333334,0.001,0.7272727272727273,10,266,233,9,0.001169499391019871,109431.47062075297
8,341,0.6,0.03666666666666667,0.004555555555555556,0.7789757412398922,10,112,50,1,0.0053456435939697134,16809.18686972064
8,342,0.6,0.05444444444444445,0.006333333333333334,0.7915904936014624,10,84,36,0,0.007413102413009177,1580.6235275129034
8,343,0.6,0.06333333333333332,0.009,0.7511520737327189,10,69,26,0,0.010519618738232235,1596.1156969765657
8,344,0.6,0.09,0.01,0.8,10,62,23,1,0.011748975549395291,3285.347864422498
8,345,0.6,0.3666666666666667,0.06333333333333332,0.7054263565891472,10,13,0,0,0.07413102413009177,1302.9836861348915
8,346,0.6,0.5444444444444445,0.0811111111111111,0.7406749555950266,10,13,0,0,0.09549925860214359,1535.228521916633
8,347,0.6,0.7222222222222222,0.0811111111111111,0.7980636237897648,10,13,0,0,0.09549925860214359,1455.7020891167804
8,348,0.6,2.7777777777777777,0.3666666666666667,0.7667844522968198,10,0,0,0,,
8,349,0.6,4.555555555555555,0.6333333333333333,0.7558886509635975,10,0,0,0,,
8,350,0.6,6.333333333333333,0.7222222222222222,0.795275590551181,10,0,0,0,,
8,351,0.6,7.222222222222221,1.0,0.7567567567567567,10,0,0,0,,
8,352,0.6,36.66666666666667,4.555555555555555,0.7789757412398921,10,0,0,0,,
8,353,0.6,54.44444444444444,6.333333333333333,0.7915904936014625,10,0,0,0,,
8,354,0.6,63.333333333333336,9.0,0.7511520737327189,10,0,0,0,,
8,355,0.6,90.0,10.0,0.8,10,0,0,0,,
8,356,0.6,366.66666666666663,63.333333333333336,0.7054263565891473,10,0,0,0,,
8,357,0.6,544.4444444444445,81.11111111111111,0.7406749555950267,10,0,0,0,,
8,358,0.6,722.2222222222222,81.11111111111111,0.7980636237897649,10,0,0,0,,
8,359,0.6,3000.0,455.55555555555554,0.7363344051446945,10,0,0,0,,
8,360,0.6,0.009,0.001,0.8000000000000002,10,245,220,6,0.0011748975549395304,102350.72621520312
8,361,0.6,0.04555555555555556,0.003666666666666667,0.8510158013544019,10,103,59,0,0.00430526610491711,1652.4231996288088
8,362,0.6,0.07222222222222222,0.0054444444444444445,0.8597997138769671,10,79,40,0,0.006397348354826482,1453.9202718360714
8,363,0.6,0.09,0.006333333333333334,0.8685121107266437,10,74,34,1,0.007447319739059889,8365.535525970698
8,364,0.6,0.18888888888888888,0.01,0.8994413407821228,10,45,21,0,0.011748975549395291,1696.4605135544812
8,365,0.6,0.5444444444444445,0.04555555555555556,0.8455743879472692,10,18,1,0,0.05345643593969719,1627.9651216300656
8,366,0.6,0.8111111111111111,0.04555555555555556,0.8936446173800259,10,19,1,0,0.05345643593969719,1647.5128927334956
8,367,0.6,0.9,0.09,0.8181818181818182,10,9,0,0,0.10600400266844563,1246.53348661805
8,368,0.6,2.7777777777777777,0.2777777777777778,0.8181818181818182,10,2,0,0,0.571314209472982,37.14160058828893
8,369,0.6,6.333333333333333,0.4555555555555556,0.8657937806873977,10,0,0,0,,
8,370,0.6,8.11111111111111,0.7222222222222222,0.8364779874213837,10,0,0,0,,
8,371,0.6,10.0,0.7222222222222222,0.8652849740932644,10,0,0,0,,
8,372,0.6,45.55555555555556,2.7777777777777777,0.8850574712643677,10,0,0,0,,
8,373,0.6,72.22222222222223,4.555555555555555,0.8813314037626627,10,0,0,0,,
8,374,0.6,90.0,5.444444444444445,0.8859138533178115,10,0,0,0,,
8,375,0.6,100.0,10.0,0.8181818181818182,10,0,0,0,,
8,376,0.6,544.4444444444445,36.66666666666667,0.8738049713193117,10,0,0,0,,
8,377,0.6,722.2222222222222,72.22222222222223,0.8181818181818182,10,0,0,0,,
8,378,0.6,900.0,81.11111111111111,0.8346545866364666,10,0,0,0,,
8,379,0.6,3000.0,277.77777777777777,0.8305084745762712,10,0,0,0,,
8,380,0.6,0.027777777777777776,0.001,0.9305019305019304,10,208,197,3,0.0011748975549395304,101592.37360836132
8,381,0.6,0.4555555555555556,0.003666666666666667,0.9840309702395356,10,55,53,0,0.00430526610491711,1533.530994806309
8,382,0.6,0.9,0.003666666666666667,0.9918849133161194,10,55,53,0,0.00430526610491711,1441.8892573406426
8,383,0.6,2.7777777777777777,0.0811111111111111,0.94325689856199,10,11,0,0,0.09549925860214359,1621.4541290845527
8,384,0.6,5.444444444444445,0.09,0.9674764103593656,10,9,0,0,0.10600400266844563,1181.708339629156
8,385,0.6,8.11111111111111,0.04555555555555556,0.98882985969214,10,17,1,0,0.05370317963702527,1574.230472406245
8,386,0.6,18.88888888888889,0.006333333333333334,0.9993296365336328,10,34,31,0,0.007447319739059889,1622.6819838391323
8,387,0.6,36.66666666666667,0.01888888888888889,0.998970227458582,10,28,6,0,0.022181964198002193,1333.5982442291497
8,388,0.6,54.44444444444444,0.027777777777777776,0.9989801121876594,10,24,2,0,0.032658783217233596,1494.372926730254
8,389,0.6,72.22222222222223,0.027777777777777776,0.9992310649750098,10,24,2,0,0.032658783217233596,1494.3773047187753
8,390,0.6,90.0,0.009,0.9998000199980002,10,26,22,0,0.010568175092136586,1320.5294836287949
8,391,0.6,188.88888888888889,0.0054444444444444445,0.9999423546027204,10,39,36,0,0.006397348354826482,1511.7118855776832
8,392,0.6,277.77777777777777,1.0,0.9928258270227183,10,0,0,0,,
8,393,0.6,455.55555555555554,0.03666666666666667,0.9998390373457745,10,20,1,0,0.043052661049171055,1619.982158385269
8,394,0.6,544.4444444444445,7.222222222222221,0.9738167170191341,10,0,0,0,,
8,395,0.6,722.2222222222222,0.06333333333333332,0.9998246307631483,10,13,0,0,0.07447319739059889,1303.9654143448852
8,396,0.6,811.1111111111111,8.11111111111111,0.9801980198019803,10,0,0,0,,
8,397,0.6,1000.0,0.04555555555555556,0.9999088930393171,10,17,1,0,0.05370317963702527,1580.4676635699964
8,398,0.6,2000.0,5.444444444444445,0.9945703363067206,10,0,0,0,,
8,399,0.6,3000.0,100.0,0.9354838709677419,10,0,0,0,,
9,0,0.7,0.001,0.027777777777777776,-0.9305019305019304,10,408,317,1,0.0015703628043335514,5707.554923916101
9,1,0.7,0.001888888888888889,0.7222222222222222,-0.9947828755562373,10,319,169,1,0.0029648313895243423,1032372.762932846
9,2,0.7,0.002777777777777778,54.44444444444444,-0.9998979643895719,10,221,115,1,0.004365158322401661,281728.91449296585
9,3,0.7,0.004555555555555556,0.1,-0.9128586609989372,10,146,64,0,0.007144963260755135,1636.436421232088
9,4,0.7,0.0054444444444444445,45.55555555555556,-0.9997610041726721,10,116,58,0,0.008550667128846832,1606.1616113871778
9,5,0.7,0.007222222222222223,0.5444444444444445,-0.9738167170191339,10,88,44,0,0.011324003632355566,1634.8940131044094
9,6,0.7,0.00811111111111111,90.0,-0.999819769329431,10,78,39,0,0.012764388088113435,1577.0196871882636
9,7,0.7,0.01,2.7777777777777777,-0.9928258270227184,10,63,32,0,0.01570362804333553,1620.884136073511
9,8,0.7,0.01888888888888889,722.2222222222222,-0.9999476936757038,10,37,17,0,0.029648313895243424,1539.9117077736112
9,9,0.7,0.03666666666666667,90.0,-0.999185517011588,10,24,4,0,0.05780960474057181,1517.0361258520527
9,10,0.7,0.05444444444444445,81.11111111111111,-0.998658434749278,10,18,1,0,0.08590135215053961,1659.5647406534092
9,11,0.7,0.07222222222222222,100.0,-0.9985565980125465,10,14,1,0,0.11440960640426952,1616.1215482988705
9,12,0.7,0.09,188.88888888888889,-0.9990475126557345,10,12,0,0,0.14262841894596398,1552.1651011239953
9,13,0.7,0.18888888888888888,633.3333333333333,-0.9994036866197801,10,2,0,0,0.5875250166777851,325.4044926171631
9,14,0.7,0.4555555555555556,45.55555555555556,-0.9801980198019802,10,0,0,0,,
9,15,0.7,0.7222222222222222,36.66666666666667,-0.9613670133729569,10,0,0,0,,
9,16,0.7,1.0,45.55555555555556,-0.9570405727923628,10,0,0,0,,
9,17,0.7,3.6666666666666665,544.4444444444445,-0.9866207176160553,10,0,0,0,,
9,18,0.7,8.11111111111111,900.0,-0.9821363024593173,10,0,0,0,,
9,19,0.7,100.0,3000.0,-0.9354838709677419,10,0,0,0,,
9,20,0.7,0.001,0.009,-0.8000000000000002,10,404,329,5,0.001555965631605075,107884.18029005376
9,21,0.7,0.003666666666666667,0.05444444444444445,-0.8738049713193117,10,175,81,0,0.005754399373371567,1644.1575110729054
9,22,0.7,0.0054444444444444445,0.0811111111111111,-0.8741976893453145,10,129,51,0,0.008511380382023759,1720.434505367606
9,23,0.7,0.007222222222222223,0.09,-0.8514285714285713,10,95,39,0,0.011271974561755105,1530.1482987474083
9,24,0.7,0.01,0.18888888888888888,-0.8994413407821228,10,72,23,0,0.01570362804333553,1629.5095718171726
9,25,0.7,0.04555555555555556,0.5444444444444445,-0.8455743879472692,10,16,2,0,0.07144963260755134,1655.3895480299987
9,26,0.7,0.06333333333333332,0.6333333333333333,-0.8181818181818181,10,13,1,0,0.09908319448927676,1114.8085304516687
9,27,0.7,0.0811111111111111,0.9,-0.8346545866364665,10,11,0,0,0.1276184122748499,1468.213563685671
9,28,0.7,0.2777777777777778,2.7777777777777777,-0.8181818181818182,10,1,0,0,0.8631087391594395,17.00487323898075
9,29,0.7,0.4555555555555556,7.222222222222221,-0.8813314037626627,10,0,0,0,,
9,30,0.7,0.6333333333333333,9.0,-0.8685121107266437,10,0,0,0,,
9,31,0.7,0.9,9.0,-0.8181818181818181,10,0,0,0,,
9,32,0.7,3.6666666666666665,36.66666666666667,-0.8181818181818183,10,0,0,0,,
9,33,0.7,5.444444444444445,63.333333333333336,-0.8416801292407108,10,0,0,0,,
9,34,0.7,7.222222222222221,72.22222222222223,-0.818181818181818,10,0,0,0,,
9,35,0.7,10.0,100.0,-0.8181818181818182,10,0,0,0,,
9,36,0.7,36.66666666666667,633.3333333333333,-0.8905472636815921,10,0,0,0,,
9,37,0.7,54.44444444444444,900.0,-0.8859138533178114,10,0,0,0,,
9,38,0.7,72.22222222222223,1000.0,-0.8652849740932643,10,0,0,0,,
9,39,0.7,277.77777777777777,3000.0,-0.8305084745762712,10,0,0,0,,
9,40,0.7,0.001,0.006333333333333334,-0.7272727272727273,10,408,334,9,0.0015417004529495583,147385.8821480114
9,41,0.7,0.004555555555555556,0.027777777777777776,-0.718213058419244,10,160,77,0,0.007014552984199714,1691.3105562283372
9,42,0.7,0.006333333333333334,0.05444444444444445,-0.7915904936014624,10,107,44,0,0.009862794856312099,1654.4603288575838
9,43,0.7,0.00811111111111111,0.07222222222222222,-0.7980636237897648,10,87,35,0,0.01264736347471151,1593.4315020211661
9,44,0.7,0.01,0.0811111111111111,-0.7804878048780489,10,73,27,0,0.01555965631605075,1490.1508306222458
9,45,0.7,0.05444444444444445,0.3666666666666667,-0.7414248021108178,10,11,1,0,0.08433347577642757,1049.7445582586952
9,46,0.7,0.07222222222222222,0.5444444444444445,-0.7657657657657659,10,10,0,0,0.11260840560373583,1496.848266365737
9,47,0.7,0.09,0.6333333333333333,-0.751152073732719,10,10,0,0,0.14082721814543028,1468.8603186365988
9,48,0.7,0.3666666666666667,2.7777777777777777,-0.7667844522968198,10,0,0,0,,
9,49,0.7,0.6333333333333333,4.555555555555555,-0.7558886509635975,10,0,0,0,,
9,50,0.7,0.8111111111111111,5.444444444444445,-0.7406749555950267,10,0,0,0,,
9,51,0.7,1.0,6.333333333333333,-0.7272727272727273,10,0,0,0,,
9,52,0.7,4.555555555555555,36.66666666666667,-0.7789757412398921,10,0,0,0,,
9,53,0.7,7.222222222222221,45.55555555555556,-0.7263157894736842,10,0,0,0,,
9,54,0.7,9.0,54.44444444444444,-0.7162872154115587,10,0,0,0,,
9,55,0.7,10.0,81.11111111111111,-0.7804878048780488,10,0,0,0,,
9,56,0.7,54.44444444444444,455.55555555555554,-0.7864923747276688,10,0,0,0,,
9,57,0.7,72.22222222222223,633.3333333333333,-0.7952755905511812,10,0,0,0,,
9,58,0.7,90.0,722.2222222222222,-0.7783857729138167,10,0,0,0,,
9,59,0.7,455.55555555555554,3000.0,-0.7363344051446945,10,0,0,0,,
9,60,0.7,0.001,0.004555555555555556,-0.64,10,405,346,16,0.0015205475297324954,179967.62030687832
9,61,0.7,0.001888888888888889,0.01,-0.6822429906542055,10,359,191,4,0.0028973435877013213,190995.44555270634
9,62,0.7,0.006333333333333334,0.027777777777777776,-0.6286644951140065,10,118,56,0,0.009594006315159337,1596.6098465485984
9,63,0.7,0.009,0.03666666666666667,-0.6058394160583941,10,89,37,0,0.013551894123510363,1574.3527483286648
9,64,0.7,0.01888888888888889,0.0811111111111111,-0.6222222222222222,10,46,12,0,0.028575905433749466,1646.562762636796
9,65,0.7,0.04555555555555556,0.18888888888888888,-0.6113744075829383,10,21,1,0,0.06886522963442762,1568.416273147044
9,66,0.7,0.0811111111111111,0.3666666666666667,-0.6377171215880892,10,9,0,0,0.12401601067378253,1509.1593731423845
9,67,0.7,0.1,0.5444444444444445,-0.6896551724137931,10,7,0,0,0.1552368245496998,1498.438028010426
9,68,0.7,0.3666666666666667,1.8888888888888888,-0.6748768472906403,10,0,0,0,,
9,69,0.7,0.7222222222222222,3.6666666666666665,-0.6708860759493671,10,0,0,0,,
9,70,0.7,0.9,4.555555555555555,-0.670061099796334,10,0,0,0,,
9,71,0.7,1.8888888888888888,9.0,-0.6530612244897959,10,0,0,0,,
9,72,0.7,5.444444444444445,27.77777777777778,-0.6722408026755854,10,0,0,0,,
9,73,0.7,9.0,36.66666666666667,-0.6058394160583942,10,0,0,0,,
9,74,0.7,18.88888888888889,81.11111111111111,-0.6222222222222222,10,0,0,0,,
9,75,0.7,45.55555555555556,188.88888888888889,-0.6113744075829383,10,0,0,0,,
9,76,0.7,81.11111111111111,366.66666666666663,-0.6377171215880894,10,0,0,0,,
9,77,0.7,100.0,455.55555555555554,-0.64,10,0,0,0,,
9,78,0.7,188.88888888888889,1000.0,-0.6822429906542056,10,0,0,0,,
9,79,0.7,722.2222222222222,3000.0,-0.6119402985074627,10,0,0,0,,
9,80,0.7,0.001,0.003666666666666667,-0.5714285714285715,10,407,338,18,0.001492794409578996,205685.5522674206
9,81,0.7,0.001888888888888889,0.007222222222222223,-0.5853658536585367,10,370,197,6,0.0028313919957993787,153278.1438733507
9,82,0.7,0.0054444444444444445,0.01888888888888889,-0.5525114155251142,10,142,70,0,0.008053784411990669,1578.5783957206672
9,83,0.7,0.009,0.027777777777777776,-0.5105740181268882,10,90,43,0,0.013121998990192028,1577.0843407594155
9,84,0.7,0.01888888888888889,0.07222222222222222,-0.5853658536585367,10,46,14,0,0.02831391995799379,1648.5890922955718
9,85,0.7,0.05444444444444445,0.18888888888888888,-0.5525114155251141,10,15,0,0,0.08090958991783821,1498.2118178639046
9,86,0.7,0.09,0.2777777777777778,-0.5105740181268883,10,7,0,0,0.13242161440960643,1515.5777984314461
9,87,0.7,0.18888888888888888,0.6333333333333333,-0.5405405405405406,10,2,0,0,0.561707805203469,194.00374874009518
9,88,0.7,0.2777777777777778,1.0,-0.5652173913043479,10,1,0,0,0.8348899266177451,13.31410385243684
9,89,0.7,0.8111111111111111,2.7777777777777777,-0.5479876160990712,10,0,0,0,,
9,90,0.7,1.8888888888888888,6.333333333333333,-0.5405405405405406,10,0,0,0,,
9,91,0.7,2.7777777777777777,10.0,-0.5652173913043478,10,0,0,0,,
9,92,0.7,8.11111111111111,27.77777777777778,-0.5479876160990713,10,0,0,0,,
9,93,0.7,10.0,36.66666666666667,-0.5714285714285715,10,0,0,0,,
9,94,0.7,27.77777777777778,90.0,-0.5283018867924528,10,0,0,0,,
9,95,0.7,72.22222222222223,277.77777777777777,-0.5873015873015872,10,0,0,0,,
9,96,0.7,100.0,366.66666666666663,-0.5714285714285714,10,0,0,0,,
9,97,0.7,277.77777777777777,900.0,-0.5283018867924527,10,0,0,0,,
9,98,0.7,633.3333333333333,2000.0,-0.518987341772152,10,0,0,0,,
9,99,0.7,1000.0,3000.0,-0.5,10,0,0,0,,
9,100,0.7,0.001,0.002777777777777778,-0.47058823529411764,10,430,351,32,0.0014321878992735425,200490.43031573843
9,101,0.7,0.001888888888888889,0.0054444444444444445,-0.48484848484848486,10,379,209,8,0.0027289777828080407,188362.81980483653
9,102,0.7,0.003666666666666667,0.009,-0.4210526315789473,10,223,112,0,0.005128613839913648,1662.5405359911522
9,103,0.7,0.007222222222222223,0.01888888888888889,-0.4468085106382978,10,113,56,0,0.010232929922807547,1581.3359558625573
9,104,0.7,0.01888888888888889,0.05444444444444445,-0.4848484848484849,10,50,15,0,0.027289777828080404,1430.77721519663
9,105,0.7,0.027777777777777776,0.0811111111111111,-0.4897959183673469,10,36,7,0,0.040179081084894,1547.1014617391024
9,106,0.7,0.06333333333333332,0.18888888888888888,-0.4977973568281938,10,17,1,0,0.0924698173938223,1492.627964360434
9,107,0.7,0.18888888888888888,0.4555555555555556,-0.4137931034482759,10,2,0,0,0.5346897931954636,129.74091899794067
9,108,0.7,0.2777777777777778,0.8111111111111111,-0.48979591836734687,10,1,0,0,0.8156771180787191,11.89189370586824
9,109,0.7,0.6333333333333333,1.8888888888888888,-0.4977973568281938,10,0,0,0,,
9,110,0.7,1.0,2.7777777777777777,-0.47058823529411764,10,0,0,0,,
9,111,0.7,2.7777777777777777,7.222222222222221,-0.44444444444444436,10,0,0,0,,
9,112,0.7,3.6666666666666665,10.0,-0.46341463414634154,10,0,0,0,,
9,113,0.7,10.0,27.77777777777778,-0.47058823529411764,10,0,0,0,,
9,114,0.7,27.77777777777778,72.22222222222223,-0.4444444444444445,10,0,0,0,,
9,115,0.7,36.66666666666667,90.0,-0.4210526315789473,10,0,0,0,,
9,116,0.7,72.22222222222223,188.88888888888889,-0.4468085106382979,10,0,0,0,,
9,117,0.7,188.88888888888889,544.4444444444445,-0.4848484848484848,10,0,0,0,,
9,118,0.7,366.66666666666663,900.0,-0.42105263157894746,10,0,0,0,,
9,119,0.7,811.1111111111111,2000.0,-0.42292490118577075,10,0,0,0,,
9,120,0.7,0.001,0.001888888888888889,-0.3076923076923077,10,489,400,80,0.00130016957803329,215476.9764872953
9,121,0.7,0.002777777777777778,0.006333333333333334,-0.39024390243902446,10,292,150,1,0.0038194427084004643,172672.71138037622
9,122,0.7,0.004555555555555556,0.009,-0.3278688524590163,10,189,95,0,0.0060255958607435805,1628.1339100236917
9,123,0.7,0.009,0.01888888888888889,-0.354581673306773,10,95,47,0,0.012133888504649774,1510.9251117654824
9,124,0.7,0.027777777777777776,0.05444444444444445,-0.3243243243243244,10,33,10,0,0.03664375746478333,1737.940094055881
9,125,0.7,0.03666666666666667,0.0811111111111111,-0.3773584905660377,10,31,5,0,0.05011872336272725,1468.1330284638468
9,126,0.7,0.0811111111111111,0.18888888888888888,-0.39917695473251025,10,12,0,0,0.1132088058705804,1636.7964450659133
9,127,0.7,0.18888888888888888,0.3666666666666667,-0.32000000000000006,10,3,0,0,0.5034689793195464,516.6355570668061
9,128,0.7,0.3666666666666667,0.7222222222222222,-0.3265306122448979,10,0,0,0,,
9,129,0.7,0.4555555555555556,1.0,-0.37404580152671746,10,0,0,0,,
9,130,0.7,1.8888888888888888,3.6666666666666665,-0.32,10,0,0,0,,
9,131,0.7,3.6666666666666665,7.222222222222221,-0.32653061224489793,10,0,0,0,,
9,132,0.7,4.555555555555555,10.0,-0.37404580152671757,10,0,0,0,,
9,133,0.7,10.0,18.88888888888889,-0.3076923076923077,10,0,0,0,,
9,134,0.7,27.77777777777778,63.333333333333336,-0.3902439024390244,10,0,0,0,,
9,135,0.7,45.55555555555556,90.0,-0.3278688524590164,10,0,0,0,,
9,136,0.7,90.0,188.88888888888889,-0.35458167330677287,10,0,0,0,,
9,137,0.7,277.77777777777777,544.4444444444445,-0.32432432432432434,10,0,0,0,,
9,138,0.7,366.66666666666663,811.1111111111111,-0.3773584905660377,10,0,0,0,,
9,139,0.7,1000.0,2000.0,-0.3333333333333333,10,0,0,0,,
9,140,0.7,0.002777777777777778,0.004555555555555556,-0.2424242424242424,10,321,164,1,0.003419794425137087,237179.45420445967
9,141,0.7,0.004555555555555556,0.007222222222222223,-0.22641509433962265,10,200,101,0,0.005520774392807574,1643.710519481043
9,142,0.7,0.0054444444444444445,0.009,-0.2461538461538461,10,166,83,0,0.006729766562843182,1654.9158865168663
9,143,0.7,0.006333333333333334,0.01,-0.2244897959183673,10,144,72,0,0.007655966069112569,1609.3823476879795
9,144,0.7,0.03666666666666667,0.06333333333333332,-0.2666666666666666,10,29,6,0,0.04613175745603795,1485.0941872055498
9,145,0.7,0.05444444444444445,0.09,-0.24615384615384614,10,23,1,0,0.06729766562843176,1620.3466415572993
9,146,0.7,0.06333333333333332,0.1,-0.22448979591836743,10,22,0,0,0.07691304402866098,1570.3883642838225
9,147,0.7,0.3666666666666667,0.6333333333333333,-0.2666666666666666,10,0,0,0,,
9,148,0.7,0.4555555555555556,0.8111111111111111,-0.2807017543859649,10,0,0,0,,
9,149,0.7,0.5444444444444445,1.0,-0.29496402877697836,10,0,0,0,,
9,150,0.7,3.6666666666666665,6.333333333333333,-0.26666666666666666,10,0,0,0,,
9,151,0.7,4.555555555555555,8.11111111111111,-0.2807017543859649,10,0,0,0,,
9,152,0.7,5.444444444444445,10.0,-0.2949640287769784,10,0,0,0,,
9,153,0.7,27.77777777777778,45.55555555555556,-0.2424242424242424,10,0,0,0,,
9,154,0.7,45.55555555555556,72.22222222222223,-0.22641509433962267,10,0,0,0,,
9,155,0.7,54.44444444444444,100.0,-0.2949640287769784,10,0,0,0,,
9,156,0.7,277.77777777777777,455.55555555555554,-0.24242424242424243,10,0,0,0,,
9,157,0.7,455.55555555555554,722.2222222222222,-0.2264150943396226,10,0,0,0,,
9,158,0.7,544.4444444444445,900.0,-0.24615384615384617,10,0,0,0,,
9,159,0.7,2000.0,3000.0,-0.2,10,0,0,0,,
9,160,0.7,0.001888888888888889,0.002777777777777778,-0.19047619047619047,10,440,249,17,0.0022080047330189016,244611.6050889052
9,161,0.7,0.003666666666666667,0.0054444444444444445,-0.19512195121951215,10,254,128,0,0.00430526610491711,1642.945599609572
9,162,0.7,0.006333333333333334,0.00811111111111111,-0.123076923076923,10,155,78,0,0.006886522963442762,1615.9460913679561
9,163,0.7,0.00811111111111111,0.01,-0.1042944785276074,10,122,61,0,0.008629785477669702,1591.5256279466885
9,164,0.7,0.03666666666666667,0.04555555555555556,-0.10810810810810813,10,27,13,0,0.039084089579240214,1525.7360253831746
9,165,0.7,0.05444444444444445,0.0811111111111111,-0.1967213114754098,10,22,2,0,0.064268771731702,1595.511601622914
9,166,0.7,0.07222222222222222,0.1,-0.16129032258064524,10,16,1,0,0.08241381150130021,1410.3581708459487
9,167,0.7,0.3666666666666667,0.4555555555555556,-0.10810810810810811,10,0,0,0,,
9,168,0.7,0.5444444444444445,0.7222222222222222,-0.1403508771929824,10,0,0,0,,
9,169,0.7,0.7222222222222222,0.9,-0.10958904109589043,10,0,0,0,,
9,170,0.7,2.7777777777777777,3.6666666666666665,-0.13793103448275862,10,0,0,0,,
9,171,0.7,5.444444444444445,7.222222222222221,-0.1403508771929824,10,0,0,0,,
9,172,0.7,6.333333333333333,9.0,-0.1739130434782609,10,0,0,0,,
9,173,0.7,18.88888888888889,27.77777777777778,-0.19047619047619047,10,0,0,0,,
9,174,0.7,45.55555555555556,63.333333333333336,-0.163265306122449,10,0,0,0,,
9,175,0.7,63.333333333333336,90.0,-0.17391304347826084,10,0,0,0,,
9,176,0.7,81.11111111111111,100.0,-0.10429447852760734,10,0,0,0,,
9,177,0.7,366.66666666666663,544.4444444444445,-0.19512195121951226,10,0,0,0,,
9,178,0.7,633.3333333333333,811.1111111111111,-0.12307692307692313,10,0,0,0,,
9,179,0.7,811.1111111111111,1000.0,-0.10429447852760737,10,0,0,0,,
9,180,0.7,0.001,0.001,0.0,10,475,418,3,0.0009246981739382229,15016.093435939787
9,181,0.7,0.004555555555555556,0.0054444444444444445,-0.08888888888888886,10,221,111,0,0.004742419852602448,1641.3099190417672
9,182,0.7,0.007222222222222223,0.007222222222222223,0.0,10,149,75,0,0.006668067692136219,1609.109007052746
9,183,0.7,0.009,0.01,-0.05263157894736847,10,115,58,0,0.008953647655495937,1646.1845953988804
9,184,0.7,0.04555555555555556,0.04555555555555556,0.0,10,27,8,0,0.04207266283844442,1599.049252047934
9,185,0.7,0.06333333333333332,0.07222222222222222,-0.0655737704918033,10,20,3,0,0.064268771731702,1615.6786924425128
9,186,0.7,0.09,0.09,0.0,10,19,0,0,0.08356030182312484,1436.8105165982674
9,187,0.7,0.4555555555555556,0.4555555555555556,0.0,10,0,0,0,,
9,188,0.7,0.6333333333333333,0.7222222222222222,-0.06557377049180328,10,0,0,0,,
9,189,0.7,0.9,0.9,0.0,10,0,0,0,,
9,190,0.7,3.6666666666666665,3.6666666666666665,0.0,10,0,0,0,,
9,191,0.7,6.333333333333333,6.333333333333333,0.0,10,0,0,0,,
9,192,0.7,8.11111111111111,9.0,-0.05194805194805197,10,0,0,0,,
9,193,0.7,36.66666666666667,36.66666666666667,0.0,10,0,0,0,,
9,194,0.7,63.333333333333336,63.333333333333336,0.0,10,0,0,0,,
9,195,0.7,81.11111111111111,90.0,-0.05194805194805193,10,0,0,0,,
9,196,0.7,277.77777777777777,277.77777777777777,0.0,10,0,0,0,,
9,197,0.7,544.4444444444445,633.3333333333333,-0.07547169811320747,10,0,0,0,,
9,198,0.7,811.1111111111111,811.1111111111111,0.0,10,0,0,0,,
9,199,0.7,3000.0,3000.0,0.0,10,0,0,0,,
9,200,0.7,0.0054444444444444445,0.004555555555555556,0.08888888888888886,10,214,107,0,0.0043853069777498605,1586.5708085717697
9,201,0.7,0.006333333333333334,0.0054444444444444445,0.0754716981132076,10,182,91,0,0.005223961889991197,1660.2528275928903
9,202,0.7,0.00811111111111111,0.007222222222222223,0.057971014492753555,10,139,70,0,0.006886522963442762,1650.6595185806757
9,203,0.7,0.01,0.009,0.05263157894736847,10,112,56,0,0.008550667128846832,1610.439739380616
9,204,0.7,0.06333333333333332,0.05444444444444445,0.07547169811320745,10,27,2,0,0.05223961889991197,1619.30039199672
9,205,0.7,0.0811111111111111,0.07222222222222222,0.05797101449275364,10,24,1,0,0.06886522963442762,1621.0495314597242
9,206,0.7,0.1,0.09,0.05263157894736847,10,19,0,0,0.08590135215053961,1559.4967534573063
9,207,0.7,0.5444444444444445,0.4555555555555556,0.0888888888888889,10,0,0,0,,
9,208,0.7,0.7222222222222222,0.6333333333333333,0.06557377049180328,10,0,0,0,,
9,209,0.7,0.9,0.8111111111111111,0.05194805194805195,10,0,0,0,,
9,210,0.7,5.444444444444445,4.555555555555555,0.08888888888888893,10,0,0,0,,
9,211,0.7,7.222222222222221,6.333333333333333,0.06557377049180325,10,0,0,0,,
9,212,0.7,9.0,8.11111111111111,0.05194805194805197,10,0,0,0,,
9,213,0.7,10.0,9.0,0.05263157894736842,10,0,0,0,,
9,214,0.7,63.333333333333336,54.44444444444444,0.07547169811320759,10,0,0,0,,
9,215,0.7,81.11111111111111,72.22222222222223,0.057971014492753596,10,0,0,0,,
9,216,0.7,100.0,90.0,0.05263157894736842,10,0,0,0,,
9,217,0.7,633.3333333333333,544.4444444444445,0.07547169811320747,10,0,0,0,,
9,218,0.7,811.1111111111111,722.2222222222222,0.057971014492753645,10,0,0,0,,
9,219,0.7,1000.0,900.0,0.05263157894736842,10,0,0,0,,
9,220,0.7,0.002777777777777778,0.001888888888888889,0.19047619047619047,10,427,233,16,0.0018879913490962926,511772.1879028529
9,221,0.7,0.0054444444444444445,0.003666666666666667,0.19512195121951215,10,236,119,0,0.0036643757464783332,1637.7882064178684
9,222,0.7,0.00811111111111111,0.006333333333333334,0.123076923076923,10,148,74,0,0.006194410750767812,1630.6709405119823
9,223,0.7,0.01,0.00811111111111111,0.1042944785276074,10,118,59,0,0.007870457896950985,1614.878635772402
9,224,0.7,0.05444444444444445,0.03666666666666667,0.19512195121951223,10,37,5,0,0.03664375746478333,1569.1814159863445
9,225,0.7,0.0811111111111111,0.05444444444444445,0.1967213114754098,10,27,3,0,0.05470159628939716,1479.309304114588
9,226,0.7,0.1,0.07222222222222222,0.16129032258064524,10,19,1,0,0.07177942912713615,1638.6110085289129
9,227,0.7,0.4555555555555556,0.3666666666666667,0.10810810810810811,10,0,0,0,,
9,228,0.7,0.8111111111111111,0.5444444444444445,0.19672131147540978,10,0,0,0,,
9,229,0.7,1.0,0.7222222222222222,0.16129032258064516,10,0,0,0,,
9,230,0.7,3.6666666666666665,2.7777777777777777,0.13793103448275862,10,0,0,0,,
9,231,0.7,7.222222222222221,5.444444444444445,0.1403508771929824,10,0,0,0,,
9,232,0.7,9.0,7.222222222222221,0.10958904109589046,10,0,0,0,,
9,233,0.7,36.66666666666667,27.77777777777778,0.13793103448275865,10,0,0,0,,
9,234,0.7,72.22222222222223,54.44444444444444,0.1403508771929825,10,0,0,0,,
9,235,0.7,90.0,63.333333333333336,0.17391304347826084,10,0,0,0,,
9,236,0.7,277.77777777777777,188.88888888888889,0.1904761904761905,10,0,0,0,,
9,237,0.7,633.3333333333333,455.55555555555554,0.16326530612244894,10,0,0,0,,
9,238,0.7,900.0,633.3333333333333,0.17391304347826092,10,0,0,0,,
9,239,0.7,3000.0,2000.0,0.2,10,0,0,0,,
9,240,0.7,0.004555555555555556,0.002777777777777778,0.2424242424242424,10,290,150,0,0.002818382931264455,1658.7135539541875
9,241,0.7,0.007222222222222223,0.004555555555555556,0.22641509433962265,10,185,93,0,0.004591980128368685,1598.9107887500181
9,242,0.7,0.009,0.0054444444444444445,0.2461538461538461,10,152,76,0,0.005520774392807574,1633.656719026713
9,243,0.7,0.01,0.006333333333333334,0.2244897959183673,10,133,67,0,0.006397348354826482,1630.5543620830858
9,244,0.7,0.06333333333333332,0.03666666666666667,0.2666666666666666,10,40,6,0,0.03732501577957206,1654.043773483117
9,245,0.7,0.0811111111111111,0.04555555555555556,0.2807017543859649,10,30,4,0,0.04655860935229591,1570.0891185111943
9,246,0.7,0.1,0.05444444444444445,0.2949640287769784,10,25,4,0,0.05597576014951104,1530.486834252011
9,247,0.7,0.6333333333333333,0.3666666666666667,0.2666666666666666,10,0,0,0,,
9,248,0.7,0.8111111111111111,0.4555555555555556,0.2807017543859649,10,0,0,0,,
9,249,0.7,1.0,0.5444444444444445,0.29496402877697836,10,0,0,0,,
9,250,0.7,4.555555555555555,2.7777777777777777,0.24242424242424243,10,0,0,0,,
9,251,0.7,7.222222222222221,4.555555555555555,0.22641509433962262,10,0,0,0,,
9,252,0.7,9.0,5.444444444444445,0.24615384615384614,10,0,0,0,,
9,253,0.7,45.55555555555556,27.77777777777778,0.2424242424242424,10,0,0,0,,
9,254,0.7,72.22222222222223,45.55555555555556,0.22641509433962267,10,0,0,0,,
9,255,0.7,90.0,54.44444444444444,0.24615384615384614,10,0,0,0,,
9,256,0.7,100.0,63.333333333333336,0.22448979591836732,10,0,0,0,,
9,257,0.7,633.3333333333333,366.66666666666663,0.26666666666666666,10,0,0,0,,
9,258,0.7,811.1111111111111,455.55555555555554,0.28070175438596495,10,0,0,0,,
9,259,0.7,1000.0,633.3333333333333,0.2244897959183674,10,0,0,0,,
9,260,0.7,0.001888888888888889,0.001,0.3076923076923077,10,425,364,29,0.0010280162981264735,214364.13436932617
9,261,0.7,0.006333333333333334,0.002777777777777778,0.39024390243902446,10,260,131,1,0.0028973435877013213,166250.54760392595
9,262,0.7,0.009,0.004555555555555556,0.3278688524590163,10,168,84,0,0.004698941086052151,1637.6192235000044
9,263,0.7,0.01888888888888889,0.009,0.354581673306773,10,85,41,0,0.009332543007969905,1595.7513998857573
9,264,0.7,0.05444444444444445,0.027777777777777776,0.3243243243243244,10,48,10,0,0.028575905433749466,1587.7829249064207
9,265,0.7,0.0811111111111111,0.03666666666666667,0.3773584905660377,10,37,5,0,0.03819442708400464,1661.403929836758
9,266,0.7,0.18888888888888888,0.0811111111111111,0.39917695473251025,10,16,1,0,0.08472274141405964,1527.4428008954758
9,267,0.7,0.3666666666666667,0.18888888888888888,0.32000000000000006,10,5,0,0,0.3593729152768512,1223.1994869412458
9,268,0.7,0.7222222222222222,0.3666666666666667,0.3265306122448979,10,0,0,0,,
9,269,0.7,1.0,0.4555555555555556,0.37404580152671746,10,0,0,0,,
9,270,0.7,3.6666666666666665,1.8888888888888888,0.32,10,0,0,0,,
9,271,0.7,7.222222222222221,3.6666666666666665,0.32653061224489793,10,0,0,0,,
9,272,0.7,10.0,4.555555555555555,0.37404580152671757,10,0,0,0,,
9,273,0.7,18.88888888888889,10.0,0.3076923076923077,10,0,0,0,,
9,274,0.7,63.333333333333336,27.77777777777778,0.3902439024390244,10,0,0,0,,
9,275,0.7,90.0,45.55555555555556,0.3278688524590164,10,0,0,0,,
9,276,0.7,188.88888888888889,90.0,0.35458167330677287,10,0,0,0,,
9,277,0.7,544.4444444444445,277.77777777777777,0.32432432432432434,10,0,0,0,,
9,278,0.7,811.1111111111111,366.66666666666663,0.3773584905660377,10,0,0,0,,
9,279,0.7,2000.0,1000.0,0.3333333333333333,10,0,0,0,,
9,280,0.7,0.002777777777777778,0.001,0.47058823529411764,10,374,317,25,0.0010519618738232235,224467.844182196
9,281,0.7,0.0054444444444444445,0.001888888888888889,0.48484848484848486,10,290,176,4,0.001986094917357372,107779.52450628446
9,282,0.7,0.009,0.003666666666666667,0.4210526315789473,10,191,96,0,0.003837072454922788,1641.1582055296292
9,283,0.7,0.01888888888888889,0.007222222222222223,0.4468085106382978,10,100,47,0,0.007585775750291836,1596.421166149729
9,284,0.7,0.05444444444444445,0.01888888888888889,0.4848484848484849,10,54,17,0,0.019860949173573717,1639.237262367052
9,285,0.7,0.09,0.03666666666666667,0.4210526315789474,10,36,8,0,0.03837072454922788,1597.809761097995
9,286,0.7,0.18888888888888888,0.07222222222222222,0.44680851063829796,10,17,1,0,0.07585775750291836,1304.5584805077588
9,287,0.7,0.4555555555555556,0.18888888888888888,0.4137931034482759,10,5,0,0,0.3617745163442295,1488.3173577319908
9,288,0.7,0.8111111111111111,0.2777777777777778,0.48979591836734687,10,3,0,0,0.5232821881254169,192.30058347520315
9,289,0.7,1.8888888888888888,0.6333333333333333,0.4977973568281938,10,0,0,0,,
9,290,0.7,4.555555555555555,1.8888888888888888,0.4137931034482758,10,0,0,0,,
9,291,0.7,8.11111111111111,2.7777777777777777,0.48979591836734687,10,0,0,0,,
9,292,0.7,18.88888888888889,6.333333333333333,0.4977973568281939,10,0,0,0,,
9,293,0.7,27.77777777777778,10.0,0.47058823529411764,10,0,0,0,,
9,294,0.7,72.22222222222223,27.77777777777778,0.4444444444444445,10,0,0,0,,
9,295,0.7,100.0,36.66666666666667,0.4634146341463414,10,0,0,0,,
9,296,0.7,277.77777777777777,100.0,0.47058823529411764,10,0,0,0,,
9,297,0.7,722.2222222222222,277.77777777777777,0.4444444444444444,10,0,0,0,,
9,298,0.7,1000.0,366.66666666666663,0.46341463414634154,10,0,0,0,,
9,299,0.7,3000.0,1000.0,0.5,10,0,0,0,,
9,300,0.7,0.003666666666666667,0.001,0.5714285714285715,10,343,295,21,0.001061695557198724,185759.66719526603
9,301,0.7,0.007222222222222223,0.001888888888888889,0.5853658536585367,10,260,162,2,0.0020044720273651616,73251.55801934471
9,302,0.7,0.01888888888888889,0.0054444444444444445,0.5525114155251142,10,118,58,0,0.005754399373371567,1653.0562560420965
9,303,0.7,0.027777777777777776,0.009,0.5105740181268882,10,90,36,0,0.00950604793656281,1659.7586527758099
9,304,0.7,0.07222222222222222,0.01888888888888889,0.5853658536585367,10,49,15,0,0.020044720273651614,1440.5488513300563
9,305,0.7,0.1,0.027777777777777776,0.5652173913043479,10,36,8,0,0.02951209226666387,1628.930950386372
9,306,0.7,0.2777777777777778,0.0811111111111111,0.5479876160990712,10,13,0,0,0.08629785477669702,1109.5351297247666
9,307,0.7,0.6333333333333333,0.18888888888888888,0.5405405405405406,10,5,0,0,0.3635757171447631,1488.1380937729002
9,308,0.7,1.0,0.2777777777777778,0.5652173913043479,10,3,0,0,0.524482988659106,189.11912999936573
9,309,0.7,2.7777777777777777,0.8111111111111111,0.5479876160990712,10,0,0,0,,
9,310,0.7,3.6666666666666665,1.0,0.5714285714285715,10,0,0,0,,
9,311,0.7,9.0,2.7777777777777777,0.5283018867924528,10,0,0,0,,
9,312,0.7,27.77777777777778,7.222222222222221,0.5873015873015873,10,0,0,0,,
9,313,0.7,36.66666666666667,10.0,0.5714285714285715,10,0,0,0,,
9,314,0.7,90.0,27.77777777777778,0.5283018867924528,10,0,0,0,,
9,315,0.7,188.88888888888889,54.44444444444444,0.5525114155251143,10,0,0,0,,
9,316,0.7,277.77777777777777,90.0,0.5105740181268882,10,0,0,0,,
9,317,0.7,722.2222222222222,188.88888888888889,0.5853658536585366,10,0,0,0,,
9,318,0.7,2000.0,544.4444444444445,0.572052401746725,10,0,0,0,,
9,319,0.7,3000.0,900.0,0.5384615384615384,10,0,0,0,,
9,320,0.7,0.004555555555555556,0.001,0.64,10,321,283,18,0.001066596121230258,108989.91116789097
9,321,0.7,0.01,0.001888888888888889,0.6822429906542055,10,229,150,2,0.0020137242498623896,123443.89163410515
9,322,0.7,0.027777777777777776,0.006333333333333334,0.6286644951140065,10,106,47,0,0.006729766562843182,1567.7966820872334
9,323,0.7,0.04555555555555556,0.00811111111111111,0.6977225672877847,10,90,34,0,0.00866961875758216,1648.4613588127993
9,324,0.7,0.0811111111111111,0.01888888888888889,0.6222222222222222,10,50,16,0,0.020044720273651614,1597.1225156636926
9,325,0.7,0.18888888888888888,0.04555555555555556,0.6113744075829383,10,22,4,0,0.0485288500162121,1435.7712336326958
9,326,0.7,0.3666666666666667,0.0811111111111111,0.6377171215880892,10,14,0,0,0.0866961875758217,1256.6291073643163
9,327,0.7,0.5444444444444445,0.1,0.6896551724137931,10,10,0,0,0.10720480320213477,1253.4094891804518
9,328,0.7,1.8888888888888888,0.3666666666666667,0.6748768472906403,10,0,0,0,,
9,329,0.7,3.6666666666666665,0.7222222222222222,0.6708860759493671,10,0,0,0,,
9,330,0.7,4.555555555555555,0.9,0.670061099796334,10,0,0,0,,
9,331,0.7,9.0,1.8888888888888888,0.6530612244897959,10,0,0,0,,
9,332,0.7,27.77777777777778,5.444444444444445,0.6722408026755854,10,0,0,0,,
9,333,0.7,45.55555555555556,8.11111111111111,0.6977225672877846,10,0,0,0,,
9,334,0.7,81.11111111111111,18.88888888888889,0.6222222222222222,10,0,0,0,,
9,335,0.7,188.88888888888889,45.55555555555556,0.6113744075829383,10,0,0,0,,
9,336,0.7,366.66666666666663,81.11111111111111,0.6377171215880894,10,0,0,0,,
9,337,0.7,455.55555555555554,100.0,0.64,10,0,0,0,,
9,338,0.7,1000.0,188.88888888888889,0.6822429906542056,10,0,0,0,,
9,339,0.7,3000.0,722.2222222222222,0.6119402985074627,10,0,0,0,,
9,340,0.7,0.006333333333333334,0.001,0.7272727272727273,10,292,267,11,0.001066596121230258,104701.12880495838
9,341,0.7,0.03666666666666667,0.004555555555555556,0.7789757412398922,10,123,57,0,0.00487528490103386,1638.3315363300708
9,342,0.7,0.05444444444444445,0.006333333333333334,0.7915904936014624,10,101,41,0,0.0067920363261718434,1605.6797575545686
9,343,0.7,0.06333333333333332,0.009,0.7511520737327189,10,77,30,0,0.009638290236239706,1633.2299730118466
9,344,0.7,0.09,0.01,0.8,10,65,26,0,0.01071519305237607,1638.759693034674
9,345,0.7,0.3666666666666667,0.06333333333333332,0.7054263565891472,10,16,0,0,0.06760829753919818,1569.4355689667943
9,346,0.7,0.5444444444444445,0.0811111111111111,0.7406749555950266,10,12,0,0,0.08709635899560805,1144.6336428011562
9,347,0.7,0.7222222222222222,0.0811111111111111,0.7980636237897648,10,12,0,0,0.08709635899560805,1283.0845691990069
9,348,0.7,2.7777777777777777,0.3666666666666667,0.7667844522968198,10,0,0,0,,
9,349,0.7,4.555555555555555,0.6333333333333333,0.7558886509635975,10,0,0,0,,
9,350,0.7,6.333333333333333,0.7222222222222222,0.795275590551181,10,0,0,0,,
9,351,0.7,7.222222222222221,1.0,0.7567567567567567,10,0,0,0,,
9,352,0.7,36.66666666666667,4.555555555555555,0.7789757412398921,10,0,0,0,,
9,353,0.7,54.44444444444444,6.333333333333333,0.7915904936014625,10,0,0,0,,
9,354,0.7,63.333333333333336,9.0,0.7511520737327189,10,0,0,0,,
9,355,0.7,90.0,10.0,0.8,10,0,0,0,,
9,356,0.7,366.66666666666663,63.333333333333336,0.7054263565891473,10,0,0,0,,
9,357,0.7,544.4444444444445,81.11111111111111,0.7406749555950267,10,0,0,0,,
9,358,0.7,722.2222222222222,81.11111111111111,0.7980636237897649,10,0,0,0,,
9,359,0.7,3000.0,455.55555555555554,0.7363344051446945,10,0,0,0,,
9,360,0.7,0.009,0.001,0.8000000000000002,10,275,255,10,0.001071519305237607,115488.83426673226
9,361,0.7,0.04555555555555556,0.003666666666666667,0.8510158013544019,10,110,68,2,0.003926449353996001,47243.251009650834
9,362,0.7,0.07222222222222222,0.0054444444444444445,0.8597997138769671,10,84,45,0,0.005834451042737447,1643.3943013813373
9,363,0.7,0.09,0.006333333333333334,0.8685121107266437,10,77,39,1,0.0067920363261718434,8478.961814150192
9,364,0.7,0.18888888888888888,0.01,0.8994413407821228,10,43,24,0,0.01071519305237607,1479.9037001794961
9,365,0.7,0.5444444444444445,0.04555555555555556,0.8455743879472692,10,21,1,0,0.048752849010338654,1470.608456544004
9,366,0.7,0.8111111111111111,0.04555555555555556,0.8936446173800259,10,20,1,0,0.04897788193684462,1439.6191658366429
9,367,0.7,0.9,0.09,0.8181818181818182,10,13,0,0,0.09682778562612496,1599.3125289490006
9,368,0.7,2.7777777777777777,0.2777777777777778,0.8181818181818182,10,3,0,0,0.5262841894596397,187.47294080351693
9,369,0.7,6.333333333333333,0.4555555555555556,0.8657937806873977,10,0,0,0,,
9,370,0.7,8.11111111111111,0.7222222222222222,0.8364779874213837,10,0,0,0,,
9,371,0.7,10.0,0.7222222222222222,0.8652849740932644,10,0,0,0,,
9,372,0.7,45.55555555555556,2.7777777777777777,0.8850574712643677,10,0,0,0,,
9,373,0.7,72.22222222222223,4.555555555555555,0.8813314037626627,10,0,0,0,,
9,374,0.7,90.0,5.444444444444445,0.8859138533178115,10,0,0,0,,
9,375,0.7,100.0,10.0,0.8181818181818182,10,0,0,0,,
9,376,0.7,544.4444444444445,36.66666666666667,0.8738049713193117,10,0,0,0,,
9,377,0.7,722.2222222222222,72.22222222222223,0.8181818181818182,10,0,0,0,,
9,378,0.7,900.0,81.11111111111111,0.8346545866364666,10,0,0,0,,
9,379,0.7,3000.0,277.77777777777777,0.8305084745762712,10,0,0,0,,
9,380,0.7,0.027777777777777776,0.001,0.9305019305019304,10,240,232,0,0.001071519305237607,1644.520293618827
9,381,0.7,0.4555555555555556,0.003666666666666667,0.9840309702395356,10,65,61,0,0.003926449353996001,1642.301241305379
9,382,0.7,0.9,0.003666666666666667,0.9918849133161194,10,65,60,0,0.003926449353996001,1641.7176630609079
9,383,0.7,2.7777777777777777,0.0811111111111111,0.94325689856199,10,12,0,0,0.08709635899560805,1468.8306489859363
9,384,0.7,5.444444444444445,0.09,0.9674764103593656,10,12,0,0,0.09682778562612496,1643.7673716987958
9,385,0.7,8.11111111111111,0.04555555555555556,0.98882985969214,10,18,1,0,0.04897788193684462,1427.2879697001629
9,386,0.7,18.88888888888889,0.006333333333333334,0.9993296365336328,10,39,36,0,0.0067920363261718434,1553.877645350371
9,387,0.7,36.66666666666667,0.01888888888888889,0.998970227458582,10,29,7,0,0.020230191786782717,1416.5484355110998
9,388,0.7,54.44444444444444,0.027777777777777776,0.9989801121876594,10,22,2,0,0.02978516429429191,1127.6415773250465
9,389,0.7,72.22222222222223,0.027777777777777776,0.9992310649750098,10,22,2,0,0.02978516429429191,1127.6743580334287
9,390,0.7,90.0,0.009,0.9998000199980002,10,33,25,0,0.009638290236239706,1571.57557190795
9,391,0.7,188.88888888888889,0.0054444444444444445,0.9999423546027204,10,44,41,0,0.005834451042737447,1584.9967675532155
9,392,0.7,277.77777777777777,1.0,0.9928258270227183,10,0,0,0,,
9,393,0.7,455.55555555555554,0.03666666666666667,0.9998390373457745,10,20,1,0,0.03926449353995997,1323.2615888145085
9,394,0.7,544.4444444444445,7.222222222222221,0.9738167170191341,10,0,0,0,,
9,395,0.7,722.2222222222222,0.06333333333333332,0.9998246307631483,10,18,0,0,0.06792036326171844,1593.5321331091689
9,396,0.7,811.1111111111111,8.11111111111111,0.9801980198019803,10,0,0,0,,
9,397,0.7,1000.0,0.04555555555555556,0.9999088930393171,10,18,1,0,0.04897788193684462,1427.0427315420711
9,398,0.7,2000.0,5.444444444444445,0.9945703363067206,10,0,0,0,,
9,399,0.7,3000.0,100.0,0.9354838709677419,10,0,0,0,,
10,0,0.8,0.001,0.027777777777777776,-0.9305019305019304,10,414,318,1,0.0015703628043335514,2243.6216349586107
10,1,0.8,0.001888888888888889,0.7222222222222222,-0.9947828755562373,10,319,169,1,0.0029648313895243423,1145913.7004133745
10,2,0.8,0.002777777777777778,54.44444444444444,-0.9998979643895719,10,221,115,1,0.004365158322401661,281008.0351089319
10,3,0.8,0.004555555555555556,0.1,-0.9128586609989372,10,143,64,0,0.007144963260755135,1543.0164498188415
10,4,0.8,0.0054444444444444445,45.55555555555556,-0.9997610041726721,10,116,58,0,0.008550667128846832,1606.3036687047747
10,5,0.8,0.007222222222222223,0.5444444444444445,-0.9738167170191339,10,88,44,0,0.011324003632355566,1614.5193352839424
10,6,0.8,0.00811111111111111,90.0,-0.999819769329431,10,78,39,0,0.012764388088113435,1578.1935481350895
10,7,0.8,0.01,2.7777777777777777,-0.9928258270227184,10,63,32,0,0.01570362804333553,1621.2686026750932
10,8,0.8,0.01888888888888889,722.2222222222222,-0.9999476936757038,10,38,17,0,0.029648313895243424,1527.710822798091
10,9,0.8,0.03666666666666667,90.0,-0.999185517011588,10,24,3,0,0.05780960474057181,1526.9495603255407
10,10,0.8,0.05444444444444445,81.11111111111111,-0.998658434749278,10,18,1,0,0.08590135215053961,1659.5939454086242
10,11,0.8,0.07222222222222222,100.0,-0.9985565980125465,10,14,1,0,0.11440960640426952,1610.481215824645
10,12,0.8,0.09,188.88888888888889,-0.9990475126557345,10,13,0,0,0.14262841894596398,1555.5692765758529
10,13,0.8,0.18888888888888888,633.3333333333333,-0.9994036866197801,10,2,0,0,0.5887258172114743,327.4581478377986
10,14,0.8,0.4555555555555556,45.55555555555556,-0.9801980198019802,10,0,0,0,,
10,15,0.8,0.7222222222222222,36.66666666666667,-0.9613670133729569,10,0,0,0,,
10,16,0.8,1.0,45.55555555555556,-0.9570405727923628,10,0,0,0,,
10,17,0.8,3.6666666666666665,544.4444444444445,-0.9866207176160553,10,0,0,0,,
10,18,0.8,8.11111111111111,900.0,-0.9821363024593173,10,0,0,0,,
10,19,0.8,100.0,3000.0,-0.9354838709677419,10,0,0,0,,
10,20,0.8,0.001,0.009,-0.8000000000000002,10,403,329,5,0.001555965631605075,72291.50506350273
10,21,0.8,0.003666666666666667,0.05444444444444445,-0.8738049713193117,10,174,82,0,0.0057279603098582925,1653.3789057029808
10,22,0.8,0.0054444444444444445,0.0811111111111111,-0.8741976893453145,10,122,51,1,0.008511380382023759,1885.7165206913567
10,23,0.8,0.007222222222222223,0.09,-0.8514285714285713,10,95,37,0,0.011271974561755105,1638.376332823975
10,24,0.8,0.01,0.18888888888888888,-0.8994413407821228,10,70,26,0,0.01570362804333553,1483.968678458417
10,25,0.8,0.04555555555555556,0.5444444444444445,-0.8455743879472692,10,16,1,0,0.07144963260755134,1644.944224359936
10,26,0.8,0.06333333333333332,0.6333333333333333,-0.8181818181818181,10,14,1,0,0.09908319448927676,1282.482345387461
10,27,0.8,0.0811111111111111,0.9,-0.8346545866364665,10,11,0,0,0.1276184122748499,1494.1313293196702
10,28,0.8,0.2777777777777778,2.7777777777777777,-0.8181818181818182,10,1,0,0,0.8649099399599732,18.184885541223768
10,29,0.8,0.4555555555555556,7.222222222222221,-0.8813314037626627,10,0,0,0,,
10,30,0.8,0.6333333333333333,9.0,-0.8685121107266437,10,0,0,0,,
10,31,0.8,0.9,9.0,-0.8181818181818181,10,0,0,0,,
10,32,0.8,3.6666666666666665,36.66666666666667,-0.8181818181818183,10,0,0,0,,
10,33,0.8,5.444444444444445,63.333333333333336,-0.8416801292407108,10,0,0,0,,
10,34,0.8,7.222222222222221,72.22222222222223,-0.818181818181818,10,0,0,0,,
10,35,0.8,10.0,100.0,-0.8181818181818182,10,0,0,0,,
10,36,0.8,36.66666666666667,633.3333333333333,-0.8905472636815921,10,0,0,0,,
10,37,0.8,54.44444444444444,900.0,-0.8859138533178114,10,0,0,0,,
10,38,0.8,72.22222222222223,1000.0,-0.8652849740932643,10,0,0,0,,
10,39,0.8,277.77777777777777,3000.0,-0.8305084745762712,10,0,0,0,,
10,40,0.8,0.001,0.006333333333333334,-0.7272727272727273,10,399,333,8,0.0015417004529495583,144412.6454022377
10,41,0.8,0.004555555555555556,0.027777777777777776,-0.718213058419244,10,163,77,0,0.007014552984199714,1642.1871323785329
10,42,0.8,0.006333333333333334,0.05444444444444445,-0.7915904936014624,10,109,47,0,0.009862794856312099,1637.3142765898654
10,43,0.8,0.00811111111111111,0.07222222222222222,-0.7980636237897648,10,90,34,0,0.012589254117941675,1521.424393364838
10,44,0.8,0.01,0.0811111111111111,-0.7804878048780489,10,76,27,0,0.01548816618912481,1583.6847533042858
10,45,0.8,0.05444444444444445,0.3666666666666667,-0.7414248021108178,10,11,0,0,0.08433347577642757,1368.5771068053775
10,46,0.8,0.07222222222222222,0.5444444444444445,-0.7657657657657659,10,10,0,0,0.11260840560373583,1466.7730172197805
10,47,0.8,0.09,0.6333333333333333,-0.751152073732719,10,10,0,0,0.14082721814543028,1499.652418559854
10,48,0.8,0.3666666666666667,2.7777777777777777,-0.7667844522968198,10,0,0,0,,
10,49,0.8,0.6333333333333333,4.555555555555555,-0.7558886509635975,10,0,0,0,,
10,50,0.8,0.8111111111111111,5.444444444444445,-0.7406749555950267,10,0,0,0,,
10,51,0.8,1.0,6.333333333333333,-0.7272727272727273,10,0,0,0,,
10,52,0.8,4.555555555555555,36.66666666666667,-0.7789757412398921,10,0,0,0,,
10,53,0.8,7.222222222222221,45.55555555555556,-0.7263157894736842,10,0,0,0,,
10,54,0.8,9.0,54.44444444444444,-0.7162872154115587,10,0,0,0,,
10,55,0.8,10.0,81.11111111111111,-0.7804878048780488,10,0,0,0,,
10,56,0.8,54.44444444444444,455.55555555555554,-0.7864923747276688,10,0,0,0,,
10,57,0.8,72.22222222222223,633.3333333333333,-0.7952755905511812,10,0,0,0,,
10,58,0.8,90.0,722.2222222222222,-0.7783857729138167,10,0,0,0,,
10,59,0.8,455.55555555555554,3000.0,-0.7363344051446945,10,0,0,0,,
10,60,0.8,0.001,0.004555555555555556,-0.64,10,405,340,15,0.0015135612484362072,198109.32591767542
10,61,0.8,0.001888888888888889,0.01,-0.6822429906542055,10,363,192,7,0.0028840315031266055,116170.66488153205
10,62,0.8,0.006333333333333334,0.027777777777777776,-0.6286644951140065,10,119,59,0,0.009549925860214359,1569.8428692366945
10,63,0.8,0.009,0.03666666666666667,-0.6058394160583941,10,94,39,0,0.013489628825916533,1644.379264072443
10,64,0.8,0.01888888888888889,0.0811111111111111,-0.6222222222222222,10,50,13,0,0.028444611074479167,1524.6067468396934
10,65,0.8,0.04555555555555556,0.18888888888888888,-0.6113744075829383,10,20,2,0,0.06854882264526613,1535.7117274349582
10,66,0.8,0.0811111111111111,0.3666666666666667,-0.6377171215880892,10,9,0,0,0.12341561040693796,1367.9791252834566
10,67,0.8,0.1,0.5444444444444445,-0.6896551724137931,10,7,0,0,0.15463642428285523,1272.4670767624002
10,68,0.8,0.3666666666666667,1.8888888888888888,-0.6748768472906403,10,0,0,0,,
10,69,0.8,0.7222222222222222,3.6666666666666665,-0.6708860759493671,10,0,0,0,,
10,70,0.8,0.9,4.555555555555555,-0.670061099796334,10,0,0,0,,
10,71,0.8,1.8888888888888888,9.0,-0.6530612244897959,10,0,0,0,,
10,72,0.8,5.444444444444445,27.77777777777778,-0.6722408026755854,10,0,0,0,,
10,73,0.8,9.0,36.66666666666667,-0.6058394160583942,10,0,0,0,,
10,74,0.8,18.88888888888889,81.11111111111111,-0.6222222222222222,10,0,0,0,,
10,75,0.8,45.55555555555556,188.88888888888889,-0.6113744075829383,10,0,0,0,,
10,76,0.8,81.11111111111111,366.66666666666663,-0.6377171215880894,10,0,0,0,,
10,77,0.8,100.0,455.55555555555554,-0.64,10,0,0,0,,
10,78,0.8,188.88888888888889,1000.0,-0.6822429906542056,10,0,0,0,,
10,79,0.8,722.2222222222222,3000.0,-0.6119402985074627,10,0,0,0,,
10,80,0.8,0.001,0.003666666666666667,-0.5714285714285715,10,409,339,14,0.0014791083881682072,237363.43142902254
10,81,0.8,0.001888888888888889,0.007222222222222223,-0.5853658536585367,10,364,202,10,0.002805433637951713,212191.83313416844
10,82,0.8,0.0054444444444444445,0.01888888888888889,-0.5525114155251142,10,143,72,0,0.008016780633876789,1617.1201125537664
10,83,0.8,0.009,0.027777777777777776,-0.5105740181268882,10,93,44,0,0.0130016957803329,1578.0756037195738
10,84,0.8,0.01888888888888889,0.07222222222222222,-0.5853658536585367,10,45,13,0,0.028054336379517132,1353.810831140141
10,85,0.8,0.05444444444444445,0.18888888888888888,-0.5525114155251141,10,19,1,0,0.0801678063387679,1389.9179264461036
10,86,0.8,0.09,0.2777777777777778,-0.5105740181268883,10,9,0,0,0.13122081387591727,780.6096915271524
10,87,0.8,0.18888888888888888,0.6333333333333333,-0.5405405405405406,10,2,0,0,0.5599066044029353,179.36825461607117
10,88,0.8,0.2777777777777778,1.0,-0.5652173913043479,10,1,0,0,0.8342895263509005,13.313225908382858
10,89,0.8,0.8111111111111111,2.7777777777777777,-0.5479876160990712,10,0,0,0,,
10,90,0.8,1.8888888888888888,6.333333333333333,-0.5405405405405406,10,0,0,0,,
10,91,0.8,2.7777777777777777,10.0,-0.5652173913043478,10,0,0,0,,
10,92,0.8,8.11111111111111,27.77777777777778,-0.5479876160990713,10,0,0,0,,
10,93,0.8,10.0,36.66666666666667,-0.5714285714285715,10,0,0,0,,
10,94,0.8,27.77777777777778,90.0,-0.5283018867924528,10,0,0,0,,
10,95,0.8,72.22222222222223,277.77777777777777,-0.5873015873015872,10,0,0,0,,
10,96,0.8,100.0,366.66666666666663,-0.5714285714285714,10,0,0,0,,
10,97,0.8,277.77777777777777,900.0,-0.5283018867924527,10,0,0,0,,
10,98,0.8,633.3333333333333,2000.0,-0.518987341772152,10,0,0,0,,
10,99,0.8,1000.0,3000.0,-0.5,10,0,0,0,,
10,100,0.8,0.001,0.002777777777777778,-0.47058823529411764,10,428,348,24,0.0014190575216890926,202362.04868022155
10,101,0.8,0.001888888888888889,0.0054444444444444445,-0.48484848484848486,10,380,215,9,0.002691534803926914,169020.18782246122
10,102,0.8,0.003666666666666667,0.009,-0.4210526315789473,10,228,115,0,0.005058246620031137,1583.4131526796941
10,103,0.8,0.007222222222222223,0.01888888888888889,-0.4468085106382978,10,115,57,0,0.010092528860766845,1576.5951390677756
10,104,0.8,0.01888888888888889,0.05444444444444445,-0.4848484848484849,10,52,15,0,0.026915348039269166,1559.5763909193488
10,105,0.8,0.027777777777777776,0.0811111111111111,-0.4897959183673469,10,37,7,0,0.039810717055349734,1509.4446264255525
10,106,0.8,0.06333333333333332,0.18888888888888888,-0.4977973568281938,10,16,0,0,0.09162204901220002,1412.1591957174944
10,107,0.8,0.18888888888888888,0.4555555555555556,-0.4137931034482759,10,2,0,0,0.5292861907938625,108.19378419052167
10,108,0.8,0.2777777777777778,0.8111111111111111,-0.48979591836734687,10,1,0,0,0.8138759172781854,11.555581445901609
10,109,0.8,0.6333333333333333,1.8888888888888888,-0.4977973568281938,10,0,0,0,,
10,110,0.8,1.0,2.7777777777777777,-0.47058823529411764,10,0,0,0,,
10,111,0.8,2.7777777777777777,7.222222222222221,-0.44444444444444436,10,0,0,0,,
10,112,0.8,3.6666666666666665,10.0,-0.46341463414634154,10,0,0,0,,
10,113,0.8,10.0,27.77777777777778,-0.47058823529411764,10,0,0,0,,
10,114,0.8,27.77777777777778,72.22222222222223,-0.4444444444444445,10,0,0,0,,
10,115,0.8,36.66666666666667,90.0,-0.4210526315789473,10,0,0,0,,
10,116,0.8,72.22222222222223,188.88888888888889,-0.4468085106382979,10,0,0,0,,
10,117,0.8,188.88888888888889,544.4444444444445,-0.4848484848484848,10,0,0,0,,
10,118,0.8,366.66666666666663,900.0,-0.42105263157894746,10,0,0,0,,
10,119,0.8,811.1111111111111,2000.0,-0.42292490118577075,10,0,0,0,,
10,120,0.8,0.001,0.001888888888888889,-0.3076923076923077,10,498,400,76,0.0012647363474711521,226291.02707508986
10,121,0.8,0.002777777777777778,0.006333333333333334,-0.39024390243902446,10,306,155,1,0.0037497300224548337,131385.58417714696
10,122,0.8,0.004555555555555556,0.009,-0.3278688524590163,10,195,98,0,0.005861381645140285,1595.940164089772
10,123,0.8,0.009,0.01888888888888889,-0.354581673306773,10,97,49,0,0.011857687481671597,1638.3529829552867
10,124,0.8,0.027777777777777776,0.05444444444444445,-0.3243243243243244,10,41,13,0,0.03564511334262443,1610.1001804045302
10,125,0.8,0.03666666666666667,0.0811111111111111,-0.3773584905660377,10,31,6,0,0.04920395356814511,1465.5990291752507
10,126,0.8,0.0811111111111111,0.18888888888888888,-0.39917695473251025,10,15,1,0,0.11080720480320214,1351.214499121734
10,127,0.8,0.18888888888888888,0.3666666666666667,-0.32000000000000006,10,3,0,0,0.4932621747831888,352.4674476480322
10,128,0.8,0.3666666666666667,0.7222222222222222,-0.3265306122448979,10,0,0,0,,
10,129,0.8,0.4555555555555556,1.0,-0.37404580152671746,10,0,0,0,,
10,130,0.8,1.8888888888888888,3.6666666666666665,-0.32,10,0,0,0,,
10,131,0.8,3.6666666666666665,7.222222222222221,-0.32653061224489793,10,0,0,0,,
10,132,0.8,4.555555555555555,10.0,-0.37404580152671757,10,0,0,0,,
10,133,0.8,10.0,18.88888888888889,-0.3076923076923077,10,0,0,0,,
10,134,0.8,27.77777777777778,63.333333333333336,-0.3902439024390244,10,0,0,0,,
10,135,0.8,45.55555555555556,90.0,-0.3278688524590164,10,0,0,0,,
10,136,0.8,90.0,188.88888888888889,-0.35458167330677287,10,0,0,0,,
10,137,0.8,277.77777777777777,544.4444444444445,-0.32432432432432434,10,0,0,0,,
10,138,0.8,366.66666666666663,811.1111111111111,-0.3773584905660377,10,0,0,0,,
10,139,0.8,1000.0,2000.0,-0.3333333333333333,10,0,0,0,,
10,140,0.8,0.002777777777777778,0.004555555555555556,-0.2424242424242424,10,333,171,1,0.003311311214825911,227860.83593423595
10,141,0.8,0.004555555555555556,0.007222222222222223,-0.22641509433962265,10,209,105,0,0.005321082592667942,1637.5611490130786
10,142,0.8,0.0054444444444444445,0.009,-0.2461538461538461,10,173,87,0,0.006516283940608427,1606.4107080967776
10,143,0.8,0.006333333333333334,0.01,-0.2244897959183673,10,151,76,0,0.007413102413009177,1626.230990018612
10,144,0.8,0.03666666666666667,0.06333333333333332,-0.2666666666666666,10,30,7,0,0.0446683592150963,1297.8579267735308
10,145,0.8,0.05444444444444445,0.09,-0.24615384615384614,10,25,2,0,0.06516283940608428,1648.8214941539125
10,146,0.8,0.06333333333333332,0.1,-0.22448979591836743,10,21,1,0,0.07413102413009177,1566.1016069641075
10,147,0.8,0.3666666666666667,0.6333333333333333,-0.2666666666666666,10,0,0,0,,
10,148,0.8,0.4555555555555556,0.8111111111111111,-0.2807017543859649,10,0,0,0,,
10,149,0.8,0.5444444444444445,1.0,-0.29496402877697836,10,0,0,0,,
10,150,0.8,3.6666666666666665,6.333333333333333,-0.26666666666666666,10,0,0,0,,
10,151,0.8,4.555555555555555,8.11111111111111,-0.2807017543859649,10,0,0,0,,
10,152,0.8,5.444444444444445,10.0,-0.2949640287769784,10,0,0,0,,
10,153,0.8,27.77777777777778,45.55555555555556,-0.2424242424242424,10,0,0,0,,
10,154,0.8,45.55555555555556,72.22222222222223,-0.22641509433962267,10,0,0,0,,
10,155,0.8,54.44444444444444,100.0,-0.2949640287769784,10,0,0,0,,
10,156,0.8,277.77777777777777,455.55555555555554,-0.24242424242424243,10,0,0,0,,
10,157,0.8,455.55555555555554,722.2222222222222,-0.2264150943396226,10,0,0,0,,
10,158,0.8,544.4444444444445,900.0,-0.24615384615384617,10,0,0,0,,
10,159,0.8,2000.0,3000.0,-0.2,10,0,0,0,,
10,160,0.8,0.001888888888888889,0.002777777777777778,-0.19047619047619047,10,434,260,21,0.0021281390459827135,204426.7151624151
10,161,0.8,0.003666666666666667,0.0054444444444444445,-0.19512195121951215,10,265,134,1,0.0041495404263436324,99060.92935328043
10,162,0.8,0.006333333333333334,0.00811111111111111,-0.123076923076923,10,163,82,1,0.006576578373554205,154052.04741138103
10,163,0.8,0.00811111111111111,0.01,-0.1042944785276074,10,129,65,0,0.008203515443298184,1592.098293034509
10,164,0.8,0.03666666666666667,0.04555555555555556,-0.10810810810810813,10,30,13,0,0.03732501577957206,1401.9834614167346
10,165,0.8,0.05444444444444445,0.0811111111111111,-0.1967213114754098,10,22,3,0,0.06194410750767818,1318.2076214489564
10,166,0.8,0.07222222222222222,0.1,-0.16129032258064524,10,20,1,0,0.07870457896950984,1327.4541924357347
10,167,0.8,0.3666666666666667,0.4555555555555556,-0.10810810810810811,10,0,0,0,,
10,168,0.8,0.5444444444444445,0.7222222222222222,-0.1403508771929824,10,0,0,0,,
10,169,0.8,0.7222222222222222,0.9,-0.10958904109589043,10,0,0,0,,
10,170,0.8,2.7777777777777777,3.6666666666666665,-0.13793103448275862,10,0,0,0,,
10,171,0.8,5.444444444444445,7.222222222222221,-0.1403508771929824,10,0,0,0,,
10,172,0.8,6.333333333333333,9.0,-0.1739130434782609,10,0,0,0,,
10,173,0.8,18.88888888888889,27.77777777777778,-0.19047619047619047,10,0,0,0,,
10,174,0.8,45.55555555555556,63.333333333333336,-0.163265306122449,10,0,0,0,,
10,175,0.8,63.333333333333336,90.0,-0.17391304347826084,10,0,0,0,,
10,176,0.8,81.11111111111111,100.0,-0.10429447852760734,10,0,0,0,,
10,177,0.8,366.66666666666663,544.4444444444445,-0.19512195121951226,10,0,0,0,,
10,178,0.8,633.3333333333333,811.1111111111111,-0.12307692307692313,10,0,0,0,,
10,179,0.8,811.1111111111111,1000.0,-0.10429447852760737,10,0,0,0,,
10,180,0.8,0.001,0.001,0.0,10,487,464,4,0.0008709635899560805,252591.77286518755
10,181,0.8,0.004555555555555556,0.0054444444444444445,-0.08888888888888886,10,232,117,1,0.0045081670454146005,77719.11247615448
10,182,0.8,0.007222222222222223,0.007222222222222223,0.0,10,158,79,0,0.00630957344480193,1656.0489405616038
10,183,0.8,0.009,0.01,-0.05263157894736847,10,121,61,0,0.008472274141405963,1598.3525706901087
10,184,0.8,0.04555555555555556,0.04555555555555556,0.0,10,29,9,0,0.039810717055349734,1608.1470287607297
10,185,0.8,0.06333333333333332,0.07222222222222222,-0.0655737704918033,10,20,2,0,0.061094202490557206,1572.7371395617154
10,186,0.8,0.09,0.09,0.0,10,19,0,0,0.07870457896950984,1514.2003506351348
10,187,0.8,0.4555555555555556,0.4555555555555556,0.0,10,0,0,0,,
10,188,0.8,0.6333333333333333,0.7222222222222222,-0.06557377049180328,10,0,0,0,,
10,189,0.8,0.9,0.9,0.0,10,0,0,0,,
10,190,0.8,3.6666666666666665,3.6666666666666665,0.0,10,0,0,0,,
10,191,0.8,6.333333333333333,6.333333333333333,0.0,10,0,0,0,,
10,192,0.8,8.11111111111111,9.0,-0.05194805194805197,10,0,0,0,,
10,193,0.8,36.66666666666667,36.66666666666667,0.0,10,0,0,0,,
10,194,0.8,63.333333333333336,63.333333333333336,0.0,10,0,0,0,,
10,195,0.8,81.11111111111111,90.0,-0.05194805194805193,10,0,0,0,,
10,196,0.8,277.77777777777777,277.77777777777777,0.0,10,0,0,0,,
10,197,0.8,544.4444444444445,633.3333333333333,-0.07547169811320747,10,0,0,0,,
10,198,0.8,811.1111111111111,811.1111111111111,0.0,10,0,0,0,,
10,199,0.8,3000.0,3000.0,0.0,10,0,0,0,,
10,200,0.8,0.0054444444444444445,0.004555555555555556,0.08888888888888886,10,227,114,0,0.004130475019901615,1653.2300667402244
10,201,0.8,0.006333333333333334,0.0054444444444444445,0.0754716981132076,10,193,97,0,0.004897788193684461,1635.8090027697283
10,202,0.8,0.00811111111111111,0.007222222222222223,0.057971014492753555,10,148,74,0,0.006456542290346556,1635.9734548137521
10,203,0.8,0.01,0.009,0.05263157894736847,10,120,60,0,0.008053784411990669,1653.3551728112368
10,204,0.8,0.06333333333333332,0.05444444444444445,0.07547169811320745,10,31,2,0,0.04920395356814511,1556.7188907440093
10,205,0.8,0.0811111111111111,0.07222222222222222,0.05797101449275364,10,25,1,0,0.06486344335482389,1640.533990873768
10,206,0.8,0.1,0.09,0.05263157894736847,10,20,0,0,0.08053784411990669,1445.0253199191864
10,207,0.8,0.5444444444444445,0.4555555555555556,0.0888888888888889,10,0,0,0,,
10,208,0.8,0.7222222222222222,0.6333333333333333,0.06557377049180328,10,0,0,0,,
10,209,0.8,0.9,0.8111111111111111,0.05194805194805195,10,0,0,0,,
10,210,0.8,5.444444444444445,4.555555555555555,0.08888888888888893,10,0,0,0,,
10,211,0.8,7.222222222222221,6.333333333333333,0.06557377049180325,10,0,0,0,,
10,212,0.8,9.0,8.11111111111111,0.05194805194805197,10,0,0,0,,
10,213,0.8,10.0,9.0,0.05263157894736842,10,0,0,0,,
10,214,0.8,63.333333333333336,54.44444444444444,0.07547169811320759,10,0,0,0,,
10,215,0.8,81.11111111111111,72.22222222222223,0.057971014492753596,10,0,0,0,,
10,216,0.8,100.0,90.0,0.05263157894736842,10,0,0,0,,
10,217,0.8,633.3333333333333,544.4444444444445,0.07547169811320747,10,0,0,0,,
10,218,0.8,811.1111111111111,722.2222222222222,0.057971014492753645,10,0,0,0,,
10,219,0.8,1000.0,900.0,0.05263157894736842,10,0,0,0,,
10,220,0.8,0.002777777777777778,0.001888888888888889,0.19047619047619047,10,420,249,15,0.0017619760464116293,209245.14890043004
10,221,0.8,0.0054444444444444445,0.003666666666666667,0.19512195121951215,10,253,128,0,0.003419794425137087,1626.6842268201574
10,222,0.8,0.00811111111111111,0.006333333333333334,0.123076923076923,10,159,79,0,0.005807644175213123,1594.5509451732507
10,223,0.8,0.01,0.00811111111111111,0.1042944785276074,10,126,63,0,0.007379042301291015,1637.7432611213706
10,224,0.8,0.05444444444444445,0.03666666666666667,0.19512195121951223,10,42,8,0,0.034197944251370904,1601.8025430495804
10,225,0.8,0.0811111111111111,0.05444444444444445,0.1967213114754098,10,30,3,0,0.051050499997540646,1558.516567726742
10,226,0.8,0.1,0.07222222222222222,0.16129032258064524,10,23,2,0,0.06698846094165266,1522.8464569416822
10,227,0.8,0.4555555555555556,0.3666666666666667,0.10810810810810811,10,1,0,0,0.8805203468979319,19.327772314001848
10,228,0.8,0.8111111111111111,0.5444444444444445,0.19672131147540978,10,0,0,0,,
10,229,0.8,1.0,0.7222222222222222,0.16129032258064516,10,0,0,0,,
10,230,0.8,3.6666666666666665,2.7777777777777777,0.13793103448275862,10,0,0,0,,
10,231,0.8,7.222222222222221,5.444444444444445,0.1403508771929824,10,0,0,0,,
10,232,0.8,9.0,7.222222222222221,0.10958904109589046,10,0,0,0,,
10,233,0.8,36.66666666666667,27.77777777777778,0.13793103448275865,10,0,0,0,,
10,234,0.8,72.22222222222223,54.44444444444444,0.1403508771929825,10,0,0,0,,
10,235,0.8,90.0,63.333333333333336,0.17391304347826084,10,0,0,0,,
10,236,0.8,277.77777777777777,188.88888888888889,0.1904761904761905,10,0,0,0,,
10,237,0.8,633.3333333333333,455.55555555555554,0.16326530612244894,10,0,0,0,,
10,238,0.8,900.0,633.3333333333333,0.17391304347826092,10,0,0,0,,
10,239,0.8,3000.0,2000.0,0.2,10,0,0,0,,
10,240,0.8,0.004555555555555556,0.002777777777777778,0.2424242424242424,10,318,161,0,0.0026181830082189863,1641.2930611483316
10,241,0.8,0.007222222222222223,0.004555555555555556,0.22641509433962265,10,199,100,0,0.004285485203974397,1655.3599417577768
10,242,0.8,0.009,0.0054444444444444445,0.2461538461538461,10,163,82,0,0.005128613839913648,1632.9032467532193
10,243,0.8,0.01,0.006333333333333334,0.2244897959183673,10,143,72,0,0.005942921586155727,1614.5558696582857
10,244,0.8,0.06333333333333332,0.03666666666666667,0.2666666666666666,10,41,8,0,0.0348337315036012,1582.3056509463454
10,245,0.8,0.0811111111111111,0.04555555555555556,0.2807017543859649,10,36,4,0,0.04325138310350088,1595.931409699844
10,246,0.8,0.1,0.05444444444444445,0.2949640287769784,10,29,4,0,0.05199959965335162,1575.007489546567
10,247,0.8,0.6333333333333333,0.3666666666666667,0.2666666666666666,10,1,0,0,0.8883255503669112,18.23441853136994
10,248,0.8,0.8111111111111111,0.4555555555555556,0.2807017543859649,10,0,0,0,,
10,249,0.8,1.0,0.5444444444444445,0.29496402877697836,10,0,0,0,,
10,250,0.8,4.555555555555555,2.7777777777777777,0.24242424242424243,10,0,0,0,,
10,251,0.8,7.222222222222221,4.555555555555555,0.22641509433962262,10,0,0,0,,
10,252,0.8,9.0,5.444444444444445,0.24615384615384614,10,0,0,0,,
10,253,0.8,45.55555555555556,27.77777777777778,0.2424242424242424,10,0,0,0,,
10,254,0.8,72.22222222222223,45.55555555555556,0.22641509433962267,10,0,0,0,,
10,255,0.8,90.0,54.44444444444444,0.24615384615384614,10,0,0,0,,
10,256,0.8,100.0,63.333333333333336,0.22448979591836732,10,0,0,0,,
10,257,0.8,633.3333333333333,366.66666666666663,0.26666666666666666,10,0,0,0,,
10,258,0.8,811.1111111111111,455.55555555555554,0.28070175438596495,10,0,0,0,,
10,259,0.8,1000.0,633.3333333333333,0.2244897959183674,10,0,0,0,,
10,260,0.8,0.001888888888888889,0.001,0.3076923076923077,10,418,369,6,0.0009549925860214359,180956.3993300564
10,261,0.8,0.006333333333333334,0.002777777777777778,0.39024390243902446,10,276,142,0,0.0026791683248190315,1639.131068819852
10,262,0.8,0.009,0.004555555555555556,0.3278688524590163,10,182,91,0,0.004365158322401661,1658.2817046371792
10,263,0.8,0.01888888888888889,0.009,0.354581673306773,10,93,45,0,0.008629785477669702,1567.465021145619
10,264,0.8,0.05444444444444445,0.027777777777777776,0.3243243243243244,10,49,11,0,0.02654605561975539,1485.8797125221358
10,265,0.8,0.0811111111111111,0.03666666666666667,0.3773584905660377,10,40,7,0,0.0353183169791957,1664.9129191675752
10,266,0.8,0.18888888888888888,0.0811111111111111,0.39917695473251025,10,18,1,0,0.07870457896950984,1313.0884007029488
10,267,0.8,0.3666666666666667,0.18888888888888888,0.32000000000000006,10,6,0,0,0.33535690460306866,1101.0356452238993
10,268,0.8,0.7222222222222222,0.3666666666666667,0.3265306122448979,10,1,0,0,0.8895263509006003,18.06033763972443
10,269,0.8,1.0,0.4555555555555556,0.37404580152671746,10,0,0,0,,
10,270,0.8,3.6666666666666665,1.8888888888888888,0.32,10,0,0,0,,
10,271,0.8,7.222222222222221,3.6666666666666665,0.32653061224489793,10,0,0,0,,
10,272,0.8,10.0,4.555555555555555,0.37404580152671757,10,0,0,0,,
10,273,0.8,18.88888888888889,10.0,0.3076923076923077,10,0,0,0,,
10,274,0.8,63.333333333333336,27.77777777777778,0.3902439024390244,10,0,0,0,,
10,275,0.8,90.0,45.55555555555556,0.3278688524590164,10,0,0,0,,
10,276,0.8,188.88888888888889,90.0,0.35458167330677287,10,0,0,0,,
10,277,0.8,544.4444444444445,277.77777777777777,0.32432432432432434,10,0,0,0,,
10,278,0.8,811.1111111111111,366.66666666666663,0.3773584905660377,10,0,0,0,,
10,279,0.8,2000.0,1000.0,0.3333333333333333,10,0,0,0,,
10,280,0.8,0.002777777777777778,0.001,0.47058823529411764,10,385,335,20,0.0009727472237769651,214818.0127926257
10,281,0.8,0.0054444444444444445,0.001888888888888889,0.48484848484848486,10,304,193,4,0.0018365383433483473,92693.03704864123
10,282,0.8,0.009,0.003666666666666667,0.4210526315789473,10,207,105,0,0.0035481338923357532,1653.47563349229
10,283,0.8,0.01888888888888889,0.007222222222222223,0.4468085106382978,10,108,52,0,0.007014552984199714,1607.1320600493248
10,284,0.8,0.05444444444444445,0.01888888888888889,0.4848484848484849,10,60,19,0,0.018365383433483474,1644.0974000019298
10,285,0.8,0.09,0.03666666666666667,0.4210526315789474,10,38,6,0,0.035481338923357565,1641.7428888230168
10,286,0.8,0.18888888888888888,0.07222222222222222,0.44680851063829796,10,20,1,0,0.07014552984199714,1537.0662849168034
10,287,0.8,0.4555555555555556,0.18888888888888888,0.4137931034482759,10,7,0,0,0.33715810540360236,1620.5622943049768
10,288,0.8,0.8111111111111111,0.2777777777777778,0.48979591836734687,10,3,0,0,0.4872581721147431,205.46803775980814
10,289,0.8,1.8888888888888888,0.6333333333333333,0.4977973568281938,10,0,0,0,,
10,290,0.8,4.555555555555555,1.8888888888888888,0.4137931034482758,10,0,0,0,,
10,291,0.8,8.11111111111111,2.7777777777777777,0.48979591836734687,10,0,0,0,,
10,292,0.8,18.88888888888889,6.333333333333333,0.4977973568281939,10,0,0,0,,
10,293,0.8,27.77777777777778,10.0,0.47058823529411764,10,0,0,0,,
10,294,0.8,72.22222222222223,27.77777777777778,0.4444444444444445,10,0,0,0,,
10,295,0.8,100.0,36.66666666666667,0.4634146341463414,10,0,0,0,,
10,296,0.8,277.77777777777777,100.0,0.47058823529411764,10,0,0,0,,
10,297,0.8,722.2222222222222,277.77777777777777,0.4444444444444444,10,0,0,0,,
10,298,0.8,1000.0,366.66666666666663,0.46341463414634154,10,0,0,0,,
10,299,0.8,3000.0,1000.0,0.5,10,0,0,0,,
10,300,0.8,0.003666666666666667,0.001,0.5714285714285715,10,355,320,22,0.0009817479430199844,119842.30160153461
10,301,0.8,0.007222222222222223,0.001888888888888889,0.5853658536585367,10,271,179,2,0.0018535316234148105,92035.25617374392
10,302,0.8,0.01888888888888889,0.0054444444444444445,0.5525114155251142,10,131,63,0,0.005321082592667942,1718.2707808350062
10,303,0.8,0.027777777777777776,0.009,0.5105740181268882,10,94,40,0,0.008790225168308843,1632.801349229222
10,304,0.8,0.07222222222222222,0.01888888888888889,0.5853658536585367,10,60,18,0,0.018535316234148124,1637.2168943104111
10,305,0.8,0.1,0.027777777777777776,0.5652173913043479,10,40,10,0,0.027164392688390836,1640.5226259355643
10,306,0.8,0.2777777777777778,0.0811111111111111,0.5479876160990712,10,15,1,0,0.07979946872679769,1309.4291368189988
10,307,0.8,0.6333333333333333,0.18888888888888888,0.5405405405405406,10,6,0,0,0.3383589059372915,1209.9694828535537
10,308,0.8,1.0,0.2777777777777778,0.5652173913043479,10,3,0,0,0.4884589726484323,204.5212342453807
10,309,0.8,2.7777777777777777,0.8111111111111111,0.5479876160990712,10,0,0,0,,
10,310,0.8,3.6666666666666665,1.0,0.5714285714285715,10,0,0,0,,
10,311,0.8,9.0,2.7777777777777777,0.5283018867924528,10,0,0,0,,
10,312,0.8,27.77777777777778,7.222222222222221,0.5873015873015873,10,0,0,0,,
10,313,0.8,36.66666666666667,10.0,0.5714285714285715,10,0,0,0,,
10,314,0.8,90.0,27.77777777777778,0.5283018867924528,10,0,0,0,,
10,315,0.8,188.88888888888889,54.44444444444444,0.5525114155251143,10,0,0,0,,
10,316,0.8,277.77777777777777,90.0,0.5105740181268882,10,0,0,0,,
10,317,0.8,722.2222222222222,188.88888888888889,0.5853658536585366,10,0,0,0,,
10,318,0.8,2000.0,544.4444444444445,0.572052401746725,10,0,0,0,,
10,319,0.8,3000.0,900.0,0.5384615384615384,10,0,0,0,,
10,320,0.8,0.004555555555555556,0.001,0.64,10,345,308,17,0.0009817479430199844,115893.2965499748
10,321,0.8,0.01,0.001888888888888889,0.6822429906542055,10,231,166,1,0.0018620871366628676,70466.78143052734
10,322,0.8,0.027777777777777776,0.006333333333333334,0.6286644951140065,10,119,52,0,0.006223002851691595,1657.222907478213
10,323,0.8,0.04555555555555556,0.00811111111111111,0.6977225672877847,10,97,38,0,0.007979946872679769,1650.6696589648775
10,324,0.8,0.0811111111111111,0.01888888888888889,0.6222222222222222,10,51,16,0,0.018535316234148124,1566.282667188218
10,325,0.8,0.18888888888888888,0.04555555555555556,0.6113744075829383,10,29,4,0,0.0446683592150963,1578.404110193757
10,326,0.8,0.3666666666666667,0.0811111111111111,0.6377171215880892,10,14,0,0,0.0801678063387679,1009.7070928390756
10,327,0.8,0.5444444444444445,0.1,0.6896551724137931,10,13,0,0,0.09908319448927676,1539.9100516587257
10,328,0.8,1.8888888888888888,0.3666666666666667,0.6748768472906403,10,1,0,0,0.8943295530353569,17.695666213857795
10,329,0.8,3.6666666666666665,0.7222222222222222,0.6708860759493671,10,0,0,0,,
10,330,0.8,4.555555555555555,0.9,0.670061099796334,10,0,0,0,,
10,331,0.8,9.0,1.8888888888888888,0.6530612244897959,10,0,0,0,,
10,332,0.8,27.77777777777778,5.444444444444445,0.6722408026755854,10,0,0,0,,
10,333,0.8,45.55555555555556,8.11111111111111,0.6977225672877846,10,0,0,0,,
10,334,0.8,81.11111111111111,18.88888888888889,0.6222222222222222,10,0,0,0,,
10,335,0.8,188.88888888888889,45.55555555555556,0.6113744075829383,10,0,0,0,,
10,336,0.8,366.66666666666663,81.11111111111111,0.6377171215880894,10,0,0,0,,
10,337,0.8,455.55555555555554,100.0,0.64,10,0,0,0,,
10,338,0.8,1000.0,188.88888888888889,0.6822429906542056,10,0,0,0,,
10,339,0.8,3000.0,722.2222222222222,0.6119402985074627,10,0,0,0,,
10,340,0.8,0.006333333333333334,0.001,0.7272727272727273,10,328,300,23,0.00098627948563121,115462.71862316271
10,341,0.8,0.03666666666666667,0.004555555555555556,0.7789757412398922,10,129,64,0,0.004487453899331323,1635.8358134414905
10,342,0.8,0.05444444444444445,0.006333333333333334,0.7915904936014624,10,109,46,1,0.006251726927756862,8356.921476170373
10,343,0.8,0.06333333333333332,0.009,0.7511520737327189,10,87,33,0,0.008871560120379608,1612.038613207639
10,344,0.8,0.09,0.01,0.8,10,74,29,0,0.009862794856312099,1610.3902791636565
10,345,0.8,0.3666666666666667,0.06333333333333332,0.7054263565891472,10,16,0,0,0.06251726927756862,1257.1515440803719
10,346,0.8,0.5444444444444445,0.0811111111111111,0.7406749555950266,10,14,0,0,0.0801678063387679,1068.7592480833082
10,347,0.8,0.7222222222222222,0.0811111111111111,0.7980636237897648,10,15,0,0,0.08053784411990669,1386.6951528341356
10,348,0.8,2.7777777777777777,0.3666666666666667,0.7667844522968198,10,1,0,0,0.8949299533022014,17.670284028451654
10,349,0.8,4.555555555555555,0.6333333333333333,0.7558886509635975,10,0,0,0,,
10,350,0.8,6.333333333333333,0.7222222222222222,0.795275590551181,10,0,0,0,,
10,351,0.8,7.222222222222221,1.0,0.7567567567567567,10,0,0,0,,
10,352,0.8,36.66666666666667,4.555555555555555,0.7789757412398921,10,0,0,0,,
10,353,0.8,54.44444444444444,6.333333333333333,0.7915904936014625,10,0,0,0,,
10,354,0.8,63.333333333333336,9.0,0.7511520737327189,10,0,0,0,,
10,355,0.8,90.0,10.0,0.8,10,0,0,0,,
10,356,0.8,366.66666666666663,63.333333333333336,0.7054263565891473,10,0,0,0,,
10,357,0.8,544.4444444444445,81.11111111111111,0.7406749555950267,10,0,0,0,,
10,358,0.8,722.2222222222222,81.11111111111111,0.7980636237897649,10,0,0,0,,
10,359,0.8,3000.0,455.55555555555554,0.7363344051446945,10,0,0,0,,
10,360,0.8,0.009,0.001,0.8000000000000002,10,299,281,7,0.00098627948563121,72633.07761188921
10,361,0.8,0.04555555555555556,0.003666666666666667,0.8510158013544019,10,112,76,1,0.003630780547701014,27022.706249240546
10,362,0.8,0.07222222222222222,0.0054444444444444445,0.8597997138769671,10,90,51,0,0.005370317963702527,1669.4220638157
10,363,0.8,0.09,0.006333333333333334,0.8685121107266437,10,81,43,0,0.006251726927756862,1762.7922439180495
10,364,0.8,0.18888888888888888,0.01,0.8994413407821228,10,43,27,0,0.009862794856312099,1526.6810661316974
10,365,0.8,0.5444444444444445,0.04555555555555556,0.8455743879472692,10,25,1,0,0.045081670454146,1374.0237041083242
10,366,0.8,0.8111111111111111,0.04555555555555556,0.8936446173800259,10,23,1,0,0.045081670454146,1579.8245456199932
10,367,0.8,0.9,0.09,0.8181818181818182,10,14,0,0,0.08912509381337459,1515.8327351297705
10,368,0.8,2.7777777777777777,0.2777777777777778,0.8181818181818182,10,3,0,0,0.4896597731821214,202.59149738313954
10,369,0.8,6.333333333333333,0.4555555555555556,0.8657937806873977,10,0,0,0,,
10,370,0.8,8.11111111111111,0.7222222222222222,0.8364779874213837,10,0,0,0,,
10,371,0.8,10.0,0.7222222222222222,0.8652849740932644,10,0,0,0,,
10,372,0.8,45.55555555555556,2.7777777777777777,0.8850574712643677,10,0,0,0,,
10,373,0.8,72.22222222222223,4.555555555555555,0.8813314037626627,10,0,0,0,,
10,374,0.8,90.0,5.444444444444445,0.8859138533178115,10,0,0,0,,
10,375,0.8,100.0,10.0,0.8181818181818182,10,0,0,0,,
10,376,0.8,544.4444444444445,36.66666666666667,0.8738049713193117,10,0,0,0,,
10,377,0.8,722.2222222222222,72.22222222222223,0.8181818181818182,10,0,0,0,,
10,378,0.8,900.0,81.11111111111111,0.8346545866364666,10,0,0,0,,
10,379,0.8,3000.0,277.77777777777777,0.8305084745762712,10,0,0,0,,
10,380,0.8,0.027777777777777776,0.001,0.9305019305019304,10,269,262,3,0.0009908319448927675,112053.2510001782
10,381,0.8,0.4555555555555556,0.003666666666666667,0.9840309702395356,10,73,69,0,0.003630780547701014,1500.4732745476913
10,382,0.8,0.9,0.003666666666666667,0.9918849133161194,10,73,69,0,0.003630780547701014,1438.0655363033486
10,383,0.8,2.7777777777777777,0.0811111111111111,0.94325689856199,10,13,0,0,0.08053784411990669,1102.6268898988417
10,384,0.8,5.444444444444445,0.09,0.9674764103593656,10,13,0,0,0.08953647655495937,1451.5095931327255
10,385,0.8,8.11111111111111,0.04555555555555556,0.98882985969214,10,22,1,0,0.045081670454146,1506.5819768535796
10,386,0.8,18.88888888888889,0.006333333333333334,0.9993296365336328,10,46,41,0,0.006251726927756862,1582.3144652923902
10,387,0.8,36.66666666666667,0.01888888888888889,0.998970227458582,10,27,9,0,0.018706821403658015,1330.0517067491553
10,388,0.8,54.44444444444444,0.027777777777777776,0.9989801121876594,10,30,2,0,0.027415741719278835,1645.1957607046181
10,389,0.8,72.22222222222223,0.027777777777777776,0.9992310649750098,10,30,2,0,0.027415741719278835,1645.1893822852778
10,390,0.8,90.0,0.009,0.9998000199980002,10,35,29,0,0.008912509381337459,1673.5505807488464
10,391,0.8,188.88888888888889,0.0054444444444444445,0.9999423546027204,10,50,47,0,0.005395106225151279,1637.9370035368179
10,392,0.8,277.77777777777777,1.0,0.9928258270227183,10,0,0,0,,
10,393,0.8,455.55555555555554,0.03666666666666667,0.9998390373457745,10,24,2,0,0.03630780547701014,1432.3534828686384
10,394,0.8,544.4444444444445,7.222222222222221,0.9738167170191341,10,0,0,0,,
10,395,0.8,722.2222222222222,0.06333333333333332,0.9998246307631483,10,16,0,0,0.0628058358813318,1379.1379032342622
10,396,0.8,811.1111111111111,8.11111111111111,0.9801980198019803,10,0,0,0,,
10,397,0.8,1000.0,0.04555555555555556,0.9999088930393171,10,22,1,0,0.045081670454146,1509.1411866670717
10,398,0.8,2000.0,5.444444444444445,0.9945703363067206,10,0,0,0,,
10,399,0.8,3000.0,100.0,0.9354838709677419,10,0,0,0,,
11,0,0.9,0.001,0.027777777777777776,-0.9305019305019304,10,411,319,2,0.0015703628043335514,7461.445522399959
11,1,0.9,0.001888888888888889,0.7222222222222222,-0.9947828755562373,10,319,169,1,0.0029648313895243423,1019423.8313279459
11,2,0.9,0.002777777777777778,54.44444444444444,-0.9998979643895719,10,221,115,1,0.004365158322401661,283626.68201152835
11,3,0.9,0.004555555555555556,0.1,-0.9128586609989372,10,146,65,1,0.007144963260755135,130700.50611089573
11,4,0.9,0.0054444444444444445,45.55555555555556,-0.9997610041726721,10,116,58,0,0.008550667128846832,1606.4354350212177
11,5,0.9,0.007222222222222223,0.5444444444444445,-0.9738167170191339,10,88,44,0,0.011324003632355566,1591.2325380576108
11,6,0.9,0.00811111111111111,90.0,-0.999819769329431,10,78,39,0,0.012764388088113435,1579.3102661960256
11,7,0.9,0.01,2.7777777777777777,-0.9928258270227184,10,63,32,0,0.01570362804333553,1621.4425570997626
11,8,0.9,0.01888888888888889,722.2222222222222,-0.9999476936757038,10,38,17,0,0.029648313895243424,1519.4944761711395
11,9,0.9,0.03666666666666667,90.0,-0.999185517011588,10,24,4,0,0.05780960474057181,1552.7147777712928
11,10,0.9,0.05444444444444445,81.11111111111111,-0.998658434749278,10,18,1,0,0.08590135215053961,1659.6161575131114
11,11,0.9,0.07222222222222222,100.0,-0.9985565980125465,10,14,1,0,0.11440960640426952,1606.4050925690706
11,12,0.9,0.09,188.88888888888889,-0.9990475126557345,10,13,1,0,0.14322881921280856,1557.3564656688222
11,13,0.9,0.18888888888888888,633.3333333333333,-0.9994036866197801,10,3,0,0,0.3107404936624416,360.2772382290242
11,14,0.9,0.4555555555555556,45.55555555555556,-0.9801980198019802,10,0,0,0,,
11,15,0.9,0.7222222222222222,36.66666666666667,-0.9613670133729569,10,0,0,0,,
11,16,0.9,1.0,45.55555555555556,-0.9570405727923628,10,0,0,0,,
11,17,0.9,3.6666666666666665,544.4444444444445,-0.9866207176160553,10,0,0,0,,
11,18,0.9,8.11111111111111,900.0,-0.9821363024593173,10,0,0,0,,
11,19,0.9,100.0,3000.0,-0.9354838709677419,10,0,0,0,,
11,20,0.9,0.001,0.009,-0.8000000000000002,10,404,329,5,0.001555965631605075,82310.370769674
11,21,0.9,0.003666666666666667,0.05444444444444445,-0.8738049713193117,10,180,82,0,0.0057279603098582925,1632.491616068232
11,22,0.9,0.0054444444444444445,0.0811111111111111,-0.8741976893453145,10,120,54,0,0.008511380382023759,1605.8932690205831
11,23,0.9,0.007222222222222223,0.09,-0.8514285714285713,10,102,37,0,0.011271974561755105,1611.451583769455
11,24,0.9,0.01,0.18888888888888888,-0.8994413407821228,10,70,25,1,0.01570362804333553,1855.796382198739
11,25,0.9,0.04555555555555556,0.5444444444444445,-0.8455743879472692,10,16,1,0,0.07144963260755134,1614.895242615704
11,26,0.9,0.06333333333333332,0.6333333333333333,-0.8181818181818181,10,14,1,0,0.09908319448927676,1442.8947687011582
11,27,0.9,0.0811111111111111,0.9,-0.8346545866364665,10,11,0,0,0.1276184122748499,1512.3872741150756
11,28,0.9,0.2777777777777778,2.7777777777777777,-0.8181818181818182,10,1,0,0,0.8667111407605069,19.567103090426023
11,29,0.9,0.4555555555555556,7.222222222222221,-0.8813314037626627,10,0,0,0,,
11,30,0.9,0.6333333333333333,9.0,-0.8685121107266437,10,0,0,0,,
11,31,0.9,0.9,9.0,-0.8181818181818181,10,0,0,0,,
11,32,0.9,3.6666666666666665,36.66666666666667,-0.8181818181818183,10,0,0,0,,
11,33,0.9,5.444444444444445,63.333333333333336,-0.8416801292407108,10,0,0,0,,
11,34,0.9,7.222222222222221,72.22222222222223,-0.818181818181818,10,0,0,0,,
11,35,0.9,10.0,100.0,-0.8181818181818182,10,0,0,0,,
11,36,0.9,36.66666666666667,633.3333333333333,-0.8905472636815921,10,0,0,0,,
11,37,0.9,54.44444444444444,900.0,-0.8859138533178114,10,0,0,0,,
11,38,0.9,72.22222222222223,1000.0,-0.8652849740932643,10,0,0,0,,
11,39,0.9,277.77777777777777,3000.0,-0.8305084745762712,10,0,0,0,,
11,40,0.9,0.001,0.006333333333333334,-0.7272727272727273,10,397,340,7,0.0015346169827992941,134743.1750829892
11,41,0.9,0.004555555555555556,0.027777777777777776,-0.718213058419244,10,165,79,0,0.006982324040771718,1640.5997520673252
11,42,0.9,0.006333333333333334,0.05444444444444445,-0.7915904936014624,10,114,48,0,0.009817479430199843,1635.449640492178
11,43,0.9,0.00811111111111111,0.07222222222222222,-0.7980636237897648,10,92,33,0,0.012589254117941675,1613.2905023396454
11,44,0.9,0.01,0.0811111111111111,-0.7804878048780489,10,71,28,0,0.01548816618912481,1493.749600066011
11,45,0.9,0.05444444444444445,0.3666666666666667,-0.7414248021108178,10,11,0,0,0.08433347577642757,1475.15544832867
11,46,0.9,0.07222222222222222,0.5444444444444445,-0.7657657657657659,10,10,0,0,0.11260840560373583,1389.6227148990354
11,47,0.9,0.09,0.6333333333333333,-0.751152073732719,10,10,0,0,0.14022681787858574,1516.2561991370503
11,48,0.9,0.3666666666666667,2.7777777777777777,-0.7667844522968198,10,0,0,0,,
11,49,0.9,0.6333333333333333,4.555555555555555,-0.7558886509635975,10,0,0,0,,
11,50,0.9,0.8111111111111111,5.444444444444445,-0.7406749555950267,10,0,0,0,,
11,51,0.9,1.0,6.333333333333333,-0.7272727272727273,10,0,0,0,,
11,52,0.9,4.555555555555555,36.66666666666667,-0.7789757412398921,10,0,0,0,,
11,53,0.9,7.222222222222221,45.55555555555556,-0.7263157894736842,10,0,0,0,,
11,54,0.9,9.0,54.44444444444444,-0.7162872154115587,10,0,0,0,,
11,55,0.9,10.0,81.11111111111111,-0.7804878048780488,10,0,0,0,,
11,56,0.9,54.44444444444444,455.55555555555554,-0.7864923747276688,10,0,0,0,,
11,57,0.9,72.22222222222223,633.3333333333333,-0.7952755905511812,10,0,0,0,,
11,58,0.9,90.0,722.2222222222222,-0.7783857729138167,10,0,0,0,,
11,59,0.9,455.55555555555554,3000.0,-0.7363344051446945,10,0,0,0,,
11,60,0.9,0.001,0.004555555555555556,-0.64,10,402,341,6,0.0015066070661867417,192591.34588319325
11,61,0.9,0.001888888888888889,0.01,-0.6822429906542055,10,371,195,2,0.002870780582024692,86448.51376412105
11,62,0.9,0.006333333333333334,0.027777777777777776,-0.6286644951140065,10,125,59,0,0.00950604793656281,1622.685940953415
11,63,0.9,0.009,0.03666666666666667,-0.6058394160583941,10,98,40,0,0.013365955165464419,1457.4061677568898
11,64,0.9,0.01888888888888889,0.0811111111111111,-0.6222222222222222,10,47,11,0,0.02831391995799379,1463.593470721151
11,65,0.9,0.04555555555555556,0.18888888888888888,-0.6113744075829383,10,20,1,0,0.06823386941416697,1320.4533609539549
11,66,0.9,0.0811111111111111,0.3666666666666667,-0.6377171215880892,10,9,0,0,0.1228152101400934,1339.1708457505085
11,67,0.9,0.1,0.5444444444444445,-0.6896551724137931,10,7,0,0,0.15463642428285523,996.114305739108
11,68,0.9,0.3666666666666667,1.8888888888888888,-0.6748768472906403,10,0,0,0,,
11,69,0.9,0.7222222222222222,3.6666666666666665,-0.6708860759493671,10,0,0,0,,
11,70,0.9,0.9,4.555555555555555,-0.670061099796334,10,0,0,0,,
11,71,0.9,1.8888888888888888,9.0,-0.6530612244897959,10,0,0,0,,
11,72,0.9,5.444444444444445,27.77777777777778,-0.6722408026755854,10,0,0,0,,
11,73,0.9,9.0,36.66666666666667,-0.6058394160583942,10,0,0,0,,
11,74,0.9,18.88888888888889,81.11111111111111,-0.6222222222222222,10,0,0,0,,
11,75,0.9,45.55555555555556,188.88888888888889,-0.6113744075829383,10,0,0,0,,
11,76,0.9,81.11111111111111,366.66666666666663,-0.6377171215880894,10,0,0,0,,
11,77,0.9,100.0,455.55555555555554,-0.64,10,0,0,0,,
11,78,0.9,188.88888888888889,1000.0,-0.6822429906542056,10,0,0,0,,
11,79,0.9,722.2222222222222,3000.0,-0.6119402985074627,10,0,0,0,,
11,80,0.9,0.001,0.003666666666666667,-0.5714285714285715,10,423,346,6,0.0014655478409559112,167881.60271752343
11,81,0.9,0.001888888888888889,0.007222222222222223,-0.5853658536585367,10,372,208,0,0.0027925438412373365,1663.0517195291145
11,82,0.9,0.0054444444444444445,0.01888888888888889,-0.5525114155251142,10,148,73,0,0.00794328234724282,1623.0799286045847
11,83,0.9,0.009,0.027777777777777776,-0.5105740181268882,10,94,45,0,0.012882495516931335,1559.4470959566356
11,84,0.9,0.01888888888888889,0.07222222222222222,-0.5853658536585367,10,51,14,0,0.027925438412373393,1615.0884559663418
11,85,0.9,0.05444444444444445,0.18888888888888888,-0.5525114155251141,10,17,0,0,0.07979946872679769,1285.2841978116876
11,86,0.9,0.09,0.2777777777777778,-0.5105740181268883,10,10,0,0,0.13002001334222815,1414.8302985145406
11,87,0.9,0.18888888888888888,0.6333333333333333,-0.5405405405405406,10,2,0,0,0.5581054036024016,163.97113693437927
11,88,0.9,0.2777777777777778,1.0,-0.5652173913043479,10,1,0,0,0.8342895263509005,13.324166508217756
11,89,0.9,0.8111111111111111,2.7777777777777777,-0.5479876160990712,10,0,0,0,,
11,90,0.9,1.8888888888888888,6.333333333333333,-0.5405405405405406,10,0,0,0,,
11,91,0.9,2.7777777777777777,10.0,-0.5652173913043478,10,0,0,0,,
11,92,0.9,8.11111111111111,27.77777777777778,-0.5479876160990713,10,0,0,0,,
11,93,0.9,10.0,36.66666666666667,-0.5714285714285715,10,0,0,0,,
11,94,0.9,27.77777777777778,90.0,-0.5283018867924528,10,0,0,0,,
11,95,0.9,72.22222222222223,277.77777777777777,-0.5873015873015872,10,0,0,0,,
11,96,0.9,100.0,366.66666666666663,-0.5714285714285714,10,0,0,0,,
11,97,0.9,277.77777777777777,900.0,-0.5283018867924527,10,0,0,0,,
11,98,0.9,633.3333333333333,2000.0,-0.518987341772152,10,0,0,0,,
11,99,0.9,1000.0,3000.0,-0.5,10,0,0,0,,
11,100,0.9,0.001,0.002777777777777778,-0.47058823529411764,10,432,361,24,0.0013995873225726178,232323.81858396585
11,101,0.9,0.001888888888888889,0.0054444444444444445,-0.48484848484848486,10,382,221,14,0.0026668586645214806,178553.21823205389
11,102,0.9,0.003666666666666667,0.009,-0.4210526315789473,10,236,119,0,0.0049659232145033575,1627.8671284866002
11,103,0.9,0.007222222222222223,0.01888888888888889,-0.4468085106382978,10,119,59,0,0.009954054173515275,1595.5558021848392
11,104,0.9,0.01888888888888889,0.05444444444444445,-0.4848484848484849,10,53,16,0,0.026668586645214806,1464.4352856552684
11,105,0.9,0.027777777777777776,0.0811111111111111,-0.4897959183673469,10,36,6,0,0.03926449353995997,1331.0791701771802
11,106,0.9,0.06333333333333332,0.18888888888888888,-0.4977973568281938,10,16,0,0,0.09036494737223014,1200.9613751968077
11,107,0.9,0.18888888888888888,0.4555555555555556,-0.4137931034482759,10,2,0,0,0.5238825883922615,87.57784589749328
11,108,0.9,0.2777777777777778,0.8111111111111111,-0.48979591836734687,10,0,0,0,,
11,109,0.9,0.6333333333333333,1.8888888888888888,-0.4977973568281938,10,0,0,0,,
11,110,0.9,1.0,2.7777777777777777,-0.47058823529411764,10,0,0,0,,
11,111,0.9,2.7777777777777777,7.222222222222221,-0.44444444444444436,10,0,0,0,,
11,112,0.9,3.6666666666666665,10.0,-0.46341463414634154,10,0,0,0,,
11,113,0.9,10.0,27.77777777777778,-0.47058823529411764,10,0,0,0,,
11,114,0.9,27.77777777777778,72.22222222222223,-0.4444444444444445,10,0,0,0,,
11,115,0.9,36.66666666666667,90.0,-0.4210526315789473,10,0,0,0,,
11,116,0.9,72.22222222222223,188.88888888888889,-0.4468085106382979,10,0,0,0,,
11,117,0.9,188.88888888888889,544.4444444444445,-0.4848484848484848,10,0,0,0,,
11,118,0.9,366.66666666666663,900.0,-0.42105263157894746,10,0,0,0,,
11,119,0.9,811.1111111111111,2000.0,-0.42292490118577075,10,0,0,0,,
11,120,0.9,0.001,0.001888888888888889,-0.3076923076923077,10,505,396,74,0.0012302687708123812,234968.02679250122
11,121,0.9,0.002777777777777778,0.006333333333333334,-0.39024390243902446,10,315,160,1,0.003681289736425313,97361.21417584893
11,122,0.9,0.004555555555555556,0.009,-0.3278688524590163,10,203,102,0,0.0057279603098582925,1660.4905885590977
11,123,0.9,0.009,0.01888888888888889,-0.354581673306773,10,102,50,0,0.011587773561551261,1608.2407383710165
11,124,0.9,0.027777777777777776,0.05444444444444445,-0.3243243243243244,10,39,9,0,0.0348337315036012,1562.9936662502175
11,125,0.9,0.03666666666666667,0.0811111111111111,-0.3773584905660377,10,30,6,0,0.04808393484497285,1385.1509506781435
11,126,0.9,0.0811111111111111,0.18888888888888888,-0.39917695473251025,10,16,1,0,0.10900600400266845,1560.2090049175956
11,127,0.9,0.18888888888888888,0.3666666666666667,-0.32000000000000006,10,3,0,0,0.4830553702468312,231.13260047777746
11,128,0.9,0.3666666666666667,0.7222222222222222,-0.3265306122448979,10,0,0,0,,
11,129,0.9,0.4555555555555556,1.0,-0.37404580152671746,10,0,0,0,,
11,130,0.9,1.8888888888888888,3.6666666666666665,-0.32,10,0,0,0,,
11,131,0.9,3.6666666666666665,7.222222222222221,-0.32653061224489793,10,0,0,0,,
11,132,0.9,4.555555555555555,10.0,-0.37404580152671757,10,0,0,0,,
11,133,0.9,10.0,18.88888888888889,-0.3076923076923077,10,0,0,0,,
11,134,0.9,27.77777777777778,63.333333333333336,-0.3902439024390244,10,0,0,0,,
11,135,0.9,45.55555555555556,90.0,-0.3278688524590164,10,0,0,0,,
11,136,0.9,90.0,188.88888888888889,-0.35458167330677287,10,0,0,0,,
11,137,0.9,277.77777777777777,544.4444444444445,-0.32432432432432434,10,0,0,0,,
11,138,0.9,366.66666666666663,811.1111111111111,-0.3773584905660377,10,0,0,0,,
11,139,0.9,1000.0,2000.0,-0.3333333333333333,10,0,0,0,,
11,140,0.9,0.002777777777777778,0.004555555555555556,-0.2424242424242424,10,348,178,1,0.0031915378551007614,220037.2794221865
11,141,0.9,0.004555555555555556,0.007222222222222223,-0.22641509433962265,10,219,110,1,0.0051522864458175615,244631.5264971723
11,142,0.9,0.0054444444444444445,0.009,-0.2461538461538461,10,180,90,0,0.0062805835881331795,1643.6652652036328
11,143,0.9,0.006333333333333334,0.01,-0.2244897959183673,10,157,79,0,0.007144963260755135,1591.5017062872955
11,144,0.9,0.03666666666666667,0.06333333333333332,-0.2666666666666666,10,31,9,0,0.04345102241715714,1575.6801312826508
11,145,0.9,0.05444444444444445,0.09,-0.24615384615384614,10,27,2,0,0.06309573444801936,1482.3022957415305
11,146,0.9,0.06333333333333332,0.1,-0.22448979591836743,10,21,3,0,0.07177942912713615,1180.11641463753
11,147,0.9,0.3666666666666667,0.6333333333333333,-0.2666666666666666,10,0,0,0,,
11,148,0.9,0.4555555555555556,0.8111111111111111,-0.2807017543859649,10,0,0,0,,
11,149,0.9,0.5444444444444445,1.0,-0.29496402877697836,10,0,0,0,,
11,150,0.9,3.6666666666666665,6.333333333333333,-0.26666666666666666,10,0,0,0,,
11,151,0.9,4.555555555555555,8.11111111111111,-0.2807017543859649,10,0,0,0,,
11,152,0.9,5.444444444444445,10.0,-0.2949640287769784,10,0,0,0,,
11,153,0.9,27.77777777777778,45.55555555555556,-0.2424242424242424,10,0,0,0,,
11,154,0.9,45.55555555555556,72.22222222222223,-0.22641509433962267,10,0,0,0,,
11,155,0.9,54.44444444444444,100.0,-0.2949640287769784,10,0,0,0,,
11,156,0.9,277.77777777777777,455.55555555555554,-0.24242424242424243,10,0,0,0,,
11,157,0.9,455.55555555555554,722.2222222222222,-0.2264150943396226,10,0,0,0,,
11,158,0.9,544.4444444444445,900.0,-0.24615384615384617,10,0,0,0,,
11,159,0.9,2000.0,3000.0,-0.2,10,0,0,0,,
11,160,0.9,0.001888888888888889,0.002777777777777778,-0.19047619047619047,10,422,272,19,0.0020417379446695297,214096.43300684713
11,161,0.9,0.003666666666666667,0.0054444444444444445,-0.19512195121951215,10,277,139,0,0.003999447497610977,1652.3284064118484
11,162,0.9,0.006333333333333334,0.00811111111111111,-0.123076923076923,10,170,85,0,0.0062805835881331795,1652.9392762069601
11,163,0.9,0.00811111111111111,0.01,-0.1042944785276074,10,135,68,0,0.00783429642766212,1627.267401924437
11,164,0.9,0.03666666666666667,0.04555555555555556,-0.10810810810810813,10,32,13,0,0.03564511334262443,1669.890255434443
11,165,0.9,0.05444444444444445,0.0811111111111111,-0.1967213114754098,10,21,2,0,0.05970352865838372,1465.986739165627
11,166,0.9,0.07222222222222222,0.1,-0.16129032258064524,10,22,2,0,0.07585775750291836,1610.9393929779806
11,167,0.9,0.3666666666666667,0.4555555555555556,-0.10810810810810811,10,0,0,0,,
11,168,0.9,0.5444444444444445,0.7222222222222222,-0.1403508771929824,10,0,0,0,,
11,169,0.9,0.7222222222222222,0.9,-0.10958904109589043,10,0,0,0,,
11,170,0.9,2.7777777777777777,3.6666666666666665,-0.13793103448275862,10,0,0,0,,
11,171,0.9,5.444444444444445,7.222222222222221,-0.1403508771929824,10,0,0,0,,
11,172,0.9,6.333333333333333,9.0,-0.1739130434782609,10,0,0,0,,
11,173,0.9,18.88888888888889,27.77777777777778,-0.19047619047619047,10,0,0,0,,
11,174,0.9,45.55555555555556,63.333333333333336,-0.163265306122449,10,0,0,0,,
11,175,0.9,63.333333333333336,90.0,-0.17391304347826084,10,0,0,0,,
11,176,0.9,81.11111111111111,100.0,-0.10429447852760734,10,0,0,0,,
11,177,0.9,366.66666666666663,544.4444444444445,-0.19512195121951226,10,0,0,0,,
11,178,0.9,633.3333333333333,811.1111111111111,-0.12307692307692313,10,0,0,0,,
11,179,0.9,811.1111111111111,1000.0,-0.10429447852760737,10,0,0,0,,
11,180,0.9,0.001,0.001,0.0,10,457,447,1,0.0008279421637123345,471157.2510128232
11,181,0.9,0.004555555555555556,0.0054444444444444445,-0.08888888888888886,10,244,122,0,0.00430526610491711,1631.5191235290506
11,182,0.9,0.007222222222222223,0.007222222222222223,0.0,10,167,84,0,0.005970352865838366,1606.3632182252995
11,183,0.9,0.009,0.01,-0.05263157894736847,10,127,64,0,0.008053784411990669,1628.1366839157351
11,184,0.9,0.04555555555555556,0.04555555555555556,0.0,10,31,12,0,0.03767037989839089,1559.9673220478617
11,185,0.9,0.06333333333333332,0.07222222222222222,-0.0655737704918033,10,22,3,0,0.05807644175213124,1404.5946734826327
11,186,0.9,0.09,0.09,0.0,10,21,0,0,0.07481695005111545,1548.8518723861494
11,187,0.9,0.4555555555555556,0.4555555555555556,0.0,10,0,0,0,,
11,188,0.9,0.6333333333333333,0.7222222222222222,-0.06557377049180328,10,0,0,0,,
11,189,0.9,0.9,0.9,0.0,10,0,0,0,,
11,190,0.9,3.6666666666666665,3.6666666666666665,0.0,10,0,0,0,,
11,191,0.9,6.333333333333333,6.333333333333333,0.0,10,0,0,0,,
11,192,0.9,8.11111111111111,9.0,-0.05194805194805197,10,0,0,0,,
11,193,0.9,36.66666666666667,36.66666666666667,0.0,10,0,0,0,,
11,194,0.9,63.333333333333336,63.333333333333336,0.0,10,0,0,0,,
11,195,0.9,81.11111111111111,90.0,-0.05194805194805193,10,0,0,0,,
11,196,0.9,277.77777777777777,277.77777777777777,0.0,10,0,0,0,,
11,197,0.9,544.4444444444445,633.3333333333333,-0.07547169811320747,10,0,0,0,,
11,198,0.9,811.1111111111111,811.1111111111111,0.0,10,0,0,0,,
11,199,0.9,3000.0,3000.0,0.0,10,0,0,0,,
11,200,0.9,0.0054444444444444445,0.004555555555555556,0.08888888888888886,10,242,121,0,0.003890451449942805,1638.3689922093822
11,201,0.9,0.006333333333333334,0.0054444444444444445,0.0754716981132076,10,205,103,0,0.004634469197362879,1617.768044589888
11,202,0.9,0.00811111111111111,0.007222222222222223,0.057971014492753555,10,157,79,0,0.0061094202490557204,1628.5857536038336
11,203,0.9,0.01,0.009,0.05263157894736847,10,127,64,0,0.007585775750291836,1640.5110595811661
11,204,0.9,0.06333333333333332,0.05444444444444445,0.07547169811320745,10,32,2,0,0.046344691973628796,1505.6456481377065
11,205,0.9,0.0811111111111111,0.07222222222222222,0.05797101449275364,10,26,1,0,0.061094202490557206,1411.4841493441093
11,206,0.9,0.1,0.09,0.05263157894736847,10,24,0,0,0.07620790100254123,1356.8215836006739
11,207,0.9,0.5444444444444445,0.4555555555555556,0.0888888888888889,10,0,0,0,,
11,208,0.9,0.7222222222222222,0.6333333333333333,0.06557377049180328,10,0,0,0,,
11,209,0.9,0.9,0.8111111111111111,0.05194805194805195,10,0,0,0,,
11,210,0.9,5.444444444444445,4.555555555555555,0.08888888888888893,10,0,0,0,,
11,211,0.9,7.222222222222221,6.333333333333333,0.06557377049180325,10,0,0,0,,
11,212,0.9,9.0,8.11111111111111,0.05194805194805197,10,0,0,0,,
11,213,0.9,10.0,9.0,0.05263157894736842,10,0,0,0,,
11,214,0.9,63.333333333333336,54.44444444444444,0.07547169811320759,10,0,0,0,,
11,215,0.9,81.11111111111111,72.22222222222223,0.057971014492753596,10,0,0,0,,
11,216,0.9,100.0,90.0,0.05263157894736842,10,0,0,0,,
11,217,0.9,633.3333333333333,544.4444444444445,0.07547169811320747,10,0,0,0,,
11,218,0.9,811.1111111111111,722.2222222222222,0.057971014492753645,10,0,0,0,,
11,219,0.9,1000.0,900.0,0.05263157894736842,10,0,0,0,,
11,220,0.9,0.002777777777777778,0.001888888888888889,0.19047619047619047,10,409,266,15,0.001651961798229015,202228.8605660852
11,221,0.9,0.0054444444444444445,0.003666666666666667,0.19512195121951215,10,272,137,1,0.0032062693245054675,122013.59383804808
11,222,0.9,0.00811111111111111,0.006333333333333334,0.123076923076923,10,168,84,0,0.005445026528424209,1577.804684322709
11,223,0.9,0.01,0.00811111111111111,0.1042944785276074,10,134,67,0,0.006950243175887969,1637.5729092255117
11,224,0.9,0.05444444444444445,0.03666666666666667,0.19512195121951223,10,46,6,0,0.032210687912834345,1557.026227253145
11,225,0.9,0.0811111111111111,0.05444444444444445,0.1967213114754098,10,31,3,0,0.04786300923226385,1655.625975099879
11,226,0.9,0.1,0.07222222222222222,0.16129032258064524,10,24,2,0,0.06309573444801936,1452.321143994504
11,227,0.9,0.4555555555555556,0.3666666666666667,0.10810810810810811,10,1,0,0,0.8318879252835223,19.66400334928996
11,228,0.9,0.8111111111111111,0.5444444444444445,0.19672131147540978,10,0,0,0,,
11,229,0.9,1.0,0.7222222222222222,0.16129032258064516,10,0,0,0,,
11,230,0.9,3.6666666666666665,2.7777777777777777,0.13793103448275862,10,0,0,0,,
11,231,0.9,7.222222222222221,5.444444444444445,0.1403508771929824,10,0,0,0,,
11,232,0.9,9.0,7.222222222222221,0.10958904109589046,10,0,0,0,,
11,233,0.9,36.66666666666667,27.77777777777778,0.13793103448275865,10,0,0,0,,
11,234,0.9,72.22222222222223,54.44444444444444,0.1403508771929825,10,0,0,0,,
11,235,0.9,90.0,63.333333333333336,0.17391304347826084,10,0,0,0,,
11,236,0.9,277.77777777777777,188.88888888888889,0.1904761904761905,10,0,0,0,,
11,237,0.9,633.3333333333333,455.55555555555554,0.16326530612244894,10,0,0,0,,
11,238,0.9,900.0,633.3333333333333,0.17391304347826092,10,0,0,0,,
11,239,0.9,3000.0,2000.0,0.2,10,0,0,0,,
11,240,0.9,0.004555555555555556,0.002777777777777778,0.2424242424242424,10,337,173,0,0.002454708915685031,1644.4097289643594
11,241,0.9,0.007222222222222223,0.004555555555555556,0.22641509433962265,10,213,107,0,0.0040179081084894,1649.0277358065775
11,242,0.9,0.009,0.0054444444444444445,0.2461538461538461,10,175,88,0,0.0048083934844972845,1646.1331300439874
11,243,0.9,0.01,0.006333333333333334,0.2244897959183673,10,154,77,0,0.005571857489319298,1658.81733274872
11,244,0.9,0.06333333333333332,0.03666666666666667,0.2666666666666666,10,47,6,0,0.032508729738543435,1599.9879766012107
11,245,0.9,0.0811111111111111,0.04555555555555556,0.2807017543859649,10,36,6,0,0.040550853544838394,1606.6785375025686
11,246,0.9,0.1,0.05444444444444445,0.2949640287769784,10,36,4,0,0.0485288500162121,1606.2908399740968
11,247,0.9,0.6333333333333333,0.3666666666666667,0.2666666666666666,10,1,0,0,0.8372915276851234,18.55193695358729
11,248,0.9,0.8111111111111111,0.4555555555555556,0.2807017543859649,10,0,0,0,,
11,249,0.9,1.0,0.5444444444444445,0.29496402877697836,10,0,0,0,,
11,250,0.9,4.555555555555555,2.7777777777777777,0.24242424242424243,10,0,0,0,,
11,251,0.9,7.222222222222221,4.555555555555555,0.22641509433962262,10,0,0,0,,
11,252,0.9,9.0,5.444444444444445,0.24615384615384614,10,0,0,0,,
11,253,0.9,45.55555555555556,27.77777777777778,0.2424242424242424,10,0,0,0,,
11,254,0.9,72.22222222222223,45.55555555555556,0.22641509433962267,10,0,0,0,,
11,255,0.9,90.0,54.44444444444444,0.24615384615384614,10,0,0,0,,
11,256,0.9,100.0,63.333333333333336,0.22448979591836732,10,0,0,0,,
11,257,0.9,633.3333333333333,366.66666666666663,0.26666666666666666,10,0,0,0,,
11,258,0.9,811.1111111111111,455.55555555555554,0.28070175438596495,10,0,0,0,,
11,259,0.9,1000.0,633.3333333333333,0.2244897959183674,10,0,0,0,,
11,260,0.9,0.001888888888888889,0.001,0.3076923076923077,10,446,389,36,0.0008912509381337459,228377.12803291186
11,261,0.9,0.006333333333333334,0.002777777777777778,0.39024390243902446,10,294,153,0,0.002500345361696432,1611.8850334270346
11,262,0.9,0.009,0.004555555555555556,0.3278688524590163,10,196,98,0,0.00407380277804113,1649.2336084910264
11,263,0.9,0.01888888888888889,0.009,0.354581673306773,10,101,49,0,0.00809095899178383,1565.0573375012464
11,264,0.9,0.05444444444444445,0.027777777777777776,0.3243243243243244,10,53,15,0,0.024888573182823902,1500.6592799099312
11,265,0.9,0.0811111111111111,0.03666666666666667,0.3773584905660377,10,44,10,0,0.03296097121774579,1595.0258543968494
11,266,0.9,0.18888888888888888,0.0811111111111111,0.39917695473251025,10,19,1,0,0.0734513868157115,1626.0384791553186
11,267,0.9,0.3666666666666667,0.18888888888888888,0.32000000000000006,10,7,0,0,0.31494329553035355,976.6110861612092
11,268,0.9,0.7222222222222222,0.3666666666666667,0.3265306122448979,10,1,0,0,0.8384923282188125,18.380396349221037
11,269,0.9,1.0,0.4555555555555556,0.37404580152671746,10,0,0,0,,
11,270,0.9,3.6666666666666665,1.8888888888888888,0.32,10,0,0,0,,
11,271,0.9,7.222222222222221,3.6666666666666665,0.32653061224489793,10,0,0,0,,
11,272,0.9,10.0,4.555555555555555,0.37404580152671757,10,0,0,0,,
11,273,0.9,18.88888888888889,10.0,0.3076923076923077,10,0,0,0,,
11,274,0.9,63.333333333333336,27.77777777777778,0.3902439024390244,10,0,0,0,,
11,275,0.9,90.0,45.55555555555556,0.3278688524590164,10,0,0,0,,
11,276,0.9,188.88888888888889,90.0,0.35458167330677287,10,0,0,0,,
11,277,0.9,544.4444444444445,277.77777777777777,0.32432432432432434,10,0,0,0,,
11,278,0.9,811.1111111111111,366.66666666666663,0.3773584905660377,10,0,0,0,,
11,279,0.9,2000.0,1000.0,0.3333333333333333,10,0,0,0,,
11,280,0.9,0.002777777777777778,0.001,0.47058823529411764,10,395,342,6,0.0009078205301781861,108163.26987899102
11,281,0.9,0.0054444444444444445,0.001888888888888889,0.48484848484848486,10,323,210,7,0.0017139573075084253,99765.73616693055
11,282,0.9,0.009,0.003666666666666667,0.4210526315789473,10,226,114,1,0.003311311214825911,93803.27577234695
11,283,0.9,0.01888888888888889,0.007222222222222223,0.4468085106382978,10,118,56,0,0.006546361740672747,1631.284935838813
11,284,0.9,0.05444444444444445,0.01888888888888889,0.4848484848484849,10,65,21,0,0.017139573075084253,1526.5695394502704
11,285,0.9,0.09,0.03666666666666667,0.4210526315789474,10,43,6,0,0.03311311214825911,1531.094406031199
11,286,0.9,0.18888888888888888,0.07222222222222222,0.44680851063829796,10,21,2,0,0.06546361740672747,1465.9659725356498
11,287,0.9,0.4555555555555556,0.18888888888888888,0.4137931034482759,10,8,0,0,0.3161440960640427,1512.6281776639078
11,288,0.9,0.8111111111111111,0.2777777777777778,0.48979591836734687,10,3,0,0,0.45663775850567045,215.13600918496837
11,289,0.9,1.8888888888888888,0.6333333333333333,0.4977973568281938,10,0,0,0,,
11,290,0.9,4.555555555555555,1.8888888888888888,0.4137931034482758,10,0,0,0,,
11,291,0.9,8.11111111111111,2.7777777777777777,0.48979591836734687,10,0,0,0,,
11,292,0.9,18.88888888888889,6.333333333333333,0.4977973568281939,10,0,0,0,,
11,293,0.9,27.77777777777778,10.0,0.47058823529411764,10,0,0,0,,
11,294,0.9,72.22222222222223,27.77777777777778,0.4444444444444445,10,0,0,0,,
11,295,0.9,100.0,36.66666666666667,0.4634146341463414,10,0,0,0,,
11,296,0.9,277.77777777777777,100.0,0.47058823529411764,10,0,0,0,,
11,297,0.9,722.2222222222222,277.77777777777777,0.4444444444444444,10,0,0,0,,
11,298,0.9,1000.0,366.66666666666663,0.46341463414634154,10,0,0,0,,
11,299,0.9,3000.0,1000.0,0.5,10,0,0,0,,
11,300,0.9,0.003666666666666667,0.001,0.5714285714285715,10,382,347,16,0.0009120108393559096,124727.89311135566
11,301,0.9,0.007222222222222223,0.001888888888888889,0.5853658536585367,10,278,196,5,0.0017218685749860062,111917.32270101432
11,302,0.9,0.01888888888888889,0.0054444444444444445,0.5525114155251142,10,145,69,0,0.0049659232145033575,1642.181636054933
11,303,0.9,0.027777777777777776,0.009,0.5105740181268882,10,106,43,0,0.008165823713585922,1625.1756807548045
11,304,0.9,0.07222222222222222,0.01888888888888889,0.5853658536585367,10,61,20,0,0.017218685749860078,1573.3219786411182
11,305,0.9,0.1,0.027777777777777776,0.5652173913043479,10,44,9,0,0.02535128630497907,1625.1668338224267
11,306,0.9,0.2777777777777778,0.0811111111111111,0.5479876160990712,10,20,2,0,0.07413102413009177,1605.3846460638072
11,307,0.9,0.6333333333333333,0.18888888888888888,0.5405405405405406,10,8,0,0,0.3173448965977318,1543.165685171111
11,308,0.9,1.0,0.2777777777777778,0.5652173913043479,10,3,0,0,0.45783855903935955,212.9368829862056
11,309,0.9,2.7777777777777777,0.8111111111111111,0.5479876160990712,10,0,0,0,,
11,310,0.9,3.6666666666666665,1.0,0.5714285714285715,10,0,0,0,,
11,311,0.9,9.0,2.7777777777777777,0.5283018867924528,10,0,0,0,,
11,312,0.9,27.77777777777778,7.222222222222221,0.5873015873015873,10,0,0,0,,
11,313,0.9,36.66666666666667,10.0,0.5714285714285715,10,0,0,0,,
11,314,0.9,90.0,27.77777777777778,0.5283018867924528,10,0,0,0,,
11,315,0.9,188.88888888888889,54.44444444444444,0.5525114155251143,10,0,0,0,,
11,316,0.9,277.77777777777777,90.0,0.5105740181268882,10,0,0,0,,
11,317,0.9,722.2222222222222,188.88888888888889,0.5853658536585366,10,0,0,0,,
11,318,0.9,2000.0,544.4444444444445,0.572052401746725,10,0,0,0,,
11,319,0.9,3000.0,900.0,0.5384615384615384,10,0,0,0,,
11,320,0.9,0.004555555555555556,0.001,0.64,10,367,335,15,0.0009162204901219992,116373.84113082293
11,321,0.9,0.01,0.001888888888888889,0.6822429906542055,10,243,183,2,0.0017298163592151016,100519.14269079408
11,322,0.9,0.027777777777777776,0.006333333333333334,0.6286644951140065,10,126,57,0,0.0057809604740571814,1626.3988483097664
11,323,0.9,0.04555555555555556,0.00811111111111111,0.6977225672877847,10,99,42,0,0.007447319739059889,1657.6344767899088
11,324,0.9,0.0811111111111111,0.01888888888888889,0.6222222222222222,10,65,19,0,0.017298163592151014,1548.507137395975
11,325,0.9,0.18888888888888888,0.04555555555555556,0.6113744075829383,10,30,4,0,0.04168693834703355,1631.9113148672905
11,326,0.9,0.3666666666666667,0.0811111111111111,0.6377171215880892,10,19,0,0,0.07447319739059889,1585.842217911812
11,327,0.9,0.5444444444444445,0.1,0.6896551724137931,10,15,0,0,0.09204495717531712,1662.057056934133
11,328,0.9,1.8888888888888888,0.3666666666666667,0.6748768472906403,10,1,0,0,0.8414943295530353,17.980694171794546
11,329,0.9,3.6666666666666665,0.7222222222222222,0.6708860759493671,10,0,0,0,,
11,330,0.9,4.555555555555555,0.9,0.670061099796334,10,0,0,0,,
11,331,0.9,9.0,1.8888888888888888,0.6530612244897959,10,0,0,0,,
11,332,0.9,27.77777777777778,5.444444444444445,0.6722408026755854,10,0,0,0,,
11,333,0.9,45.55555555555556,8.11111111111111,0.6977225672877846,10,0,0,0,,
11,334,0.9,81.11111111111111,18.88888888888889,0.6222222222222222,10,0,0,0,,
11,335,0.9,188.88888888888889,45.55555555555556,0.6113744075829383,10,0,0,0,,
11,336,0.9,366.66666666666663,81.11111111111111,0.6377171215880894,10,0,0,0,,
11,337,0.9,455.55555555555554,100.0,0.64,10,0,0,0,,
11,338,0.9,1000.0,188.88888888888889,0.6822429906542056,10,0,0,0,,
11,339,0.9,3000.0,722.2222222222222,0.6119402985074627,10,0,0,0,,
11,340,0.9,0.006333333333333334,0.001,0.7272727272727273,10,338,319,8,0.0009162204901219992,116159.59676274144
11,341,0.9,0.03666666666666667,0.004555555555555556,0.7789757412398922,10,133,71,1,0.004187935651179182,52410.05357457926
11,342,0.9,0.05444444444444445,0.006333333333333334,0.7915904936014624,10,113,51,1,0.005807644175213123,8903.183510876748
11,343,0.9,0.06333333333333332,0.009,0.7511520737327189,10,96,37,0,0.008241381150130029,1629.5138943120164
11,344,0.9,0.09,0.01,0.8,10,81,32,0,0.009162204901219993,1623.8662942663918
11,345,0.9,0.3666666666666667,0.06333333333333332,0.7054263565891472,10,21,1,0,0.05807644175213124,1500.6556666608644
11,346,0.9,0.5444444444444445,0.0811111111111111,0.7406749555950266,10,17,0,0,0.07481695005111545,1526.9041377006808
11,347,0.9,0.7222222222222222,0.0811111111111111,0.7980636237897648,10,18,0,0,0.07481695005111545,1530.3984977834957
11,348,0.9,2.7777777777777777,0.3666666666666667,0.7667844522968198,10,1,0,0,0.8414943295530353,17.942199809020043
11,349,0.9,4.555555555555555,0.6333333333333333,0.7558886509635975,10,0,0,0,,
11,350,0.9,6.333333333333333,0.7222222222222222,0.795275590551181,10,0,0,0,,
11,351,0.9,7.222222222222221,1.0,0.7567567567567567,10,0,0,0,,
11,352,0.9,36.66666666666667,4.555555555555555,0.7789757412398921,10,0,0,0,,
11,353,0.9,54.44444444444444,6.333333333333333,0.7915904936014625,10,0,0,0,,
11,354,0.9,63.333333333333336,9.0,0.7511520737327189,10,0,0,0,,
11,355,0.9,90.0,10.0,0.8,10,0,0,0,,
11,356,0.9,366.66666666666663,63.333333333333336,0.7054263565891473,10,0,0,0,,
11,357,0.9,544.4444444444445,81.11111111111111,0.7406749555950267,10,0,0,0,,
11,358,0.9,722.2222222222222,81.11111111111111,0.7980636237897649,10,0,0,0,,
11,359,0.9,3000.0,455.55555555555554,0.7363344051446945,10,0,0,0,,
11,360,0.9,0.009,0.001,0.8000000000000002,10,333,314,5,0.0009162204901219992,86049.88150622851
11,361,0.9,0.04555555555555556,0.003666666666666667,0.8510158013544019,10,122,85,2,0.003372873086588689,42127.56427942504
11,362,0.9,0.07222222222222222,0.0054444444444444445,0.8597997138769671,10,101,57,0,0.005011872336272725,1628.0080223553864
11,363,0.9,0.09,0.006333333333333334,0.8685121107266437,10,83,49,1,0.005807644175213123,7138.9610529855145
11,364,0.9,0.18888888888888888,0.01,0.8994413407821228,10,47,30,1,0.009204495717531713,3184.2028897962296
11,365,0.9,0.5444444444444445,0.04555555555555556,0.8455743879472692,10,26,1,0,0.041879356511791824,1609.4125266666872
11,366,0.9,0.8111111111111111,0.04555555555555556,0.8936446173800259,10,26,1,0,0.041879356511791824,1610.1544780680433
11,367,0.9,0.9,0.09,0.8181818181818182,10,17,0,0,0.08317637711026708,1415.9073462613158
11,368,0.9,2.7777777777777777,0.2777777777777778,0.8181818181818182,10,3,0,0,0.45903935957304864,213.11696378602764
11,369,0.9,6.333333333333333,0.4555555555555556,0.8657937806873977,10,0,0,0,,
11,370,0.9,8.11111111111111,0.7222222222222222,0.8364779874213837,10,0,0,0,,
11,371,0.9,10.0,0.7222222222222222,0.8652849740932644,10,0,0,0,,
11,372,0.9,45.55555555555556,2.7777777777777777,0.8850574712643677,10,0,0,0,,
11,373,0.9,72.22222222222223,4.555555555555555,0.8813314037626627,10,0,0,0,,
11,374,0.9,90.0,5.444444444444445,0.8859138533178115,10,0,0,0,,
11,375,0.9,100.0,10.0,0.8181818181818182,10,0,0,0,,
11,376,0.9,544.4444444444445,36.66666666666667,0.8738049713193117,10,0,0,0,,
11,377,0.9,722.2222222222222,72.22222222222223,0.8181818181818182,10,0,0,0,,
11,378,0.9,900.0,81.11111111111111,0.8346545866364666,10,0,0,0,,
11,379,0.9,3000.0,277.77777777777777,0.8305084745762712,10,0,0,0,,
11,380,0.9,0.027777777777777776,0.001,0.9305019305019304,10,299,291,0,0.0009204495717531712,1655.3234072221048
11,381,0.9,0.4555555555555556,0.003666666666666667,0.9840309702395356,10,81,78,0,0.003372873086588689,1641.0471655880285
11,382,0.9,0.9,0.003666666666666667,0.9918849133161194,10,81,78,0,0.003372873086588689,1639.9865241754537
11,383,0.9,2.7777777777777777,0.0811111111111111,0.94325689856199,10,18,0,0,0.07481695005111545,1243.1586915361454
11,384,0.9,5.444444444444445,0.09,0.9674764103593656,10,16,0,0,0.08317637711026708,1341.2440397711096
11,385,0.9,8.11111111111111,0.04555555555555556,0.98882985969214,10,26,1,0,0.041879356511791824,1633.0339310848226
11,386,0.9,18.88888888888889,0.006333333333333334,0.9993296365336328,10,54,46,0,0.005834451042737447,1655.9082206976661
11,387,0.9,36.66666666666667,0.01888888888888889,0.998970227458582,10,44,13,0,0.017378008287493762,1663.244299961024
11,388,0.9,54.44444444444444,0.027777777777777776,0.9989801121876594,10,33,3,0,0.02558585886905645,1638.2909686170572
11,389,0.9,72.22222222222223,0.027777777777777776,0.9992310649750098,10,33,3,0,0.02558585886905645,1638.2919030191572
11,390,0.9,90.0,0.009,0.9998000199980002,10,40,32,0,0.008279421637123344,1500.730281231158
11,391,0.9,188.88888888888889,0.0054444444444444445,0.9999423546027204,10,56,53,0,0.005011872336272725,1605.4435057205453
11,392,0.9,277.77777777777777,1.0,0.9928258270227183,10,0,0,0,,
11,393,0.9,455.55555555555554,0.03666666666666667,0.9998390373457745,10,30,2,0,0.03372873086588689,1532.1022818865194
11,394,0.9,544.4444444444445,7.222222222222221,0.9738167170191341,10,0,0,0,,
11,395,0.9,722.2222222222222,0.06333333333333332,0.9998246307631483,10,19,1,0,0.05834451042737448,1521.2594211249182
11,396,0.9,811.1111111111111,8.11111111111111,0.9801980198019803,10,0,0,0,,
11,397,0.9,1000.0,0.04555555555555556,0.9999088930393171,10,26,1,0,0.041879356511791824,1633.0213388934842
11,398,0.9,2000.0,5.444444444444445,0.9945703363067206,10,0,0,0,,
11,399,0.9,3000.0,100.0,0.9354838709677419,10,0,0,0,,
12,0,1.0,0.001,0.027777777777777776,-0.9305019305019304,10,412,319,1,0.0015703628043335514,6498.404381634026
12,1,1.0,0.001888888888888889,0.7222222222222222,-0.9947828755562373,10,319,169,1,0.0029648313895243423,912906.5792187165
12,2,1.0,0.002777777777777778,54.44444444444444,-0.9998979643895719,10,221,115,1,0.004365158322401661,288402.64717949904
12,3,1.0,0.004555555555555556,0.1,-0.9128586609989372,10,144,64,1,0.007144963260755135,1935.9296099152739
12,4,1.0,0.0054444444444444445,45.55555555555556,-0.9997610041726721,10,116,58,0,0.008550667128846832,1606.5560180489376
12,5,1.0,0.007222222222222223,0.5444444444444445,-0.9738167170191339,10,88,44,0,0.011324003632355566,1608.0734380518309
12,6,1.0,0.00811111111111111,90.0,-0.999819769329431,10,78,39,0,0.012764388088113435,1580.3595489365696
12,7,1.0,0.01,2.7777777777777777,-0.9928258270227184,10,63,32,0,0.01570362804333553,1621.5126765286034
12,8,1.0,0.01888888888888889,722.2222222222222,-0.9999476936757038,10,38,17,0,0.029648313895243424,1513.7051698173004
12,9,1.0,0.03666666666666667,90.0,-0.999185517011588,10,24,4,0,0.05780960474057181,1570.8347378232738
12,10,1.0,0.05444444444444445,81.11111111111111,-0.998658434749278,10,19,2,0,0.08590135215053961,1659.6283584687228
12,11,1.0,0.07222222222222222,100.0,-0.9985565980125465,10,14,1,0,0.11440960640426952,1603.4579508873903
12,12,1.0,0.09,188.88888888888889,-0.9990475126557345,10,13,1,0,0.14322881921280856,1558.365761558703
12,13,1.0,0.18888888888888888,633.3333333333333,-0.9994036866197801,10,3,0,0,0.31194129419613076,374.7449250775465
12,14,1.0,0.4555555555555556,45.55555555555556,-0.9801980198019802,10,0,0,0,,
12,15,1.0,0.7222222222222222,36.66666666666667,-0.9613670133729569,10,0,0,0,,
12,16,1.0,1.0,45.55555555555556,-0.9570405727923628,10,0,0,0,,
12,17,1.0,3.6666666666666665,544.4444444444445,-0.9866207176160553,10,0,0,0,,
12,18,1.0,8.11111111111111,900.0,-0.9821363024593173,10,0,0,0,,
12,19,1.0,100.0,3000.0,-0.9354838709677419,10,0,0,0,,
12,20,1.0,0.001,0.009,-0.8000000000000002,10,393,335,0,0.0015488166189124811,1700.174624379286
12,21,1.0,0.003666666666666667,0.05444444444444445,-0.8738049713193117,10,175,83,0,0.0057279603098582925,1629.1508498628955
12,22,1.0,0.0054444444444444445,0.0811111111111111,-0.8741976893453145,10,127,53,0,0.008511380382023759,1643.1078372950649
12,23,1.0,0.007222222222222223,0.09,-0.8514285714285713,10,102,38,0,0.011271974561755105,1519.8422550116818
12,24,1.0,0.01,0.18888888888888888,-0.8994413407821228,10,68,25,0,0.015631476426409538,1507.5354682895363
12,25,1.0,0.04555555555555556,0.5444444444444445,-0.8455743879472692,10,16,1,0,0.07112135136533289,1539.3921834131886
12,26,1.0,0.06333333333333332,0.6333333333333333,-0.8181818181818181,10,13,1,0,0.09908319448927676,1529.2813215873607
12,27,1.0,0.0811111111111111,0.9,-0.8346545866364665,10,11,0,0,0.1276184122748499,1525.879323890499
12,28,1.0,0.2777777777777778,2.7777777777777777,-0.8181818181818182,10,1,0,0,0.867911941294196,21.152209765260483
12,29,1.0,0.4555555555555556,7.222222222222221,-0.8813314037626627,10,0,0,0,,
12,30,1.0,0.6333333333333333,9.0,-0.8685121107266437,10,0,0,0,,
12,31,1.0,0.9,9.0,-0.8181818181818181,10,0,0,0,,
12,32,1.0,3.6666666666666665,36.66666666666667,-0.8181818181818183,10,0,0,0,,
12,33,1.0,5.444444444444445,63.333333333333336,-0.8416801292407108,10,0,0,0,,
12,34,1.0,7.222222222222221,72.22222222222223,-0.818181818181818,10,0,0,0,,
12,35,1.0,10.0,100.0,-0.8181818181818182,10,0,0,0,,
12,36,1.0,36.66666666666667,633.3333333333333,-0.8905472636815921,10,0,0,0,,
12,37,1.0,54.44444444444444,900.0,-0.8859138533178114,10,0,0,0,,
12,38,1.0,72.22222222222223,1000.0,-0.8652849740932643,10,0,0,0,,
12,39,1.0,277.77777777777777,3000.0,-0.8305084745762712,10,0,0,0,,
12,40,1.0,0.001,0.006333333333333334,-0.7272727272727273,10,399,336,6,0.0015346169827992941,121853.38600322242
12,41,1.0,0.004555555555555556,0.027777777777777776,-0.718213058419244,10,165,80,0,0.006950243175887969,1580.314689111997
12,42,1.0,0.006333333333333334,0.05444444444444445,-0.7915904936014624,10,120,49,0,0.009817479430199843,1632.3904284058374
12,43,1.0,0.00811111111111111,0.07222222222222222,-0.7980636237897648,10,86,36,0,0.012589254117941675,1549.0030315165184
12,44,1.0,0.01,0.0811111111111111,-0.7804878048780489,10,81,27,0,0.01548816618912481,1710.0750301853695
12,45,1.0,0.05444444444444445,0.3666666666666667,-0.7414248021108178,10,12,1,0,0.08394599865193973,1515.6617200916937
12,46,1.0,0.07222222222222222,0.5444444444444445,-0.7657657657657659,10,10,0,0,0.11260840560373583,1224.522411958189
12,47,1.0,0.09,0.6333333333333333,-0.751152073732719,10,9,0,0,0.14022681787858574,1526.1639821881677
12,48,1.0,0.3666666666666667,2.7777777777777777,-0.7667844522968198,10,0,0,0,,
12,49,1.0,0.6333333333333333,4.555555555555555,-0.7558886509635975,10,0,0,0,,
12,50,1.0,0.8111111111111111,5.444444444444445,-0.7406749555950267,10,0,0,0,,
12,51,1.0,1.0,6.333333333333333,-0.7272727272727273,10,0,0,0,,
12,52,1.0,4.555555555555555,36.66666666666667,-0.7789757412398921,10,0,0,0,,
12,53,1.0,7.222222222222221,45.55555555555556,-0.7263157894736842,10,0,0,0,,
12,54,1.0,9.0,54.44444444444444,-0.7162872154115587,10,0,0,0,,
12,55,1.0,10.0,81.11111111111111,-0.7804878048780488,10,0,0,0,,
12,56,1.0,54.44444444444444,455.55555555555554,-0.7864923747276688,10,0,0,0,,
12,57,1.0,72.22222222222223,633.3333333333333,-0.7952755905511812,10,0,0,0,,
12,58,1.0,90.0,722.2222222222222,-0.7783857729138167,10,0,0,0,,
12,59,1.0,455.55555555555554,3000.0,-0.7363344051446945,10,0,0,0,,
12,60,1.0,0.001,0.004555555555555556,-0.64,10,398,339,10,0.001492794409578996,193393.83465199222
12,61,1.0,0.001888888888888889,0.01,-0.6822429906542055,10,367,196,8,0.0028575905433749467,120518.88578440342
12,62,1.0,0.006333333333333334,0.027777777777777776,-0.6286644951140065,10,124,60,0,0.009418895965228418,1639.5104948513156
12,63,1.0,0.009,0.03666666666666667,-0.6058394160583941,10,99,40,0,0.013304544179780914,1688.0948118135423
12,64,1.0,0.01888888888888889,0.0811111111111111,-0.6222222222222222,10,51,11,0,0.028054336379517132,1634.7096422916159
12,65,1.0,0.04555555555555556,0.18888888888888888,-0.6113744075829383,10,20,1,0,0.06760829753919818,1300.3245400257463
12,66,1.0,0.0811111111111111,0.3666666666666667,-0.6377171215880892,10,9,0,0,0.1228152101400934,980.1059197198141
12,67,1.0,0.1,0.5444444444444445,-0.6896551724137931,10,7,0,0,0.1540360240160107,1452.956474852148
12,68,1.0,0.3666666666666667,1.8888888888888888,-0.6748768472906403,10,0,0,0,,
12,69,1.0,0.7222222222222222,3.6666666666666665,-0.6708860759493671,10,0,0,0,,
12,70,1.0,0.9,4.555555555555555,-0.670061099796334,10,0,0,0,,
12,71,1.0,1.8888888888888888,9.0,-0.6530612244897959,10,0,0,0,,
12,72,1.0,5.444444444444445,27.77777777777778,-0.6722408026755854,10,0,0,0,,
12,73,1.0,9.0,36.66666666666667,-0.6058394160583942,10,0,0,0,,
12,74,1.0,18.88888888888889,81.11111111111111,-0.6222222222222222,10,0,0,0,,
12,75,1.0,45.55555555555556,188.88888888888889,-0.6113744075829383,10,0,0,0,,
12,76,1.0,81.11111111111111,366.66666666666663,-0.6377171215880894,10,0,0,0,,
12,77,1.0,100.0,455.55555555555554,-0.64,10,0,0,0,,
12,78,1.0,188.88888888888889,1000.0,-0.6822429906542056,10,0,0,0,,
12,79,1.0,722.2222222222222,3000.0,-0.6119402985074627,10,0,0,0,,
12,80,1.0,0.001,0.003666666666666667,-0.5714285714285715,10,408,334,18,0.0014588142602753474,184634.34746407362
12,81,1.0,0.001888888888888889,0.007222222222222223,-0.5853658536585367,10,381,212,8,0.0027669416454115126,338093.4284244658
12,82,1.0,0.0054444444444444445,0.01888888888888889,-0.5525114155251142,10,150,75,0,0.007870457896950985,1599.8410927756806
12,83,1.0,0.009,0.027777777777777776,-0.5105740181268882,10,98,47,0,0.012705741052085419,1565.2301421823677
12,84,1.0,0.01888888888888889,0.07222222222222222,-0.5853658536585367,10,49,15,0,0.027669416454115126,1411.3073625744682
12,85,1.0,0.05444444444444445,0.18888888888888888,-0.5525114155251141,10,17,2,0,0.07906786279998253,1493.2997528623512
12,86,1.0,0.09,0.2777777777777778,-0.5105740181268883,10,11,0,0,0.12881921280853903,1433.8743631579832
12,87,1.0,0.18888888888888888,0.6333333333333333,-0.5405405405405406,10,2,0,0,0.5563042028018679,147.6960828979611
12,88,1.0,0.2777777777777778,1.0,-0.5652173913043479,10,1,0,0,0.8342895263509005,13.337478639301727
12,89,1.0,0.8111111111111111,2.7777777777777777,-0.5479876160990712,10,0,0,0,,
12,90,1.0,1.8888888888888888,6.333333333333333,-0.5405405405405406,10,0,0,0,,
12,91,1.0,2.7777777777777777,10.0,-0.5652173913043478,10,0,0,0,,
12,92,1.0,8.11111111111111,27.77777777777778,-0.5479876160990713,10,0,0,0,,
12,93,1.0,10.0,36.66666666666667,-0.5714285714285715,10,0,0,0,,
12,94,1.0,27.77777777777778,90.0,-0.5283018867924528,10,0,0,0,,
12,95,1.0,72.22222222222223,277.77777777777777,-0.5873015873015872,10,0,0,0,,
12,96,1.0,100.0,366.66666666666663,-0.5714285714285714,10,0,0,0,,
12,97,1.0,277.77777777777777,900.0,-0.5283018867924527,10,0,0,0,,
12,98,1.0,633.3333333333333,2000.0,-0.518987341772152,10,0,0,0,,
12,99,1.0,1000.0,3000.0,-0.5,10,0,0,0,,
12,100,1.0,0.001,0.002777777777777778,-0.47058823529411764,10,434,369,26,0.0013803842646028853,195675.40835610463
12,101,1.0,0.001888888888888889,0.0054444444444444445,-0.48484848484848486,10,388,227,15,0.0026302679918953813,170005.5940703071
12,102,1.0,0.003666666666666667,0.009,-0.4210526315789473,10,242,122,0,0.00487528490103386,1641.230670295841
12,103,1.0,0.007222222222222223,0.01888888888888889,-0.4468085106382978,10,122,61,0,0.009772372209558112,1596.4330929042385
12,104,1.0,0.01888888888888889,0.05444444444444445,-0.4848484848484849,10,55,16,0,0.026302679918953815,1473.3017328844164
12,105,1.0,0.027777777777777776,0.0811111111111111,-0.4897959183673469,10,37,6,0,0.038725764492161724,1603.9497023110434
12,106,1.0,0.06333333333333332,0.18888888888888888,-0.4977973568281938,10,15,1,0,0.08953647655495937,1477.277824523864
12,107,1.0,0.18888888888888888,0.4555555555555556,-0.4137931034482759,10,2,0,0,0.5178785857238158,69.05631766600436
12,108,1.0,0.2777777777777778,0.8111111111111111,-0.48979591836734687,10,0,0,0,,
12,109,1.0,0.6333333333333333,1.8888888888888888,-0.4977973568281938,10,0,0,0,,
12,110,1.0,1.0,2.7777777777777777,-0.47058823529411764,10,0,0,0,,
12,111,1.0,2.7777777777777777,7.222222222222221,-0.44444444444444436,10,0,0,0,,
12,112,1.0,3.6666666666666665,10.0,-0.46341463414634154,10,0,0,0,,
12,113,1.0,10.0,27.77777777777778,-0.47058823529411764,10,0,0,0,,
12,114,1.0,27.77777777777778,72.22222222222223,-0.4444444444444445,10,0,0,0,,
12,115,1.0,36.66666666666667,90.0,-0.4210526315789473,10,0,0,0,,
12,116,1.0,72.22222222222223,188.88888888888889,-0.4468085106382979,10,0,0,0,,
12,117,1.0,188.88888888888889,544.4444444444445,-0.4848484848484848,10,0,0,0,,
12,118,1.0,366.66666666666663,900.0,-0.42105263157894746,10,0,0,0,,
12,119,1.0,811.1111111111111,2000.0,-0.42292490118577075,10,0,0,0,,
12,120,1.0,0.001,0.001888888888888889,-0.3076923076923077,10,478,388,74,0.0011967405313072443,364176.9349484102
12,121,1.0,0.002777777777777778,0.006333333333333334,-0.39024390243902446,10,320,165,0,0.0035974933515574236,1641.8835395393025
12,122,1.0,0.004555555555555556,0.009,-0.3278688524590163,10,210,105,0,0.005571857489319298,1626.1031005627467
12,123,1.0,0.009,0.01888888888888889,-0.354581673306773,10,105,52,0,0.011324003632355566,1584.8449581232776
12,124,1.0,0.027777777777777776,0.05444444444444445,-0.3243243243243244,10,42,12,0,0.03388441561392028,1592.3131022121343
12,125,1.0,0.03666666666666667,0.0811111111111111,-0.3773584905660377,10,33,5,0,0.047206304126359046,1568.0695965107434
12,126,1.0,0.0811111111111111,0.18888888888888888,-0.39917695473251025,10,15,1,0,0.10720480320213477,1295.7676202714974
12,127,1.0,0.18888888888888888,0.3666666666666667,-0.32000000000000006,10,2,1,0,0.7106070713809206,141.24495148091233
12,128,1.0,0.3666666666666667,0.7222222222222222,-0.3265306122448979,10,0,0,0,,
12,129,1.0,0.4555555555555556,1.0,-0.37404580152671746,10,0,0,0,,
12,130,1.0,1.8888888888888888,3.6666666666666665,-0.32,10,0,0,0,,
12,131,1.0,3.6666666666666665,7.222222222222221,-0.32653061224489793,10,0,0,0,,
12,132,1.0,4.555555555555555,10.0,-0.37404580152671757,10,0,0,0,,
12,133,1.0,10.0,18.88888888888889,-0.3076923076923077,10,0,0,0,,
12,134,1.0,27.77777777777778,63.333333333333336,-0.3902439024390244,10,0,0,0,,
12,135,1.0,45.55555555555556,90.0,-0.3278688524590164,10,0,0,0,,
12,136,1.0,90.0,188.88888888888889,-0.35458167330677287,10,0,0,0,,
12,137,1.0,277.77777777777777,544.4444444444445,-0.32432432432432434,10,0,0,0,,
12,138,1.0,366.66666666666663,811.1111111111111,-0.3773584905660377,10,0,0,0,,
12,139,1.0,1000.0,2000.0,-0.3333333333333333,10,0,0,0,,
12,140,1.0,0.002777777777777778,0.004555555555555556,-0.2424242424242424,10,358,184,1,0.003090295432513592,95548.34329673184
12,141,1.0,0.004555555555555556,0.007222222222222223,-0.22641509433962265,10,227,114,0,0.0049659232145033575,1630.2039282879196
12,142,1.0,0.0054444444444444445,0.009,-0.2461538461538461,10,187,94,0,0.006081350012787176,1601.994976886231
12,143,1.0,0.006333333333333334,0.01,-0.2244897959183673,10,164,82,0,0.006886522963442762,1611.2419464503298
12,144,1.0,0.03666666666666667,0.06333333333333332,-0.2666666666666666,10,34,9,0,0.04207266283844442,1479.6784235338148
12,145,1.0,0.05444444444444445,0.09,-0.24615384615384614,10,24,3,0,0.061094202490557206,1330.7775500354383
12,146,1.0,0.06333333333333332,0.1,-0.22448979591836743,10,24,0,0,0.06918309709189363,1441.4800175528708
12,147,1.0,0.3666666666666667,0.6333333333333333,-0.2666666666666666,10,0,0,0,,
12,148,1.0,0.4555555555555556,0.8111111111111111,-0.2807017543859649,10,0,0,0,,
12,149,1.0,0.5444444444444445,1.0,-0.29496402877697836,10,0,0,0,,
12,150,1.0,3.6666666666666665,6.333333333333333,-0.26666666666666666,10,0,0,0,,
12,151,1.0,4.555555555555555,8.11111111111111,-0.2807017543859649,10,0,0,0,,
12,152,1.0,5.444444444444445,10.0,-0.2949640287769784,10,0,0,0,,
12,153,1.0,27.77777777777778,45.55555555555556,-0.2424242424242424,10,0,0,0,,
12,154,1.0,45.55555555555556,72.22222222222223,-0.22641509433962267,10,0,0,0,,
12,155,1.0,54.44444444444444,100.0,-0.2949640287769784,10,0,0,0,,
12,156,1.0,277.77777777777777,455.55555555555554,-0.24242424242424243,10,0,0,0,,
12,157,1.0,455.55555555555554,722.2222222222222,-0.2264150943396226,10,0,0,0,,
12,158,1.0,544.4444444444445,900.0,-0.24615384615384617,10,0,0,0,,
12,159,1.0,2000.0,3000.0,-0.2,10,0,0,0,,
12,160,1.0,0.001888888888888889,0.002777777777777778,-0.19047619047619047,10,428,276,20,0.001967886289706845,209176.08165280498
12,161,1.0,0.003666666666666667,0.0054444444444444445,-0.19512195121951215,10,287,145,0,0.003854783576657721,1633.2626957491605
12,162,1.0,0.006333333333333334,0.00811111111111111,-0.123076923076923,10,178,89,0,0.0060255958607435805,1616.6846157272798
12,163,1.0,0.00811111111111111,0.01,-0.1042944785276074,10,142,71,0,0.007481695005111545,1596.0225223274265
12,164,1.0,0.03666666666666667,0.04555555555555556,-0.10810810810810813,10,34,15,0,0.03404081897010009,1491.1071031348251
12,165,1.0,0.05444444444444445,0.0811111111111111,-0.1967213114754098,10,24,2,0,0.057279603098582925,1515.2952726142728
12,166,1.0,0.07222222222222222,0.1,-0.16129032258064524,10,21,2,0,0.07277798045368242,1609.1538929443986
12,167,1.0,0.3666666666666667,0.4555555555555556,-0.10810810810810811,10,0,0,0,,
12,168,1.0,0.5444444444444445,0.7222222222222222,-0.1403508771929824,10,0,0,0,,
12,169,1.0,0.7222222222222222,0.9,-0.10958904109589043,10,0,0,0,,
12,170,1.0,2.7777777777777777,3.6666666666666665,-0.13793103448275862,10,0,0,0,,
12,171,1.0,5.444444444444445,7.222222222222221,-0.1403508771929824,10,0,0,0,,
12,172,1.0,6.333333333333333,9.0,-0.1739130434782609,10,0,0,0,,
12,173,1.0,18.88888888888889,27.77777777777778,-0.19047619047619047,10,0,0,0,,
12,174,1.0,45.55555555555556,63.333333333333336,-0.163265306122449,10,0,0,0,,
12,175,1.0,63.333333333333336,90.0,-0.17391304347826084,10,0,0,0,,
12,176,1.0,81.11111111111111,100.0,-0.10429447852760734,10,0,0,0,,
12,177,1.0,366.66666666666663,544.4444444444445,-0.19512195121951226,10,0,0,0,,
12,178,1.0,633.3333333333333,811.1111111111111,-0.12307692307692313,10,0,0,0,,
12,179,1.0,811.1111111111111,1000.0,-0.10429447852760737,10,0,0,0,,
12,180,1.0,0.001,0.001,0.0,10,431,415,0,0.0007870457896950985,1648.0955630727399
12,181,1.0,0.004555555555555556,0.0054444444444444445,-0.08888888888888886,10,255,128,0,0.004111497211045221,1657.5746601968603
12,182,1.0,0.007222222222222223,0.007222222222222223,0.0,10,176,88,0,0.005675446054085471,1629.8100792343687
12,183,1.0,0.009,0.01,-0.05263157894736847,10,134,67,0,0.0076913044028660985,1607.9290975787792
12,184,1.0,0.04555555555555556,0.04555555555555556,0.0,10,33,12,0,0.03580964371026362,1672.6557239851556
12,185,1.0,0.06333333333333332,0.07222222222222222,-0.0655737704918033,10,22,2,0,0.0554625712957911,1481.3475298550777
12,186,1.0,0.09,0.09,0.0,10,22,0,0,0.07112135136533289,1547.6137052394165
12,187,1.0,0.4555555555555556,0.4555555555555556,0.0,10,0,0,0,,
12,188,1.0,0.6333333333333333,0.7222222222222222,-0.06557377049180328,10,0,0,0,,
12,189,1.0,0.9,0.9,0.0,10,0,0,0,,
12,190,1.0,3.6666666666666665,3.6666666666666665,0.0,10,0,0,0,,
12,191,1.0,6.333333333333333,6.333333333333333,0.0,10,0,0,0,,
12,192,1.0,8.11111111111111,9.0,-0.05194805194805197,10,0,0,0,,
12,193,1.0,36.66666666666667,36.66666666666667,0.0,10,0,0,0,,
12,194,1.0,63.333333333333336,63.333333333333336,0.0,10,0,0,0,,
12,195,1.0,81.11111111111111,90.0,-0.05194805194805193,10,0,0,0,,
12,196,1.0,277.77777777777777,277.77777777777777,0.0,10,0,0,0,,
12,197,1.0,544.4444444444445,633.3333333333333,-0.07547169811320747,10,0,0,0,,
12,198,1.0,811.1111111111111,811.1111111111111,0.0,10,0,0,0,,
12,199,1.0,3000.0,3000.0,0.0,10,0,0,0,,
12,200,1.0,0.0054444444444444445,0.004555555555555556,0.08888888888888886,10,256,128,0,0.003681289736425313,1655.7234268796508
12,201,1.0,0.006333333333333334,0.0054444444444444445,0.0754716981132076,10,217,109,0,0.0043853069777498605,1611.7510915080995
12,202,1.0,0.00811111111111111,0.007222222222222223,0.057971014492753555,10,166,83,0,0.0057809604740571814,1634.088895840235
12,203,1.0,0.01,0.009,0.05263157894736847,10,134,67,0,0.007177942912713615,1599.1952107130107
12,204,1.0,0.06333333333333332,0.05444444444444445,0.07547169811320745,10,33,2,0,0.04385306977749856,1574.0519369596266
12,205,1.0,0.0811111111111111,0.07222222222222222,0.05797101449275364,10,27,1,0,0.05807644175213124,1347.902786858268
12,206,1.0,0.1,0.09,0.05263157894736847,10,24,0,0,0.07211074791828997,1543.0675995131514
12,207,1.0,0.5444444444444445,0.4555555555555556,0.0888888888888889,10,0,0,0,,
12,208,1.0,0.7222222222222222,0.6333333333333333,0.06557377049180328,10,0,0,0,,
12,209,1.0,0.9,0.8111111111111111,0.05194805194805195,10,0,0,0,,
12,210,1.0,5.444444444444445,4.555555555555555,0.08888888888888893,10,0,0,0,,
12,211,1.0,7.222222222222221,6.333333333333333,0.06557377049180325,10,0,0,0,,
12,212,1.0,9.0,8.11111111111111,0.05194805194805197,10,0,0,0,,
12,213,1.0,10.0,9.0,0.05263157894736842,10,0,0,0,,
12,214,1.0,63.333333333333336,54.44444444444444,0.07547169811320759,10,0,0,0,,
12,215,1.0,81.11111111111111,72.22222222222223,0.057971014492753596,10,0,0,0,,
12,216,1.0,100.0,90.0,0.05263157894736842,10,0,0,0,,
12,217,1.0,633.3333333333333,544.4444444444445,0.07547169811320747,10,0,0,0,,
12,218,1.0,811.1111111111111,722.2222222222222,0.057971014492753645,10,0,0,0,,
12,219,1.0,1000.0,900.0,0.05263157894736842,10,0,0,0,,
12,220,1.0,0.002777777777777778,0.001888888888888889,0.19047619047619047,10,408,275,14,0.001555965631605075,192898.96135465318
12,221,1.0,0.0054444444444444445,0.003666666666666667,0.19512195121951215,10,288,145,0,0.0030338911841942717,1627.4753259549143
12,222,1.0,0.00811111111111111,0.006333333333333334,0.123076923076923,10,178,89,0,0.0051522864458175615,1643.1993702499096
12,223,1.0,0.01,0.00811111111111111,0.1042944785276074,10,142,71,0,0.006576578373554205,1598.451199807729
12,224,1.0,0.05444444444444445,0.03666666666666667,0.19512195121951223,10,44,10,0,0.03033891184194272,1635.091270850594
12,225,1.0,0.0811111111111111,0.05444444444444445,0.1967213114754098,10,31,3,0,0.045081670454146,1577.411453618113
12,226,1.0,0.1,0.07222222222222222,0.16129032258064524,10,27,2,0,0.05942921586155727,1399.2858790243731
12,227,1.0,0.4555555555555556,0.3666666666666667,0.10810810810810811,10,1,0,0,0.7886591060707138,19.939472918465686
12,228,1.0,0.8111111111111111,0.5444444444444445,0.19672131147540978,10,0,0,0,,
12,229,1.0,1.0,0.7222222222222222,0.16129032258064516,10,0,0,0,,
12,230,1.0,3.6666666666666665,2.7777777777777777,0.13793103448275862,10,0,0,0,,
12,231,1.0,7.222222222222221,5.444444444444445,0.1403508771929824,10,0,0,0,,
12,232,1.0,9.0,7.222222222222221,0.10958904109589046,10,0,0,0,,
12,233,1.0,36.66666666666667,27.77777777777778,0.13793103448275865,10,0,0,0,,
12,234,1.0,72.22222222222223,54.44444444444444,0.1403508771929825,10,0,0,0,,
12,235,1.0,90.0,63.333333333333336,0.17391304347826084,10,0,0,0,,
12,236,1.0,277.77777777777777,188.88888888888889,0.1904761904761905,10,0,0,0,,
12,237,1.0,633.3333333333333,455.55555555555554,0.16326530612244894,10,0,0,0,,
12,238,1.0,900.0,633.3333333333333,0.17391304347826092,10,0,0,0,,
12,239,1.0,3000.0,2000.0,0.2,10,0,0,0,,
12,240,1.0,0.004555555555555556,0.002777777777777778,0.2424242424242424,10,354,184,2,0.002312064790175594,145270.0355312839
12,241,1.0,0.007222222222222223,0.004555555555555556,0.22641509433962265,10,227,114,0,0.0037844258471709355,1658.1352727726758
12,242,1.0,0.009,0.0054444444444444445,0.2461538461538461,10,187,94,0,0.004528975799036209,1623.4726941062795
12,243,1.0,0.01,0.006333333333333334,0.2244897959183673,10,164,82,0,0.005248074602497723,1594.0895053933864
12,244,1.0,0.06333333333333332,0.03666666666666667,0.2666666666666666,10,46,10,0,0.030619634336906787,1552.9564016337404
12,245,1.0,0.0811111111111111,0.04555555555555556,0.2807017543859649,10,38,6,0,0.03819442708400464,1576.3578950772508
12,246,1.0,0.1,0.05444444444444445,0.2949640287769784,10,31,5,0,0.04570881896148752,1461.87415276005
12,247,1.0,0.6333333333333333,0.3666666666666667,0.2666666666666666,10,1,0,0,0.7922615076717812,18.951978791379005
12,248,1.0,0.8111111111111111,0.4555555555555556,0.2807017543859649,10,0,0,0,,
12,249,1.0,1.0,0.5444444444444445,0.29496402877697836,10,0,0,0,,
12,250,1.0,4.555555555555555,2.7777777777777777,0.24242424242424243,10,0,0,0,,
12,251,1.0,7.222222222222221,4.555555555555555,0.22641509433962262,10,0,0,0,,
12,252,1.0,9.0,5.444444444444445,0.24615384615384614,10,0,0,0,,
12,253,1.0,45.55555555555556,27.77777777777778,0.2424242424242424,10,0,0,0,,
12,254,1.0,72.22222222222223,45.55555555555556,0.22641509433962267,10,0,0,0,,
12,255,1.0,90.0,54.44444444444444,0.24615384615384614,10,0,0,0,,
12,256,1.0,100.0,63.333333333333336,0.22448979591836732,10,0,0,0,,
12,257,1.0,633.3333333333333,366.66666666666663,0.26666666666666666,10,0,0,0,,
12,258,1.0,811.1111111111111,455.55555555555554,0.28070175438596495,10,0,0,0,,
12,259,1.0,1000.0,633.3333333333333,0.2244897959183674,10,0,0,0,,
12,260,1.0,0.001888888888888889,0.001,0.3076923076923077,10,436,396,40,0.0008394599865193973,296361.09691057215
12,261,1.0,0.006333333333333334,0.002777777777777778,0.39024390243902446,10,312,165,3,0.0023442288153199225,177566.3927894711
12,262,1.0,0.009,0.004555555555555556,0.3278688524590163,10,210,105,0,0.003837072454922788,1644.4234807345044
12,263,1.0,0.01888888888888889,0.009,0.354581673306773,10,107,52,0,0.007585775750291836,1641.077417592384
12,264,1.0,0.05444444444444445,0.027777777777777776,0.3243243243243244,10,60,15,0,0.02333458062281002,1624.9291948037705
12,265,1.0,0.0811111111111111,0.03666666666666667,0.3773584905660377,10,43,7,0,0.031045595881283555,1357.6182133823636
12,266,1.0,0.18888888888888888,0.0811111111111111,0.39917695473251025,10,19,2,0,0.06886522963442762,1408.231742398103
12,267,1.0,0.3666666666666667,0.18888888888888888,0.32000000000000006,10,8,0,0,0.29693128752501663,1653.7276070737785
12,268,1.0,0.7222222222222222,0.3666666666666667,0.3265306122448979,10,1,0,0,0.7928619079386257,18.792486210836902
12,269,1.0,1.0,0.4555555555555556,0.37404580152671746,10,0,0,0,,
12,270,1.0,3.6666666666666665,1.8888888888888888,0.32,10,0,0,0,,
12,271,1.0,7.222222222222221,3.6666666666666665,0.32653061224489793,10,0,0,0,,
12,272,1.0,10.0,4.555555555555555,0.37404580152671757,10,0,0,0,,
12,273,1.0,18.88888888888889,10.0,0.3076923076923077,10,0,0,0,,
12,274,1.0,63.333333333333336,27.77777777777778,0.3902439024390244,10,0,0,0,,
12,275,1.0,90.0,45.55555555555556,0.3278688524590164,10,0,0,0,,
12,276,1.0,188.88888888888889,90.0,0.35458167330677287,10,0,0,0,,
12,277,1.0,544.4444444444445,277.77777777777777,0.32432432432432434,10,0,0,0,,
12,278,1.0,811.1111111111111,366.66666666666663,0.3773584905660377,10,0,0,0,,
12,279,1.0,2000.0,1000.0,0.3333333333333333,10,0,0,0,,
12,280,1.0,0.002777777777777778,0.001,0.47058823529411764,10,408,368,30,0.0008511380382023768,217229.0677926475
12,281,1.0,0.0054444444444444445,0.001888888888888889,0.48484848484848486,10,334,226,7,0.0016069412530128771,93195.09746799835
12,282,1.0,0.009,0.003666666666666667,0.4210526315789473,10,239,122,0,0.0031045595881283557,1643.4366689305043
12,283,1.0,0.01888888888888889,0.007222222222222223,0.4468085106382978,10,129,61,0,0.006137620051647945,1736.0525521712843
12,284,1.0,0.05444444444444445,0.01888888888888889,0.4848484848484849,10,74,21,0,0.016069412530128772,1573.3924978329046
12,285,1.0,0.09,0.03666666666666667,0.4210526315789474,10,41,8,0,0.031045595881283555,1315.7590037081407
12,286,1.0,0.18888888888888888,0.07222222222222222,0.44680851063829796,10,24,2,0,0.061376200516479455,1577.852644734223
12,287,1.0,0.4555555555555556,0.18888888888888888,0.4137931034482759,10,6,0,0,0.29813208805870584,1042.2785676839742
12,288,1.0,0.8111111111111111,0.2777777777777778,0.48979591836734687,10,4,0,0,0.4308205470313542,815.2555286695441
12,289,1.0,1.8888888888888888,0.6333333333333333,0.4977973568281938,10,0,0,0,,
12,290,1.0,4.555555555555555,1.8888888888888888,0.4137931034482758,10,0,0,0,,
12,291,1.0,8.11111111111111,2.7777777777777777,0.48979591836734687,10,0,0,0,,
12,292,1.0,18.88888888888889,6.333333333333333,0.4977973568281939,10,0,0,0,,
12,293,1.0,27.77777777777778,10.0,0.47058823529411764,10,0,0,0,,
12,294,1.0,72.22222222222223,27.77777777777778,0.4444444444444445,10,0,0,0,,
12,295,1.0,100.0,36.66666666666667,0.4634146341463414,10,0,0,0,,
12,296,1.0,277.77777777777777,100.0,0.47058823529411764,10,0,0,0,,
12,297,1.0,722.2222222222222,277.77777777777777,0.4444444444444444,10,0,0,0,,
12,298,1.0,1000.0,366.66666666666663,0.46341463414634154,10,0,0,0,,
12,299,1.0,3000.0,1000.0,0.5,10,0,0,0,,
12,300,1.0,0.003666666666666667,0.001,0.5714285714285715,10,389,360,5,0.0008550667128846832,212456.53641452832
12,301,1.0,0.007222222222222223,0.001888888888888889,0.5853658536585367,10,285,213,1,0.001614358556826487,127454.75965053894
12,302,1.0,0.01888888888888889,0.0054444444444444445,0.5525114155251142,10,153,75,0,0.004655860935229591,1604.5809614583345
12,303,1.0,0.027777777777777776,0.009,0.5105740181268882,10,108,47,0,0.007655966069112569,1604.9853679650953
12,304,1.0,0.07222222222222222,0.01888888888888889,0.5853658536585367,10,65,20,0,0.01614358556826487,1603.5664940423458
12,305,1.0,0.1,0.027777777777777776,0.5652173913043479,10,46,11,0,0.02376840286624876,1495.9982515926904
12,306,1.0,0.2777777777777778,0.0811111111111111,0.5479876160990712,10,18,1,0,0.0695024317588797,1521.3809319642862
12,307,1.0,0.6333333333333333,0.18888888888888888,0.5405405405405406,10,7,0,0,0.2987324883255503,1176.3735551433856
12,308,1.0,1.0,0.2777777777777778,0.5652173913043479,10,4,0,0,0.4314209472981988,1053.6237161026559
12,309,1.0,2.7777777777777777,0.8111111111111111,0.5479876160990712,10,0,0,0,,
12,310,1.0,3.6666666666666665,1.0,0.5714285714285715,10,0,0,0,,
12,311,1.0,9.0,2.7777777777777777,0.5283018867924528,10,0,0,0,,
12,312,1.0,27.77777777777778,7.222222222222221,0.5873015873015873,10,0,0,0,,
12,313,1.0,36.66666666666667,10.0,0.5714285714285715,10,0,0,0,,
12,314,1.0,90.0,27.77777777777778,0.5283018867924528,10,0,0,0,,
12,315,1.0,188.88888888888889,54.44444444444444,0.5525114155251143,10,0,0,0,,
12,316,1.0,277.77777777777777,90.0,0.5105740181268882,10,0,0,0,,
12,317,1.0,722.2222222222222,188.88888888888889,0.5853658536585366,10,0,0,0,,
12,318,1.0,2000.0,544.4444444444445,0.572052401746725,10,0,0,0,,
12,319,1.0,3000.0,900.0,0.5384615384615384,10,0,0,0,,
12,320,1.0,0.004555555555555556,0.001,0.64,10,379,349,2,0.0008550667128846832,191032.10928454093
12,321,1.0,0.01,0.001888888888888889,0.6822429906542055,10,247,200,0,0.0016218100973589297,1662.90712341658
12,322,1.0,0.027777777777777776,0.006333333333333334,0.6286644951140065,10,134,62,0,0.005420008904016238,1648.46612635168
12,323,1.0,0.04555555555555556,0.00811111111111111,0.6977225672877847,10,115,46,1,0.006950243175887969,5442.856543719476
12,324,1.0,0.0811111111111111,0.01888888888888889,0.6222222222222222,10,64,21,0,0.01614358556826487,1595.6642347327654
12,325,1.0,0.18888888888888888,0.04555555555555556,0.6113744075829383,10,34,5,0,0.039084089579240214,1420.8708838287134
12,326,1.0,0.3666666666666667,0.0811111111111111,0.6377171215880892,10,17,0,0,0.06982324040771712,1423.9243792227662
12,327,1.0,0.5444444444444445,0.1,0.6896551724137931,10,14,0,0,0.08629785477669702,1284.5783235693157
12,328,1.0,1.8888888888888888,0.3666666666666667,0.6748768472906403,10,1,0,0,0.795263509006004,18.456832376727668
12,329,1.0,3.6666666666666665,0.7222222222222222,0.6708860759493671,10,0,0,0,,
12,330,1.0,4.555555555555555,0.9,0.670061099796334,10,0,0,0,,
12,331,1.0,9.0,1.8888888888888888,0.6530612244897959,10,0,0,0,,
12,332,1.0,27.77777777777778,5.444444444444445,0.6722408026755854,10,0,0,0,,
12,333,1.0,45.55555555555556,8.11111111111111,0.6977225672877846,10,0,0,0,,
12,334,1.0,81.11111111111111,18.88888888888889,0.6222222222222222,10,0,0,0,,
12,335,1.0,188.88888888888889,45.55555555555556,0.6113744075829383,10,0,0,0,,
12,336,1.0,366.66666666666663,81.11111111111111,0.6377171215880894,10,0,0,0,,
12,337,1.0,455.55555555555554,100.0,0.64,10,0,0,0,,
12,338,1.0,1000.0,188.88888888888889,0.6822429906542056,10,0,0,0,,
12,339,1.0,3000.0,722.2222222222222,0.6119402985074627,10,0,0,0,,
12,340,1.0,0.006333333333333334,0.001,0.7272727272727273,10,363,342,1,0.000859013521505396,307427.4869008067
12,341,1.0,0.03666666666666667,0.004555555555555556,0.7789757412398922,10,141,78,2,0.003908408957924021,64634.18880861186
12,342,1.0,0.05444444444444445,0.006333333333333334,0.7915904936014624,10,124,56,1,0.005445026528424209,12387.455055567072
12,343,1.0,0.06333333333333332,0.009,0.7511520737327189,10,108,41,1,0.007726805850957022,11373.724029725316
12,344,1.0,0.09,0.01,0.8,10,89,35,1,0.008590135215053961,2679.536672508189
12,345,1.0,0.3666666666666667,0.06333333333333332,0.7054263565891472,10,23,1,0,0.05445026528424215,1470.3591408608952
12,346,1.0,0.5444444444444445,0.0811111111111111,0.7406749555950266,10,17,0,0,0.06982324040771712,1451.3840981967662
12,347,1.0,0.7222222222222222,0.0811111111111111,0.7980636237897648,10,17,0,0,0.06982324040771712,1476.0987167426917
12,348,1.0,2.7777777777777777,0.3666666666666667,0.7667844522968198,10,1,0,0,0.7958639092728484,18.438399653931437
12,349,1.0,4.555555555555555,0.6333333333333333,0.7558886509635975,10,0,0,0,,
12,350,1.0,6.333333333333333,0.7222222222222222,0.795275590551181,10,0,0,0,,
12,351,1.0,7.222222222222221,1.0,0.7567567567567567,10,0,0,0,,
12,352,1.0,36.66666666666667,4.555555555555555,0.7789757412398921,10,0,0,0,,
12,353,1.0,54.44444444444444,6.333333333333333,0.7915904936014625,10,0,0,0,,
12,354,1.0,63.333333333333336,9.0,0.7511520737327189,10,0,0,0,,
12,355,1.0,90.0,10.0,0.8,10,0,0,0,,
12,356,1.0,366.66666666666663,63.333333333333336,0.7054263565891473,10,0,0,0,,
12,357,1.0,544.4444444444445,81.11111111111111,0.7406749555950267,10,0,0,0,,
12,358,1.0,722.2222222222222,81.11111111111111,0.7980636237897649,10,0,0,0,,
12,359,1.0,3000.0,455.55555555555554,0.7363344051446945,10,0,0,0,,
12,360,1.0,0.009,0.001,0.8000000000000002,10,350,333,2,0.000859013521505396,256090.10896085293
12,361,1.0,0.04555555555555556,0.003666666666666667,0.8510158013544019,10,133,94,2,0.0031477483141013176,55498.555111394315
12,362,1.0,0.07222222222222222,0.0054444444444444445,0.8597997138769671,10,102,63,1,0.004677351412871981,12440.858308870964
12,363,1.0,0.09,0.006333333333333334,0.8685121107266437,10,84,54,0,0.005445026528424209,1633.894862084938
12,364,1.0,0.18888888888888888,0.01,0.8994413407821228,10,53,33,1,0.008590135215053961,2583.967945864122
12,365,1.0,0.5444444444444445,0.04555555555555556,0.8455743879472692,10,28,2,0,0.03926449353995997,1453.586490912508
12,366,1.0,0.8111111111111111,0.04555555555555556,0.8936446173800259,10,28,2,0,0.03926449353995997,1490.6350401574273
12,367,1.0,0.9,0.09,0.8181818181818182,10,18,0,0,0.07762471166286919,1568.8536634278214
12,368,1.0,2.7777777777777777,0.2777777777777778,0.8181818181818182,10,4,0,0,0.4320213475650434,940.31627710382
12,369,1.0,6.333333333333333,0.4555555555555556,0.8657937806873977,10,0,0,0,,
12,370,1.0,8.11111111111111,0.7222222222222222,0.8364779874213837,10,0,0,0,,
12,371,1.0,10.0,0.7222222222222222,0.8652849740932644,10,0,0,0,,
12,372,1.0,45.55555555555556,2.7777777777777777,0.8850574712643677,10,0,0,0,,
12,373,1.0,72.22222222222223,4.555555555555555,0.8813314037626627,10,0,0,0,,
12,374,1.0,90.0,5.444444444444445,0.8859138533178115,10,0,0,0,,
12,375,1.0,100.0,10.0,0.8181818181818182,10,0,0,0,,
12,376,1.0,544.4444444444445,36.66666666666667,0.8738049713193117,10,0,0,0,,
12,377,1.0,722.2222222222222,72.22222222222223,0.8181818181818182,10,0,0,0,,
12,378,1.0,900.0,81.11111111111111,0.8346545866364666,10,0,0,0,,
12,379,1.0,3000.0,277.77777777777777,0.8305084745762712,10,0,0,0,,
12,380,1.0,0.027777777777777776,0.001,0.9305019305019304,10,333,328,1,0.000859013521505396,230733.50890569523
12,381,1.0,0.4555555555555556,0.003666666666666667,0.9840309702395356,10,90,86,0,0.0031477483141013176,1603.8465127851941
12,382,1.0,0.9,0.003666666666666667,0.9918849133161194,10,90,86,0,0.0031477483141013176,1590.4777198582767
12,383,1.0,2.7777777777777777,0.0811111111111111,0.94325689856199,10,18,0,0,0.07014552984199714,1524.2899347568996
12,384,1.0,5.444444444444445,0.09,0.9674764103593656,10,19,0,0,0.07762471166286919,1630.0987703910591
12,385,1.0,8.11111111111111,0.04555555555555556,0.98882985969214,10,28,2,0,0.03926449353995997,1399.1487626216774
12,386,1.0,18.88888888888889,0.006333333333333334,0.9993296365336328,10,56,51,0,0.005445026528424209,1591.4283912155645
12,387,1.0,36.66666666666667,0.01888888888888889,0.998970227458582,10,39,14,0,0.0162181009735893,1672.2059970173548
12,388,1.0,54.44444444444444,0.027777777777777776,0.9989801121876594,10,40,3,0,0.02387811282913178,1606.3477702792304
12,389,1.0,72.22222222222223,0.027777777777777776,0.9992310649750098,10,40,3,0,0.02387811282913178,1606.3514255805826
12,390,1.0,90.0,0.009,0.9998000199980002,10,42,36,0,0.007726805850957022,1537.0865614862823
12,391,1.0,188.88888888888889,0.0054444444444444445,0.9999423546027204,10,63,59,0,0.004677351412871981,1650.2245457564427
12,392,1.0,277.77777777777777,1.0,0.9928258270227183,10,0,0,0,,
12,393,1.0,455.55555555555554,0.03666666666666667,0.9998390373457745,10,31,2,0,0.03162277660168379,1570.6409659957949
12,394,1.0,544.4444444444445,7.222222222222221,0.9738167170191341,10,0,0,0,,
12,395,1.0,722.2222222222222,0.06333333333333332,0.9998246307631483,10,22,1,0,0.05470159628939716,1447.50992250315
12,396,1.0,811.1111111111111,8.11111111111111,0.9801980198019803,10,0,0,0,,
12,397,1.0,1000.0,0.04555555555555556,0.9999088930393171,10,28,2,0,0.03926449353995997,1402.3600234115588
12,398,1.0,2000.0,5.444444444444445,0.9945703363067206,10,0,0,0,,
12,399,1.0,3000.0,100.0,0.9354838709677419,10,0,0,0,,
13,0,1.1,0.001,0.027777777777777776,-0.9305019305019304,10,416,321,0,0.0015703628043335514,1723.3836959187154
13,1,1.1,0.001888888888888889,0.7222222222222222,-0.9947828755562373,10,319,169,1,0.0029648313895243423,820861.0797291098
13,2,1.1,0.002777777777777778,54.44444444444444,-0.9998979643895719,10,221,115,1,0.004365158322401661,294002.685016043
13,3,1.1,0.004555555555555556,0.1,-0.9128586609989372,10,144,65,0,0.007144963260755135,1583.487143155871
13,4,1.1,0.0054444444444444445,45.55555555555556,-0.9997610041726721,10,116,58,0,0.008550667128846832,1606.6654696329178
13,5,1.1,0.007222222222222223,0.5444444444444445,-0.9738167170191339,10,88,44,0,0.011324003632355566,1617.7354644952607
13,6,1.1,0.00811111111111111,90.0,-0.999819769329431,10,78,39,0,0.012764388088113435,1581.3362199297085
13,7,1.1,0.01,2.7777777777777777,-0.9928258270227184,10,63,32,0,0.01570362804333553,1621.532433732051
13,8,1.1,0.01888888888888889,722.2222222222222,-0.9999476936757038,10,38,17,0,0.029648313895243424,1509.4734586165446
13,9,1.1,0.03666666666666667,90.0,-0.999185517011588,10,24,4,0,0.05780960474057181,1583.9015553031072
13,10,1.1,0.05444444444444445,81.11111111111111,-0.998658434749278,10,19,2,0,0.08590135215053961,1659.633408045603
13,11,1.1,0.07222222222222222,100.0,-0.9985565980125465,10,14,1,0,0.11440960640426952,1601.3062198789555
13,12,1.1,0.09,188.88888888888889,-0.9990475126557345,10,13,1,0,0.14322881921280856,1558.971331224049
13,13,1.1,0.18888888888888888,633.3333333333333,-0.9994036866197801,10,3,0,0,0.3125416944629753,410.02434943620943
13,14,1.1,0.4555555555555556,45.55555555555556,-0.9801980198019802,10,0,0,0,,
13,15,1.1,0.7222222222222222,36.66666666666667,-0.9613670133729569,10,0,0,0,,
13,16,1.1,1.0,45.55555555555556,-0.9570405727923628,10,0,0,0,,
13,17,1.1,3.6666666666666665,544.4444444444445,-0.9866207176160553,10,0,0,0,,
13,18,1.1,8.11111111111111,900.0,-0.9821363024593173,10,0,0,0,,
13,19,1.1,100.0,3000.0,-0.9354838709677419,10,0,0,0,,
13,20,1.1,0.001,0.009,-0.8000000000000002,10,398,335,5,0.0015488166189124811,13446.716232743933
13,21,1.1,0.003666666666666667,0.05444444444444445,-0.8738049713193117,10,178,84,0,0.0057279603098582925,1647.9609163389741
13,22,1.1,0.0054444444444444445,0.0811111111111111,-0.8741976893453145,10,126,54,0,0.008511380382023759,1637.207804416207
13,23,1.1,0.007222222222222223,0.09,-0.8514285714285713,10,103,39,0,0.011271974561755105,1583.029677539088
13,24,1.1,0.01,0.18888888888888888,-0.8994413407821228,10,70,27,1,0.015631476426409538,1607.163695156112
13,25,1.1,0.04555555555555556,0.5444444444444445,-0.8455743879472692,10,15,1,0,0.07112135136533289,1388.0109282315038
13,26,1.1,0.06333333333333332,0.6333333333333333,-0.8181818181818181,10,13,1,0,0.09908319448927676,1579.6512732297497
13,27,1.1,0.0811111111111111,0.9,-0.8346545866364665,10,11,0,0,0.1276184122748499,1536.2353800875712
13,28,1.1,0.2777777777777778,2.7777777777777777,-0.8181818181818182,10,1,0,0,0.8691127418278852,22.96191738036673
13,29,1.1,0.4555555555555556,7.222222222222221,-0.8813314037626627,10,0,0,0,,
13,30,1.1,0.6333333333333333,9.0,-0.8685121107266437,10,0,0,0,,
13,31,1.1,0.9,9.0,-0.8181818181818181,10,0,0,0,,
13,32,1.1,3.6666666666666665,36.66666666666667,-0.8181818181818183,10,0,0,0,,
13,33,1.1,5.444444444444445,63.333333333333336,-0.8416801292407108,10,0,0,0,,
13,34,1.1,7.222222222222221,72.22222222222223,-0.818181818181818,10,0,0,0,,
13,35,1.1,10.0,100.0,-0.8181818181818182,10,0,0,0,,
13,36,1.1,36.66666666666667,633.3333333333333,-0.8905472636815921,10,0,0,0,,
13,37,1.1,54.44444444444444,900.0,-0.8859138533178114,10,0,0,0,,
13,38,1.1,72.22222222222223,1000.0,-0.8652849740932643,10,0,0,0,,
13,39,1.1,277.77777777777777,3000.0,-0.8305084745762712,10,0,0,0,,
13,40,1.1,0.001,0.006333333333333334,-0.7272727272727273,10,396,333,8,0.0015275660582380732,142027.5673866513
13,41,1.1,0.004555555555555556,0.027777777777777776,-0.718213058419244,10,165,79,0,0.006950243175887969,1605.5186780887288
13,42,1.1,0.006333333333333334,0.05444444444444445,-0.7915904936014624,10,113,45,0,0.009817479430199843,1619.2072177825378
13,43,1.1,0.00811111111111111,0.07222222222222222,-0.7980636237897648,10,97,34,0,0.012589254117941675,1588.780999057509
13,44,1.1,0.01,0.0811111111111111,-0.7804878048780489,10,73,27,0,0.0154170045294956,1590.3978547818926
13,45,1.1,0.05444444444444445,0.3666666666666667,-0.7414248021108178,10,13,0,0,0.08394599865193973,1464.5386268900274
13,46,1.1,0.07222222222222222,0.5444444444444445,-0.7657657657657659,10,10,0,0,0.11200800533689126,942.3504557729254
13,47,1.1,0.09,0.6333333333333333,-0.751152073732719,10,9,0,0,0.14022681787858574,1532.5974529385444
13,48,1.1,0.3666666666666667,2.7777777777777777,-0.7667844522968198,10,0,0,0,,
13,49,1.1,0.6333333333333333,4.555555555555555,-0.7558886509635975,10,0,0,0,,
13,50,1.1,0.8111111111111111,5.444444444444445,-0.7406749555950267,10,0,0,0,,
13,51,1.1,1.0,6.333333333333333,-0.7272727272727273,10,0,0,0,,
13,52,1.1,4.555555555555555,36.66666666666667,-0.7789757412398921,10,0,0,0,,
13,53,1.1,7.222222222222221,45.55555555555556,-0.7263157894736842,10,0,0,0,,
13,54,1.1,9.0,54.44444444444444,-0.7162872154115587,10,0,0,0,,
13,55,1.1,10.0,81.11111111111111,-0.7804878048780488,10,0,0,0,,
13,56,1.1,54.44444444444444,455.55555555555554,-0.7864923747276688,10,0,0,0,,
13,57,1.1,72.22222222222223,633.3333333333333,-0.7952755905511812,10,0,0,0,,
13,58,1.1,90.0,722.2222222222222,-0.7783857729138167,10,0,0,0,,
13,59,1.1,455.55555555555554,3000.0,-0.7363344051446945,10,0,0,0,,
13,60,1.1,0.001,0.004555555555555556,-0.64,10,397,330,15,0.001485935642287006,196612.07437185512
13,61,1.1,0.001888888888888889,0.01,-0.6822429906542055,10,357,200,6,0.0028575905433749467,332110.70720755943
13,62,1.1,0.006333333333333334,0.027777777777777776,-0.6286644951140065,10,133,62,0,0.009375620069258801,1572.4111465578364
13,63,1.1,0.009,0.03666666666666667,-0.6058394160583941,10,101,42,0,0.013243415351946643,1594.301510193724
13,64,1.1,0.01888888888888889,0.0811111111111111,-0.6222222222222222,10,50,14,0,0.027925438412373393,1321.662707451371
13,65,1.1,0.04555555555555556,0.18888888888888888,-0.6113744075829383,10,19,2,0,0.06729766562843176,1377.6095035093902
13,66,1.1,0.0811111111111111,0.3666666666666667,-0.6377171215880892,10,8,1,0,0.12221480987324884,1201.0808793025767
13,67,1.1,0.1,0.5444444444444445,-0.6896551724137931,10,7,0,0,0.1540360240160107,1476.020957442227
13,68,1.1,0.3666666666666667,1.8888888888888888,-0.6748768472906403,10,0,0,0,,
13,69,1.1,0.7222222222222222,3.6666666666666665,-0.6708860759493671,10,0,0,0,,
13,70,1.1,0.9,4.555555555555555,-0.670061099796334,10,0,0,0,,
13,71,1.1,1.8888888888888888,9.0,-0.6530612244897959,10,0,0,0,,
13,72,1.1,5.444444444444445,27.77777777777778,-0.6722408026755854,10,0,0,0,,
13,73,1.1,9.0,36.66666666666667,-0.6058394160583942,10,0,0,0,,
13,74,1.1,18.88888888888889,81.11111111111111,-0.6222222222222222,10,0,0,0,,
13,75,1.1,45.55555555555556,188.88888888888889,-0.6113744075829383,10,0,0,0,,
13,76,1.1,81.11111111111111,366.66666666666663,-0.6377171215880894,10,0,0,0,,
13,77,1.1,100.0,455.55555555555554,-0.64,10,0,0,0,,
13,78,1.1,188.88888888888889,1000.0,-0.6822429906542056,10,0,0,0,,
13,79,1.1,722.2222222222222,3000.0,-0.6119402985074627,10,0,0,0,,
13,80,1.1,0.001,0.003666666666666667,-0.5714285714285715,10,406,345,17,0.001445439770745928,182652.92640967423
13,81,1.1,0.001888888888888889,0.007222222222222223,-0.5853658536585367,10,368,217,14,0.002754228703338166,158549.98518501234
13,82,1.1,0.0054444444444444445,0.01888888888888889,-0.5525114155251142,10,153,77,0,0.007798301105232593,1619.2477280135163
13,83,1.1,0.009,0.027777777777777776,-0.5105740181268882,10,104,48,0,0.012589254117941675,1762.3929062287546
13,84,1.1,0.01888888888888889,0.07222222222222222,-0.5853658536585367,10,56,14,0,0.02754228703338166,1689.6944827225288
13,85,1.1,0.05444444444444445,0.18888888888888888,-0.5525114155251141,10,19,0,0,0.0783429642766212,1625.9234570856981
13,86,1.1,0.09,0.2777777777777778,-0.5105740181268883,10,10,0,0,0.1276184122748499,1390.8974060224796
13,87,1.1,0.18888888888888888,0.6333333333333333,-0.5405405405405406,10,2,0,0,0.5551034022681788,131.73531919474226
13,88,1.1,0.2777777777777778,1.0,-0.5652173913043479,10,1,0,0,0.8342895263509005,13.353357475383334
13,89,1.1,0.8111111111111111,2.7777777777777777,-0.5479876160990712,10,0,0,0,,
13,90,1.1,1.8888888888888888,6.333333333333333,-0.5405405405405406,10,0,0,0,,
13,91,1.1,2.7777777777777777,10.0,-0.5652173913043478,10,0,0,0,,
13,92,1.1,8.11111111111111,27.77777777777778,-0.5479876160990713,10,0,0,0,,
13,93,1.1,10.0,36.66666666666667,-0.5714285714285715,10,0,0,0,,
13,94,1.1,27.77777777777778,90.0,-0.5283018867924528,10,0,0,0,,
13,95,1.1,72.22222222222223,277.77777777777777,-0.5873015873015872,10,0,0,0,,
13,96,1.1,100.0,366.66666666666663,-0.5714285714285714,10,0,0,0,,
13,97,1.1,277.77777777777777,900.0,-0.5283018867924527,10,0,0,0,,
13,98,1.1,633.3333333333333,2000.0,-0.518987341772152,10,0,0,0,,
13,99,1.1,1000.0,3000.0,-0.5,10,0,0,0,,
13,100,1.1,0.001,0.002777777777777778,-0.47058823529411764,10,438,371,42,0.001361444682465951,242244.44289242607
13,101,1.1,0.001888888888888889,0.0054444444444444445,-0.48484848484848486,10,391,230,14,0.002594179362118812,247914.2976264415
13,102,1.1,0.003666666666666667,0.009,-0.4210526315789473,10,250,126,0,0.00478630092322638,1654.0309832408573
13,103,1.1,0.007222222222222223,0.01888888888888889,-0.4468085106382978,10,126,63,0,0.009638290236239706,1633.8588656141753
13,104,1.1,0.01888888888888889,0.05444444444444445,-0.4848484848484849,10,54,17,0,0.02594179362118815,1582.2017463683835
13,105,1.1,0.027777777777777776,0.0811111111111111,-0.4897959183673469,10,37,8,0,0.03837072454922788,1635.734030270332
13,106,1.1,0.06333333333333332,0.18888888888888888,-0.4977973568281938,10,16,1,0,0.08830799004185631,1450.6367902788081
13,107,1.1,0.18888888888888888,0.4555555555555556,-0.4137931034482759,10,2,0,0,0.5118745830553703,52.75356776288568
13,108,1.1,0.2777777777777778,0.8111111111111111,-0.48979591836734687,10,0,0,0,,
13,109,1.1,0.6333333333333333,1.8888888888888888,-0.4977973568281938,10,0,0,0,,
13,110,1.1,1.0,2.7777777777777777,-0.47058823529411764,10,0,0,0,,
13,111,1.1,2.7777777777777777,7.222222222222221,-0.44444444444444436,10,0,0,0,,
13,112,1.1,3.6666666666666665,10.0,-0.46341463414634154,10,0,0,0,,
13,113,1.1,10.0,27.77777777777778,-0.47058823529411764,10,0,0,0,,
13,114,1.1,27.77777777777778,72.22222222222223,-0.4444444444444445,10,0,0,0,,
13,115,1.1,36.66666666666667,90.0,-0.4210526315789473,10,0,0,0,,
13,116,1.1,72.22222222222223,188.88888888888889,-0.4468085106382979,10,0,0,0,,
13,117,1.1,188.88888888888889,544.4444444444445,-0.4848484848484848,10,0,0,0,,
13,118,1.1,366.66666666666663,900.0,-0.42105263157894746,10,0,0,0,,
13,119,1.1,811.1111111111111,2000.0,-0.42292490118577075,10,0,0,0,,
13,120,1.1,0.001,0.001888888888888889,-0.3076923076923077,10,466,388,63,0.0011641260294104909,1518588.539009571
13,121,1.1,0.002777777777777778,0.006333333333333334,-0.39024390243902446,10,334,170,2,0.00353183169791957,84877.61279070126
13,122,1.1,0.004555555555555556,0.009,-0.3278688524590163,10,217,109,0,0.005445026528424209,1651.4967654122852
13,123,1.1,0.009,0.01888888888888889,-0.354581673306773,10,109,54,0,0.011066237839776664,1579.1653048299197
13,124,1.1,0.027777777777777776,0.05444444444444445,-0.3243243243243244,10,41,12,0,0.03311311214825911,1605.7072880863054
13,125,1.1,0.03666666666666667,0.0811111111111111,-0.3773584905660377,10,36,6,0,0.04613175745603795,1491.8518841472646
13,126,1.1,0.0811111111111111,0.18888888888888888,-0.39917695473251025,10,12,0,0,0.10480320213475651,1358.8118888625954
13,127,1.1,0.18888888888888888,0.3666666666666667,-0.32000000000000006,10,2,0,0,0.6937958639092728,95.38738405497116
13,128,1.1,0.3666666666666667,0.7222222222222222,-0.3265306122448979,10,0,0,0,,
13,129,1.1,0.4555555555555556,1.0,-0.37404580152671746,10,0,0,0,,
13,130,1.1,1.8888888888888888,3.6666666666666665,-0.32,10,0,0,0,,
13,131,1.1,3.6666666666666665,7.222222222222221,-0.32653061224489793,10,0,0,0,,
13,132,1.1,4.555555555555555,10.0,-0.37404580152671757,10,0,0,0,,
13,133,1.1,10.0,18.88888888888889,-0.3076923076923077,10,0,0,0,,
13,134,1.1,27.77777777777778,63.333333333333336,-0.3902439024390244,10,0,0,0,,
13,135,1.1,45.55555555555556,90.0,-0.3278688524590164,10,0,0,0,,
13,136,1.1,90.0,188.88888888888889,-0.35458167330677287,10,0,0,0,,
13,137,1.1,277.77777777777777,544.4444444444445,-0.32432432432432434,10,0,0,0,,
13,138,1.1,366.66666666666663,811.1111111111111,-0.3773584905660377,10,0,0,0,,
13,139,1.1,1000.0,2000.0,-0.3333333333333333,10,0,0,0,,
13,140,1.1,0.002777777777777778,0.004555555555555556,-0.2424242424242424,10,375,191,1,0.002992264636608189,120272.90112728847
13,141,1.1,0.004555555555555556,0.007222222222222223,-0.22641509433962265,10,234,118,0,0.0048083934844972845,1656.70153265882
13,142,1.1,0.0054444444444444445,0.009,-0.2461538461538461,10,194,97,0,0.00588843655355589,1619.3042732964764
13,143,1.1,0.006333333333333334,0.01,-0.2244897959183673,10,172,85,0,0.006668067692136219,1616.4347009298085
13,144,1.1,0.03666666666666667,0.06333333333333332,-0.2666666666666666,10,33,8,0,0.04073802778041126,1352.820122696343
13,145,1.1,0.05444444444444445,0.09,-0.24615384615384614,10,29,0,0,0.059156163417547425,1644.275801837547
13,146,1.1,0.06333333333333332,0.1,-0.22448979591836743,10,23,1,0,0.06698846094165266,1563.7472378458992
13,147,1.1,0.3666666666666667,0.6333333333333333,-0.2666666666666666,10,0,0,0,,
13,148,1.1,0.4555555555555556,0.8111111111111111,-0.2807017543859649,10,0,0,0,,
13,149,1.1,0.5444444444444445,1.0,-0.29496402877697836,10,0,0,0,,
13,150,1.1,3.6666666666666665,6.333333333333333,-0.26666666666666666,10,0,0,0,,
13,151,1.1,4.555555555555555,8.11111111111111,-0.2807017543859649,10,0,0,0,,
13,152,1.1,5.444444444444445,10.0,-0.2949640287769784,10,0,0,0,,
13,153,1.1,27.77777777777778,45.55555555555556,-0.2424242424242424,10,0,0,0,,
13,154,1.1,45.55555555555556,72.22222222222223,-0.22641509433962267,10,0,0,0,,
13,155,1.1,54.44444444444444,100.0,-0.2949640287769784,10,0,0,0,,
13,156,1.1,277.77777777777777,455.55555555555554,-0.24242424242424243,10,0,0,0,,
13,157,1.1,455.55555555555554,722.2222222222222,-0.2264150943396226,10,0,0,0,,
13,158,1.1,544.4444444444445,900.0,-0.24615384615384617,10,0,0,0,,
13,159,1.1,2000.0,3000.0,-0.2,10,0,0,0,,
13,160,1.1,0.001888888888888889,0.002777777777777778,-0.19047619047619047,10,425,280,21,0.0018967059212111465,439820.1819776403
13,161,1.1,0.003666666666666667,0.0054444444444444445,-0.19512195121951215,10,298,151,0,0.003715352290971728,1651.8577783511566
13,162,1.1,0.006333333333333334,0.00811111111111111,-0.123076923076923,10,186,93,0,0.0057809604740571814,1604.8354091682675
13,163,1.1,0.00811111111111111,0.01,-0.1042944785276074,10,148,74,0,0.007177942912713615,1613.9373973014428
13,164,1.1,0.03666666666666667,0.04555555555555556,-0.10810810810810813,10,33,15,0,0.032658783217233596,1568.0732948974512
13,165,1.1,0.05444444444444445,0.0811111111111111,-0.1967213114754098,10,30,4,0,0.0554625712957911,1545.1208020338215
13,166,1.1,0.07222222222222222,0.1,-0.16129032258064524,10,22,1,0,0.06982324040771712,1410.8640735029146
13,167,1.1,0.3666666666666667,0.4555555555555556,-0.10810810810810811,10,0,0,0,,
13,168,1.1,0.5444444444444445,0.7222222222222222,-0.1403508771929824,10,0,0,0,,
13,169,1.1,0.7222222222222222,0.9,-0.10958904109589043,10,0,0,0,,
13,170,1.1,2.7777777777777777,3.6666666666666665,-0.13793103448275862,10,0,0,0,,
13,171,1.1,5.444444444444445,7.222222222222221,-0.1403508771929824,10,0,0,0,,
13,172,1.1,6.333333333333333,9.0,-0.1739130434782609,10,0,0,0,,
13,173,1.1,18.88888888888889,27.77777777777778,-0.19047619047619047,10,0,0,0,,
13,174,1.1,45.55555555555556,63.333333333333336,-0.163265306122449,10,0,0,0,,
13,175,1.1,63.333333333333336,90.0,-0.17391304347826084,10,0,0,0,,
13,176,1.1,81.11111111111111,100.0,-0.10429447852760734,10,0,0,0,,
13,177,1.1,366.66666666666663,544.4444444444445,-0.19512195121951226,10,0,0,0,,
13,178,1.1,633.3333333333333,811.1111111111111,-0.12307692307692313,10,0,0,0,,
13,179,1.1,811.1111111111111,1000.0,-0.10429447852760737,10,0,0,0,,
13,180,1.1,0.001,0.001,0.0,10,376,359,1,0.0007481695005111546,196540.1358201142
13,181,1.1,0.004555555555555556,0.0054444444444444445,-0.08888888888888886,10,267,134,0,0.003944573020752785,1644.630028940395
13,182,1.1,0.007222222222222223,0.007222222222222223,0.0,10,185,93,1,0.005395106225151279,46449.468374173106
13,183,1.1,0.009,0.01,-0.05263157894736847,10,140,70,0,0.007345138681571151,1629.123608209485
13,184,1.1,0.04555555555555556,0.04555555555555556,0.0,10,35,13,0,0.03404081897010009,1635.8562613052163
13,185,1.1,0.06333333333333332,0.07222222222222222,-0.0655737704918033,10,21,1,0,0.05296634438916581,1422.4365528483063
13,186,1.1,0.09,0.09,0.0,10,25,0,0,0.06760829753919818,1623.0661953795006
13,187,1.1,0.4555555555555556,0.4555555555555556,0.0,10,0,0,0,,
13,188,1.1,0.6333333333333333,0.7222222222222222,-0.06557377049180328,10,0,0,0,,
13,189,1.1,0.9,0.9,0.0,10,0,0,0,,
13,190,1.1,3.6666666666666665,3.6666666666666665,0.0,10,0,0,0,,
13,191,1.1,6.333333333333333,6.333333333333333,0.0,10,0,0,0,,
13,192,1.1,8.11111111111111,9.0,-0.05194805194805197,10,0,0,0,,
13,193,1.1,36.66666666666667,36.66666666666667,0.0,10,0,0,0,,
13,194,1.1,63.333333333333336,63.333333333333336,0.0,10,0,0,0,,
13,195,1.1,81.11111111111111,90.0,-0.05194805194805193,10,0,0,0,,
13,196,1.1,277.77777777777777,277.77777777777777,0.0,10,0,0,0,,
13,197,1.1,544.4444444444445,633.3333333333333,-0.07547169811320747,10,0,0,0,,
13,198,1.1,811.1111111111111,811.1111111111111,0.0,10,0,0,0,,
13,199,1.1,3000.0,3000.0,0.0,10,0,0,0,,
13,200,1.1,0.0054444444444444445,0.004555555555555556,0.08888888888888886,10,270,135,0,0.0034833731503601164,1604.871847935592
13,201,1.1,0.006333333333333334,0.0054444444444444445,0.0754716981132076,10,229,115,1,0.0041495404263436324,71219.3777276813
13,202,1.1,0.00811111111111111,0.007222222222222223,0.057971014492753555,10,175,88,0,0.005495408738576248,1649.418001919621
13,203,1.1,0.01,0.009,0.05263157894736847,10,141,71,0,0.006823386941416697,1571.5960824940946
13,204,1.1,0.06333333333333332,0.05444444444444445,0.07547169811320745,10,34,3,0,0.04168693834703355,1548.306353462221
13,205,1.1,0.0811111111111111,0.07222222222222222,0.05797101449275364,10,29,2,0,0.05495408738576248,1389.8963660818376
13,206,1.1,0.1,0.09,0.05263157894736847,10,26,0,0,0.06854882264526613,1560.8631453158127
13,207,1.1,0.5444444444444445,0.4555555555555556,0.0888888888888889,10,0,0,0,,
13,208,1.1,0.7222222222222222,0.6333333333333333,0.06557377049180328,10,0,0,0,,
13,209,1.1,0.9,0.8111111111111111,0.05194805194805195,10,0,0,0,,
13,210,1.1,5.444444444444445,4.555555555555555,0.08888888888888893,10,0,0,0,,
13,211,1.1,7.222222222222221,6.333333333333333,0.06557377049180325,10,0,0,0,,
13,212,1.1,9.0,8.11111111111111,0.05194805194805197,10,0,0,0,,
13,213,1.1,10.0,9.0,0.05263157894736842,10,0,0,0,,
13,214,1.1,63.333333333333336,54.44444444444444,0.07547169811320759,10,0,0,0,,
13,215,1.1,81.11111111111111,72.22222222222223,0.057971014492753596,10,0,0,0,,
13,216,1.1,100.0,90.0,0.05263157894736842,10,0,0,0,,
13,217,1.1,633.3333333333333,544.4444444444445,0.07547169811320747,10,0,0,0,,
13,218,1.1,811.1111111111111,722.2222222222222,0.057971014492753645,10,0,0,0,,
13,219,1.1,1000.0,900.0,0.05263157894736842,10,0,0,0,,
13,220,1.1,0.002777777777777778,0.001888888888888889,0.19047619047619047,10,419,284,8,0.0014723125024327193,186776.74414992516
13,221,1.1,0.0054444444444444445,0.003666666666666667,0.19512195121951215,10,301,154,0,0.002870780582024692,1655.160710304922
13,222,1.1,0.00811111111111111,0.006333333333333334,0.123076923076923,10,188,94,0,0.004897788193684461,1618.030542230441
13,223,1.1,0.01,0.00811111111111111,0.1042944785276074,10,150,75,0,0.006223002851691595,1637.9537323473062
13,224,1.1,0.05444444444444445,0.03666666666666667,0.19512195121951223,10,51,10,0,0.028707805820246922,1552.976456165231
13,225,1.1,0.0811111111111111,0.05444444444444445,0.1967213114754098,10,35,3,0,0.04265795188015926,1562.3464757588151
13,226,1.1,0.1,0.07222222222222222,0.16129032258064524,10,28,2,0,0.05623413251903491,1579.2122123485426
13,227,1.1,0.4555555555555556,0.3666666666666667,0.10810810810810811,10,2,0,0,0.7502334889926617,59.173349814814685
13,228,1.1,0.8111111111111111,0.5444444444444445,0.19672131147540978,10,0,0,0,,
13,229,1.1,1.0,0.7222222222222222,0.16129032258064516,10,0,0,0,,
13,230,1.1,3.6666666666666665,2.7777777777777777,0.13793103448275862,10,0,0,0,,
13,231,1.1,7.222222222222221,5.444444444444445,0.1403508771929824,10,0,0,0,,
13,232,1.1,9.0,7.222222222222221,0.10958904109589046,10,0,0,0,,
13,233,1.1,36.66666666666667,27.77777777777778,0.13793103448275865,10,0,0,0,,
13,234,1.1,72.22222222222223,54.44444444444444,0.1403508771929825,10,0,0,0,,
13,235,1.1,90.0,63.333333333333336,0.17391304347826084,10,0,0,0,,
13,236,1.1,277.77777777777777,188.88888888888889,0.1904761904761905,10,0,0,0,,
13,237,1.1,633.3333333333333,455.55555555555554,0.16326530612244894,10,0,0,0,,
13,238,1.1,900.0,633.3333333333333,0.17391304347826092,10,0,0,0,,
13,239,1.1,3000.0,2000.0,0.2,10,0,0,0,,
13,240,1.1,0.004555555555555556,0.002777777777777778,0.2424242424242424,10,375,196,5,0.002187761623949552,197903.98005068442
13,241,1.1,0.007222222222222223,0.004555555555555556,0.22641509433962265,10,241,121,0,0.0035809643710263623,1647.8047341504493
13,242,1.1,0.009,0.0054444444444444445,0.2461538461538461,10,199,100,0,0.004285485203974397,1601.9590865948608
13,243,1.1,0.01,0.006333333333333334,0.2244897959183673,10,174,87,0,0.0049659232145033575,1651.4090078459913
13,244,1.1,0.06333333333333332,0.03666666666666667,0.2666666666666666,10,48,10,0,0.028973435877013242,1601.6432083687969
13,245,1.1,0.0811111111111111,0.04555555555555556,0.2807017543859649,10,41,6,0,0.03597493351557424,1425.609498024511
13,246,1.1,0.1,0.05444444444444445,0.2949640287769784,10,35,5,0,0.043052661049171055,1621.6727794264316
13,247,1.1,0.6333333333333333,0.3666666666666667,0.2666666666666666,10,2,0,0,0.7526350900600399,59.501776477681595
13,248,1.1,0.8111111111111111,0.4555555555555556,0.2807017543859649,10,0,0,0,,
13,249,1.1,1.0,0.5444444444444445,0.29496402877697836,10,0,0,0,,
13,250,1.1,4.555555555555555,2.7777777777777777,0.24242424242424243,10,0,0,0,,
13,251,1.1,7.222222222222221,4.555555555555555,0.22641509433962262,10,0,0,0,,
13,252,1.1,9.0,5.444444444444445,0.24615384615384614,10,0,0,0,,
13,253,1.1,45.55555555555556,27.77777777777778,0.2424242424242424,10,0,0,0,,
13,254,1.1,72.22222222222223,45.55555555555556,0.22641509433962267,10,0,0,0,,
13,255,1.1,90.0,54.44444444444444,0.24615384615384614,10,0,0,0,,
13,256,1.1,100.0,63.333333333333336,0.22448979591836732,10,0,0,0,,
13,257,1.1,633.3333333333333,366.66666666666663,0.26666666666666666,10,0,0,0,,
13,258,1.1,811.1111111111111,455.55555555555554,0.28070175438596495,10,0,0,0,,
13,259,1.1,1000.0,633.3333333333333,0.2244897959183674,10,0,0,0,,
13,260,1.1,0.001888888888888889,0.001,0.3076923076923077,10,419,390,48,0.0007906786279998254,636898.193122766
13,261,1.1,0.006333333333333334,0.002777777777777778,0.39024390243902446,10,317,176,4,0.0022181964198002193,177946.2562239505
13,262,1.1,0.009,0.004555555555555556,0.3278688524590163,10,223,112,0,0.0036140986263961316,1608.8690690994106
13,263,1.1,0.01888888888888889,0.009,0.354581673306773,10,116,56,0,0.007144963260755135,1605.5664337721967
13,264,1.1,0.05444444444444445,0.027777777777777776,0.3243243243243244,10,61,16,0,0.022080047330188993,1655.955886938101
13,265,1.1,0.0811111111111111,0.03666666666666667,0.3773584905660377,10,48,10,0,0.02924152377843337,1605.2179496849353
13,266,1.1,0.18888888888888888,0.0811111111111111,0.39917695473251025,10,22,2,0,0.06486344335482389,1191.925265870776
13,267,1.1,0.3666666666666667,0.18888888888888888,0.32000000000000006,10,8,1,0,0.28132088058705806,1408.3861915992013
13,268,1.1,0.7222222222222222,0.3666666666666667,0.3265306122448979,10,2,0,0,0.7532354903268845,59.44894566245153
13,269,1.1,1.0,0.4555555555555556,0.37404580152671746,10,0,0,0,,
13,270,1.1,3.6666666666666665,1.8888888888888888,0.32,10,0,0,0,,
13,271,1.1,7.222222222222221,3.6666666666666665,0.32653061224489793,10,0,0,0,,
13,272,1.1,10.0,4.555555555555555,0.37404580152671757,10,0,0,0,,
13,273,1.1,18.88888888888889,10.0,0.3076923076923077,10,0,0,0,,
13,274,1.1,63.333333333333336,27.77777777777778,0.3902439024390244,10,0,0,0,,
13,275,1.1,90.0,45.55555555555556,0.3278688524590164,10,0,0,0,,
13,276,1.1,188.88888888888889,90.0,0.35458167330677287,10,0,0,0,,
13,277,1.1,544.4444444444445,277.77777777777777,0.32432432432432434,10,0,0,0,,
13,278,1.1,811.1111111111111,366.66666666666663,0.3773584905660377,10,0,0,0,,
13,279,1.1,2000.0,1000.0,0.3333333333333333,10,0,0,0,,
13,280,1.1,0.002777777777777778,0.001,0.47058823529411764,10,413,383,34,0.000801678063387679,345351.6016542154
13,281,1.1,0.0054444444444444445,0.001888888888888889,0.48484848484848486,10,334,239,5,0.0015135612484362072,110156.15632626653
13,282,1.1,0.009,0.003666666666666667,0.4210526315789473,10,258,131,1,0.0029241523778433367,74825.72043228323
13,283,1.1,0.01888888888888889,0.007222222222222223,0.4468085106382978,10,136,65,0,0.0057809604740571814,1677.803855815999
13,284,1.1,0.05444444444444445,0.01888888888888889,0.4848484848484849,10,76,24,0,0.015135612484362087,1589.8701012253484
13,285,1.1,0.09,0.03666666666666667,0.4210526315789474,10,48,11,0,0.029376496519615308,1596.2633610630496
13,286,1.1,0.18888888888888888,0.07222222222222222,0.44680851063829796,10,25,2,0,0.05807644175213124,1500.704214328474
13,287,1.1,0.4555555555555556,0.18888888888888888,0.4137931034482759,10,8,0,0,0.28192128085390256,1394.2614248045807
13,288,1.1,0.8111111111111111,0.2777777777777778,0.48979591836734687,10,4,0,0,0.40800533689126084,680.5710258004759
13,289,1.1,1.8888888888888888,0.6333333333333333,0.4977973568281938,10,0,0,0,,
13,290,1.1,4.555555555555555,1.8888888888888888,0.4137931034482758,10,0,0,0,,
13,291,1.1,8.11111111111111,2.7777777777777777,0.48979591836734687,10,0,0,0,,
13,292,1.1,18.88888888888889,6.333333333333333,0.4977973568281939,10,0,0,0,,
13,293,1.1,27.77777777777778,10.0,0.47058823529411764,10,0,0,0,,
13,294,1.1,72.22222222222223,27.77777777777778,0.4444444444444445,10,0,0,0,,
13,295,1.1,100.0,36.66666666666667,0.4634146341463414,10,0,0,0,,
13,296,1.1,277.77777777777777,100.0,0.47058823529411764,10,0,0,0,,
13,297,1.1,722.2222222222222,277.77777777777777,0.4444444444444444,10,0,0,0,,
13,298,1.1,1000.0,366.66666666666663,0.46341463414634154,10,0,0,0,,
13,299,1.1,3000.0,1000.0,0.5,10,0,0,0,,
13,300,1.1,0.003666666666666667,0.001,0.5714285714285715,10,402,380,21,0.0008053784411990669,281937.41152765
13,301,1.1,0.007222222222222223,0.001888888888888889,0.5853658536585367,10,297,227,4,0.0015205475297324954,109814.89446596579
13,302,1.1,0.01888888888888889,0.0054444444444444445,0.5525114155251142,10,166,81,0,0.0043853069777498605,1626.0544360250078
13,303,1.1,0.027777777777777776,0.009,0.5105740181268882,10,114,50,0,0.007211074791828998,1650.3909267071745
13,304,1.1,0.07222222222222222,0.01888888888888889,0.5853658536585367,10,75,23,0,0.015205475297324954,1651.3018556417182
13,305,1.1,0.1,0.027777777777777776,0.5652173913043479,10,52,13,0,0.0223872113856834,1596.944477453924
13,306,1.1,0.2777777777777778,0.0811111111111111,0.5479876160990712,10,23,1,0,0.06546361740672747,1469.199831510873
13,307,1.1,0.6333333333333333,0.18888888888888888,0.5405405405405406,10,8,0,0,0.28312208138759176,1397.8618472072023
13,308,1.1,1.0,0.2777777777777778,0.5652173913043479,10,4,0,0,0.40800533689126084,717.5492846622177
13,309,1.1,2.7777777777777777,0.8111111111111111,0.5479876160990712,10,0,0,0,,
13,310,1.1,3.6666666666666665,1.0,0.5714285714285715,10,0,0,0,,
13,311,1.1,9.0,2.7777777777777777,0.5283018867924528,10,0,0,0,,
13,312,1.1,27.77777777777778,7.222222222222221,0.5873015873015873,10,0,0,0,,
13,313,1.1,36.66666666666667,10.0,0.5714285714285715,10,0,0,0,,
13,314,1.1,90.0,27.77777777777778,0.5283018867924528,10,0,0,0,,
13,315,1.1,188.88888888888889,54.44444444444444,0.5525114155251143,10,0,0,0,,
13,316,1.1,277.77777777777777,90.0,0.5105740181268882,10,0,0,0,,
13,317,1.1,722.2222222222222,188.88888888888889,0.5853658536585366,10,0,0,0,,
13,318,1.1,2000.0,544.4444444444445,0.572052401746725,10,0,0,0,,
13,319,1.1,3000.0,900.0,0.5384615384615384,10,0,0,0,,
13,320,1.1,0.004555555555555556,0.001,0.64,10,392,376,11,0.0008053784411990669,287856.2314109549
13,321,1.1,0.01,0.001888888888888889,0.6822429906542055,10,263,217,2,0.0015275660582380732,80008.35807944654
13,322,1.1,0.027777777777777776,0.006333333333333334,0.6286644951140065,10,148,67,0,0.005105049999754065,1655.8546727287771
13,323,1.1,0.04555555555555556,0.00811111111111111,0.6977225672877847,10,122,50,1,0.006546361740672747,11256.236499092161
13,324,1.1,0.0811111111111111,0.01888888888888889,0.6222222222222222,10,65,20,0,0.015205475297324954,1635.3360135430405
13,325,1.1,0.18888888888888888,0.04555555555555556,0.6113744075829383,10,35,6,0,0.03681289736425313,1554.3799512469257
13,326,1.1,0.3666666666666667,0.0811111111111111,0.6377171215880892,10,19,0,0,0.06576578373554205,1266.744384729443
13,327,1.1,0.5444444444444445,0.1,0.6896551724137931,10,16,0,0,0.08128305161640995,1330.2020013186354
13,328,1.1,1.8888888888888888,0.3666666666666667,0.6748768472906403,10,2,0,0,0.7550366911274182,59.505855956200186
13,329,1.1,3.6666666666666665,0.7222222222222222,0.6708860759493671,10,0,0,0,,
13,330,1.1,4.555555555555555,0.9,0.670061099796334,10,0,0,0,,
13,331,1.1,9.0,1.8888888888888888,0.6530612244897959,10,0,0,0,,
13,332,1.1,27.77777777777778,5.444444444444445,0.6722408026755854,10,0,0,0,,
13,333,1.1,45.55555555555556,8.11111111111111,0.6977225672877846,10,0,0,0,,
13,334,1.1,81.11111111111111,18.88888888888889,0.6222222222222222,10,0,0,0,,
13,335,1.1,188.88888888888889,45.55555555555556,0.6113744075829383,10,0,0,0,,
13,336,1.1,366.66666666666663,81.11111111111111,0.6377171215880894,10,0,0,0,,
13,337,1.1,455.55555555555554,100.0,0.64,10,0,0,0,,
13,338,1.1,1000.0,188.88888888888889,0.6822429906542056,10,0,0,0,,
13,339,1.1,3000.0,722.2222222222222,0.6119402985074627,10,0,0,0,,
13,340,1.1,0.006333333333333334,0.001,0.7272727272727273,10,387,371,3,0.0008090958991783822,800140.4971163623
13,341,1.1,0.03666666666666667,0.004555555555555556,0.7789757412398922,10,146,85,2,0.003681289736425313,40067.47059721414
13,342,1.1,0.05444444444444445,0.006333333333333334,0.7915904936014624,10,122,60,0,0.005128613839913648,1651.142941736738
13,343,1.1,0.06333333333333332,0.009,0.7511520737327189,10,114,44,0,0.007277798045368242,1599.0150543375842
13,344,1.1,0.09,0.01,0.8,10,94,38,0,0.00809095899178383,1598.5932419357848
13,345,1.1,0.3666666666666667,0.06333333333333332,0.7054263565891472,10,25,1,0,0.05128613839913648,1634.5532840470169
13,346,1.1,0.5444444444444445,0.0811111111111111,0.7406749555950266,10,21,0,0,0.06576578373554205,1492.99973845154
13,347,1.1,0.7222222222222222,0.0811111111111111,0.7980636237897648,10,21,0,0,0.06576578373554205,1607.2744709587694
13,348,1.1,2.7777777777777777,0.3666666666666667,0.7667844522968198,10,2,0,0,0.7550366911274182,59.49763073269829
13,349,1.1,4.555555555555555,0.6333333333333333,0.7558886509635975,10,0,0,0,,
13,350,1.1,6.333333333333333,0.7222222222222222,0.795275590551181,10,0,0,0,,
13,351,1.1,7.222222222222221,1.0,0.7567567567567567,10,0,0,0,,
13,352,1.1,36.66666666666667,4.555555555555555,0.7789757412398921,10,0,0,0,,
13,353,1.1,54.44444444444444,6.333333333333333,0.7915904936014625,10,0,0,0,,
13,354,1.1,63.333333333333336,9.0,0.7511520737327189,10,0,0,0,,
13,355,1.1,90.0,10.0,0.8,10,0,0,0,,
13,356,1.1,366.66666666666663,63.333333333333336,0.7054263565891473,10,0,0,0,,
13,357,1.1,544.4444444444445,81.11111111111111,0.7406749555950267,10,0,0,0,,
13,358,1.1,722.2222222222222,81.11111111111111,0.7980636237897649,10,0,0,0,,
13,359,1.1,3000.0,455.55555555555554,0.7363344051446945,10,0,0,0,,
13,360,1.1,0.009,0.001,0.8000000000000002,10,372,366,3,0.0008090958991783822,355071.91049433534
13,361,1.1,0.04555555555555556,0.003666666666666667,0.8510158013544019,10,143,102,1,0.0029648313895243423,25090.41775279204
13,362,1.1,0.07222222222222222,0.0054444444444444445,0.8597997138769671,10,109,69,1,0.0044055486350655345,17069.437445869098
13,363,1.1,0.09,0.006333333333333334,0.8685121107266437,10,94,59,0,0.005128613839913648,1640.8568070650094
13,364,1.1,0.18888888888888888,0.01,0.8994413407821228,10,54,36,0,0.00809095899178383,1699.7766457167095
13,365,1.1,0.5444444444444445,0.04555555555555556,0.8455743879472692,10,31,2,0,0.03681289736425313,1381.2125339260854
13,366,1.1,0.8111111111111111,0.04555555555555556,0.8936446173800259,10,30,2,0,0.036982817978026626,1554.507347467311
13,367,1.1,0.9,0.09,0.8181818181818182,10,18,0,0,0.07311390834834172,1547.529109648414
13,368,1.1,2.7777777777777777,0.2777777777777778,0.8181818181818182,10,4,0,0,0.40860573715810544,998.5388265759798
13,369,1.1,6.333333333333333,0.4555555555555556,0.8657937806873977,10,0,0,0,,
13,370,1.1,8.11111111111111,0.7222222222222222,0.8364779874213837,10,0,0,0,,
13,371,1.1,10.0,0.7222222222222222,0.8652849740932644,10,0,0,0,,
13,372,1.1,45.55555555555556,2.7777777777777777,0.8850574712643677,10,0,0,0,,
13,373,1.1,72.22222222222223,4.555555555555555,0.8813314037626627,10,0,0,0,,
13,374,1.1,90.0,5.444444444444445,0.8859138533178115,10,0,0,0,,
13,375,1.1,100.0,10.0,0.8181818181818182,10,0,0,0,,
13,376,1.1,544.4444444444445,36.66666666666667,0.8738049713193117,10,0,0,0,,
13,377,1.1,722.2222222222222,72.22222222222223,0.8181818181818182,10,0,0,0,,
13,378,1.1,900.0,81.11111111111111,0.8346545866364666,10,0,0,0,,
13,379,1.1,3000.0,277.77777777777777,0.8305084745762712,10,0,0,0,,
13,380,1.1,0.027777777777777776,0.001,0.9305019305019304,10,360,354,1,0.0008090958991783822,537885.3545026374
13,381,1.1,0.4555555555555556,0.003666666666666667,0.9840309702395356,10,99,95,0,0.0029648313895243423,1638.24146353747
13,382,1.1,0.9,0.003666666666666667,0.9918849133161194,10,99,95,0,0.0029648313895243423,1638.2426539532642
13,383,1.1,2.7777777777777777,0.0811111111111111,0.94325689856199,10,21,0,0,0.06576578373554205,1479.2664433117354
13,384,1.1,5.444444444444445,0.09,0.9674764103593656,10,19,0,0,0.07311390834834172,1632.4037638112027
13,385,1.1,8.11111111111111,0.04555555555555556,0.98882985969214,10,31,2,0,0.036982817978026626,1523.6722439356458
13,386,1.1,18.88888888888889,0.006333333333333334,0.9993296365336328,10,63,56,0,0.005128613839913648,1611.0805788463256
13,387,1.1,36.66666666666667,0.01888888888888889,0.998970227458582,10,34,18,0,0.015275660582380732,1627.1091936973544
13,388,1.1,54.44444444444444,0.027777777777777776,0.9989801121876594,10,38,3,0,0.022490546058357805,1547.7494704299495
13,389,1.1,72.22222222222223,0.027777777777777776,0.9992310649750098,10,38,3,0,0.022490546058357805,1547.7548193618463
13,390,1.1,90.0,0.009,0.9998000199980002,10,43,39,0,0.007277798045368242,1527.7306378147061
13,391,1.1,188.88888888888889,0.0054444444444444445,0.9999423546027204,10,69,64,0,0.0044055486350655345,1646.9509677069277
13,392,1.1,277.77777777777777,1.0,0.9928258270227183,10,0,0,0,,
13,393,1.1,455.55555555555554,0.03666666666666667,0.9998390373457745,10,36,2,0,0.029648313895243424,1614.5711814000265
13,394,1.1,544.4444444444445,7.222222222222221,0.9738167170191341,10,0,0,0,,
13,395,1.1,722.2222222222222,0.06333333333333332,0.9998246307631483,10,25,1,0,0.05128613839913648,1589.4589992224558
13,396,1.1,811.1111111111111,8.11111111111111,0.9801980198019803,10,0,0,0,,
13,397,1.1,1000.0,0.04555555555555556,0.9999088930393171,10,31,2,0,0.036982817978026626,1521.7824736039436
13,398,1.1,2000.0,5.444444444444445,0.9945703363067206,10,0,0,0,,
13,399,1.1,3000.0,100.0,0.9354838709677419,10,0,0,0,,
14,0,1.2,0.001,0.027777777777777776,-0.9305019305019304,10,409,319,3,0.0015703628043335514,13548.710483804998
14,1,1.2,0.001888888888888889,0.7222222222222222,-0.9947828755562373,10,319,169,1,0.0029648313895243423,725905.3560130139
14,2,1.2,0.002777777777777778,54.44444444444444,-0.9998979643895719,10,221,115,1,0.004365158322401661,299422.70711278537
14,3,1.2,0.004555555555555556,0.1,-0.9128586609989372,10,151,62,0,0.007144963260755135,1703.75363553509
14,4,1.2,0.0054444444444444445,45.55555555555556,-0.9997610041726721,10,116,58,0,0.008550667128846832,1606.7644540734475
14,5,1.2,0.007222222222222223,0.5444444444444445,-0.9738167170191339,10,88,44,0,0.011324003632355566,1613.4668240244996
14,6,1.2,0.00811111111111111,90.0,-0.999819769329431,10,78,39,0,0.012764388088113435,1582.2392146521338
14,7,1.2,0.01,2.7777777777777777,-0.9928258270227184,10,63,32,0,0.01570362804333553,1621.5288014095981
14,8,1.2,0.01888888888888889,722.2222222222222,-0.9999476936757038,10,38,17,0,0.029648313895243424,1513.4197337774415
14,9,1.2,0.03666666666666667,90.0,-0.999185517011588,10,24,4,0,0.05780960474057181,1593.4997538519458
14,10,1.2,0.05444444444444445,81.11111111111111,-0.998658434749278,10,19,2,0,0.08590135215053961,1659.634130382984
14,11,1.2,0.07222222222222222,100.0,-0.9985565980125465,10,14,1,0,0.11440960640426952,1599.7129701033402
14,12,1.2,0.09,188.88888888888889,-0.9990475126557345,10,13,1,0,0.14322881921280856,1559.3533505318958
14,13,1.2,0.18888888888888888,633.3333333333333,-0.9994036866197801,10,3,0,0,0.3131420947298199,408.120816629736
14,14,1.2,0.4555555555555556,45.55555555555556,-0.9801980198019802,10,0,0,0,,
14,15,1.2,0.7222222222222222,36.66666666666667,-0.9613670133729569,10,0,0,0,,
14,16,1.2,1.0,45.55555555555556,-0.9570405727923628,10,0,0,0,,
14,17,1.2,3.6666666666666665,544.4444444444445,-0.9866207176160553,10,0,0,0,,
14,18,1.2,8.11111111111111,900.0,-0.9821363024593173,10,0,0,0,,
14,19,1.2,100.0,3000.0,-0.9354838709677419,10,0,0,0,,
14,20,1.2,0.001,0.009,-0.8000000000000002,10,396,328,2,0.0015488166189124811,63525.546981096195
14,21,1.2,0.003666666666666667,0.05444444444444445,-0.8738049713193117,10,180,83,0,0.0057279603098582925,1659.1849181644886
14,22,1.2,0.0054444444444444445,0.0811111111111111,-0.8741976893453145,10,130,51,0,0.008511380382023759,1525.8480577836945
14,23,1.2,0.007222222222222223,0.09,-0.8514285714285713,10,103,38,0,0.011271974561755105,1607.7948100213803
14,24,1.2,0.01,0.18888888888888888,-0.8994413407821228,10,72,27,0,0.015631476426409538,1527.3739759156274
14,25,1.2,0.04555555555555556,0.5444444444444445,-0.8455743879472692,10,15,1,0,0.07112135136533289,1351.3215589061374
14,26,1.2,0.06333333333333332,0.6333333333333333,-0.8181818181818181,10,13,1,0,0.09908319448927676,1607.8299681208825
14,27,1.2,0.0811111111111111,0.9,-0.8346545866364665,10,11,0,0,0.1276184122748499,1544.430132038602
14,28,1.2,0.2777777777777778,2.7777777777777777,-0.8181818181818182,10,1,0,0,0.8697131420947297,24.993443987536203
14,29,1.2,0.4555555555555556,7.222222222222221,-0.8813314037626627,10,0,0,0,,
14,30,1.2,0.6333333333333333,9.0,-0.8685121107266437,10,0,0,0,,
14,31,1.2,0.9,9.0,-0.8181818181818181,10,0,0,0,,
14,32,1.2,3.6666666666666665,36.66666666666667,-0.8181818181818183,10,0,0,0,,
14,33,1.2,5.444444444444445,63.333333333333336,-0.8416801292407108,10,0,0,0,,
14,34,1.2,7.222222222222221,72.22222222222223,-0.818181818181818,10,0,0,0,,
14,35,1.2,10.0,100.0,-0.8181818181818182,10,0,0,0,,
14,36,1.2,36.66666666666667,633.3333333333333,-0.8905472636815921,10,0,0,0,,
14,37,1.2,54.44444444444444,900.0,-0.8859138533178114,10,0,0,0,,
14,38,1.2,72.22222222222223,1000.0,-0.8652849740932643,10,0,0,0,,
14,39,1.2,277.77777777777777,3000.0,-0.8305084745762712,10,0,0,0,,
14,40,1.2,0.001,0.006333333333333334,-0.7272727272727273,10,381,332,9,0.0015205475297324954,112514.60675731307
14,41,1.2,0.004555555555555556,0.027777777777777776,-0.718213058419244,10,171,82,0,0.006918309709189363,1675.177668722239
14,42,1.2,0.006333333333333334,0.05444444444444445,-0.7915904936014624,10,119,51,0,0.009772372209558112,1610.2697784704299
14,43,1.2,0.00811111111111111,0.07222222222222222,-0.7980636237897648,10,94,34,0,0.012531411749414155,1568.7949385082802
14,44,1.2,0.01,0.0811111111111111,-0.7804878048780489,10,83,27,0,0.0154170045294956,1631.0064503168494
14,45,1.2,0.05444444444444445,0.3666666666666667,-0.7414248021108178,10,13,0,0,0.08356030182312484,1199.6649348151834
14,46,1.2,0.07222222222222222,0.5444444444444445,-0.7657657657657659,10,10,0,0,0.11200800533689126,890.2713207820601
14,47,1.2,0.09,0.6333333333333333,-0.751152073732719,10,9,0,0,0.14022681787858574,1537.084031684478
14,48,1.2,0.3666666666666667,2.7777777777777777,-0.7667844522968198,10,0,0,0,,
14,49,1.2,0.6333333333333333,4.555555555555555,-0.7558886509635975,10,0,0,0,,
14,50,1.2,0.8111111111111111,5.444444444444445,-0.7406749555950267,10,0,0,0,,
14,51,1.2,1.0,6.333333333333333,-0.7272727272727273,10,0,0,0,,
14,52,1.2,4.555555555555555,36.66666666666667,-0.7789757412398921,10,0,0,0,,
14,53,1.2,7.222222222222221,45.55555555555556,-0.7263157894736842,10,0,0,0,,
14,54,1.2,9.0,54.44444444444444,-0.7162872154115587,10,0,0,0,,
14,55,1.2,10.0,81.11111111111111,-0.7804878048780488,10,0,0,0,,
14,56,1.2,54.44444444444444,455.55555555555554,-0.7864923747276688,10,0,0,0,,
14,57,1.2,72.22222222222223,633.3333333333333,-0.7952755905511812,10,0,0,0,,
14,58,1.2,90.0,722.2222222222222,-0.7783857729138167,10,0,0,0,,
14,59,1.2,455.55555555555554,3000.0,-0.7363344051446945,10,0,0,0,,
14,60,1.2,0.001,0.004555555555555556,-0.64,10,394,329,12,0.0014791083881682072,202076.89661794042
14,61,1.2,0.001888888888888889,0.01,-0.6822429906542055,10,366,203,3,0.002844461107447914,692290.8460396327
14,62,1.2,0.006333333333333334,0.027777777777777776,-0.6286644951140065,10,131,64,0,0.009332543007969905,1580.1221250447002
14,63,1.2,0.009,0.03666666666666667,-0.6058394160583941,10,99,43,0,0.013121998990192028,1621.683051081304
14,64,1.2,0.01888888888888889,0.0811111111111111,-0.6222222222222222,10,49,15,0,0.027797132677592883,1561.7493162362578
14,65,1.2,0.04555555555555556,0.18888888888888888,-0.6113744075829383,10,25,2,0,0.06698846094165266,1483.2506739424257
14,66,1.2,0.0811111111111111,0.3666666666666667,-0.6377171215880892,10,9,0,0,0.12161440960640427,1123.5144881633953
14,67,1.2,0.1,0.5444444444444445,-0.6896551724137931,10,7,0,0,0.1534356237491661,1262.8553516046788
14,68,1.2,0.3666666666666667,1.8888888888888888,-0.6748768472906403,10,0,0,0,,
14,69,1.2,0.7222222222222222,3.6666666666666665,-0.6708860759493671,10,0,0,0,,
14,70,1.2,0.9,4.555555555555555,-0.670061099796334,10,0,0,0,,
14,71,1.2,1.8888888888888888,9.0,-0.6530612244897959,10,0,0,0,,
14,72,1.2,5.444444444444445,27.77777777777778,-0.6722408026755854,10,0,0,0,,
14,73,1.2,9.0,36.66666666666667,-0.6058394160583942,10,0,0,0,,
14,74,1.2,18.88888888888889,81.11111111111111,-0.6222222222222222,10,0,0,0,,
14,75,1.2,45.55555555555556,188.88888888888889,-0.6113744075829383,10,0,0,0,,
14,76,1.2,81.11111111111111,366.66666666666663,-0.6377171215880894,10,0,0,0,,
14,77,1.2,100.0,455.55555555555554,-0.64,10,0,0,0,,
14,78,1.2,188.88888888888889,1000.0,-0.6822429906542056,10,0,0,0,,
14,79,1.2,722.2222222222222,3000.0,-0.6119402985074627,10,0,0,0,,
14,80,1.2,0.001,0.003666666666666667,-0.5714285714285715,10,407,346,22,0.0014321878992735425,213556.40858526307
14,81,1.2,0.001888888888888889,0.007222222222222223,-0.5853658536585367,10,378,220,21,0.0027289777828080407,119830.87595210498
14,82,1.2,0.0054444444444444445,0.01888888888888889,-0.5525114155251142,10,159,79,1,0.007726805850957022,327298.2357020518
14,83,1.2,0.009,0.027777777777777776,-0.5105740181268882,10,103,49,0,0.012416523075924106,1641.1456926377189
14,84,1.2,0.01888888888888889,0.07222222222222222,-0.5853658536585367,10,49,12,0,0.027289777828080404,1382.1112966294347
14,85,1.2,0.05444444444444445,0.18888888888888888,-0.5525114155251141,10,20,0,0,0.07762471166286919,1454.2116953440418
14,86,1.2,0.09,0.2777777777777778,-0.5105740181268883,10,12,1,0,0.12641761174116078,1193.7925181302628
14,87,1.2,0.18888888888888888,0.6333333333333333,-0.5405405405405406,10,2,0,0,0.5533022014676451,115.57008392366528
14,88,1.2,0.2777777777777778,1.0,-0.5652173913043479,10,1,0,0,0.8342895263509005,13.371989021608256
14,89,1.2,0.8111111111111111,2.7777777777777777,-0.5479876160990712,10,0,0,0,,
14,90,1.2,1.8888888888888888,6.333333333333333,-0.5405405405405406,10,0,0,0,,
14,91,1.2,2.7777777777777777,10.0,-0.5652173913043478,10,0,0,0,,
14,92,1.2,8.11111111111111,27.77777777777778,-0.5479876160990713,10,0,0,0,,
14,93,1.2,10.0,36.66666666666667,-0.5714285714285715,10,0,0,0,,
14,94,1.2,27.77777777777778,90.0,-0.5283018867924528,10,0,0,0,,
14,95,1.2,72.22222222222223,277.77777777777777,-0.5873015873015872,10,0,0,0,,
14,96,1.2,100.0,366.66666666666663,-0.5714285714285714,10,0,0,0,,
14,97,1.2,277.77777777777777,900.0,-0.5283018867924527,10,0,0,0,,
14,98,1.2,633.3333333333333,2000.0,-0.518987341772152,10,0,0,0,,
14,99,1.2,1000.0,3000.0,-0.5,10,0,0,0,,
14,100,1.2,0.001,0.002777777777777778,-0.47058823529411764,10,441,379,61,0.0013427649611378642,293366.13113628334
14,101,1.2,0.001888888888888889,0.0054444444444444445,-0.48484848484848486,10,391,233,13,0.0025585858869056452,179774.5106196647
14,102,1.2,0.003666666666666667,0.009,-0.4210526315789473,10,255,129,0,0.004698941086052151,1631.9938146395928
14,103,1.2,0.007222222222222223,0.01888888888888889,-0.4468085106382978,10,128,64,0,0.00950604793656281,1566.1410599581616
14,104,1.2,0.01888888888888889,0.05444444444444445,-0.4848484848484849,10,58,19,0,0.02558585886905645,1554.0402602777458
14,105,1.2,0.027777777777777776,0.0811111111111111,-0.4897959183673469,10,43,7,0,0.037844258471709316,1407.6825069268443
14,106,1.2,0.06333333333333332,0.18888888888888888,-0.4977973568281938,10,21,2,0,0.08709635899560805,1447.5465140000442
14,107,1.2,0.18888888888888888,0.4555555555555556,-0.4137931034482759,10,1,0,0,0.7610406937958638,39.75996238034807
14,108,1.2,0.2777777777777778,0.8111111111111111,-0.48979591836734687,10,0,0,0,,
14,109,1.2,0.6333333333333333,1.8888888888888888,-0.4977973568281938,10,0,0,0,,
14,110,1.2,1.0,2.7777777777777777,-0.47058823529411764,10,0,0,0,,
14,111,1.2,2.7777777777777777,7.222222222222221,-0.44444444444444436,10,0,0,0,,
14,112,1.2,3.6666666666666665,10.0,-0.46341463414634154,10,0,0,0,,
14,113,1.2,10.0,27.77777777777778,-0.47058823529411764,10,0,0,0,,
14,114,1.2,27.77777777777778,72.22222222222223,-0.4444444444444445,10,0,0,0,,
14,115,1.2,36.66666666666667,90.0,-0.4210526315789473,10,0,0,0,,
14,116,1.2,72.22222222222223,188.88888888888889,-0.4468085106382979,10,0,0,0,,
14,117,1.2,188.88888888888889,544.4444444444445,-0.4848484848484848,10,0,0,0,,
14,118,1.2,366.66666666666663,900.0,-0.42105263157894746,10,0,0,0,,
14,119,1.2,811.1111111111111,2000.0,-0.42292490118577075,10,0,0,0,,
14,120,1.2,0.001,0.001888888888888889,-0.3076923076923077,10,439,382,44,0.0011376272858234309,241457.64394876102
14,121,1.2,0.002777777777777778,0.006333333333333334,-0.39024390243902446,10,342,175,1,0.0034673685045253167,12585.533874426057
14,122,1.2,0.004555555555555556,0.009,-0.3278688524590163,10,224,112,0,0.005296634438916581,1653.933014094021
14,123,1.2,0.009,0.01888888888888889,-0.354581673306773,10,111,55,0,0.010814339512979387,1555.8792923397705
14,124,1.2,0.027777777777777776,0.05444444444444445,-0.3243243243243244,10,46,13,0,0.032210687912834345,1513.8872529301732
14,125,1.2,0.03666666666666667,0.0811111111111111,-0.3773584905660377,10,40,4,0,0.045081670454146,1474.0344684169509
14,126,1.2,0.0811111111111111,0.18888888888888888,-0.39917695473251025,10,17,1,0,0.10300200133422283,1343.0020595179997
14,127,1.2,0.18888888888888888,0.3666666666666667,-0.32000000000000006,10,2,0,0,0.6751834556370914,69.10266228065309
14,128,1.2,0.3666666666666667,0.7222222222222222,-0.3265306122448979,10,0,0,0,,
14,129,1.2,0.4555555555555556,1.0,-0.37404580152671746,10,0,0,0,,
14,130,1.2,1.8888888888888888,3.6666666666666665,-0.32,10,0,0,0,,
14,131,1.2,3.6666666666666665,7.222222222222221,-0.32653061224489793,10,0,0,0,,
14,132,1.2,4.555555555555555,10.0,-0.37404580152671757,10,0,0,0,,
14,133,1.2,10.0,18.88888888888889,-0.3076923076923077,10,0,0,0,,
14,134,1.2,27.77777777777778,63.333333333333336,-0.3902439024390244,10,0,0,0,,
14,135,1.2,45.55555555555556,90.0,-0.3278688524590164,10,0,0,0,,
14,136,1.2,90.0,188.88888888888889,-0.35458167330677287,10,0,0,0,,
14,137,1.2,277.77777777777777,544.4444444444445,-0.32432432432432434,10,0,0,0,,
14,138,1.2,366.66666666666663,811.1111111111111,-0.3773584905660377,10,0,0,0,,
14,139,1.2,1000.0,2000.0,-0.3333333333333333,10,0,0,0,,
14,140,1.2,0.002777777777777778,0.004555555555555556,-0.2424242424242424,10,382,198,2,0.0028973435877013213,109057.11138977675
14,141,1.2,0.004555555555555556,0.007222222222222223,-0.22641509433962265,10,245,123,0,0.004655860935229591,1612.4745681890015
14,142,1.2,0.0054444444444444445,0.009,-0.2461538461538461,10,201,101,0,0.005701642722807478,1611.904781537738
14,143,1.2,0.006333333333333334,0.01,-0.2244897959183673,10,176,88,0,0.006456542290346556,1629.4495744583767
14,144,1.2,0.03666666666666667,0.06333333333333332,-0.2666666666666666,10,37,9,0,0.03962780342554394,1591.0016469709497
14,145,1.2,0.05444444444444445,0.09,-0.24615384615384614,10,30,2,0,0.057279603098582925,1660.7243113089294
14,146,1.2,0.06333333333333332,0.1,-0.22448979591836743,10,27,3,0,0.06456542290346556,1626.4960918505437
14,147,1.2,0.3666666666666667,0.6333333333333333,-0.2666666666666666,10,0,0,0,,
14,148,1.2,0.4555555555555556,0.8111111111111111,-0.2807017543859649,10,0,0,0,,
14,149,1.2,0.5444444444444445,1.0,-0.29496402877697836,10,0,0,0,,
14,150,1.2,3.6666666666666665,6.333333333333333,-0.26666666666666666,10,0,0,0,,
14,151,1.2,4.555555555555555,8.11111111111111,-0.2807017543859649,10,0,0,0,,
14,152,1.2,5.444444444444445,10.0,-0.2949640287769784,10,0,0,0,,
14,153,1.2,27.77777777777778,45.55555555555556,-0.2424242424242424,10,0,0,0,,
14,154,1.2,45.55555555555556,72.22222222222223,-0.22641509433962267,10,0,0,0,,
14,155,1.2,54.44444444444444,100.0,-0.2949640287769784,10,0,0,0,,
14,156,1.2,277.77777777777777,455.55555555555554,-0.24242424242424243,10,0,0,0,,
14,157,1.2,455.55555555555554,722.2222222222222,-0.2264150943396226,10,0,0,0,,
14,158,1.2,544.4444444444445,900.0,-0.24615384615384617,10,0,0,0,,
14,159,1.2,2000.0,3000.0,-0.2,10,0,0,0,,
14,160,1.2,0.001888888888888889,0.002777777777777778,-0.19047619047619047,10,418,291,13,0.0018281002161427428,180453.2628506719
14,161,1.2,0.003666666666666667,0.0054444444444444445,-0.19512195121951215,10,311,157,0,0.0035809643710263623,1650.188558084045
14,162,1.2,0.006333333333333334,0.00811111111111111,-0.123076923076923,10,194,97,0,0.005546257129579105,1625.9879649463392
14,163,1.2,0.00811111111111111,0.01,-0.1042944785276074,10,154,77,0,0.006886522963442762,1642.5421682001886
14,164,1.2,0.03666666666666667,0.04555555555555556,-0.10810810810810813,10,36,15,0,0.031332857243155855,1604.212455695054
14,165,1.2,0.05444444444444445,0.0811111111111111,-0.1967213114754098,10,28,3,0,0.05345643593969719,1496.5072893663482
14,166,1.2,0.07222222222222222,0.1,-0.16129032258064524,10,23,0,0,0.06729766562843176,1437.1845130610343
14,167,1.2,0.3666666666666667,0.4555555555555556,-0.10810810810810811,10,0,0,0,,
14,168,1.2,0.5444444444444445,0.7222222222222222,-0.1403508771929824,10,0,0,0,,
14,169,1.2,0.7222222222222222,0.9,-0.10958904109589043,10,0,0,0,,
14,170,1.2,2.7777777777777777,3.6666666666666665,-0.13793103448275862,10,0,0,0,,
14,171,1.2,5.444444444444445,7.222222222222221,-0.1403508771929824,10,0,0,0,,
14,172,1.2,6.333333333333333,9.0,-0.1739130434782609,10,0,0,0,,
14,173,1.2,18.88888888888889,27.77777777777778,-0.19047619047619047,10,0,0,0,,
14,174,1.2,45.55555555555556,63.333333333333336,-0.163265306122449,10,0,0,0,,
14,175,1.2,63.333333333333336,90.0,-0.17391304347826084,10,0,0,0,,
14,176,1.2,81.11111111111111,100.0,-0.10429447852760734,10,0,0,0,,
14,177,1.2,366.66666666666663,544.4444444444445,-0.19512195121951226,10,0,0,0,,
14,178,1.2,633.3333333333333,811.1111111111111,-0.12307692307692313,10,0,0,0,,
14,179,1.2,811.1111111111111,1000.0,-0.10429447852760737,10,0,0,0,,
14,180,1.2,0.001,0.001,0.0,10,355,332,30,0.0007144963260755135,188687.53665344656
14,181,1.2,0.004555555555555556,0.0054444444444444445,-0.08888888888888886,10,279,140,0,0.003767037989839089,1647.3628958578438
14,182,1.2,0.007222222222222223,0.007222222222222223,0.0,10,193,97,0,0.0051522864458175615,1655.8349696430232
14,183,1.2,0.009,0.01,-0.05263157894736847,10,146,73,0,0.007014552984199714,1643.6097514389733
14,184,1.2,0.04555555555555556,0.04555555555555556,0.0,10,36,13,0,0.032508729738543435,1639.0580867040787
14,185,1.2,0.06333333333333332,0.07222222222222222,-0.0655737704918033,10,27,5,0,0.05058246620031143,1592.232288276826
14,186,1.2,0.09,0.09,0.0,10,25,0,0,0.06456542290346556,1548.4527168684706
14,187,1.2,0.4555555555555556,0.4555555555555556,0.0,10,0,0,0,,
14,188,1.2,0.6333333333333333,0.7222222222222222,-0.06557377049180328,10,0,0,0,,
14,189,1.2,0.9,0.9,0.0,10,0,0,0,,
14,190,1.2,3.6666666666666665,3.6666666666666665,0.0,10,0,0,0,,
14,191,1.2,6.333333333333333,6.333333333333333,0.0,10,0,0,0,,
14,192,1.2,8.11111111111111,9.0,-0.05194805194805197,10,0,0,0,,
14,193,1.2,36.66666666666667,36.66666666666667,0.0,10,0,0,0,,
14,194,1.2,63.333333333333336,63.333333333333336,0.0,10,0,0,0,,
14,195,1.2,81.11111111111111,90.0,-0.05194805194805193,10,0,0,0,,
14,196,1.2,277.77777777777777,277.77777777777777,0.0,10,0,0,0,,
14,197,1.2,544.4444444444445,633.3333333333333,-0.07547169811320747,10,0,0,0,,
14,198,1.2,811.1111111111111,811.1111111111111,0.0,10,0,0,0,,
14,199,1.2,3000.0,3000.0,0.0,10,0,0,0,,
14,200,1.2,0.0054444444444444445,0.004555555555555556,0.08888888888888886,10,283,142,0,0.003326595532940047,1636.2532513740894
14,201,1.2,0.006333333333333334,0.0054444444444444445,0.0754716981132076,10,240,120,0,0.003962780342554394,1643.3516374686076
14,202,1.2,0.00811111111111111,0.007222222222222223,0.057971014492753555,10,184,92,0,0.005223961889991197,1614.9118607412945
14,203,1.2,0.01,0.009,0.05263157894736847,10,148,74,0,0.006516283940608427,1623.0312490617296
14,204,1.2,0.06333333333333332,0.05444444444444445,0.07547169811320745,10,38,3,0,0.03962780342554394,1643.0524114095722
14,205,1.2,0.0811111111111111,0.07222222222222222,0.05797101449275364,10,31,2,0,0.052480746024977286,1592.5466145162475
14,206,1.2,0.1,0.09,0.05263157894736847,10,26,0,0,0.06546361740672747,1514.9049019379963
14,207,1.2,0.5444444444444445,0.4555555555555556,0.0888888888888889,10,0,0,0,,
14,208,1.2,0.7222222222222222,0.6333333333333333,0.06557377049180328,10,0,0,0,,
14,209,1.2,0.9,0.8111111111111111,0.05194805194805195,10,0,0,0,,
14,210,1.2,5.444444444444445,4.555555555555555,0.08888888888888893,10,0,0,0,,
14,211,1.2,7.222222222222221,6.333333333333333,0.06557377049180325,10,0,0,0,,
14,212,1.2,9.0,8.11111111111111,0.05194805194805197,10,0,0,0,,
14,213,1.2,10.0,9.0,0.05263157894736842,10,0,0,0,,
14,214,1.2,63.333333333333336,54.44444444444444,0.07547169811320759,10,0,0,0,,
14,215,1.2,81.11111111111111,72.22222222222223,0.057971014492753596,10,0,0,0,,
14,216,1.2,100.0,90.0,0.05263157894736842,10,0,0,0,,
14,217,1.2,633.3333333333333,544.4444444444445,0.07547169811320747,10,0,0,0,,
14,218,1.2,811.1111111111111,722.2222222222222,0.057971014492753645,10,0,0,0,,
14,219,1.2,1000.0,900.0,0.05263157894736842,10,0,0,0,,
14,220,1.2,0.002777777777777778,0.001888888888888889,0.19047619047619047,10,430,306,10,0.0013995873225726178,193844.3131618147
14,221,1.2,0.0054444444444444445,0.003666666666666667,0.19512195121951215,10,322,163,1,0.0027164392688390836,109208.46308218983
14,222,1.2,0.00811111111111111,0.006333333333333334,0.123076923076923,10,199,100,1,0.004655860935229591,50038.9140589287
14,223,1.2,0.01,0.00811111111111111,0.1042944785276074,10,157,79,0,0.005942921586155727,1619.5475781619427
14,224,1.2,0.05444444444444445,0.03666666666666667,0.19512195121951223,10,54,11,0,0.027164392688390836,1635.692403398685
14,225,1.2,0.0811111111111111,0.05444444444444445,0.1967213114754098,10,40,4,0,0.04036453929676048,1620.5461912722376
14,226,1.2,0.1,0.07222222222222222,0.16129032258064524,10,30,2,0,0.05345643593969719,1615.1965368075853
14,227,1.2,0.4555555555555556,0.3666666666666667,0.10810810810810811,10,2,0,0,0.7148098732488325,54.56740394536762
14,228,1.2,0.8111111111111111,0.5444444444444445,0.19672131147540978,10,0,0,0,,
14,229,1.2,1.0,0.7222222222222222,0.16129032258064516,10,0,0,0,,
14,230,1.2,3.6666666666666665,2.7777777777777777,0.13793103448275862,10,0,0,0,,
14,231,1.2,7.222222222222221,5.444444444444445,0.1403508771929824,10,0,0,0,,
14,232,1.2,9.0,7.222222222222221,0.10958904109589046,10,0,0,0,,
14,233,1.2,36.66666666666667,27.77777777777778,0.13793103448275865,10,0,0,0,,
14,234,1.2,72.22222222222223,54.44444444444444,0.1403508771929825,10,0,0,0,,
14,235,1.2,90.0,63.333333333333336,0.17391304347826084,10,0,0,0,,
14,236,1.2,277.77777777777777,188.88888888888889,0.1904761904761905,10,0,0,0,,
14,237,1.2,633.3333333333333,455.55555555555554,0.16326530612244894,10,0,0,0,,
14,238,1.2,900.0,633.3333333333333,0.17391304347826092,10,0,0,0,,
14,239,1.2,3000.0,2000.0,0.2,10,0,0,0,,
14,240,1.2,0.004555555555555556,0.002777777777777778,0.2424242424242424,10,381,207,10,0.0020701413487910414,134809.8351247781
14,241,1.2,0.007222222222222223,0.004555555555555556,0.22641509433962265,10,255,128,0,0.0033884415613920273,1650.319817351429
14,242,1.2,0.009,0.0054444444444444445,0.2461538461538461,10,212,106,1,0.004055085354483839,55899.856231714686
14,243,1.2,0.01,0.006333333333333334,0.2244897959183673,10,184,92,0,0.004720630412635905,1660.5516227719086
14,244,1.2,0.06333333333333332,0.03666666666666667,0.2666666666666666,10,56,11,0,0.027415741719278835,1630.6646064776878
14,245,1.2,0.0811111111111111,0.04555555555555556,0.2807017543859649,10,44,7,0,0.034197944251370904,1615.1800658444051
14,246,1.2,0.1,0.05444444444444445,0.2949640287769784,10,37,5,0,0.040926065973001094,1665.7021337557433
14,247,1.2,0.6333333333333333,0.3666666666666667,0.2666666666666666,10,2,0,0,0.7172114743162108,53.98599463497408
14,248,1.2,0.8111111111111111,0.4555555555555556,0.2807017543859649,10,0,0,0,,
14,249,1.2,1.0,0.5444444444444445,0.29496402877697836,10,0,0,0,,
14,250,1.2,4.555555555555555,2.7777777777777777,0.24242424242424243,10,0,0,0,,
14,251,1.2,7.222222222222221,4.555555555555555,0.22641509433962262,10,0,0,0,,
14,252,1.2,9.0,5.444444444444445,0.24615384615384614,10,0,0,0,,
14,253,1.2,45.55555555555556,27.77777777777778,0.2424242424242424,10,0,0,0,,
14,254,1.2,72.22222222222223,45.55555555555556,0.22641509433962267,10,0,0,0,,
14,255,1.2,90.0,54.44444444444444,0.24615384615384614,10,0,0,0,,
14,256,1.2,100.0,63.333333333333336,0.22448979591836732,10,0,0,0,,
14,257,1.2,633.3333333333333,366.66666666666663,0.26666666666666666,10,0,0,0,,
14,258,1.2,811.1111111111111,455.55555555555554,0.28070175438596495,10,0,0,0,,
14,259,1.2,1000.0,633.3333333333333,0.2244897959183674,10,0,0,0,,
14,260,1.2,0.001888888888888889,0.001,0.3076923076923077,10,407,391,36,0.0007516228940182052,238727.53864305123
14,261,1.2,0.006333333333333334,0.002777777777777778,0.39024390243902446,10,329,188,7,0.0020989398836235244,129707.16543087251
14,262,1.2,0.009,0.004555555555555556,0.3278688524590163,10,238,119,0,0.003419794425137087,1644.3738748241203
14,263,1.2,0.01888888888888889,0.009,0.354581673306773,10,121,59,0,0.0067920363261718434,1608.330616847215
14,264,1.2,0.05444444444444445,0.027777777777777776,0.3243243243243244,10,72,17,0,0.020892961308540386,1595.8175592336283
14,265,1.2,0.0811111111111111,0.03666666666666667,0.3773584905660377,10,53,10,0,0.027669416454115126,1430.0678779848347
14,266,1.2,0.18888888888888888,0.0811111111111111,0.39917695473251025,10,24,2,0,0.061376200516479455,1544.3641756862185
14,267,1.2,0.3666666666666667,0.18888888888888888,0.32000000000000006,10,7,0,0,0.2675116744496331,1289.6622410453474
14,268,1.2,0.7222222222222222,0.3666666666666667,0.3265306122448979,10,2,0,0,0.7172114743162108,54.04919647116849
14,269,1.2,1.0,0.4555555555555556,0.37404580152671746,10,0,0,0,,
14,270,1.2,3.6666666666666665,1.8888888888888888,0.32,10,0,0,0,,
14,271,1.2,7.222222222222221,3.6666666666666665,0.32653061224489793,10,0,0,0,,
14,272,1.2,10.0,4.555555555555555,0.37404580152671757,10,0,0,0,,
14,273,1.2,18.88888888888889,10.0,0.3076923076923077,10,0,0,0,,
14,274,1.2,63.333333333333336,27.77777777777778,0.3902439024390244,10,0,0,0,,
14,275,1.2,90.0,45.55555555555556,0.3278688524590164,10,0,0,0,,
14,276,1.2,188.88888888888889,90.0,0.35458167330677287,10,0,0,0,,
14,277,1.2,544.4444444444445,277.77777777777777,0.32432432432432434,10,0,0,0,,
14,278,1.2,811.1111111111111,366.66666666666663,0.3773584905660377,10,0,0,0,,
14,279,1.2,2000.0,1000.0,0.3333333333333333,10,0,0,0,,
14,280,1.2,0.002777777777777778,0.001,0.47058823529411764,10,407,388,27,0.0007585775750291835,208995.75296104854
14,281,1.2,0.0054444444444444445,0.001888888888888889,0.48484848484848486,10,331,255,7,0.0014321878992735425,86508.06418578769
14,282,1.2,0.009,0.003666666666666667,0.4210526315789473,10,272,140,1,0.0027669416454115126,94458.07616835638
14,283,1.2,0.01888888888888889,0.007222222222222223,0.4468085106382978,10,143,69,0,0.005470159628939716,1627.97937294396
14,284,1.2,0.05444444444444445,0.01888888888888889,0.4848484848484849,10,80,26,0,0.014321878992735439,1604.2816627400396
14,285,1.2,0.09,0.03666666666666667,0.4210526315789474,10,50,11,0,0.027797132677592883,1517.9142400639912
14,286,1.2,0.18888888888888888,0.07222222222222222,0.44680851063829796,10,29,2,0,0.05495408738576248,1388.8418482262232
14,287,1.2,0.4555555555555556,0.18888888888888888,0.4137931034482759,10,7,0,0,0.2681120747164777,976.4659218665789
14,288,1.2,0.8111111111111111,0.2777777777777778,0.48979591836734687,10,4,0,0,0.3875917278185457,1057.187429386954
14,289,1.2,1.8888888888888888,0.6333333333333333,0.4977973568281938,10,0,0,0,,
14,290,1.2,4.555555555555555,1.8888888888888888,0.4137931034482758,10,0,0,0,,
14,291,1.2,8.11111111111111,2.7777777777777777,0.48979591836734687,10,0,0,0,,
14,292,1.2,18.88888888888889,6.333333333333333,0.4977973568281939,10,0,0,0,,
14,293,1.2,27.77777777777778,10.0,0.47058823529411764,10,0,0,0,,
14,294,1.2,72.22222222222223,27.77777777777778,0.4444444444444445,10,0,0,0,,
14,295,1.2,100.0,36.66666666666667,0.4634146341463414,10,0,0,0,,
14,296,1.2,277.77777777777777,100.0,0.47058823529411764,10,0,0,0,,
14,297,1.2,722.2222222222222,277.77777777777777,0.4444444444444444,10,0,0,0,,
14,298,1.2,1000.0,366.66666666666663,0.46341463414634154,10,0,0,0,,
14,299,1.2,3000.0,1000.0,0.5,10,0,0,0,,
14,300,1.2,0.003666666666666667,0.001,0.5714285714285715,10,421,401,14,0.0007620790100254123,983622.4150535393
14,301,1.2,0.007222222222222223,0.001888888888888889,0.5853658536585367,10,304,244,1,0.0014387985782558451,91117.41999779547
14,302,1.2,0.01888888888888889,0.0054444444444444445,0.5525114155251142,10,181,87,0,0.0041495404263436324,1636.1630667746617
14,303,1.2,0.027777777777777776,0.009,0.5105740181268882,10,129,54,0,0.006823386941416697,1568.4493110211747
14,304,1.2,0.07222222222222222,0.01888888888888889,0.5853658536585367,10,79,25,0,0.014387985782558451,1582.7680126959547
14,305,1.2,0.1,0.027777777777777776,0.5652173913043479,10,57,14,0,0.021183611352485022,1545.583473659923
14,306,1.2,0.2777777777777778,0.0811111111111111,0.5479876160990712,10,24,1,0,0.06194410750767818,1554.4799245913027
14,307,1.2,0.6333333333333333,0.18888888888888888,0.5405405405405406,10,7,0,0,0.2687124749833222,1274.808954648701
14,308,1.2,1.0,0.2777777777777778,0.5652173913043479,10,4,0,0,0.3875917278185457,1033.243964824221
14,309,1.2,2.7777777777777777,0.8111111111111111,0.5479876160990712,10,0,0,0,,
14,310,1.2,3.6666666666666665,1.0,0.5714285714285715,10,0,0,0,,
14,311,1.2,9.0,2.7777777777777777,0.5283018867924528,10,0,0,0,,
14,312,1.2,27.77777777777778,7.222222222222221,0.5873015873015873,10,0,0,0,,
14,313,1.2,36.66666666666667,10.0,0.5714285714285715,10,0,0,0,,
14,314,1.2,90.0,27.77777777777778,0.5283018867924528,10,0,0,0,,
14,315,1.2,188.88888888888889,54.44444444444444,0.5525114155251143,10,0,0,0,,
14,316,1.2,277.77777777777777,90.0,0.5105740181268882,10,0,0,0,,
14,317,1.2,722.2222222222222,188.88888888888889,0.5853658536585366,10,0,0,0,,
14,318,1.2,2000.0,544.4444444444445,0.572052401746725,10,0,0,0,,
14,319,1.2,3000.0,900.0,0.5384615384615384,10,0,0,0,,
14,320,1.2,0.004555555555555556,0.001,0.64,10,415,401,12,0.0007620790100254123,424491.6136681061
14,321,1.2,0.01,0.001888888888888889,0.6822429906542055,10,280,233,3,0.0014387985782558451,184541.36910271912
14,322,1.2,0.027777777777777776,0.006333333333333334,0.6286644951140065,10,157,72,0,0.004830588020397728,1652.5741778871625
14,323,1.2,0.04555555555555556,0.00811111111111111,0.6977225672877847,10,137,54,0,0.006194410750767812,1649.2265949021557
14,324,1.2,0.0811111111111111,0.01888888888888889,0.6222222222222222,10,75,24,0,0.014387985782558451,1584.8629062775467
14,325,1.2,0.18888888888888888,0.04555555555555556,0.6113744075829383,10,40,7,0,0.034673685045253165,1562.0859440594313
14,326,1.2,0.3666666666666667,0.0811111111111111,0.6377171215880892,10,24,0,0,0.06194410750767818,1605.5453028812528
14,327,1.2,0.5444444444444445,0.1,0.6896551724137931,10,18,0,0,0.07655966069112562,1459.7724198844703
14,328,1.2,1.8888888888888888,0.3666666666666667,0.6748768472906403,10,2,0,0,0.7184122748498999,53.680053190808174
14,329,1.2,3.6666666666666665,0.7222222222222222,0.6708860759493671,10,0,0,0,,
14,330,1.2,4.555555555555555,0.9,0.670061099796334,10,0,0,0,,
14,331,1.2,9.0,1.8888888888888888,0.6530612244897959,10,0,0,0,,
14,332,1.2,27.77777777777778,5.444444444444445,0.6722408026755854,10,0,0,0,,
14,333,1.2,45.55555555555556,8.11111111111111,0.6977225672877846,10,0,0,0,,
14,334,1.2,81.11111111111111,18.88888888888889,0.6222222222222222,10,0,0,0,,
14,335,1.2,188.88888888888889,45.55555555555556,0.6113744075829383,10,0,0,0,,
14,336,1.2,366.66666666666663,81.11111111111111,0.6377171215880894,10,0,0,0,,
14,337,1.2,455.55555555555554,100.0,0.64,10,0,0,0,,
14,338,1.2,1000.0,188.88888888888889,0.6822429906542056,10,0,0,0,,
14,339,1.2,3000.0,722.2222222222222,0.6119402985074627,10,0,0,0,,
14,340,1.2,0.006333333333333334,0.001,0.7272727272727273,10,410,396,4,0.0007620790100254123,117896.85528009821
14,341,1.2,0.03666666666666667,0.004555555555555556,0.7789757412398922,10,153,92,1,0.0034833731503601164,61118.00245101272
14,342,1.2,0.05444444444444445,0.006333333333333334,0.7915904936014624,10,129,65,1,0.004830588020397728,16073.228008727567
14,343,1.2,0.06333333333333332,0.009,0.7511520737327189,10,127,48,1,0.006886522963442762,8182.060531424589
14,344,1.2,0.09,0.01,0.8,10,99,42,0,0.007655966069112569,1671.784521440573
14,345,1.2,0.3666666666666667,0.06333333333333332,0.7054263565891472,10,24,1,0,0.0485288500162121,1322.7552368181446
14,346,1.2,0.5444444444444445,0.0811111111111111,0.7406749555950266,10,22,0,0,0.062230028516915954,1420.0854004199844
14,347,1.2,0.7222222222222222,0.0811111111111111,0.7980636237897648,10,23,0,0,0.062230028516915954,1452.2834966358207
14,348,1.2,2.7777777777777777,0.3666666666666667,0.7667844522968198,10,2,0,0,0.7190126751167444,53.628033531428954
14,349,1.2,4.555555555555555,0.6333333333333333,0.7558886509635975,10,0,0,0,,
14,350,1.2,6.333333333333333,0.7222222222222222,0.795275590551181,10,0,0,0,,
14,351,1.2,7.222222222222221,1.0,0.7567567567567567,10,0,0,0,,
14,352,1.2,36.66666666666667,4.555555555555555,0.7789757412398921,10,0,0,0,,
14,353,1.2,54.44444444444444,6.333333333333333,0.7915904936014625,10,0,0,0,,
14,354,1.2,63.333333333333336,9.0,0.7511520737327189,10,0,0,0,,
14,355,1.2,90.0,10.0,0.8,10,0,0,0,,
14,356,1.2,366.66666666666663,63.333333333333336,0.7054263565891473,10,0,0,0,,
14,357,1.2,544.4444444444445,81.11111111111111,0.7406749555950267,10,0,0,0,,
14,358,1.2,722.2222222222222,81.11111111111111,0.7980636237897649,10,0,0,0,,
14,359,1.2,3000.0,455.55555555555554,0.7363344051446945,10,0,0,0,,
14,360,1.2,0.009,0.001,0.8000000000000002,10,401,391,2,0.0007655966069112562,89832.34759046363
14,361,1.2,0.04555555555555556,0.003666666666666667,0.8510158013544019,10,153,111,1,0.002805433637951713,86343.18281794926
14,362,1.2,0.07222222222222222,0.0054444444444444445,0.8597997138769671,10,109,75,2,0.004168693834703355,23564.693350003057
14,363,1.2,0.09,0.006333333333333334,0.8685121107266437,10,99,64,2,0.00485288500162121,15747.191660278815
14,364,1.2,0.18888888888888888,0.01,0.8994413407821228,10,57,40,1,0.007655966069112569,4116.482700965048
14,365,1.2,0.5444444444444445,0.04555555555555556,0.8455743879472692,10,37,2,0,0.0348337315036012,1590.236180908842
14,366,1.2,0.8111111111111111,0.04555555555555556,0.8936446173800259,10,37,2,0,0.0348337315036012,1650.3606627579068
14,367,1.2,0.9,0.09,0.8181818181818182,10,20,0,0,0.06918309709189363,1443.7391551096653
14,368,1.2,2.7777777777777777,0.2777777777777778,0.8181818181818182,10,4,0,0,0.3881921280853903,910.0545256795168
14,369,1.2,6.333333333333333,0.4555555555555556,0.8657937806873977,10,0,0,0,,
14,370,1.2,8.11111111111111,0.7222222222222222,0.8364779874213837,10,0,0,0,,
14,371,1.2,10.0,0.7222222222222222,0.8652849740932644,10,0,0,0,,
14,372,1.2,45.55555555555556,2.7777777777777777,0.8850574712643677,10,0,0,0,,
14,373,1.2,72.22222222222223,4.555555555555555,0.8813314037626627,10,0,0,0,,
14,374,1.2,90.0,5.444444444444445,0.8859138533178115,10,0,0,0,,
14,375,1.2,100.0,10.0,0.8181818181818182,10,0,0,0,,
14,376,1.2,544.4444444444445,36.66666666666667,0.8738049713193117,10,0,0,0,,
14,377,1.2,722.2222222222222,72.22222222222223,0.8181818181818182,10,0,0,0,,
14,378,1.2,900.0,81.11111111111111,0.8346545866364666,10,0,0,0,,
14,379,1.2,3000.0,277.77777777777777,0.8305084745762712,10,0,0,0,,
14,380,1.2,0.027777777777777776,0.001,0.9305019305019304,10,388,383,2,0.0007655966069112562,93075.09597879757
14,381,1.2,0.4555555555555556,0.003666666666666667,0.9840309702395356,10,110,104,0,0.002805433637951713,1529.0950558956406
14,382,1.2,0.9,0.003666666666666667,0.9918849133161194,10,110,104,0,0.002805433637951713,1499.2935190699718
14,383,1.2,2.7777777777777777,0.0811111111111111,0.94325689856199,10,23,0,0,0.062230028516915954,1615.1915464211984
14,384,1.2,5.444444444444445,0.09,0.9674764103593656,10,18,0,0,0.06918309709189363,1330.2919278073643
14,385,1.2,8.11111111111111,0.04555555555555556,0.98882985969214,10,34,2,0,0.0348337315036012,1615.1996322855748
14,386,1.2,18.88888888888889,0.006333333333333334,0.9993296365336328,10,65,60,0,0.00485288500162121,1613.939506700526
14,387,1.2,36.66666666666667,0.01888888888888889,0.998970227458582,10,43,21,0,0.01445439770745928,1479.6362980637343
14,388,1.2,54.44444444444444,0.027777777777777776,0.9989801121876594,10,38,4,0,0.02128139045982711,1435.4943146671537
14,389,1.2,72.22222222222223,0.027777777777777776,0.9992310649750098,10,38,4,0,0.02128139045982711,1435.4977678491239
14,390,1.2,90.0,0.009,0.9998000199980002,10,49,43,0,0.006886522963442762,1586.743624167441
14,391,1.2,188.88888888888889,0.0054444444444444445,0.9999423546027204,10,76,70,0,0.004168693834703355,1636.4915524513544
14,392,1.2,277.77777777777777,1.0,0.9928258270227183,10,0,0,0,,
14,393,1.2,455.55555555555554,0.03666666666666667,0.9998390373457745,10,37,2,0,0.028054336379517132,1577.702043601093
14,394,1.2,544.4444444444445,7.222222222222221,0.9738167170191341,10,0,0,0,,
14,395,1.2,722.2222222222222,0.06333333333333332,0.9998246307631483,10,22,1,0,0.0485288500162121,1367.0376757815611
14,396,1.2,811.1111111111111,8.11111111111111,0.9801980198019803,10,0,0,0,,
14,397,1.2,1000.0,0.04555555555555556,0.9999088930393171,10,34,2,0,0.0348337315036012,1615.7828473312795
14,398,1.2,2000.0,5.444444444444445,0.9945703363067206,10,0,0,0,,
14,399,1.2,3000.0,100.0,0.9354838709677419,10,0,0,0,,
15,0,1.35,0.001,0.027777777777777776,-0.9305019305019304,10,408,321,1,0.0015703628043335514,4451.403758723411
15,1,1.35,0.001888888888888889,0.7222222222222222,-0.9947828755562373,10,319,169,1,0.0029648313895243423,603391.6427087247
15,2,1.35,0.002777777777777778,54.44444444444444,-0.9998979643895719,10,221,115,1,0.004365158322401661,306010.756470663
15,3,1.35,0.004555555555555556,0.1,-0.9128586609989372,10,151,65,1,0.007144963260755135,3216.050104846331
15,4,1.35,0.0054444444444444445,45.55555555555556,-0.9997610041726721,10,116,58,0,0.008550667128846832,1606.8955689512495
15,5,1.35,0.007222222222222223,0.5444444444444445,-0.9738167170191339,10,88,44,0,0.011324003632355566,1570.393064434599
15,6,1.35,0.00811111111111111,90.0,-0.999819769329431,10,78,39,0,0.012764388088113435,1583.4585648839984
15,7,1.35,0.01,2.7777777777777777,-0.9928258270227184,10,63,32,0,0.01570362804333553,1621.5071100550751
15,8,1.35,0.01888888888888889,722.2222222222222,-0.9999476936757038,10,38,17,0,0.029648313895243424,1523.5433269434204
15,9,1.35,0.03666666666666667,90.0,-0.999185517011588,10,25,5,0,0.05780960474057181,1603.5212854380427
15,10,1.35,0.05444444444444445,81.11111111111111,-0.998658434749278,10,19,2,0,0.08590135215053961,1659.631102922726
15,11,1.35,0.07222222222222222,100.0,-0.9985565980125465,10,14,1,0,0.11440960640426952,1597.9453501351916
15,12,1.35,0.09,188.88888888888889,-0.9990475126557345,10,13,1,0,0.14322881921280856,1559.697382357757
15,13,1.35,0.18888888888888888,633.3333333333333,-0.9994036866197801,10,3,0,0,0.3137424949966644,484.1524802795703
15,14,1.35,0.4555555555555556,45.55555555555556,-0.9801980198019802,10,0,0,0,,
15,15,1.35,0.7222222222222222,36.66666666666667,-0.9613670133729569,10,0,0,0,,
15,16,1.35,1.0,45.55555555555556,-0.9570405727923628,10,0,0,0,,
15,17,1.35,3.6666666666666665,544.4444444444445,-0.9866207176160553,10,0,0,0,,
15,18,1.35,8.11111111111111,900.0,-0.9821363024593173,10,0,0,0,,
15,19,1.35,100.0,3000.0,-0.9354838709677419,10,0,0,0,,
15,20,1.35,0.001,0.009,-0.8000000000000002,10,387,330,1,0.0015417004529495583,8269.696973277667
15,21,1.35,0.003666666666666667,0.05444444444444445,-0.8738049713193117,10,180,86,2,0.0057279603098582925,1865.6072068926305
15,22,1.35,0.0054444444444444445,0.0811111111111111,-0.8741976893453145,10,129,52,0,0.008511380382023759,1633.0027478116228
15,23,1.35,0.007222222222222223,0.09,-0.8514285714285713,10,105,38,0,0.011271974561755105,1577.394353685883
15,24,1.35,0.01,0.18888888888888888,-0.8994413407821228,10,72,27,0,0.015631476426409538,1623.1278162491374
15,25,1.35,0.04555555555555556,0.5444444444444445,-0.8455743879472692,10,15,1,0,0.07112135136533289,1395.3385246618998
15,26,1.35,0.06333333333333332,0.6333333333333333,-0.8181818181818181,10,12,0,0,0.09908319448927676,1623.5102172953632
15,27,1.35,0.0811111111111111,0.9,-0.8346545866364665,10,11,0,0,0.1276184122748499,1553.9506932945771
15,28,1.35,0.2777777777777778,2.7777777777777777,-0.8181818181818182,10,1,0,0,0.8703135423615743,28.492435908002292
15,29,1.35,0.4555555555555556,7.222222222222221,-0.8813314037626627,10,0,0,0,,
15,30,1.35,0.6333333333333333,9.0,-0.8685121107266437,10,0,0,0,,
15,31,1.35,0.9,9.0,-0.8181818181818181,10,0,0,0,,
15,32,1.35,3.6666666666666665,36.66666666666667,-0.8181818181818183,10,0,0,0,,
15,33,1.35,5.444444444444445,63.333333333333336,-0.8416801292407108,10,0,0,0,,
15,34,1.35,7.222222222222221,72.22222222222223,-0.818181818181818,10,0,0,0,,
15,35,1.35,10.0,100.0,-0.8181818181818182,10,0,0,0,,
15,36,1.35,36.66666666666667,633.3333333333333,-0.8905472636815921,10,0,0,0,,
15,37,1.35,54.44444444444444,900.0,-0.8859138533178114,10,0,0,0,,
15,38,1.35,72.22222222222223,1000.0,-0.8652849740932643,10,0,0,0,,
15,39,1.35,277.77777777777777,3000.0,-0.8305084745762712,10,0,0,0,,
15,40,1.35,0.001,0.006333333333333334,-0.7272727272727273,10,388,336,9,0.0015205475297324954,158238.76378375207
15,41,1.35,0.004555555555555556,0.027777777777777776,-0.718213058419244,10,175,84,0,0.006886522963442762,1622.6003024889544
15,42,1.35,0.006333333333333334,0.05444444444444445,-0.7915904936014624,10,120,51,0,0.009772372209558112,1654.7217545311564
15,43,1.35,0.00811111111111111,0.07222222222222222,-0.7980636237897648,10,97,36,0,0.012531411749414155,1644.9976325513785
15,44,1.35,0.01,0.0811111111111111,-0.7804878048780489,10,80,28,0,0.0154170045294956,1568.7561998639103
15,45,1.35,0.05444444444444445,0.3666666666666667,-0.7414248021108178,10,15,1,0,0.08356030182312484,1341.1160645220784
15,46,1.35,0.07222222222222222,0.5444444444444445,-0.7657657657657659,10,9,0,0,0.11200800533689126,1282.7532600436546
15,47,1.35,0.09,0.6333333333333333,-0.751152073732719,10,9,0,0,0.13962641761174116,1541.7437401648974
15,48,1.35,0.3666666666666667,2.7777777777777777,-0.7667844522968198,10,0,0,0,,
15,49,1.35,0.6333333333333333,4.555555555555555,-0.7558886509635975,10,0,0,0,,
15,50,1.35,0.8111111111111111,5.444444444444445,-0.7406749555950267,10,0,0,0,,
15,51,1.35,1.0,6.333333333333333,-0.7272727272727273,10,0,0,0,,
15,52,1.35,4.555555555555555,36.66666666666667,-0.7789757412398921,10,0,0,0,,
15,53,1.35,7.222222222222221,45.55555555555556,-0.7263157894736842,10,0,0,0,,
15,54,1.35,9.0,54.44444444444444,-0.7162872154115587,10,0,0,0,,
15,55,1.35,10.0,81.11111111111111,-0.7804878048780488,10,0,0,0,,
15,56,1.35,54.44444444444444,455.55555555555554,-0.7864923747276688,10,0,0,0,,
15,57,1.35,72.22222222222223,633.3333333333333,-0.7952755905511812,10,0,0,0,,
15,58,1.35,90.0,722.2222222222222,-0.7783857729138167,10,0,0,0,,
15,59,1.35,455.55555555555554,3000.0,-0.7363344051446945,10,0,0,0,,
15,60,1.35,0.001,0.004555555555555556,-0.64,10,387,335,15,0.0014723125024327193,196208.41416549162
15,61,1.35,0.001888888888888889,0.01,-0.6822429906542055,10,373,207,7,0.002818382931264455,104198.86064637864
15,62,1.35,0.006333333333333334,0.027777777777777776,-0.6286644951140065,10,136,64,0,0.00924698173938223,1616.4094517183562
15,63,1.35,0.009,0.03666666666666667,-0.6058394160583941,10,110,45,0,0.0130016957803329,1633.6982193134652
15,64,1.35,0.01888888888888889,0.0811111111111111,-0.6222222222222222,10,51,12,0,0.02754228703338166,1384.299124525281
15,65,1.35,0.04555555555555556,0.18888888888888888,-0.6113744075829383,10,25,2,0,0.0663743070401909,1537.5467286253224
15,66,1.35,0.0811111111111111,0.3666666666666667,-0.6377171215880892,10,9,0,0,0.12041360907271514,1353.190037287514
15,67,1.35,0.1,0.5444444444444445,-0.6896551724137931,10,7,0,0,0.15283522348232154,1206.04360782978
15,68,1.35,0.3666666666666667,1.8888888888888888,-0.6748768472906403,10,0,0,0,,
15,69,1.35,0.7222222222222222,3.6666666666666665,-0.6708860759493671,10,0,0,0,,
15,70,1.35,0.9,4.555555555555555,-0.670061099796334,10,0,0,0,,
15,71,1.35,1.8888888888888888,9.0,-0.6530612244897959,10,0,0,0,,
15,72,1.35,5.444444444444445,27.77777777777778,-0.6722408026755854,10,0,0,0,,
15,73,1.35,9.0,36.66666666666667,-0.6058394160583942,10,0,0,0,,
15,74,1.35,18.88888888888889,81.11111111111111,-0.6222222222222222,10,0,0,0,,
15,75,1.35,45.55555555555556,188.88888888888889,-0.6113744075829383,10,0,0,0,,
15,76,1.35,81.11111111111111,366.66666666666663,-0.6377171215880894,10,0,0,0,,
15,77,1.35,100.0,455.55555555555554,-0.64,10,0,0,0,,
15,78,1.35,188.88888888888889,1000.0,-0.6822429906542056,10,0,0,0,,
15,79,1.35,722.2222222222222,3000.0,-0.6119402985074627,10,0,0,0,,
15,80,1.35,0.001,0.003666666666666667,-0.5714285714285715,10,402,352,31,0.0014125375446227555,208035.4123955435
15,81,1.35,0.001888888888888889,0.007222222222222223,-0.5853658536585367,10,317,207,25,0.002691534803926914,196665.74547412663
15,82,1.35,0.0054444444444444445,0.01888888888888889,-0.5525114155251142,10,165,81,0,0.007620790100254122,1609.3107312580253
15,83,1.35,0.009,0.027777777777777776,-0.5105740181268882,10,106,51,0,0.012189895989248661,1554.6365945712257
15,84,1.35,0.01888888888888889,0.07222222222222222,-0.5853658536585367,10,58,15,0,0.027039583641088435,1577.2416826210556
15,85,1.35,0.05444444444444445,0.18888888888888888,-0.5525114155251141,10,19,1,0,0.07655966069112562,1454.2126212126611
15,86,1.35,0.09,0.2777777777777778,-0.5105740181268883,10,11,0,0,0.12401601067378253,1451.7216598715816
15,87,1.35,0.18888888888888888,0.6333333333333333,-0.5405405405405406,10,2,0,0,0.5509006004002668,93.35188886489554
15,88,1.35,0.2777777777777778,1.0,-0.5652173913043479,10,1,0,0,0.8342895263509005,13.405479165544095
15,89,1.35,0.8111111111111111,2.7777777777777777,-0.5479876160990712,10,0,0,0,,
15,90,1.35,1.8888888888888888,6.333333333333333,-0.5405405405405406,10,0,0,0,,
15,91,1.35,2.7777777777777777,10.0,-0.5652173913043478,10,0,0,0,,
15,92,1.35,8.11111111111111,27.77777777777778,-0.5479876160990713,10,0,0,0,,
15,93,1.35,10.0,36.66666666666667,-0.5714285714285715,10,0,0,0,,
15,94,1.35,27.77777777777778,90.0,-0.5283018867924528,10,0,0,0,,
15,95,1.35,72.22222222222223,277.77777777777777,-0.5873015873015872,10,0,0,0,,
15,96,1.35,100.0,366.66666666666663,-0.5714285714285714,10,0,0,0,,
15,97,1.35,277.77777777777777,900.0,-0.5283018867924527,10,0,0,0,,
15,98,1.35,633.3333333333333,2000.0,-0.518987341772152,10,0,0,0,,
15,99,1.35,1000.0,3000.0,-0.5,10,0,0,0,,
15,100,1.35,0.001,0.002777777777777778,-0.47058823529411764,10,450,375,63,0.0013121998990192041,237405.64977332257
15,101,1.35,0.001888888888888889,0.0054444444444444445,-0.48484848484848486,10,400,239,11,0.002511886431509582,152705.40754793255
15,102,1.35,0.003666666666666667,0.009,-0.4210526315789473,10,268,135,1,0.004570881896148752,44654.186417257224
15,103,1.35,0.007222222222222223,0.01888888888888889,-0.4468085106382978,10,136,67,0,0.00924698173938223,1593.638563546828
15,104,1.35,0.01888888888888889,0.05444444444444445,-0.4848484848484849,10,65,16,0,0.025118864315095794,1491.2724773378945
15,105,1.35,0.027777777777777776,0.0811111111111111,-0.4897959183673469,10,48,10,0,0.03715352290971724,1508.4343186813337
15,106,1.35,0.06333333333333332,0.18888888888888888,-0.4977973568281938,10,22,0,0,0.08590135215053961,1631.2398748649769
15,107,1.35,0.18888888888888888,0.4555555555555556,-0.4137931034482759,10,0,0,0,,
15,108,1.35,0.2777777777777778,0.8111111111111111,-0.48979591836734687,10,0,0,0,,
15,109,1.35,0.6333333333333333,1.8888888888888888,-0.4977973568281938,10,0,0,0,,
15,110,1.35,1.0,2.7777777777777777,-0.47058823529411764,10,0,0,0,,
15,111,1.35,2.7777777777777777,7.222222222222221,-0.44444444444444436,10,0,0,0,,
15,112,1.35,3.6666666666666665,10.0,-0.46341463414634154,10,0,0,0,,
15,113,1.35,10.0,27.77777777777778,-0.47058823529411764,10,0,0,0,,
15,114,1.35,27.77777777777778,72.22222222222223,-0.4444444444444445,10,0,0,0,,
15,115,1.35,36.66666666666667,90.0,-0.4210526315789473,10,0,0,0,,
15,116,1.35,72.22222222222223,188.88888888888889,-0.4468085106382979,10,0,0,0,,
15,117,1.35,188.88888888888889,544.4444444444445,-0.4848484848484848,10,0,0,0,,
15,118,1.35,366.66666666666663,900.0,-0.42105263157894746,10,0,0,0,,
15,119,1.35,811.1111111111111,2000.0,-0.42292490118577075,10,0,0,0,,
15,120,1.35,0.001,0.001888888888888889,-0.3076923076923077,10,428,386,25,0.0010914403364487573,225061.24213967606
15,121,1.35,0.002777777777777778,0.006333333333333334,-0.39024390243902446,10,349,180,4,0.003357376142429545,982292.3113214838
15,122,1.35,0.004555555555555556,0.009,-0.3278688524590163,10,235,118,0,0.005105049999754065,1661.8925463256055
15,123,1.35,0.009,0.01888888888888889,-0.354581673306773,10,117,58,0,0.010423174293933047,1562.683272489956
15,124,1.35,0.027777777777777776,0.05444444444444445,-0.3243243243243244,10,48,13,0,0.03090295432513592,1644.7139723910784
15,125,1.35,0.03666666666666667,0.0811111111111111,-0.3773584905660377,10,34,7,0,0.04365158322401661,1460.2986131661767
15,126,1.35,0.0811111111111111,0.18888888888888888,-0.39917695473251025,10,20,0,0,0.1,1514.413363269848
15,127,1.35,0.18888888888888888,0.3666666666666667,-0.32000000000000006,10,2,0,0,0.6451634422948632,49.291851085163884
15,128,1.35,0.3666666666666667,0.7222222222222222,-0.3265306122448979,10,0,0,0,,
15,129,1.35,0.4555555555555556,1.0,-0.37404580152671746,10,0,0,0,,
15,130,1.35,1.8888888888888888,3.6666666666666665,-0.32,10,0,0,0,,
15,131,1.35,3.6666666666666665,7.222222222222221,-0.32653061224489793,10,0,0,0,,
15,132,1.35,4.555555555555555,10.0,-0.37404580152671757,10,0,0,0,,
15,133,1.35,10.0,18.88888888888889,-0.3076923076923077,10,0,0,0,,
15,134,1.35,27.77777777777778,63.333333333333336,-0.3902439024390244,10,0,0,0,,
15,135,1.35,45.55555555555556,90.0,-0.3278688524590164,10,0,0,0,,
15,136,1.35,90.0,188.88888888888889,-0.35458167330677287,10,0,0,0,,
15,137,1.35,277.77777777777777,544.4444444444445,-0.32432432432432434,10,0,0,0,,
15,138,1.35,366.66666666666663,811.1111111111111,-0.3773584905660377,10,0,0,0,,
15,139,1.35,1000.0,2000.0,-0.3333333333333333,10,0,0,0,,
15,140,1.35,0.002777777777777778,0.004555555555555556,-0.2424242424242424,10,394,209,12,0.002754228703338166,205422.41261603127
15,141,1.35,0.004555555555555556,0.007222222222222223,-0.22641509433962265,10,258,129,0,0.004425883723626264,1657.8148007188825
15,142,1.35,0.0054444444444444445,0.009,-0.2461538461538461,10,212,106,0,0.005445026528424209,1635.47768675135
15,143,1.35,0.006333333333333334,0.01,-0.2244897959183673,10,186,93,0,0.006137620051647945,1648.739636209982
15,144,1.35,0.03666666666666667,0.06333333333333332,-0.2666666666666666,10,41,10,0,0.037844258471709316,1641.2297752524607
15,145,1.35,0.05444444444444445,0.09,-0.24615384615384614,10,30,3,0,0.05470159628939716,1544.3111354471882
15,146,1.35,0.06333333333333332,0.1,-0.22448979591836743,10,27,1,0,0.06165950018614822,1595.589389672997
15,147,1.35,0.3666666666666667,0.6333333333333333,-0.2666666666666666,10,0,0,0,,
15,148,1.35,0.4555555555555556,0.8111111111111111,-0.2807017543859649,10,0,0,0,,
15,149,1.35,0.5444444444444445,1.0,-0.29496402877697836,10,0,0,0,,
15,150,1.35,3.6666666666666665,6.333333333333333,-0.26666666666666666,10,0,0,0,,
15,151,1.35,4.555555555555555,8.11111111111111,-0.2807017543859649,10,0,0,0,,
15,152,1.35,5.444444444444445,10.0,-0.2949640287769784,10,0,0,0,,
15,153,1.35,27.77777777777778,45.55555555555556,-0.2424242424242424,10,0,0,0,,
15,154,1.35,45.55555555555556,72.22222222222223,-0.22641509433962267,10,0,0,0,,
15,155,1.35,54.44444444444444,100.0,-0.2949640287769784,10,0,0,0,,
15,156,1.35,277.77777777777777,455.55555555555554,-0.24242424242424243,10,0,0,0,,
15,157,1.35,455.55555555555554,722.2222222222222,-0.2264150943396226,10,0,0,0,,
15,158,1.35,544.4444444444445,900.0,-0.24615384615384617,10,0,0,0,,
15,159,1.35,2000.0,3000.0,-0.2,10,0,0,0,,
15,160,1.35,0.001888888888888889,0.002777777777777778,-0.19047619047619047,10,439,315,16,0.0017378008287493763,188413.51331520057
15,161,1.35,0.003666666666666667,0.0054444444444444445,-0.19512195121951215,10,327,166,0,0.0033884415613920273,1662.4130905403163
15,162,1.35,0.006333333333333334,0.00811111111111111,-0.123076923076923,10,206,103,0,0.005223961889991197,1595.8104442607382
15,163,1.35,0.00811111111111111,0.01,-0.1042944785276074,10,164,82,0,0.006486344335482388,1656.9130161266974
15,164,1.35,0.03666666666666667,0.04555555555555556,-0.10810810810810813,10,40,16,0,0.02951209226666387,1487.4502847437861
15,165,1.35,0.05444444444444445,0.0811111111111111,-0.1967213114754098,10,30,3,0,0.05058246620031143,1647.721185281124
15,166,1.35,0.07222222222222222,0.1,-0.16129032258064524,10,24,3,0,0.06367955209079162,1514.5594416958643
15,167,1.35,0.3666666666666667,0.4555555555555556,-0.10810810810810811,10,0,0,0,,
15,168,1.35,0.5444444444444445,0.7222222222222222,-0.1403508771929824,10,0,0,0,,
15,169,1.35,0.7222222222222222,0.9,-0.10958904109589043,10,0,0,0,,
15,170,1.35,2.7777777777777777,3.6666666666666665,-0.13793103448275862,10,0,0,0,,
15,171,1.35,5.444444444444445,7.222222222222221,-0.1403508771929824,10,0,0,0,,
15,172,1.35,6.333333333333333,9.0,-0.1739130434782609,10,0,0,0,,
15,173,1.35,18.88888888888889,27.77777777777778,-0.19047619047619047,10,0,0,0,,
15,174,1.35,45.55555555555556,63.333333333333336,-0.163265306122449,10,0,0,0,,
15,175,1.35,63.333333333333336,90.0,-0.17391304347826084,10,0,0,0,,
15,176,1.35,81.11111111111111,100.0,-0.10429447852760734,10,0,0,0,,
15,177,1.35,366.66666666666663,544.4444444444445,-0.19512195121951226,10,0,0,0,,
15,178,1.35,633.3333333333333,811.1111111111111,-0.12307692307692313,10,0,0,0,,
15,179,1.35,811.1111111111111,1000.0,-0.10429447852760737,10,0,0,0,,
15,180,1.35,0.001,0.001,0.0,10,396,377,153,0.0006698846094165265,334899.44811428204
15,181,1.35,0.004555555555555556,0.0054444444444444445,-0.08888888888888886,10,297,149,0,0.0035481338923357532,1655.0621285047607
15,182,1.35,0.007222222222222223,0.007222222222222223,0.0,10,206,103,0,0.004830588020397728,1540.3181451157943
15,183,1.35,0.009,0.01,-0.05263157894736847,10,156,78,0,0.006606934480075964,1632.9386680427606
15,184,1.35,0.04555555555555556,0.04555555555555556,0.0,10,37,13,0,0.03047894989627983,1505.2707925806492
15,185,1.35,0.06333333333333332,0.07222222222222222,-0.0655737704918033,10,25,5,0,0.04764309868054156,1657.808255087434
15,186,1.35,0.09,0.09,0.0,10,26,0,0,0.06025595860743581,1535.8982529711836
15,187,1.35,0.4555555555555556,0.4555555555555556,0.0,10,0,0,0,,
15,188,1.35,0.6333333333333333,0.7222222222222222,-0.06557377049180328,10,0,0,0,,
15,189,1.35,0.9,0.9,0.0,10,0,0,0,,
15,190,1.35,3.6666666666666665,3.6666666666666665,0.0,10,0,0,0,,
15,191,1.35,6.333333333333333,6.333333333333333,0.0,10,0,0,0,,
15,192,1.35,8.11111111111111,9.0,-0.05194805194805197,10,0,0,0,,
15,193,1.35,36.66666666666667,36.66666666666667,0.0,10,0,0,0,,
15,194,1.35,63.333333333333336,63.333333333333336,0.0,10,0,0,0,,
15,195,1.35,81.11111111111111,90.0,-0.05194805194805193,10,0,0,0,,
15,196,1.35,277.77777777777777,277.77777777777777,0.0,10,0,0,0,,
15,197,1.35,544.4444444444445,633.3333333333333,-0.07547169811320747,10,0,0,0,,
15,198,1.35,811.1111111111111,811.1111111111111,0.0,10,0,0,0,,
15,199,1.35,3000.0,3000.0,0.0,10,0,0,0,,
15,200,1.35,0.0054444444444444445,0.004555555555555556,0.08888888888888886,10,304,153,0,0.0031045595881283557,1646.314866933921
15,201,1.35,0.006333333333333334,0.0054444444444444445,0.0754716981132076,10,257,129,0,0.003698281797802663,1651.959155591481
15,202,1.35,0.00811111111111111,0.007222222222222223,0.057971014492753555,10,197,99,0,0.00487528490103386,1614.9848754640755
15,203,1.35,0.01,0.009,0.05263157894736847,10,158,79,0,0.006081350012787176,1611.240390961874
15,204,1.35,0.06333333333333332,0.05444444444444445,0.07547169811320745,10,40,4,0,0.036982817978026626,1389.3661668980478
15,205,1.35,0.0811111111111111,0.07222222222222222,0.05797101449275364,10,35,2,0,0.04897788193684462,1516.6256016594302
15,206,1.35,0.1,0.09,0.05263157894736847,10,28,0,0,0.061094202490557206,1599.6562149788733
15,207,1.35,0.5444444444444445,0.4555555555555556,0.0888888888888889,10,0,0,0,,
15,208,1.35,0.7222222222222222,0.6333333333333333,0.06557377049180328,10,0,0,0,,
15,209,1.35,0.9,0.8111111111111111,0.05194805194805195,10,0,0,0,,
15,210,1.35,5.444444444444445,4.555555555555555,0.08888888888888893,10,0,0,0,,
15,211,1.35,7.222222222222221,6.333333333333333,0.06557377049180325,10,0,0,0,,
15,212,1.35,9.0,8.11111111111111,0.05194805194805197,10,0,0,0,,
15,213,1.35,10.0,9.0,0.05263157894736842,10,0,0,0,,
15,214,1.35,63.333333333333336,54.44444444444444,0.07547169811320759,10,0,0,0,,
15,215,1.35,81.11111111111111,72.22222222222223,0.057971014492753596,10,0,0,0,,
15,216,1.35,100.0,90.0,0.05263157894736842,10,0,0,0,,
15,217,1.35,633.3333333333333,544.4444444444445,0.07547169811320747,10,0,0,0,,
15,218,1.35,811.1111111111111,722.2222222222222,0.057971014492753645,10,0,0,0,,
15,219,1.35,1000.0,900.0,0.05263157894736842,10,0,0,0,,
15,220,1.35,0.002777777777777778,0.001888888888888889,0.19047619047619047,10,454,342,24,0.00130016957803329,169801.9660092806
15,221,1.35,0.0054444444444444445,0.003666666666666667,0.19512195121951215,10,347,176,1,0.0025234807724805754,230333.2691762029
15,222,1.35,0.00811111111111111,0.006333333333333334,0.123076923076923,10,213,107,0,0.004325138310350089,1622.773839456406
15,223,1.35,0.01,0.00811111111111111,0.1042944785276074,10,169,85,0,0.005520774392807574,1636.2278424553479
15,224,1.35,0.05444444444444445,0.03666666666666667,0.19512195121951223,10,58,12,0,0.02535128630497907,1549.8824034877978
15,225,1.35,0.0811111111111111,0.05444444444444445,0.1967213114754098,10,40,5,0,0.03767037989839089,1328.2881750427275
15,226,1.35,0.1,0.07222222222222222,0.16129032258064524,10,34,2,0,0.04965923214503363,1476.7381680269823
15,227,1.35,0.4555555555555556,0.3666666666666667,0.10810810810810811,10,2,0,0,0.6685790527018012,55.0654786761754
15,228,1.35,0.8111111111111111,0.5444444444444445,0.19672131147540978,10,0,0,0,,
15,229,1.35,1.0,0.7222222222222222,0.16129032258064516,10,0,0,0,,
15,230,1.35,3.6666666666666665,2.7777777777777777,0.13793103448275862,10,0,0,0,,
15,231,1.35,7.222222222222221,5.444444444444445,0.1403508771929824,10,0,0,0,,
15,232,1.35,9.0,7.222222222222221,0.10958904109589046,10,0,0,0,,
15,233,1.35,36.66666666666667,27.77777777777778,0.13793103448275865,10,0,0,0,,
15,234,1.35,72.22222222222223,54.44444444444444,0.1403508771929825,10,0,0,0,,
15,235,1.35,90.0,63.333333333333336,0.17391304347826084,10,0,0,0,,
15,236,1.35,277.77777777777777,188.88888888888889,0.1904761904761905,10,0,0,0,,
15,237,1.35,633.3333333333333,455.55555555555554,0.16326530612244894,10,0,0,0,,
15,238,1.35,900.0,633.3333333333333,0.17391304347826092,10,0,0,0,,
15,239,1.35,3000.0,2000.0,0.2,10,0,0,0,,
15,240,1.35,0.004555555555555556,0.002777777777777778,0.2424242424242424,10,388,224,14,0.0019230917289101575,191234.68964943395
15,241,1.35,0.007222222222222223,0.004555555555555556,0.22641509433962265,10,276,138,0,0.0031477483141013176,1654.2116598477232
15,242,1.35,0.009,0.0054444444444444445,0.2461538461538461,10,228,114,0,0.003767037989839089,1622.477770238874
15,243,1.35,0.01,0.006333333333333334,0.2244897959183673,10,198,99,0,0.0043853069777498605,1634.1999875486126
15,244,1.35,0.06333333333333332,0.03666666666666667,0.2666666666666666,10,56,10,0,0.025468302525850417,1575.3382789537875
15,245,1.35,0.0811111111111111,0.04555555555555556,0.2807017543859649,10,45,5,0,0.031768740706497725,1606.809824602417
15,246,1.35,0.1,0.05444444444444445,0.2949640287769784,10,41,5,0,0.038018939632056124,1514.9690047216438
15,247,1.35,0.6333333333333333,0.3666666666666667,0.2666666666666666,10,2,0,0,0.6697798532354903,54.20049671964881
15,248,1.35,0.8111111111111111,0.4555555555555556,0.2807017543859649,10,0,0,0,,
15,249,1.35,1.0,0.5444444444444445,0.29496402877697836,10,0,0,0,,
15,250,1.35,4.555555555555555,2.7777777777777777,0.24242424242424243,10,0,0,0,,
15,251,1.35,7.222222222222221,4.555555555555555,0.22641509433962262,10,0,0,0,,
15,252,1.35,9.0,5.444444444444445,0.24615384615384614,10,0,0,0,,
15,253,1.35,45.55555555555556,27.77777777777778,0.2424242424242424,10,0,0,0,,
15,254,1.35,72.22222222222223,45.55555555555556,0.22641509433962267,10,0,0,0,,
15,255,1.35,90.0,54.44444444444444,0.24615384615384614,10,0,0,0,,
15,256,1.35,100.0,63.333333333333336,0.22448979591836732,10,0,0,0,,
15,257,1.35,633.3333333333333,366.66666666666663,0.26666666666666666,10,0,0,0,,
15,258,1.35,811.1111111111111,455.55555555555554,0.28070175438596495,10,0,0,0,,
15,259,1.35,1000.0,633.3333333333333,0.2244897959183674,10,0,0,0,,
15,260,1.35,0.001888888888888889,0.001,0.3076923076923077,10,413,403,64,0.0006950243175887969,243103.89101267335
15,261,1.35,0.006333333333333334,0.002777777777777778,0.39024390243902446,10,333,205,5,0.0019408858775927793,100786.86616451739
15,262,1.35,0.009,0.004555555555555556,0.3278688524590163,10,258,130,0,0.003176874070649769,1631.7002127487788
15,263,1.35,0.01888888888888889,0.009,0.354581673306773,10,131,64,0,0.0062805835881331795,1633.7440015288666
15,264,1.35,0.05444444444444445,0.027777777777777776,0.3243243243243244,10,67,18,0,0.019408858775927792,1527.5792624642781
15,265,1.35,0.0811111111111111,0.03666666666666667,0.3773584905660377,10,56,13,0,0.025703957827688646,1598.1140395084396
15,266,1.35,0.18888888888888888,0.0811111111111111,0.39917695473251025,10,26,1,0,0.05701642722807478,1554.0027078179685
15,267,1.35,0.3666666666666667,0.18888888888888888,0.32000000000000006,10,8,0,0,0.2494996664442962,1489.9551452035744
15,268,1.35,0.7222222222222222,0.3666666666666667,0.3265306122448979,10,2,0,0,0.6703802535023349,54.21051321695505
15,269,1.35,1.0,0.4555555555555556,0.37404580152671746,10,0,0,0,,
15,270,1.35,3.6666666666666665,1.8888888888888888,0.32,10,0,0,0,,
15,271,1.35,7.222222222222221,3.6666666666666665,0.32653061224489793,10,0,0,0,,
15,272,1.35,10.0,4.555555555555555,0.37404580152671757,10,0,0,0,,
15,273,1.35,18.88888888888889,10.0,0.3076923076923077,10,0,0,0,,
15,274,1.35,63.333333333333336,27.77777777777778,0.3902439024390244,10,0,0,0,,
15,275,1.35,90.0,45.55555555555556,0.3278688524590164,10,0,0,0,,
15,276,1.35,188.88888888888889,90.0,0.35458167330677287,10,0,0,0,,
15,277,1.35,544.4444444444445,277.77777777777777,0.32432432432432434,10,0,0,0,,
15,278,1.35,811.1111111111111,366.66666666666663,0.3773584905660377,10,0,0,0,,
15,279,1.35,2000.0,1000.0,0.3333333333333333,10,0,0,0,,
15,280,1.35,0.002777777777777778,0.001,0.47058823529411764,10,439,427,41,0.0007014552984199714,227661.2736687794
15,281,1.35,0.0054444444444444445,0.001888888888888889,0.48484848484848486,10,350,286,15,0.0013304544179780914,115326.57460050343
15,282,1.35,0.009,0.003666666666666667,0.4210526315789473,10,292,153,1,0.0025703957827688645,23847.772608839903
15,283,1.35,0.01888888888888889,0.007222222222222223,0.4468085106382978,10,158,76,0,0.005058246620031137,1636.3259518827372
15,284,1.35,0.05444444444444445,0.01888888888888889,0.4848484848484849,10,93,27,0,0.013304544179780914,1595.8984065213413
15,285,1.35,0.09,0.03666666666666667,0.4210526315789474,10,56,11,0,0.025703957827688646,1567.8965367533833
15,286,1.35,0.18888888888888888,0.07222222222222222,0.44680851063829796,10,30,1,0,0.050815944256056046,1502.5867995245528
15,287,1.35,0.4555555555555556,0.18888888888888888,0.4137931034482759,10,8,0,0,0.2494996664442962,1522.3227851355427
15,288,1.35,0.8111111111111111,0.2777777777777778,0.48979591836734687,10,5,0,0,0.3605737158105403,1568.4064559607568
15,289,1.35,1.8888888888888888,0.6333333333333333,0.4977973568281938,10,0,0,0,,
15,290,1.35,4.555555555555555,1.8888888888888888,0.4137931034482758,10,0,0,0,,
15,291,1.35,8.11111111111111,2.7777777777777777,0.48979591836734687,10,0,0,0,,
15,292,1.35,18.88888888888889,6.333333333333333,0.4977973568281939,10,0,0,0,,
15,293,1.35,27.77777777777778,10.0,0.47058823529411764,10,0,0,0,,
15,294,1.35,72.22222222222223,27.77777777777778,0.4444444444444445,10,0,0,0,,
15,295,1.35,100.0,36.66666666666667,0.4634146341463414,10,0,0,0,,
15,296,1.35,277.77777777777777,100.0,0.47058823529411764,10,0,0,0,,
15,297,1.35,722.2222222222222,277.77777777777777,0.4444444444444444,10,0,0,0,,
15,298,1.35,1000.0,366.66666666666663,0.46341463414634154,10,0,0,0,,
15,299,1.35,3000.0,1000.0,0.5,10,0,0,0,,
15,300,1.35,0.003666666666666667,0.001,0.5714285714285715,10,442,436,13,0.0007046930689671467,243148.49284839432
15,301,1.35,0.007222222222222223,0.001888888888888889,0.5853658536585367,10,317,272,10,0.0013304544179780914,161091.494039419
15,302,1.35,0.01888888888888889,0.0054444444444444445,0.5525114155251142,10,196,95,0,0.003837072454922788,1609.914638433475
15,303,1.35,0.027777777777777776,0.009,0.5105740181268882,10,139,59,0,0.00633869711256927,1666.4063732060874
15,304,1.35,0.07222222222222222,0.01888888888888889,0.5853658536585367,10,86,27,0,0.013304544179780914,1643.6157448194567
15,305,1.35,0.1,0.027777777777777776,0.5652173913043479,10,66,15,0,0.01958844673505991,1633.802318017305
15,306,1.35,0.2777777777777778,0.0811111111111111,0.5479876160990712,10,24,0,0,0.057279603098582925,1560.0491462075543
15,307,1.35,0.6333333333333333,0.18888888888888888,0.5405405405405406,10,8,0,0,0.25010006671114077,1564.6327623543239
15,308,1.35,1.0,0.2777777777777778,0.5652173913043479,10,5,0,0,0.3611741160773849,1565.2264884225606
15,309,1.35,2.7777777777777777,0.8111111111111111,0.5479876160990712,10,0,0,0,,
15,310,1.35,3.6666666666666665,1.0,0.5714285714285715,10,0,0,0,,
15,311,1.35,9.0,2.7777777777777777,0.5283018867924528,10,0,0,0,,
15,312,1.35,27.77777777777778,7.222222222222221,0.5873015873015873,10,0,0,0,,
15,313,1.35,36.66666666666667,10.0,0.5714285714285715,10,0,0,0,,
15,314,1.35,90.0,27.77777777777778,0.5283018867924528,10,0,0,0,,
15,315,1.35,188.88888888888889,54.44444444444444,0.5525114155251143,10,0,0,0,,
15,316,1.35,277.77777777777777,90.0,0.5105740181268882,10,0,0,0,,
15,317,1.35,722.2222222222222,188.88888888888889,0.5853658536585366,10,0,0,0,,
15,318,1.35,2000.0,544.4444444444445,0.572052401746725,10,0,0,0,,
15,319,1.35,3000.0,900.0,0.5384615384615384,10,0,0,0,,
15,320,1.35,0.004555555555555556,0.001,0.64,10,445,438,4,0.0007046930689671467,84834.310339703
15,321,1.35,0.01,0.001888888888888889,0.6822429906542055,10,294,258,1,0.0013365955165464433,24469.745658410437
15,322,1.35,0.027777777777777776,0.006333333333333334,0.6286644951140065,10,175,79,0,0.004466835921509635,1641.8071640431228
15,323,1.35,0.04555555555555556,0.00811111111111111,0.6977225672877847,10,146,60,0,0.0057279603098582925,1630.56254983666
15,324,1.35,0.0811111111111111,0.01888888888888889,0.6222222222222222,10,79,24,0,0.013304544179780914,1612.0766589899133
15,325,1.35,0.18888888888888888,0.04555555555555556,0.6113744075829383,10,47,7,0,0.032210687912834345,1601.6039119008524
15,326,1.35,0.3666666666666667,0.0811111111111111,0.6377171215880892,10,25,0,0,0.05754399373371572,1443.4369545966351
15,327,1.35,0.5444444444444445,0.1,0.6896551724137931,10,19,0,0,0.07112135136533289,1476.1417275261185
15,328,1.35,1.8888888888888888,0.3666666666666667,0.6748768472906403,10,2,0,0,0.6709806537691794,54.30804937306028
15,329,1.35,3.6666666666666665,0.7222222222222222,0.6708860759493671,10,0,0,0,,
15,330,1.35,4.555555555555555,0.9,0.670061099796334,10,0,0,0,,
15,331,1.35,9.0,1.8888888888888888,0.6530612244897959,10,0,0,0,,
15,332,1.35,27.77777777777778,5.444444444444445,0.6722408026755854,10,0,0,0,,
15,333,1.35,45.55555555555556,8.11111111111111,0.6977225672877846,10,0,0,0,,
15,334,1.35,81.11111111111111,18.88888888888889,0.6222222222222222,10,0,0,0,,
15,335,1.35,188.88888888888889,45.55555555555556,0.6113744075829383,10,0,0,0,,
15,336,1.35,366.66666666666663,81.11111111111111,0.6377171215880894,10,0,0,0,,
15,337,1.35,455.55555555555554,100.0,0.64,10,0,0,0,,
15,338,1.35,1000.0,188.88888888888889,0.6822429906542056,10,0,0,0,,
15,339,1.35,3000.0,722.2222222222222,0.6119402985074627,10,0,0,0,,
15,340,1.35,0.006333333333333334,0.001,0.7272727272727273,10,451,441,2,0.000707945784384138,35846.95776797433
15,341,1.35,0.03666666666666667,0.004555555555555556,0.7789757412398922,10,163,103,3,0.0032210687912834347,30213.41869983242
15,342,1.35,0.05444444444444445,0.006333333333333334,0.7915904936014624,10,133,73,2,0.004487453899331323,16415.987196846756
15,343,1.35,0.06333333333333332,0.009,0.7511520737327189,10,125,52,0,0.006367955209079162,1632.7740507393542
15,344,1.35,0.09,0.01,0.8,10,105,44,0,0.00707945784384138,1696.3912769006786
15,345,1.35,0.3666666666666667,0.06333333333333332,0.7054263565891472,10,29,1,0,0.04487453899331323,1520.0342071458736
15,346,1.35,0.5444444444444445,0.0811111111111111,0.7406749555950266,10,22,0,0,0.05754399373371572,1098.2484022663607
15,347,1.35,0.7222222222222222,0.0811111111111111,0.7980636237897648,10,23,0,0,0.05754399373371572,1443.1131138010296
15,348,1.35,2.7777777777777777,0.3666666666666667,0.7667844522968198,10,2,0,0,0.6709806537691794,54.291631783833786
15,349,1.35,4.555555555555555,0.6333333333333333,0.7558886509635975,10,0,0,0,,
15,350,1.35,6.333333333333333,0.7222222222222222,0.795275590551181,10,0,0,0,,
15,351,1.35,7.222222222222221,1.0,0.7567567567567567,10,0,0,0,,
15,352,1.35,36.66666666666667,4.555555555555555,0.7789757412398921,10,0,0,0,,
15,353,1.35,54.44444444444444,6.333333333333333,0.7915904936014625,10,0,0,0,,
15,354,1.35,63.333333333333336,9.0,0.7511520737327189,10,0,0,0,,
15,355,1.35,90.0,10.0,0.8,10,0,0,0,,
15,356,1.35,366.66666666666663,63.333333333333336,0.7054263565891473,10,0,0,0,,
15,357,1.35,544.4444444444445,81.11111111111111,0.7406749555950267,10,0,0,0,,
15,358,1.35,722.2222222222222,81.11111111111111,0.7980636237897649,10,0,0,0,,
15,359,1.35,3000.0,455.55555555555554,0.7363344051446945,10,0,0,0,,
15,360,1.35,0.009,0.001,0.8000000000000002,10,443,435,0,0.000707945784384138,1662.3920525458602
15,361,1.35,0.04555555555555556,0.003666666666666667,0.8510158013544019,10,166,124,2,0.002594179362118812,64763.086663437636
15,362,1.35,0.07222222222222222,0.0054444444444444445,0.8597997138769671,10,120,83,1,0.003854783576657721,23608.251099007644
15,363,1.35,0.09,0.006333333333333334,0.8685121107266437,10,109,71,2,0.004487453899331323,16739.757726876243
15,364,1.35,0.18888888888888888,0.01,0.8994413407821228,10,61,44,1,0.00707945784384138,4034.116430957934
15,365,1.35,0.5444444444444445,0.04555555555555556,0.8455743879472692,10,38,2,0,0.032210687912834345,1622.8881675191137
15,366,1.35,0.8111111111111111,0.04555555555555556,0.8936446173800259,10,39,2,0,0.032210687912834345,1573.7035446332984
15,367,1.35,0.9,0.09,0.8181818181818182,10,23,0,0,0.06397348354826482,1598.616309546478
15,368,1.35,2.7777777777777777,0.2777777777777778,0.8181818181818182,10,5,0,0,0.3611741160773849,1556.5456002842045
15,369,1.35,6.333333333333333,0.4555555555555556,0.8657937806873977,10,0,0,0,,
15,370,1.35,8.11111111111111,0.7222222222222222,0.8364779874213837,10,0,0,0,,
15,371,1.35,10.0,0.7222222222222222,0.8652849740932644,10,0,0,0,,
15,372,1.35,45.55555555555556,2.7777777777777777,0.8850574712643677,10,0,0,0,,
15,373,1.35,72.22222222222223,4.555555555555555,0.8813314037626627,10,0,0,0,,
15,374,1.35,90.0,5.444444444444445,0.8859138533178115,10,0,0,0,,
15,375,1.35,100.0,10.0,0.8181818181818182,10,0,0,0,,
15,376,1.35,544.4444444444445,36.66666666666667,0.8738049713193117,10,0,0,0,,
15,377,1.35,722.2222222222222,72.22222222222223,0.8181818181818182,10,0,0,0,,
15,378,1.35,900.0,81.11111111111111,0.8346545866364666,10,0,0,0,,
15,379,1.35,3000.0,277.77777777777777,0.8305084745762712,10,0,0,0,,
15,380,1.35,0.027777777777777776,0.001,0.9305019305019304,10,433,430,1,0.000707945784384138,66719.17083889562
15,381,1.35,0.4555555555555556,0.003666666666666667,0.9840309702395356,10,121,117,0,0.002594179362118812,1645.5449090867123
15,382,1.35,0.9,0.003666666666666667,0.9918849133161194,10,121,117,0,0.002594179362118812,1645.1681597206114
15,383,1.35,2.7777777777777777,0.0811111111111111,0.94325689856199,10,23,0,0,0.05754399373371572,1397.5728700372997
15,384,1.35,5.444444444444445,0.09,0.9674764103593656,10,21,0,0,0.06397348354826482,1564.67237860312
15,385,1.35,8.11111111111111,0.04555555555555556,0.98882985969214,10,39,2,0,0.032210687912834345,1624.1867050606427
15,386,1.35,18.88888888888889,0.006333333333333334,0.9993296365336328,10,74,67,0,0.004487453899331323,1619.443733925458
15,387,1.35,36.66666666666667,0.01888888888888889,0.998970227458582,10,42,20,0,0.013365955165464419,1486.5825950098929
15,388,1.35,54.44444444444444,0.027777777777777776,0.9989801121876594,10,46,5,0,0.01967886289706845,1622.494137661426
15,389,1.35,72.22222222222223,0.027777777777777776,0.9992310649750098,10,46,5,0,0.01967886289706845,1622.4920579199495
15,390,1.35,90.0,0.009,0.9998000199980002,10,55,48,0,0.006367955209079162,1485.1502164504
15,391,1.35,188.88888888888889,0.0054444444444444445,0.9999423546027204,10,83,78,0,0.003854783576657721,1536.291059835506
15,392,1.35,277.77777777777777,1.0,0.9928258270227183,10,0,0,0,,
15,393,1.35,455.55555555555554,0.03666666666666667,0.9998390373457745,10,45,3,0,0.02594179362118815,1601.0502249781955
15,394,1.35,544.4444444444445,7.222222222222221,0.9738167170191341,10,0,0,0,,
15,395,1.35,722.2222222222222,0.06333333333333332,0.9998246307631483,10,32,1,0,0.04487453899331323,1612.6828589914142
15,396,1.35,811.1111111111111,8.11111111111111,0.9801980198019803,10,0,0,0,,
15,397,1.35,1000.0,0.04555555555555556,0.9999088930393171,10,39,2,0,0.032210687912834345,1624.8985204163978
15,398,1.35,2000.0,5.444444444444445,0.9945703363067206,10,0,0,0,,
15,399,1.35,3000.0,100.0,0.9354838709677419,10,0,0,0,,
16,0,1.5,0.001,0.027777777777777776,-0.9305019305019304,10,402,317,2,0.0015703628043335514,8697.866339063454
16,1,1.5,0.001888888888888889,0.7222222222222222,-0.9947828755562373,10,319,169,1,0.0029648313895243423,470565.04128134245
16,2,1.5,0.002777777777777778,54.44444444444444,-0.9998979643895719,10,221,115,1,0.004365158322401661,310129.79504243506
16,3,1.5,0.004555555555555556,0.1,-0.9128586609989372,10,149,65,1,0.007144963260755135,1640.47660332429
16,4,1.5,0.0054444444444444445,45.55555555555556,-0.9997610041726721,10,116,58,0,0.008550667128846832,1607.0093867413834
16,5,1.5,0.007222222222222223,0.5444444444444445,-0.9738167170191339,10,88,44,0,0.011324003632355566,1588.000630864442
16,6,1.5,0.00811111111111111,90.0,-0.999819769329431,10,78,39,0,0.012764388088113435,1584.524667445076
16,7,1.5,0.01,2.7777777777777777,-0.9928258270227184,10,63,32,0,0.01570362804333553,1621.4817843084636
16,8,1.5,0.01888888888888889,722.2222222222222,-0.9999476936757038,10,38,17,0,0.029648313895243424,1530.184244241572
16,9,1.5,0.03666666666666667,90.0,-0.999185517011588,10,25,6,0,0.05780960474057181,1610.0857955905137
16,10,1.5,0.05444444444444445,81.11111111111111,-0.998658434749278,10,20,3,0,0.08590135215053961,1659.6261251808055
16,11,1.5,0.07222222222222222,100.0,-0.9985565980125465,10,15,2,0,0.11440960640426952,1596.7289492512155
16,12,1.5,0.09,188.88888888888889,-0.9990475126557345,10,13,1,0,0.1438292194796531,1559.893914425772
16,13,1.5,0.18888888888888888,633.3333333333333,-0.9994036866197801,10,3,0,0,0.314342895263509,546.1332090415737
16,14,1.5,0.4555555555555556,45.55555555555556,-0.9801980198019802,10,0,0,0,,
16,15,1.5,0.7222222222222222,36.66666666666667,-0.9613670133729569,10,0,0,0,,
16,16,1.5,1.0,45.55555555555556,-0.9570405727923628,10,0,0,0,,
16,17,1.5,3.6666666666666665,544.4444444444445,-0.9866207176160553,10,0,0,0,,
16,18,1.5,8.11111111111111,900.0,-0.9821363024593173,10,0,0,0,,
16,19,1.5,100.0,3000.0,-0.9354838709677419,10,0,0,0,,
16,20,1.5,0.001,0.009,-0.8000000000000002,10,398,340,12,0.0015417004529495583,113149.4108820172
16,21,1.5,0.003666666666666667,0.05444444444444445,-0.8738049713193117,10,187,86,0,0.0057279603098582925,1701.3122911366213
16,22,1.5,0.0054444444444444445,0.0811111111111111,-0.8741976893453145,10,135,54,0,0.008511380382023759,1671.090640867699
16,23,1.5,0.007222222222222223,0.09,-0.8514285714285713,10,109,38,1,0.01122018454301963,1688.0339493046588
16,24,1.5,0.01,0.18888888888888888,-0.8994413407821228,10,76,28,0,0.015631476426409538,1699.8066320271782
16,25,1.5,0.04555555555555556,0.5444444444444445,-0.8455743879472692,10,15,1,0,0.07112135136533289,1500.409000368067
16,26,1.5,0.06333333333333332,0.6333333333333333,-0.8181818181818181,10,12,0,0,0.0986279485631211,1618.3951283445638
16,27,1.5,0.0811111111111111,0.9,-0.8346545866364665,10,11,0,0,0.1276184122748499,1561.2000476227295
16,28,1.5,0.2777777777777778,2.7777777777777777,-0.8181818181818182,10,1,0,0,0.8709139426284189,32.586629597946626
16,29,1.5,0.4555555555555556,7.222222222222221,-0.8813314037626627,10,0,0,0,,
16,30,1.5,0.6333333333333333,9.0,-0.8685121107266437,10,0,0,0,,
16,31,1.5,0.9,9.0,-0.8181818181818181,10,0,0,0,,
16,32,1.5,3.6666666666666665,36.66666666666667,-0.8181818181818183,10,0,0,0,,
16,33,1.5,5.444444444444445,63.333333333333336,-0.8416801292407108,10,0,0,0,,
16,34,1.5,7.222222222222221,72.22222222222223,-0.818181818181818,10,0,0,0,,
16,35,1.5,10.0,100.0,-0.8181818181818182,10,0,0,0,,
16,36,1.5,36.66666666666667,633.3333333333333,-0.8905472636815921,10,0,0,0,,
16,37,1.5,54.44444444444444,900.0,-0.8859138533178114,10,0,0,0,,
16,38,1.5,72.22222222222223,1000.0,-0.8652849740932643,10,0,0,0,,
16,39,1.5,277.77777777777777,3000.0,-0.8305084745762712,10,0,0,0,,
16,40,1.5,0.001,0.006333333333333334,-0.7272727272727273,10,382,331,8,0.0015135612484362072,152235.39392989816
16,41,1.5,0.004555555555555556,0.027777777777777776,-0.718213058419244,10,182,85,0,0.006854882264526621,1600.6696805527936
16,42,1.5,0.006333333333333334,0.05444444444444445,-0.7915904936014624,10,125,51,0,0.00972747223776965,1748.4315274572111
16,43,1.5,0.00811111111111111,0.07222222222222222,-0.7980636237897648,10,94,38,0,0.012473835142429432,1545.8182976486337
16,44,1.5,0.01,0.0811111111111111,-0.7804878048780489,10,85,27,0,0.015346169827992941,1548.174122380451
16,45,1.5,0.05444444444444445,0.3666666666666667,-0.7414248021108178,10,15,0,0,0.08317637711026708,1673.85596442017
16,46,1.5,0.07222222222222222,0.5444444444444445,-0.7657657657657659,10,9,0,0,0.1114076050700467,1435.6283664571647
16,47,1.5,0.09,0.6333333333333333,-0.751152073732719,10,9,0,0,0.13962641761174116,1544.9353111529485
16,48,1.5,0.3666666666666667,2.7777777777777777,-0.7667844522968198,10,0,0,0,,
16,49,1.5,0.6333333333333333,4.555555555555555,-0.7558886509635975,10,0,0,0,,
16,50,1.5,0.8111111111111111,5.444444444444445,-0.7406749555950267,10,0,0,0,,
16,51,1.5,1.0,6.333333333333333,-0.7272727272727273,10,0,0,0,,
16,52,1.5,4.555555555555555,36.66666666666667,-0.7789757412398921,10,0,0,0,,
16,53,1.5,7.222222222222221,45.55555555555556,-0.7263157894736842,10,0,0,0,,
16,54,1.5,9.0,54.44444444444444,-0.7162872154115587,10,0,0,0,,
16,55,1.5,10.0,81.11111111111111,-0.7804878048780488,10,0,0,0,,
16,56,1.5,54.44444444444444,455.55555555555554,-0.7864923747276688,10,0,0,0,,
16,57,1.5,72.22222222222223,633.3333333333333,-0.7952755905511812,10,0,0,0,,
16,58,1.5,90.0,722.2222222222222,-0.7783857729138167,10,0,0,0,,
16,59,1.5,455.55555555555554,3000.0,-0.7363344051446945,10,0,0,0,,
16,60,1.5,0.001,0.004555555555555556,-0.64,10,396,337,21,0.0014588142602753474,224908.44399729685
16,61,1.5,0.001888888888888889,0.01,-0.6822429906542055,10,372,215,10,0.002805433637951713,95362.9934895489
16,62,1.5,0.006333333333333334,0.027777777777777776,-0.6286644951140065,10,147,67,0,0.009162204901219993,1621.4718322500291
16,63,1.5,0.009,0.03666666666666667,-0.6058394160583941,10,113,47,0,0.012882495516931335,1591.9246218463823
16,64,1.5,0.01888888888888889,0.0811111111111111,-0.6222222222222222,10,62,13,0,0.027289777828080404,1636.9772427592202
16,65,1.5,0.04555555555555556,0.18888888888888888,-0.6113744075829383,10,26,1,0,0.06576578373554205,1493.3210387948623
16,66,1.5,0.0811111111111111,0.3666666666666667,-0.6377171215880892,10,9,0,0,0.11981320880587058,1326.5842977189648
16,67,1.5,0.1,0.5444444444444445,-0.6896551724137931,10,7,0,0,0.152234823215477,1417.4744428002389
16,68,1.5,0.3666666666666667,1.8888888888888888,-0.6748768472906403,10,0,0,0,,
16,69,1.5,0.7222222222222222,3.6666666666666665,-0.6708860759493671,10,0,0,0,,
16,70,1.5,0.9,4.555555555555555,-0.670061099796334,10,0,0,0,,
16,71,1.5,1.8888888888888888,9.0,-0.6530612244897959,10,0,0,0,,
16,72,1.5,5.444444444444445,27.77777777777778,-0.6722408026755854,10,0,0,0,,
16,73,1.5,9.0,36.66666666666667,-0.6058394160583942,10,0,0,0,,
16,74,1.5,18.88888888888889,81.11111111111111,-0.6222222222222222,10,0,0,0,,
16,75,1.5,45.55555555555556,188.88888888888889,-0.6113744075829383,10,0,0,0,,
16,76,1.5,81.11111111111111,366.66666666666663,-0.6377171215880894,10,0,0,0,,
16,77,1.5,100.0,455.55555555555554,-0.64,10,0,0,0,,
16,78,1.5,188.88888888888889,1000.0,-0.6822429906542056,10,0,0,0,,
16,79,1.5,722.2222222222222,3000.0,-0.6119402985074627,10,0,0,0,,
16,80,1.5,0.001,0.003666666666666667,-0.5714285714285715,10,406,358,27,0.0013995873225726178,195684.36149330108
16,81,1.5,0.001888888888888889,0.007222222222222223,-0.5853658536585367,10,401,235,13,0.0026668586645214806,951853.6723692602
16,82,1.5,0.0054444444444444445,0.01888888888888889,-0.5525114155251142,10,168,83,0,0.0075162289401820605,1650.8634887566943
16,83,1.5,0.009,0.027777777777777776,-0.5105740181268882,10,111,52,0,0.011967405313072431,1526.604716435301
16,84,1.5,0.01888888888888889,0.07222222222222222,-0.5853658536585367,10,57,16,0,0.026668586645214806,1556.4616024759077
16,85,1.5,0.05444444444444445,0.18888888888888888,-0.5525114155251141,10,26,0,0,0.07550922276654341,1617.3534785478907
16,86,1.5,0.09,0.2777777777777778,-0.5105740181268883,10,11,0,0,0.12221480987324884,1363.0386176628303
16,87,1.5,0.18888888888888888,0.6333333333333333,-0.5405405405405406,10,2,0,0,0.5484989993328886,72.75638187826247
16,88,1.5,0.2777777777777778,1.0,-0.5652173913043479,10,1,0,0,0.8342895263509005,13.445596140962643
16,89,1.5,0.8111111111111111,2.7777777777777777,-0.5479876160990712,10,0,0,0,,
16,90,1.5,1.8888888888888888,6.333333333333333,-0.5405405405405406,10,0,0,0,,
16,91,1.5,2.7777777777777777,10.0,-0.5652173913043478,10,0,0,0,,
16,92,1.5,8.11111111111111,27.77777777777778,-0.5479876160990713,10,0,0,0,,
16,93,1.5,10.0,36.66666666666667,-0.5714285714285715,10,0,0,0,,
16,94,1.5,27.77777777777778,90.0,-0.5283018867924528,10,0,0,0,,
16,95,1.5,72.22222222222223,277.77777777777777,-0.5873015873015872,10,0,0,0,,
16,96,1.5,100.0,366.66666666666663,-0.5714285714285714,10,0,0,0,,
16,97,1.5,277.77777777777777,900.0,-0.5283018867924527,10,0,0,0,,
16,98,1.5,633.3333333333333,2000.0,-0.518987341772152,10,0,0,0,,
16,99,1.5,1000.0,3000.0,-0.5,10,0,0,0,,
16,100,1.5,0.001,0.002777777777777778,-0.47058823529411764,10,458,387,63,0.0012823305826560219,222288.71541840376
16,101,1.5,0.001888888888888889,0.0054444444444444445,-0.48484848484848486,10,399,254,16,0.002454708915685031,167280.17667635364
16,102,1.5,0.003666666666666667,0.009,-0.4210526315789473,10,278,140,0,0.004446312674691089,1646.197933341141
16,103,1.5,0.007222222222222223,0.01888888888888889,-0.4468085106382978,10,140,69,0,0.009036494737223014,1615.933453103127
16,104,1.5,0.01888888888888889,0.05444444444444445,-0.4848484848484849,10,68,21,0,0.02454708915685031,1640.2818247213825
16,105,1.5,0.027777777777777776,0.0811111111111111,-0.4897959183673469,10,45,9,0,0.03630780547701014,1640.8284018135528
16,106,1.5,0.06333333333333332,0.18888888888888888,-0.4977973568281938,10,18,0,0,0.08394599865193973,1342.0830899472646
16,107,1.5,0.18888888888888888,0.4555555555555556,-0.4137931034482759,10,0,0,0,,
16,108,1.5,0.2777777777777778,0.8111111111111111,-0.48979591836734687,10,0,0,0,,
16,109,1.5,0.6333333333333333,1.8888888888888888,-0.4977973568281938,10,0,0,0,,
16,110,1.5,1.0,2.7777777777777777,-0.47058823529411764,10,0,0,0,,
16,111,1.5,2.7777777777777777,7.222222222222221,-0.44444444444444436,10,0,0,0,,
16,112,1.5,3.6666666666666665,10.0,-0.46341463414634154,10,0,0,0,,
16,113,1.5,10.0,27.77777777777778,-0.47058823529411764,10,0,0,0,,
16,114,1.5,27.77777777777778,72.22222222222223,-0.4444444444444445,10,0,0,0,,
16,115,1.5,36.66666666666667,90.0,-0.4210526315789473,10,0,0,0,,
16,116,1.5,72.22222222222223,188.88888888888889,-0.4468085106382979,10,0,0,0,,
16,117,1.5,188.88888888888889,544.4444444444445,-0.4848484848484848,10,0,0,0,,
16,118,1.5,366.66666666666663,900.0,-0.42105263157894746,10,0,0,0,,
16,119,1.5,811.1111111111111,2000.0,-0.42292490118577075,10,0,0,0,,
16,120,1.5,0.001,0.001888888888888889,-0.3076923076923077,10,419,390,32,0.0010471285480508996,236364.4899947702
16,121,1.5,0.002777777777777778,0.006333333333333334,-0.39024390243902446,10,359,190,5,0.0032508729738543437,152975.1167944665
16,122,1.5,0.004555555555555556,0.009,-0.3278688524590163,10,244,123,0,0.004897788193684461,1623.6802686638548
16,123,1.5,0.009,0.01888888888888889,-0.354581673306773,10,121,60,0,0.010046157902783957,1645.7923945295108
16,124,1.5,0.027777777777777776,0.05444444444444445,-0.3243243243243244,10,58,16,0,0.02978516429429191,1550.5825449114495
16,125,1.5,0.03666666666666667,0.0811111111111111,-0.3773584905660377,10,39,7,0,0.04226686142656028,1563.3062816631918
16,126,1.5,0.0811111111111111,0.18888888888888888,-0.39917695473251025,10,18,1,0,0.09727472237769651,1264.106714225047
16,127,1.5,0.18888888888888888,0.3666666666666667,-0.32000000000000006,10,2,0,0,0.6145430286857905,25.261848518925547
16,128,1.5,0.3666666666666667,0.7222222222222222,-0.3265306122448979,10,0,0,0,,
16,129,1.5,0.4555555555555556,1.0,-0.37404580152671746,10,0,0,0,,
16,130,1.5,1.8888888888888888,3.6666666666666665,-0.32,10,0,0,0,,
16,131,1.5,3.6666666666666665,7.222222222222221,-0.32653061224489793,10,0,0,0,,
16,132,1.5,4.555555555555555,10.0,-0.37404580152671757,10,0,0,0,,
16,133,1.5,10.0,18.88888888888889,-0.3076923076923077,10,0,0,0,,
16,134,1.5,27.77777777777778,63.333333333333336,-0.3902439024390244,10,0,0,0,,
16,135,1.5,45.55555555555556,90.0,-0.3278688524590164,10,0,0,0,,
16,136,1.5,90.0,188.88888888888889,-0.35458167330677287,10,0,0,0,,
16,137,1.5,277.77777777777777,544.4444444444445,-0.32432432432432434,10,0,0,0,,
16,138,1.5,366.66666666666663,811.1111111111111,-0.3773584905660377,10,0,0,0,,
16,139,1.5,1000.0,2000.0,-0.3333333333333333,10,0,0,0,,
16,140,1.5,0.002777777777777778,0.004555555555555556,-0.2424242424242424,10,417,219,9,0.0026302679918953813,160871.9093423888
16,141,1.5,0.004555555555555556,0.007222222222222223,-0.22641509433962265,10,271,136,0,0.004207266283844442,1629.8934734350878
16,142,1.5,0.0054444444444444445,0.009,-0.2461538461538461,10,222,111,0,0.005199959965335162,1602.6091820820907
16,143,1.5,0.006333333333333334,0.01,-0.2244897959183673,10,195,98,0,0.005834451042737447,1618.148591812965
16,144,1.5,0.03666666666666667,0.06333333333333332,-0.2666666666666666,10,44,12,0,0.03614098626396135,1510.685334283755
16,145,1.5,0.05444444444444445,0.09,-0.24615384615384614,10,34,3,0,0.05199959965335162,1585.4676223892054
16,146,1.5,0.06333333333333332,0.1,-0.22448979591836743,10,32,2,0,0.05861381645140291,1498.5795369373852
16,147,1.5,0.3666666666666667,0.6333333333333333,-0.2666666666666666,10,0,0,0,,
16,148,1.5,0.4555555555555556,0.8111111111111111,-0.2807017543859649,10,0,0,0,,
16,149,1.5,0.5444444444444445,1.0,-0.29496402877697836,10,0,0,0,,
16,150,1.5,3.6666666666666665,6.333333333333333,-0.26666666666666666,10,0,0,0,,
16,151,1.5,4.555555555555555,8.11111111111111,-0.2807017543859649,10,0,0,0,,
16,152,1.5,5.444444444444445,10.0,-0.2949640287769784,10,0,0,0,,
16,153,1.5,27.77777777777778,45.55555555555556,-0.2424242424242424,10,0,0,0,,
16,154,1.5,45.55555555555556,72.22222222222223,-0.22641509433962267,10,0,0,0,,
16,155,1.5,54.44444444444444,100.0,-0.2949640287769784,10,0,0,0,,
16,156,1.5,277.77777777777777,455.55555555555554,-0.24242424242424243,10,0,0,0,,
16,157,1.5,455.55555555555554,722.2222222222222,-0.2264150943396226,10,0,0,0,,
16,158,1.5,544.4444444444445,900.0,-0.24615384615384617,10,0,0,0,,
16,159,1.5,2000.0,3000.0,-0.2,10,0,0,0,,
16,160,1.5,0.001888888888888889,0.002777777777777778,-0.19047619047619047,10,433,335,10,0.0016443717232149323,182096.24854763426
16,161,1.5,0.003666666666666667,0.0054444444444444445,-0.19512195121951215,10,347,175,1,0.0032210687912834347,544284.6327096452
16,162,1.5,0.006333333333333334,0.00811111111111111,-0.123076923076923,10,217,109,0,0.004943106869868354,1630.6032047297274
16,163,1.5,0.00811111111111111,0.01,-0.1042944785276074,10,173,87,0,0.006137620051647945,1617.961162786303
16,164,1.5,0.03666666666666667,0.04555555555555556,-0.10810810810810813,10,39,17,0,0.027925438412373393,1305.1869120033336
16,165,1.5,0.05444444444444445,0.0811111111111111,-0.1967213114754098,10,32,3,0,0.04808393484497285,1639.9284020111131
16,166,1.5,0.07222222222222222,0.1,-0.16129032258064524,10,28,1,0,0.06025595860743581,1640.762879553811
16,167,1.5,0.3666666666666667,0.4555555555555556,-0.10810810810810811,10,0,0,0,,
16,168,1.5,0.5444444444444445,0.7222222222222222,-0.1403508771929824,10,0,0,0,,
16,169,1.5,0.7222222222222222,0.9,-0.10958904109589043,10,0,0,0,,
16,170,1.5,2.7777777777777777,3.6666666666666665,-0.13793103448275862,10,0,0,0,,
16,171,1.5,5.444444444444445,7.222222222222221,-0.1403508771929824,10,0,0,0,,
16,172,1.5,6.333333333333333,9.0,-0.1739130434782609,10,0,0,0,,
16,173,1.5,18.88888888888889,27.77777777777778,-0.19047619047619047,10,0,0,0,,
16,174,1.5,45.55555555555556,63.333333333333336,-0.163265306122449,10,0,0,0,,
16,175,1.5,63.333333333333336,90.0,-0.17391304347826084,10,0,0,0,,
16,176,1.5,81.11111111111111,100.0,-0.10429447852760734,10,0,0,0,,
16,177,1.5,366.66666666666663,544.4444444444445,-0.19512195121951226,10,0,0,0,,
16,178,1.5,633.3333333333333,811.1111111111111,-0.12307692307692313,10,0,0,0,,
16,179,1.5,811.1111111111111,1000.0,-0.10429447852760737,10,0,0,0,,
16,180,1.5,0.001,0.001,0.0,10,415,403,266,0.000628058358813318,631658.6186156451
16,181,1.5,0.004555555555555556,0.0054444444444444445,-0.08888888888888886,10,315,158,1,0.003357376142429545,253391.57853251742
16,182,1.5,0.007222222222222223,0.007222222222222223,0.0,10,220,110,0,0.004528975799036209,1643.3103276983984
16,183,1.5,0.009,0.01,-0.05263157894736847,10,166,83,0,0.006223002851691595,1623.2779894196242
16,184,1.5,0.04555555555555556,0.04555555555555556,0.0,10,39,16,0,0.028707805820246922,1454.3284946197489
16,185,1.5,0.06333333333333332,0.07222222222222222,-0.0655737704918033,10,27,7,0,0.04487453899331323,1446.519957694404
16,186,1.5,0.09,0.09,0.0,10,28,0,0,0.056754460540854715,1540.2432479039667
16,187,1.5,0.4555555555555556,0.4555555555555556,0.0,10,0,0,0,,
16,188,1.5,0.6333333333333333,0.7222222222222222,-0.06557377049180328,10,0,0,0,,
16,189,1.5,0.9,0.9,0.0,10,0,0,0,,
16,190,1.5,3.6666666666666665,3.6666666666666665,0.0,10,0,0,0,,
16,191,1.5,6.333333333333333,6.333333333333333,0.0,10,0,0,0,,
16,192,1.5,8.11111111111111,9.0,-0.05194805194805197,10,0,0,0,,
16,193,1.5,36.66666666666667,36.66666666666667,0.0,10,0,0,0,,
16,194,1.5,63.333333333333336,63.333333333333336,0.0,10,0,0,0,,
16,195,1.5,81.11111111111111,90.0,-0.05194805194805193,10,0,0,0,,
16,196,1.5,277.77777777777777,277.77777777777777,0.0,10,0,0,0,,
16,197,1.5,544.4444444444445,633.3333333333333,-0.07547169811320747,10,0,0,0,,
16,198,1.5,811.1111111111111,811.1111111111111,0.0,10,0,0,0,,
16,199,1.5,3000.0,3000.0,0.0,10,0,0,0,,
16,200,1.5,0.0054444444444444445,0.004555555555555556,0.08888888888888886,10,326,163,0,0.0029107171180666053,1652.2335942895372
16,201,1.5,0.006333333333333334,0.0054444444444444445,0.0754716981132076,10,275,138,0,0.0034673685045253167,1624.5907523554545
16,202,1.5,0.00811111111111111,0.007222222222222223,0.057971014492753555,10,210,105,0,0.004591980128368685,1625.6266363213192
16,203,1.5,0.01,0.009,0.05263157894736847,10,169,85,0,0.005701642722807478,1628.525063882274
16,204,1.5,0.06333333333333332,0.05444444444444445,0.07547169811320745,10,43,5,0,0.034673685045253165,1551.7906675136096
16,205,1.5,0.0811111111111111,0.07222222222222222,0.05797101449275364,10,37,2,0,0.045919801283686855,1555.8478327127748
16,206,1.5,0.1,0.09,0.05263157894736847,10,31,1,0,0.057279603098582925,1379.6299481947951
16,207,1.5,0.5444444444444445,0.4555555555555556,0.0888888888888889,10,0,0,0,,
16,208,1.5,0.7222222222222222,0.6333333333333333,0.06557377049180328,10,0,0,0,,
16,209,1.5,0.9,0.8111111111111111,0.05194805194805195,10,0,0,0,,
16,210,1.5,5.444444444444445,4.555555555555555,0.08888888888888893,10,0,0,0,,
16,211,1.5,7.222222222222221,6.333333333333333,0.06557377049180325,10,0,0,0,,
16,212,1.5,9.0,8.11111111111111,0.05194805194805197,10,0,0,0,,
16,213,1.5,10.0,9.0,0.05263157894736842,10,0,0,0,,
16,214,1.5,63.333333333333336,54.44444444444444,0.07547169811320759,10,0,0,0,,
16,215,1.5,81.11111111111111,72.22222222222223,0.057971014492753596,10,0,0,0,,
16,216,1.5,100.0,90.0,0.05263157894736842,10,0,0,0,,
16,217,1.5,633.3333333333333,544.4444444444445,0.07547169811320747,10,0,0,0,,
16,218,1.5,811.1111111111111,722.2222222222222,0.057971014492753645,10,0,0,0,,
16,219,1.5,1000.0,900.0,0.05263157894736842,10,0,0,0,,
16,220,1.5,0.002777777777777778,0.001888888888888889,0.19047619047619047,10,467,351,14,0.0012189895989248673,225339.0506951058
16,221,1.5,0.0054444444444444445,0.003666666666666667,0.19512195121951215,10,371,189,3,0.002365919697485759,234785.59934923035
16,222,1.5,0.00811111111111111,0.006333333333333334,0.123076923076923,10,229,115,0,0.004055085354483839,1646.2529742584015
16,223,1.5,0.01,0.00811111111111111,0.1042944785276074,10,181,91,0,0.005176068319505676,1654.8618670456976
16,224,1.5,0.05444444444444445,0.03666666666666667,0.19512195121951223,10,63,14,0,0.023659196974857587,1508.691005283529
16,225,1.5,0.0811111111111111,0.05444444444444445,0.1967213114754098,10,45,5,0,0.035156044052829835,1600.45181248116
16,226,1.5,0.1,0.07222222222222222,0.16129032258064524,10,36,2,0,0.04655860935229591,1635.4360865163385
16,227,1.5,0.4555555555555556,0.3666666666666667,0.10810810810810811,10,2,0,0,0.6283522348232154,55.52128007941465
16,228,1.5,0.8111111111111111,0.5444444444444445,0.19672131147540978,10,0,0,0,,
16,229,1.5,1.0,0.7222222222222222,0.16129032258064516,10,0,0,0,,
16,230,1.5,3.6666666666666665,2.7777777777777777,0.13793103448275862,10,0,0,0,,
16,231,1.5,7.222222222222221,5.444444444444445,0.1403508771929824,10,0,0,0,,
16,232,1.5,9.0,7.222222222222221,0.10958904109589046,10,0,0,0,,
16,233,1.5,36.66666666666667,27.77777777777778,0.13793103448275865,10,0,0,0,,
16,234,1.5,72.22222222222223,54.44444444444444,0.1403508771929825,10,0,0,0,,
16,235,1.5,90.0,63.333333333333336,0.17391304347826084,10,0,0,0,,
16,236,1.5,277.77777777777777,188.88888888888889,0.1904761904761905,10,0,0,0,,
16,237,1.5,633.3333333333333,455.55555555555554,0.16326530612244894,10,0,0,0,,
16,238,1.5,900.0,633.3333333333333,0.17391304347826092,10,0,0,0,,
16,239,1.5,3000.0,2000.0,0.2,10,0,0,0,,
16,240,1.5,0.004555555555555556,0.002777777777777778,0.2424242424242424,10,406,242,9,0.0017947336268325266,182107.01266295344
16,241,1.5,0.007222222222222223,0.004555555555555556,0.22641509433962265,10,296,149,0,0.0029512092266663842,1644.6538148178179
16,242,1.5,0.009,0.0054444444444444445,0.2461538461538461,10,245,123,0,0.00353183169791957,1642.5093291992919
16,243,1.5,0.01,0.006333333333333334,0.2244897959183673,10,215,107,0,0.00409260659730011,1646.265357622801
16,244,1.5,0.06333333333333332,0.03666666666666667,0.2666666666666666,10,60,13,0,0.02376840286624876,1611.0554968141687
16,245,1.5,0.0811111111111111,0.04555555555555556,0.2807017543859649,10,50,9,0,0.029648313895243424,1609.57921758103
16,246,1.5,0.1,0.05444444444444445,0.2949640287769784,10,45,6,0,0.035481338923357565,1498.3574863666117
16,247,1.5,0.6333333333333333,0.3666666666666667,0.2666666666666666,10,2,0,0,0.6289526350900599,54.620564256651505
16,248,1.5,0.8111111111111111,0.4555555555555556,0.2807017543859649,10,0,0,0,,
16,249,1.5,1.0,0.5444444444444445,0.29496402877697836,10,0,0,0,,
16,250,1.5,4.555555555555555,2.7777777777777777,0.24242424242424243,10,0,0,0,,
16,251,1.5,7.222222222222221,4.555555555555555,0.22641509433962262,10,0,0,0,,
16,252,1.5,9.0,5.444444444444445,0.24615384615384614,10,0,0,0,,
16,253,1.5,45.55555555555556,27.77777777777778,0.2424242424242424,10,0,0,0,,
16,254,1.5,72.22222222222223,45.55555555555556,0.22641509433962267,10,0,0,0,,
16,255,1.5,90.0,54.44444444444444,0.24615384615384614,10,0,0,0,,
16,256,1.5,100.0,63.333333333333336,0.22448979591836732,10,0,0,0,,
16,257,1.5,633.3333333333333,366.66666666666663,0.26666666666666666,10,0,0,0,,
16,258,1.5,811.1111111111111,455.55555555555554,0.28070175438596495,10,0,0,0,,
16,259,1.5,1000.0,633.3333333333333,0.2244897959183674,10,0,0,0,,
16,260,1.5,0.001888888888888889,0.001,0.3076923076923077,10,409,397,68,0.0006516283940608428,250034.1319314818
16,261,1.5,0.006333333333333334,0.002777777777777778,0.39024390243902446,10,347,222,4,0.0018113400926196026,100492.0148998915
16,262,1.5,0.009,0.004555555555555556,0.3278688524590163,10,276,140,0,0.0029648313895243423,1638.4706240793382
16,263,1.5,0.01888888888888889,0.009,0.354581673306773,10,146,70,0,0.005861381645140285,1616.544525714161
16,264,1.5,0.05444444444444445,0.027777777777777776,0.3243243243243244,10,78,21,0,0.018113400926196024,1567.903087557562
16,265,1.5,0.0811111111111111,0.03666666666666667,0.3773584905660377,10,62,11,0,0.023988329190194897,1663.6506005007561
16,266,1.5,0.18888888888888888,0.0811111111111111,0.39917695473251025,10,29,1,0,0.053210825926679424,1523.1760083745094
16,267,1.5,0.3666666666666667,0.18888888888888888,0.32000000000000006,10,10,0,0,0.233288859239493,1394.481552840931
16,268,1.5,0.7222222222222222,0.3666666666666667,0.3265306122448979,10,2,0,0,0.6289526350900599,54.59822855730778
16,269,1.5,1.0,0.4555555555555556,0.37404580152671746,10,0,0,0,,
16,270,1.5,3.6666666666666665,1.8888888888888888,0.32,10,0,0,0,,
16,271,1.5,7.222222222222221,3.6666666666666665,0.32653061224489793,10,0,0,0,,
16,272,1.5,10.0,4.555555555555555,0.37404580152671757,10,0,0,0,,
16,273,1.5,18.88888888888889,10.0,0.3076923076923077,10,0,0,0,,
16,274,1.5,63.333333333333336,27.77777777777778,0.3902439024390244,10,0,0,0,,
16,275,1.5,90.0,45.55555555555556,0.3278688524590164,10,0,0,0,,
16,276,1.5,188.88888888888889,90.0,0.35458167330677287,10,0,0,0,,
16,277,1.5,544.4444444444445,277.77777777777777,0.32432432432432434,10,0,0,0,,
16,278,1.5,811.1111111111111,366.66666666666663,0.3773584905660377,10,0,0,0,,
16,279,1.5,2000.0,1000.0,0.3333333333333333,10,0,0,0,,
16,280,1.5,0.002777777777777778,0.001,0.47058823529411764,10,439,430,26,0.0006546361740672747,252616.04788364653
16,281,1.5,0.0054444444444444445,0.001888888888888889,0.48484848484848486,10,359,302,8,0.0012359474334445108,114800.13015071691
16,282,1.5,0.009,0.003666666666666667,0.4210526315789473,10,306,166,2,0.00239883291901949,112360.99201928158
16,283,1.5,0.01888888888888889,0.007222222222222223,0.4468085106382978,10,171,83,0,0.004720630412635905,1585.9345240369653
16,284,1.5,0.05444444444444445,0.01888888888888889,0.4848484848484849,10,99,31,0,0.012359474334445108,1616.3711425708134
16,285,1.5,0.09,0.03666666666666667,0.4210526315789474,10,58,13,0,0.023988329190194897,1641.7979276286894
16,286,1.5,0.18888888888888888,0.07222222222222222,0.44680851063829796,10,36,3,0,0.04742419852602448,1487.0835960496865
16,287,1.5,0.4555555555555556,0.18888888888888888,0.4137931034482759,10,10,0,0,0.23388925950633754,1401.5287306831394
16,288,1.5,0.8111111111111111,0.2777777777777778,0.48979591836734687,10,5,0,0,0.33775850567044696,1475.576568961112
16,289,1.5,1.8888888888888888,0.6333333333333333,0.4977973568281938,10,0,0,0,,
16,290,1.5,4.555555555555555,1.8888888888888888,0.4137931034482758,10,0,0,0,,
16,291,1.5,8.11111111111111,2.7777777777777777,0.48979591836734687,10,0,0,0,,
16,292,1.5,18.88888888888889,6.333333333333333,0.4977973568281939,10,0,0,0,,
16,293,1.5,27.77777777777778,10.0,0.47058823529411764,10,0,0,0,,
16,294,1.5,72.22222222222223,27.77777777777778,0.4444444444444445,10,0,0,0,,
16,295,1.5,100.0,36.66666666666667,0.4634146341463414,10,0,0,0,,
16,296,1.5,277.77777777777777,100.0,0.47058823529411764,10,0,0,0,,
16,297,1.5,722.2222222222222,277.77777777777777,0.4444444444444444,10,0,0,0,,
16,298,1.5,1000.0,366.66666666666663,0.46341463414634154,10,0,0,0,,
16,299,1.5,3000.0,1000.0,0.5,10,0,0,0,,
16,300,1.5,0.003666666666666667,0.001,0.5714285714285715,10,465,457,10,0.0006576578373554205,204969.31054615782
16,301,1.5,0.007222222222222223,0.001888888888888889,0.5853658536585367,10,334,290,6,0.001241652307592412,101524.48341017209
16,302,1.5,0.01888888888888889,0.0054444444444444445,0.5525114155251142,10,209,103,0,0.0035809643710263623,1595.7255542179987
16,303,1.5,0.027777777777777776,0.009,0.5105740181268882,10,143,64,0,0.00588843655355589,1616.8733875894898
16,304,1.5,0.07222222222222222,0.01888888888888889,0.5853658536585367,10,95,30,1,0.012416523075924106,1714.031807745686
16,305,1.5,0.1,0.027777777777777776,0.5652173913043479,10,69,17,0,0.018281002161427428,1564.514475929767
16,306,1.5,0.2777777777777778,0.0811111111111111,0.5479876160990712,10,26,1,0,0.05345643593969719,1626.3544819709398
16,307,1.5,0.6333333333333333,0.18888888888888888,0.5405405405405406,10,10,0,0,0.23388925950633754,1448.8126934725635
16,308,1.5,1.0,0.2777777777777778,0.5652173913043479,10,5,0,0,0.33775850567044696,1473.8306804675078
16,309,1.5,2.7777777777777777,0.8111111111111111,0.5479876160990712,10,0,0,0,,
16,310,1.5,3.6666666666666665,1.0,0.5714285714285715,10,0,0,0,,
16,311,1.5,9.0,2.7777777777777777,0.5283018867924528,10,0,0,0,,
16,312,1.5,27.77777777777778,7.222222222222221,0.5873015873015873,10,0,0,0,,
16,313,1.5,36.66666666666667,10.0,0.5714285714285715,10,0,0,0,,
16,314,1.5,90.0,27.77777777777778,0.5283018867924528,10,0,0,0,,
16,315,1.5,188.88888888888889,54.44444444444444,0.5525114155251143,10,0,0,0,,
16,316,1.5,277.77777777777777,90.0,0.5105740181268882,10,0,0,0,,
16,317,1.5,722.2222222222222,188.88888888888889,0.5853658536585366,10,0,0,0,,
16,318,1.5,2000.0,544.4444444444445,0.572052401746725,10,0,0,0,,
16,319,1.5,3000.0,900.0,0.5384615384615384,10,0,0,0,,
16,320,1.5,0.004555555555555556,0.001,0.64,10,475,465,7,0.0006576578373554205,90597.38335137482
16,321,1.5,0.01,0.001888888888888889,0.6822429906542055,10,313,280,5,0.001241652307592412,96707.4835167779
16,322,1.5,0.027777777777777776,0.006333333333333334,0.6286644951140065,10,186,87,1,0.004168693834703355,8911.522926661957
16,323,1.5,0.04555555555555556,0.00811111111111111,0.6977225672877847,10,161,66,1,0.0053456435939697134,5901.23043543025
16,324,1.5,0.0811111111111111,0.01888888888888889,0.6222222222222222,10,90,27,0,0.012416523075924106,1644.6764204445717
16,325,1.5,0.18888888888888888,0.04555555555555556,0.6113744075829383,10,51,9,0,0.02992264636608189,1548.7678597892173
16,326,1.5,0.3666666666666667,0.0811111111111111,0.6377171215880892,10,26,0,0,0.05345643593969719,1464.1253442107459
16,327,1.5,0.5444444444444445,0.1,0.6896551724137931,10,22,0,0,0.06606934480075957,1596.8421012784388
16,328,1.5,1.8888888888888888,0.3666666666666667,0.6748768472906403,10,2,0,0,0.6295530353569045,54.67090808423681
16,329,1.5,3.6666666666666665,0.7222222222222222,0.6708860759493671,10,0,0,0,,
16,330,1.5,4.555555555555555,0.9,0.670061099796334,10,0,0,0,,
16,331,1.5,9.0,1.8888888888888888,0.6530612244897959,10,0,0,0,,
16,332,1.5,27.77777777777778,5.444444444444445,0.6722408026755854,10,0,0,0,,
16,333,1.5,45.55555555555556,8.11111111111111,0.6977225672877846,10,0,0,0,,
16,334,1.5,81.11111111111111,18.88888888888889,0.6222222222222222,10,0,0,0,,
16,335,1.5,188.88888888888889,45.55555555555556,0.6113744075829383,10,0,0,0,,
16,336,1.5,366.66666666666663,81.11111111111111,0.6377171215880894,10,0,0,0,,
16,337,1.5,455.55555555555554,100.0,0.64,10,0,0,0,,
16,338,1.5,1000.0,188.88888888888889,0.6822429906542056,10,0,0,0,,
16,339,1.5,3000.0,722.2222222222222,0.6119402985074627,10,0,0,0,,
16,340,1.5,0.006333333333333334,0.001,0.7272727272727273,10,475,472,5,0.0006576578373554205,225160.3565223544
16,341,1.5,0.03666666666666667,0.004555555555555556,0.7789757412398922,10,168,113,4,0.0030060763026282292,44951.41059097386
16,342,1.5,0.05444444444444445,0.006333333333333334,0.7915904936014624,10,147,81,1,0.004168693834703355,6974.73470187426
16,343,1.5,0.06333333333333332,0.009,0.7511520737327189,10,133,58,1,0.005915616341754743,6448.350984470767
16,344,1.5,0.09,0.01,0.8,10,116,51,1,0.006576578373554205,7473.123883023029
16,345,1.5,0.3666666666666667,0.06333333333333332,0.7054263565891472,10,35,2,0,0.04168693834703355,1553.2336144217445
16,346,1.5,0.5444444444444445,0.0811111111111111,0.7406749555950266,10,26,0,0,0.05345643593969719,1547.193572978329
16,347,1.5,0.7222222222222222,0.0811111111111111,0.7980636237897648,10,25,0,0,0.05370317963702527,1620.2420815838364
16,348,1.5,2.7777777777777777,0.3666666666666667,0.7667844522968198,10,2,0,0,0.6295530353569045,54.66859169615974
16,349,1.5,4.555555555555555,0.6333333333333333,0.7558886509635975,10,0,0,0,,
16,350,1.5,6.333333333333333,0.7222222222222222,0.795275590551181,10,0,0,0,,
16,351,1.5,7.222222222222221,1.0,0.7567567567567567,10,0,0,0,,
16,352,1.5,36.66666666666667,4.555555555555555,0.7789757412398921,10,0,0,0,,
16,353,1.5,54.44444444444444,6.333333333333333,0.7915904936014625,10,0,0,0,,
16,354,1.5,63.333333333333336,9.0,0.7511520737327189,10,0,0,0,,
16,355,1.5,90.0,10.0,0.8,10,0,0,0,,
16,356,1.5,366.66666666666663,63.333333333333336,0.7054263565891473,10,0,0,0,,
16,357,1.5,544.4444444444445,81.11111111111111,0.7406749555950267,10,0,0,0,,
16,358,1.5,722.2222222222222,81.11111111111111,0.7980636237897649,10,0,0,0,,
16,359,1.5,3000.0,455.55555555555554,0.7363344051446945,10,0,0,0,,
16,360,1.5,0.009,0.001,0.8000000000000002,10,486,478,4,0.0006576578373554205,247311.25410854715
16,361,1.5,0.04555555555555556,0.003666666666666667,0.8510158013544019,10,164,137,3,0.0024099054286865957,47735.36587648029
16,362,1.5,0.07222222222222222,0.0054444444444444445,0.8597997138769671,10,129,92,2,0.0035809643710263623,26508.275910213233
16,363,1.5,0.09,0.006333333333333334,0.8685121107266437,10,116,79,3,0.004168693834703355,17192.72780803954
16,364,1.5,0.18888888888888888,0.01,0.8994413407821228,10,66,49,1,0.006576578373554205,4282.966522843989
16,365,1.5,0.5444444444444445,0.04555555555555556,0.8455743879472692,10,42,2,0,0.03006076302628232,1597.11537682466
16,366,1.5,0.8111111111111111,0.04555555555555556,0.8936446173800259,10,47,2,0,0.03006076302628232,1655.017390425359
16,367,1.5,0.9,0.09,0.8181818181818182,10,23,0,0,0.05942921586155727,1486.2684763322202
16,368,1.5,2.7777777777777777,0.2777777777777778,0.8181818181818182,10,5,0,0,0.3383589059372915,1470.1850716750248
16,369,1.5,6.333333333333333,0.4555555555555556,0.8657937806873977,10,0,0,0,,
16,370,1.5,8.11111111111111,0.7222222222222222,0.8364779874213837,10,0,0,0,,
16,371,1.5,10.0,0.7222222222222222,0.8652849740932644,10,0,0,0,,
16,372,1.5,45.55555555555556,2.7777777777777777,0.8850574712643677,10,0,0,0,,
16,373,1.5,72.22222222222223,4.555555555555555,0.8813314037626627,10,0,0,0,,
16,374,1.5,90.0,5.444444444444445,0.8859138533178115,10,0,0,0,,
16,375,1.5,100.0,10.0,0.8181818181818182,10,0,0,0,,
16,376,1.5,544.4444444444445,36.66666666666667,0.8738049713193117,10,0,0,0,,
16,377,1.5,722.2222222222222,72.22222222222223,0.8181818181818182,10,0,0,0,,
16,378,1.5,900.0,81.11111111111111,0.8346545866364666,10,0,0,0,,
16,379,1.5,3000.0,277.77777777777777,0.8305084745762712,10,0,0,0,,
16,380,1.5,0.027777777777777776,0.001,0.9305019305019304,10,478,474,17,0.0006576578373554205,256264.45796104343
16,381,1.5,0.4555555555555556,0.003666666666666667,0.9840309702395356,10,134,129,0,0.00242102904673618,1618.6426168972555
16,382,1.5,0.9,0.003666666666666667,0.9918849133161194,10,134,129,0,0.00242102904673618,1619.4750833148396
16,383,1.5,2.7777777777777777,0.0811111111111111,0.94325689856199,10,25,0,0,0.05370317963702527,1433.723867151827
16,384,1.5,5.444444444444445,0.09,0.9674764103593656,10,23,0,0,0.05942921586155727,1277.1253118879415
16,385,1.5,8.11111111111111,0.04555555555555556,0.98882985969214,10,45,2,0,0.03006076302628232,1636.1594589018275
16,386,1.5,18.88888888888889,0.006333333333333334,0.9993296365336328,10,81,75,0,0.004168693834703355,1542.3322627613036
16,387,1.5,36.66666666666667,0.01888888888888889,0.998970227458582,10,51,23,0,0.012473835142429432,1666.0528238634806
16,388,1.5,54.44444444444444,0.027777777777777776,0.9989801121876594,10,53,5,0,0.018281002161427428,1667.4611055917744
16,389,1.5,72.22222222222223,0.027777777777777776,0.9992310649750098,10,53,5,0,0.018281002161427428,1667.4622950046978
16,390,1.5,90.0,0.009,0.9998000199980002,10,59,53,0,0.005942921586155727,1565.5618411399623
16,391,1.5,188.88888888888889,0.0054444444444444445,0.9999423546027204,10,92,87,0,0.0035809643710263623,1648.206058956582
16,392,1.5,277.77777777777777,1.0,0.9928258270227183,10,0,0,0,,
16,393,1.5,455.55555555555554,0.03666666666666667,0.9998390373457745,10,45,3,0,0.024210290467361777,1584.965429479111
16,394,1.5,544.4444444444445,7.222222222222221,0.9738167170191341,10,0,0,0,,
16,395,1.5,722.2222222222222,0.06333333333333332,0.9998246307631483,10,35,1,0,0.041879356511791824,1595.8579813580045
16,396,1.5,811.1111111111111,8.11111111111111,0.9801980198019803,10,0,0,0,,
16,397,1.5,1000.0,0.04555555555555556,0.9999088930393171,10,45,2,0,0.03006076302628232,1635.8850707766
16,398,1.5,2000.0,5.444444444444445,0.9945703363067206,10,0,0,0,,
16,399,1.5,3000.0,100.0,0.9354838709677419,10,0,0,0,,
