delta_index,pair_index,delta,alpha,beta,eta,lmax,n_peaks,n_d0_confirmed,n_d0_recovered,first_xM,max_Q
0,0,0.01,0.001,0.027777777777777776,-0.9305019305019304,10,33,10,0,0.00972747223776965,1578.7950333522392
0,1,0.01,0.001888888888888889,0.7222222222222222,-0.9947828755562373,10,25,7,0,0.015631476426409538,1569.438341961354
0,2,0.01,0.002777777777777778,54.44444444444444,-0.9998979643895719,10,22,6,0,0.020230191786782717,1622.1852892290003
0,3,0.01,0.004555555555555556,0.1,-0.9128586609989372,10,16,5,0,0.03019951720402016,1315.3155993691214
0,4,0.01,0.0054444444444444445,45.55555555555556,-0.9997610041726721,10,15,4,0,0.03357376142429549,1497.6371344292165
0,5,0.01,0.007222222222222223,0.5444444444444445,-0.9738167170191339,10,13,3,0,0.04265795188015926,1498.5557622320057
0,6,0.01,0.00811111111111111,90.0,-0.999819769329431,10,13,3,0,0.0446683592150963,1088.8779071871354
0,7,0.01,0.01,2.7777777777777777,-0.9928258270227184,10,11,2,0,0.05420008904016239,1436.6469576328789
0,8,0.01,0.01888888888888889,722.2222222222222,-0.9999476936757038,10,6,1,0,0.07798301105232586,1061.3041489080085
0,9,0.01,0.03666666666666667,90.0,-0.999185517011588,10,4,0,0,0.4452301534356238,965.2515326119254
0,10,0.01,0.05444444444444445,81.11111111111111,-0.998658434749278,10,2,0,0,0.552101400933956,502.14696851981415
0,11,0.01,0.07222222222222222,100.0,-0.9985565980125465,10,1,0,0,0.9849899933288858,278.33955534008595
0,12,0.01,0.09,188.88888888888889,-0.9990475126557345,10,0,0,0,,
0,13,0.01,0.18888888888888888,633.3333333333333,-0.9994036866197801,10,0,0,0,,
0,14,0.01,0.4555555555555556,45.55555555555556,-0.9801980198019802,10,0,0,0,,
0,15,0.01,0.7222222222222222,36.66666666666667,-0.9613670133729569,10,0,0,0,,
0,16,0.01,1.0,45.55555555555556,-0.9570405727923628,10,0,0,0,,
0,17,0.01,3.6666666666666665,544.4444444444445,-0.9866207176160553,10,0,0,0,,
0,18,0.01,8.11111111111111,900.0,-0.9821363024593173,10,0,0,0,,
0,19,0.01,100.0,3000.0,-0.9354838709677419,10,0,0,0,,
0,20,0.01,0.001,0.009,-0.8000000000000002,10,33,10,0,0.00972747223776965,1640.465023308915
0,21,0.01,0.003666666666666667,0.05444444444444445,-0.8738049713193117,10,18,5,0,0.025703957827688646,1519.5579155554724
0,22,0.01,0.0054444444444444445,0.0811111111111111,-0.8741976893453145,10,15,4,0,0.03451437393358565,1468.5182052332448
0,23,0.01,0.007222222222222223,0.09,-0.8514285714285713,10,12,3,0,0.04265795188015926,1473.708886833397
0,24,0.01,0.01,0.18888888888888888,-0.8994413407821228,10,10,2,0,0.2248832555036691,1356.6963120206922
0,25,0.01,0.04555555555555556,0.5444444444444445,-0.8455743879472692,10,3,0,0,0.5088725817211475,525.043682903368
0,26,0.01,0.06333333333333332,0.6333333333333333,-0.8181818181818181,10,1,0,0,0.9363575717144762,258.3951753910047
0,27,0.01,0.0811111111111111,0.9,-0.8346545866364665,10,0,0,0,,
0,28,0.01,0.2777777777777778,2.7777777777777777,-0.8181818181818182,10,0,0,0,,
0,29,0.01,0.4555555555555556,7.222222222222221,-0.8813314037626627,10,0,0,0,,
0,30,0.01,0.6333333333333333,9.0,-0.8685121107266437,10,0,0,0,,
0,31,0.01,0.9,9.0,-0.8181818181818181,10,0,0,0,,
0,32,0.01,3.6666666666666665,36.66666666666667,-0.8181818181818183,10,0,0,0,,
0,33,0.01,5.444444444444445,63.333333333333336,-0.8416801292407108,10,0,0,0,,
0,34,0.01,7.222222222222221,72.22222222222223,-0.818181818181818,10,0,0,0,,
0,35,0.01,10.0,100.0,-0.8181818181818182,10,0,0,0,,
0,36,0.01,36.66666666666667,633.3333333333333,-0.8905472636815921,10,0,0,0,,
0,37,0.01,54.44444444444444,900.0,-0.8859138533178114,10,0,0,0,,
0,38,0.01,72.22222222222223,1000.0,-0.8652849740932643,10,0,0,0,,
0,39,0.01,277.77777777777777,3000.0,-0.8305084745762712,10,0,0,0,,
0,40,0.01,0.001,0.006333333333333334,-0.7272727272727273,10,34,10,0,0.00972747223776965,1564.8336037973622
0,41,0.01,0.004555555555555556,0.027777777777777776,-0.718213058419244,10,17,5,0,0.03019951720402016,1644.052611043005
0,42,0.01,0.006333333333333334,0.05444444444444445,-0.7915904936014624,10,15,3,0,0.038725764492161724,1562.3992408717106
0,43,0.01,0.00811111111111111,0.07222222222222222,-0.7980636237897648,10,13,3,0,0.04655860935229591,1483.7816088895581
0,44,0.01,0.01,0.0811111111111111,-0.7804878048780489,10,11,2,0,0.05445026528424215,1480.928049670382
0,45,0.01,0.05444444444444445,0.3666666666666667,-0.7414248021108178,10,1,0,0,0.8649099399599732,355.84636163300604
0,46,0.01,0.07222222222222222,0.5444444444444445,-0.7657657657657659,10,0,0,0,,
0,47,0.01,0.09,0.6333333333333333,-0.751152073732719,10,0,0,0,,
0,48,0.01,0.3666666666666667,2.7777777777777777,-0.7667844522968198,10,0,0,0,,
0,49,0.01,0.6333333333333333,4.555555555555555,-0.7558886509635975,10,0,0,0,,
0,50,0.01,0.8111111111111111,5.444444444444445,-0.7406749555950267,10,0,0,0,,
0,51,0.01,1.0,6.333333333333333,-0.7272727272727273,10,0,0,0,,
0,52,0.01,4.555555555555555,36.66666666666667,-0.7789757412398921,10,0,0,0,,
0,53,0.01,7.222222222222221,45.55555555555556,-0.7263157894736842,10,0,0,0,,
0,54,0.01,9.0,54.44444444444444,-0.7162872154115587,10,0,0,0,,
0,55,0.01,10.0,81.11111111111111,-0.7804878048780488,10,0,0,0,,
0,56,0.01,54.44444444444444,455.55555555555554,-0.7864923747276688,10,0,0,0,,
0,57,0.01,72.22222222222223,633.3333333333333,-0.7952755905511812,10,0,0,0,,
0,58,0.01,90.0,722.2222222222222,-0.7783857729138167,10,0,0,0,,
0,59,0.01,455.55555555555554,3000.0,-0.7363344051446945,10,0,0,0,,
0,60,0.01,0.001,0.004555555555555556,-0.64,10,32,10,0,0.00972747223776965,1630.9457746008104
0,61,0.01,0.001888888888888889,0.01,-0.6822429906542055,10,26,7,0,0.01570362804333553,1471.8236642705833
0,62,0.01,0.006333333333333334,0.027777777777777776,-0.6286644951140065,10,14,3,0,0.038725764492161724,1561.362283681565
0,63,0.01,0.009,0.03666666666666667,-0.6058394160583941,10,11,2,0,0.05035006087879047,1473.5730497522668
0,64,0.01,0.01888888888888889,0.0811111111111111,-0.6222222222222222,10,6,1,0,0.08749837752274364,726.5876559786504
0,65,0.01,0.04555555555555556,0.18888888888888888,-0.6113744075829383,10,2,0,0,0.5088725817211475,533.2788682892556
0,66,0.01,0.0811111111111111,0.3666666666666667,-0.6377171215880892,10,0,0,0,,
0,67,0.01,0.1,0.5444444444444445,-0.6896551724137931,10,0,0,0,,
0,68,0.01,0.3666666666666667,1.8888888888888888,-0.6748768472906403,10,0,0,0,,
0,69,0.01,0.7222222222222222,3.6666666666666665,-0.6708860759493671,10,0,0,0,,
0,70,0.01,0.9,4.555555555555555,-0.670061099796334,10,0,0,0,,
0,71,0.01,1.8888888888888888,9.0,-0.6530612244897959,10,0,0,0,,
0,72,0.01,5.444444444444445,27.77777777777778,-0.6722408026755854,10,0,0,0,,
0,73,0.01,9.0,36.66666666666667,-0.6058394160583942,10,0,0,0,,
0,74,0.01,18.88888888888889,81.11111111111111,-0.6222222222222222,10,0,0,0,,
0,75,0.01,45.55555555555556,188.88888888888889,-0.6113744075829383,10,0,0,0,,
0,76,0.01,81.11111111111111,366.66666666666663,-0.6377171215880894,10,0,0,0,,
0,77,0.01,100.0,455.55555555555554,-0.64,10,0,0,0,,
0,78,0.01,188.88888888888889,1000.0,-0.6822429906542056,10,0,0,0,,
0,79,0.01,722.2222222222222,3000.0,-0.6119402985074627,10,0,0,0,,
0,80,0.01,0.001,0.003666666666666667,-0.5714285714285715,10,34,10,0,0.00972747223776965,1628.8771757068303
0,81,0.01,0.001888888888888889,0.007222222222222223,-0.5853658536585367,10,24,7,0,0.015631476426409538,1510.490665266089
0,82,0.01,0.0054444444444444445,0.01888888888888889,-0.5525114155251142,10,15,4,0,0.03451437393358565,1377.935458959451
0,83,0.01,0.009,0.027777777777777776,-0.5105740181268882,10,12,2,0,0.05011872336272725,1386.4873631616788
0,84,0.01,0.01888888888888889,0.07222222222222222,-0.5853658536585367,10,7,1,0,0.08709635899560805,1619.9625905521527
0,85,0.01,0.05444444444444445,0.18888888888888888,-0.5525114155251141,10,2,0,0,0.5605070046697799,373.4752525246037
0,86,0.01,0.09,0.2777777777777778,-0.5105740181268883,10,0,0,0,,
0,87,0.01,0.18888888888888888,0.6333333333333333,-0.5405405405405406,10,0,0,0,,
0,88,0.01,0.2777777777777778,1.0,-0.5652173913043479,10,0,0,0,,
0,89,0.01,0.8111111111111111,2.7777777777777777,-0.5479876160990712,10,0,0,0,,
0,90,0.01,1.8888888888888888,6.333333333333333,-0.5405405405405406,10,0,0,0,,
0,91,0.01,2.7777777777777777,10.0,-0.5652173913043478,10,0,0,0,,
0,92,0.01,8.11111111111111,27.77777777777778,-0.5479876160990713,10,0,0,0,,
0,93,0.01,10.0,36.66666666666667,-0.5714285714285715,10,0,0,0,,
0,94,0.01,27.77777777777778,90.0,-0.5283018867924528,10,0,0,0,,
0,95,0.01,72.22222222222223,277.77777777777777,-0.5873015873015872,10,0,0,0,,
0,96,0.01,100.0,366.66666666666663,-0.5714285714285714,10,0,0,0,,
0,97,0.01,277.77777777777777,900.0,-0.5283018867924527,10,0,0,0,,
0,98,0.01,633.3333333333333,2000.0,-0.518987341772152,10,0,0,0,,
0,99,0.01,1000.0,3000.0,-0.5,10,0,0,0,,
0,100,0.01,0.001,0.002777777777777778,-0.47058823529411764,10,31,10,0,0.00972747223776965,1638.8948283826282
0,101,0.01,0.001888888888888889,0.0054444444444444445,-0.48484848484848486,10,25,7,0,0.015631476426409538,1387.5643344292753
0,102,0.01,0.003666666666666667,0.009,-0.4210526315789473,10,18,5,0,0.025703957827688646,1491.8169581014718
0,103,0.01,0.007222222222222223,0.01888888888888889,-0.4468085106382978,10,14,3,0,0.04265795188015926,1578.9248652476151
0,104,0.01,0.01888888888888889,0.05444444444444445,-0.4848484848484849,10,6,1,0,0.08709635899560805,1066.8719078121683
0,105,0.01,0.027777777777777776,0.0811111111111111,-0.4897959183673469,10,4,1,0,0.38879252835223477,1293.704631658971
0,106,0.01,0.06333333333333332,0.18888888888888888,-0.4977973568281938,10,1,0,0,0.9363575717144762,257.2595425363416
0,107,0.01,0.18888888888888888,0.4555555555555556,-0.4137931034482759,10,0,0,0,,
0,108,0.01,0.2777777777777778,0.8111111111111111,-0.48979591836734687,10,0,0,0,,
0,109,0.01,0.6333333333333333,1.8888888888888888,-0.4977973568281938,10,0,0,0,,
0,110,0.01,1.0,2.7777777777777777,-0.47058823529411764,10,0,0,0,,
0,111,0.01,2.7777777777777777,7.222222222222221,-0.44444444444444436,10,0,0,0,,
0,112,0.01,3.6666666666666665,10.0,-0.46341463414634154,10,0,0,0,,
0,113,0.01,10.0,27.77777777777778,-0.47058823529411764,10,0,0,0,,
0,114,0.01,27.77777777777778,72.22222222222223,-0.4444444444444445,10,0,0,0,,
0,115,0.01,36.66666666666667,90.0,-0.4210526315789473,10,0,0,0,,
0,116,0.01,72.22222222222223,188.88888888888889,-0.4468085106382979,10,0,0,0,,
0,117,0.01,188.88888888888889,544.4444444444445,-0.4848484848484848,10,0,0,0,,
0,118,0.01,366.66666666666663,900.0,-0.42105263157894746,10,0,0,0,,
0,119,0.01,811.1111111111111,2000.0,-0.42292490118577075,10,0,0,0,,
0,120,0.01,0.001,0.001888888888888889,-0.3076923076923077,10,35,10,0,0.009682778562612486,1632.3202257084927
0,121,0.01,0.002777777777777778,0.006333333333333334,-0.39024390243902446,10,22,6,0,0.020892961308540386,1604.620835233307
0,122,0.01,0.004555555555555556,0.009,-0.3278688524590163,10,15,5,0,0.03019951720402016,1549.1512586989475
0,123,0.01,0.009,0.01888888888888889,-0.354581673306773,10,10,2,0,0.05011872336272725,1556.3050427175936
0,124,0.01,0.027777777777777776,0.05444444444444445,-0.3243243243243244,10,4,0,0,0.3881921280853903,1236.8384930583306
0,125,0.01,0.03666666666666667,0.0811111111111111,-0.3773584905660377,10,3,0,0,0.45123415610406936,774.9598573197396
0,126,0.01,0.0811111111111111,0.18888888888888888,-0.39917695473251025,10,0,0,0,,
0,127,0.01,0.18888888888888888,0.3666666666666667,-0.32000000000000006,10,0,0,0,,
0,128,0.01,0.3666666666666667,0.7222222222222222,-0.3265306122448979,10,0,0,0,,
0,129,0.01,0.4555555555555556,1.0,-0.37404580152671746,10,0,0,0,,
0,130,0.01,1.8888888888888888,3.6666666666666665,-0.32,10,0,0,0,,
0,131,0.01,3.6666666666666665,7.222222222222221,-0.32653061224489793,10,0,0,0,,
0,132,0.01,4.555555555555555,10.0,-0.37404580152671757,10,0,0,0,,
0,133,0.01,10.0,18.88888888888889,-0.3076923076923077,10,0,0,0,,
0,134,0.01,27.77777777777778,63.333333333333336,-0.3902439024390244,10,0,0,0,,
0,135,0.01,45.55555555555556,90.0,-0.3278688524590164,10,0,0,0,,
0,136,0.01,90.0,188.88888888888889,-0.35458167330677287,10,0,0,0,,
0,137,0.01,277.77777777777777,544.4444444444445,-0.32432432432432434,10,0,0,0,,
0,138,0.01,366.66666666666663,811.1111111111111,-0.3773584905660377,10,0,0,0,,
0,139,0.01,1000.0,2000.0,-0.3333333333333333,10,0,0,0,,
0,140,0.01,0.002777777777777778,0.004555555555555556,-0.2424242424242424,10,21,6,0,0.020796966871036958,1611.8134648388118
0,141,0.01,0.004555555555555556,0.007222222222222223,-0.22641509433962265,10,16,5,0,0.03006076302628232,1491.7318101544708
0,142,0.01,0.0054444444444444445,0.009,-0.2461538461538461,10,14,4,0,0.034355794789987466,1621.398999007862
0,143,0.01,0.006333333333333334,0.01,-0.2244897959183673,10,15,3,0,0.038547835766577165,1244.082891925444
0,144,0.01,0.03666666666666667,0.06333333333333332,-0.2666666666666666,10,3,0,0,0.45063375583722476,1367.2671451968488
0,145,0.01,0.05444444444444445,0.09,-0.24615384615384614,10,2,0,0,0.5587058038692462,374.30213978943016
0,146,0.01,0.06333333333333332,0.1,-0.22448979591836743,10,1,0,0,0.9333555703802534,257.07580827027147
0,147,0.01,0.3666666666666667,0.6333333333333333,-0.2666666666666666,10,0,0,0,,
0,148,0.01,0.4555555555555556,0.8111111111111111,-0.2807017543859649,10,0,0,0,,
0,149,0.01,0.5444444444444445,1.0,-0.29496402877697836,10,0,0,0,,
0,150,0.01,3.6666666666666665,6.333333333333333,-0.26666666666666666,10,0,0,0,,
0,151,0.01,4.555555555555555,8.11111111111111,-0.2807017543859649,10,0,0,0,,
0,152,0.01,5.444444444444445,10.0,-0.2949640287769784,10,0,0,0,,
0,153,0.01,27.77777777777778,45.55555555555556,-0.2424242424242424,10,0,0,0,,
0,154,0.01,45.55555555555556,72.22222222222223,-0.22641509433962267,10,0,0,0,,
0,155,0.01,54.44444444444444,100.0,-0.2949640287769784,10,0,0,0,,
0,156,0.01,277.77777777777777,455.55555555555554,-0.24242424242424243,10,0,0,0,,
0,157,0.01,455.55555555555554,722.2222222222222,-0.2264150943396226,10,0,0,0,,
0,158,0.01,544.4444444444445,900.0,-0.24615384615384617,10,0,0,0,,
0,159,0.01,2000.0,3000.0,-0.2,10,0,0,0,,
0,160,0.01,0.001888888888888889,0.002777777777777778,-0.19047619047619047,10,25,7,0,0.01555965631605075,1627.8228948924414
0,161,0.01,0.003666666666666667,0.0054444444444444445,-0.19512195121951215,10,19,5,0,0.02558585886905645,1418.0546532673923
0,162,0.01,0.006333333333333334,0.00811111111111111,-0.123076923076923,10,15,4,0,0.03837072454922788,1465.693489934567
0,163,0.01,0.00811111111111111,0.01,-0.1042944785276074,10,13,3,0,0.04613175745603795,1427.7803930172272
0,164,0.01,0.03666666666666667,0.04555555555555556,-0.10810810810810813,10,3,0,0,0.44883255503669106,1472.559212775732
0,165,0.01,0.05444444444444445,0.0811111111111111,-0.1967213114754098,10,1,0,0,0.8607071380920613,377.18441266989953
0,166,0.01,0.07222222222222222,0.1,-0.16129032258064524,10,0,0,0,,
0,167,0.01,0.3666666666666667,0.4555555555555556,-0.10810810810810811,10,0,0,0,,
0,168,0.01,0.5444444444444445,0.7222222222222222,-0.1403508771929824,10,0,0,0,,
0,169,0.01,0.7222222222222222,0.9,-0.10958904109589043,10,0,0,0,,
0,170,0.01,2.7777777777777777,3.6666666666666665,-0.13793103448275862,10,0,0,0,,
0,171,0.01,5.444444444444445,7.222222222222221,-0.1403508771929824,10,0,0,0,,
0,172,0.01,6.333333333333333,9.0,-0.1739130434782609,10,0,0,0,,
0,173,0.01,18.88888888888889,27.77777777777778,-0.19047619047619047,10,0,0,0,,
0,174,0.01,45.55555555555556,63.333333333333336,-0.163265306122449,10,0,0,0,,
0,175,0.01,63.333333333333336,90.0,-0.17391304347826084,10,0,0,0,,
0,176,0.01,81.11111111111111,100.0,-0.10429447852760734,10,0,0,0,,
0,177,0.01,366.66666666666663,544.4444444444445,-0.19512195121951226,10,0,0,0,,
0,178,0.01,633.3333333333333,811.1111111111111,-0.12307692307692313,10,0,0,0,,
0,179,0.01,811.1111111111111,1000.0,-0.10429447852760737,10,0,0,0,,
0,180,0.01,0.001,0.001,0.0,10,32,10,0,0.009594006315159337,1610.5488377783513
0,181,0.01,0.004555555555555556,0.0054444444444444445,-0.08888888888888886,10,16,5,0,0.02992264636608189,1473.1990240739622
0,182,0.01,0.007222222222222223,0.007222222222222223,0.0,10,13,3,0,0.04207266283844442,1472.1983273630199
0,183,0.01,0.009,0.01,-0.05263157894736847,10,10,2,0,0.04965923214503363,1452.8640797278774
0,184,0.01,0.04555555555555556,0.04555555555555556,0.0,10,2,0,0,0.5034689793195464,499.3448051362993
0,185,0.01,0.06333333333333332,0.07222222222222222,-0.0655737704918033,10,1,0,0,0.9291527685123415,263.71838339459805
0,186,0.01,0.09,0.09,0.0,10,0,0,0,,
0,187,0.01,0.4555555555555556,0.4555555555555556,0.0,10,0,0,0,,
0,188,0.01,0.6333333333333333,0.7222222222222222,-0.06557377049180328,10,0,0,0,,
0,189,0.01,0.9,0.9,0.0,10,0,0,0,,
0,190,0.01,3.6666666666666665,3.6666666666666665,0.0,10,0,0,0,,
0,191,0.01,6.333333333333333,6.333333333333333,0.0,10,0,0,0,,
0,192,0.01,8.11111111111111,9.0,-0.05194805194805197,10,0,0,0,,
0,193,0.01,36.66666666666667,36.66666666666667,0.0,10,0,0,0,,
0,194,0.01,63.333333333333336,63.333333333333336,0.0,10,0,0,0,,
0,195,0.01,81.11111111111111,90.0,-0.05194805194805193,10,0,0,0,,
0,196,0.01,277.77777777777777,277.77777777777777,0.0,10,0,0,0,,
0,197,0.01,544.4444444444445,633.3333333333333,-0.07547169811320747,10,0,0,0,,
0,198,0.01,811.1111111111111,811.1111111111111,0.0,10,0,0,0,,
0,199,0.01,3000.0,3000.0,0.0,10,0,0,0,,
0,200,0.01,0.0054444444444444445,0.004555555555555556,0.08888888888888886,10,14,4,0,0.03404081897010009,1394.3368697780277
0,201,0.01,0.006333333333333334,0.0054444444444444445,0.0754716981132076,10,14,4,0,0.038018939632056124,1517.5644867920032
0,202,0.01,0.00811111111111111,0.007222222222222223,0.057971014492753555,10,12,3,0,0.045919801283686855,1463.0665356833385
0,203,0.01,0.01,0.009,0.05263157894736847,10,10,2,0,0.05370317963702527,1554.2360328040447
0,204,0.01,0.06333333333333332,0.05444444444444445,0.07547169811320745,10,1,0,0,0.9231487658438958,268.0338284814592
0,205,0.01,0.0811111111111111,0.07222222222222222,0.05797101449275364,10,0,0,0,,
0,206,0.01,0.1,0.09,0.05263157894736847,10,0,0,0,,
0,207,0.01,0.5444444444444445,0.4555555555555556,0.0888888888888889,10,0,0,0,,
0,208,0.01,0.7222222222222222,0.6333333333333333,0.06557377049180328,10,0,0,0,,
0,209,0.01,0.9,0.8111111111111111,0.05194805194805195,10,0,0,0,,
0,210,0.01,5.444444444444445,4.555555555555555,0.08888888888888893,10,0,0,0,,
0,211,0.01,7.222222222222221,6.333333333333333,0.06557377049180325,10,0,0,0,,
0,212,0.01,9.0,8.11111111111111,0.05194805194805197,10,0,0,0,,
0,213,0.01,10.0,9.0,0.05263157894736842,10,0,0,0,,
0,214,0.01,63.333333333333336,54.44444444444444,0.07547169811320759,10,0,0,0,,
0,215,0.01,81.11111111111111,72.22222222222223,0.057971014492753596,10,0,0,0,,
0,216,0.01,100.0,90.0,0.05263157894736842,10,0,0,0,,
0,217,0.01,633.3333333333333,544.4444444444445,0.07547169811320747,10,0,0,0,,
0,218,0.01,811.1111111111111,722.2222222222222,0.057971014492753645,10,0,0,0,,
0,219,0.01,1000.0,900.0,0.05263157894736842,10,0,0,0,,
0,220,0.01,0.002777777777777778,0.001888888888888889,0.19047619047619047,10,21,6,0,0.020417379446695295,1586.16607944137
0,221,0.01,0.0054444444444444445,0.003666666666666667,0.19512195121951215,10,14,4,0,0.03372873086588689,1463.8954207844617
0,222,0.01,0.00811111111111111,0.006333333333333334,0.123076923076923,10,14,3,0,0.04570881896148752,1510.670050656085
0,223,0.01,0.01,0.00811111111111111,0.1042944785276074,10,10,2,0,0.05345643593969719,1413.4175988413035
0,224,0.01,0.05444444444444445,0.03666666666666667,0.19512195121951223,10,1,0,0,0.8444963308872581,397.4271828427583
0,225,0.01,0.0811111111111111,0.05444444444444445,0.1967213114754098,10,0,0,0,,
0,226,0.01,0.1,0.07222222222222222,0.16129032258064524,10,0,0,0,,
0,227,0.01,0.4555555555555556,0.3666666666666667,0.10810810810810811,10,0,0,0,,
0,228,0.01,0.8111111111111111,0.5444444444444445,0.19672131147540978,10,0,0,0,,
0,229,0.01,1.0,0.7222222222222222,0.16129032258064516,10,0,0,0,,
0,230,0.01,3.6666666666666665,2.7777777777777777,0.13793103448275862,10,0,0,0,,
0,231,0.01,7.222222222222221,5.444444444444445,0.1403508771929824,10,0,0,0,,
0,232,0.01,9.0,7.222222222222221,0.10958904109589046,10,0,0,0,,
0,233,0.01,36.66666666666667,27.77777777777778,0.13793103448275865,10,0,0,0,,
0,234,0.01,72.22222222222223,54.44444444444444,0.1403508771929825,10,0,0,0,,
0,235,0.01,90.0,63.333333333333336,0.17391304347826084,10,0,0,0,,
0,236,0.01,277.77777777777777,188.88888888888889,0.1904761904761905,10,0,0,0,,
0,237,0.01,633.3333333333333,455.55555555555554,0.16326530612244894,10,0,0,0,,
0,238,0.01,900.0,633.3333333333333,0.17391304347826092,10,0,0,0,,
0,239,0.01,3000.0,2000.0,0.2,10,0,0,0,,
0,240,0.01,0.004555555555555556,0.002777777777777778,0.2424242424242424,10,15,5,0,0.029376496519615308,1462.0505205558468
0,241,0.01,0.007222222222222223,0.004555555555555556,0.22641509433962265,10,13,3,0,0.041495404263436286,1299.2268820299394
0,242,0.01,0.009,0.0054444444444444445,0.2461538461538461,10,12,2,0,0.04897788193684462,1457.6752773743976
0,243,0.01,0.01,0.006333333333333334,0.2244897959183673,10,10,2,0,0.05296634438916581,1606.2046535649708
0,244,0.01,0.06333333333333332,0.03666666666666667,0.2666666666666666,10,1,0,0,0.9087391594396264,277.71471992689106
0,245,0.01,0.0811111111111111,0.04555555555555556,0.2807017543859649,10,0,0,0,,
0,246,0.01,0.1,0.05444444444444445,0.2949640287769784,10,0,0,0,,
0,247,0.01,0.6333333333333333,0.3666666666666667,0.2666666666666666,10,0,0,0,,
0,248,0.01,0.8111111111111111,0.4555555555555556,0.2807017543859649,10,0,0,0,,
0,249,0.01,1.0,0.5444444444444445,0.29496402877697836,10,0,0,0,,
0,250,0.01,4.555555555555555,2.7777777777777777,0.24242424242424243,10,0,0,0,,
0,251,0.01,7.222222222222221,4.555555555555555,0.22641509433962262,10,0,0,0,,
0,252,0.01,9.0,5.444444444444445,0.24615384615384614,10,0,0,0,,
0,253,0.01,45.55555555555556,27.77777777777778,0.2424242424242424,10,0,0,0,,
0,254,0.01,72.22222222222223,45.55555555555556,0.22641509433962267,10,0,0,0,,
0,255,0.01,90.0,54.44444444444444,0.24615384615384614,10,0,0,0,,
0,256,0.01,100.0,63.333333333333336,0.22448979591836732,10,0,0,0,,
0,257,0.01,633.3333333333333,366.66666666666663,0.26666666666666666,10,0,0,0,,
0,258,0.01,811.1111111111111,455.55555555555554,0.28070175438596495,10,0,0,0,,
0,259,0.01,1000.0,633.3333333333333,0.2244897959183674,10,0,0,0,,
0,260,0.01,0.001888888888888889,0.001,0.3076923076923077,10,28,8,1,0.015135612484362087,8031.415168379019
0,261,0.01,0.006333333333333334,0.002777777777777778,0.39024390243902446,10,13,4,0,0.036982817978026626,1428.4349586189053
0,262,0.01,0.009,0.004555555555555556,0.3278688524590163,10,12,2,0,0.0485288500162121,1559.6848563717426
0,263,0.01,0.01888888888888889,0.009,0.354581673306773,10,8,1,0,0.08394599865193973,1383.9956426387505
0,264,0.01,0.05444444444444445,0.027777777777777776,0.3243243243243244,10,1,0,0,0.8318879252835223,415.7040189781621
0,265,0.01,0.0811111111111111,0.03666666666666667,0.3773584905660377,10,0,0,0,,
0,266,0.01,0.18888888888888888,0.0811111111111111,0.39917695473251025,10,0,0,0,,
0,267,0.01,0.3666666666666667,0.18888888888888888,0.32000000000000006,10,0,0,0,,
0,268,0.01,0.7222222222222222,0.3666666666666667,0.3265306122448979,10,0,0,0,,
0,269,0.01,1.0,0.4555555555555556,0.37404580152671746,10,0,0,0,,
0,270,0.01,3.6666666666666665,1.8888888888888888,0.32,10,0,0,0,,
0,271,0.01,7.222222222222221,3.6666666666666665,0.32653061224489793,10,0,0,0,,
0,272,0.01,10.0,4.555555555555555,0.37404580152671757,10,0,0,0,,
0,273,0.01,18.88888888888889,10.0,0.3076923076923077,10,0,0,0,,
0,274,0.01,63.333333333333336,27.77777777777778,0.3902439024390244,10,0,0,0,,
0,275,0.01,90.0,45.55555555555556,0.3278688524590164,10,0,0,0,,
0,276,0.01,188.88888888888889,90.0,0.35458167330677287,10,0,0,0,,
0,277,0.01,544.4444444444445,277.77777777777777,0.32432432432432434,10,0,0,0,,
0,278,0.01,811.1111111111111,366.66666666666663,0.3773584905660377,10,0,0,0,,
0,279,0.01,2000.0,1000.0,0.3333333333333333,10,0,0,0,,
0,280,0.01,0.002777777777777778,0.001,0.47058823529411764,10,20,6,0,0.01967886289706845,1540.310009619864
0,281,0.01,0.0054444444444444445,0.001888888888888889,0.48484848484848486,10,16,5,0,0.03235936569296284,1422.4353710033379
0,282,0.01,0.009,0.003666666666666667,0.4210526315789473,10,11,2,0,0.04786300923226385,1450.5617973102078
0,283,0.01,0.01888888888888889,0.007222222222222223,0.4468085106382978,10,9,1,0,0.08279421637123345,1484.492831404793
0,284,0.01,0.05444444444444445,0.01888888888888889,0.4848484848484849,10,1,0,0,0.8036691127418278,450.369649097378
0,285,0.01,0.09,0.03666666666666667,0.4210526315789474,10,0,0,0,,
0,286,0.01,0.18888888888888888,0.07222222222222222,0.44680851063829796,10,0,0,0,,
0,287,0.01,0.4555555555555556,0.18888888888888888,0.4137931034482759,10,0,0,0,,
0,288,0.01,0.8111111111111111,0.2777777777777778,0.48979591836734687,10,0,0,0,,
0,289,0.01,1.8888888888888888,0.6333333333333333,0.4977973568281938,10,0,0,0,,
0,290,0.01,4.555555555555555,1.8888888888888888,0.4137931034482758,10,0,0,0,,
0,291,0.01,8.11111111111111,2.7777777777777777,0.48979591836734687,10,0,0,0,,
0,292,0.01,18.88888888888889,6.333333333333333,0.4977973568281939,10,0,0,0,,
0,293,0.01,27.77777777777778,10.0,0.47058823529411764,10,0,0,0,,
0,294,0.01,72.22222222222223,27.77777777777778,0.4444444444444445,10,0,0,0,,
0,295,0.01,100.0,36.66666666666667,0.4634146341463414,10,0,0,0,,
0,296,0.01,277.77777777777777,100.0,0.47058823529411764,10,0,0,0,,
0,297,0.01,722.2222222222222,277.77777777777777,0.4444444444444444,10,0,0,0,,
0,298,0.01,1000.0,366.66666666666663,0.46341463414634154,10,0,0,0,,
0,299,0.01,3000.0,1000.0,0.5,10,0,0,0,,
0,300,0.01,0.003666666666666667,0.001,0.5714285714285715,10,22,6,0,0.023442288153199226,1555.202649187399
0,301,0.01,0.007222222222222223,0.001888888888888889,0.5853658536585367,10,14,3,0,0.038725764492161724,1538.3159310274716
0,302,0.01,0.01888888888888889,0.0054444444444444445,0.5525114155251142,10,7,1,0,0.08053784411990669,1316.1194724715285
0,303,0.01,0.027777777777777776,0.009,0.5105740181268882,10,6,1,0,0.3605737158105403,1486.815947160399
0,304,0.01,0.07222222222222222,0.01888888888888889,0.5853658536585367,10,1,0,0,0.8985323549032688,252.94098128197533
0,305,0.01,0.1,0.027777777777777776,0.5652173913043479,10,0,0,0,,
0,306,0.01,0.2777777777777778,0.0811111111111111,0.5479876160990712,10,0,0,0,,
0,307,0.01,0.6333333333333333,0.18888888888888888,0.5405405405405406,10,0,0,0,,
0,308,0.01,1.0,0.2777777777777778,0.5652173913043479,10,0,0,0,,
0,309,0.01,2.7777777777777777,0.8111111111111111,0.5479876160990712,10,0,0,0,,
0,310,0.01,3.6666666666666665,1.0,0.5714285714285715,10,0,0,0,,
0,311,0.01,9.0,2.7777777777777777,0.5283018867924528,10,0,0,0,,
0,312,0.01,27.77777777777778,7.222222222222221,0.5873015873015873,10,0,0,0,,
0,313,0.01,36.66666666666667,10.0,0.5714285714285715,10,0,0,0,,
0,314,0.01,90.0,27.77777777777778,0.5283018867924528,10,0,0,0,,
0,315,0.01,188.88888888888889,54.44444444444444,0.5525114155251143,10,0,0,0,,
0,316,0.01,277.77777777777777,90.0,0.5105740181268882,10,0,0,0,,
0,317,0.01,722.2222222222222,188.88888888888889,0.5853658536585366,10,0,0,0,,
0,318,0.01,2000.0,544.4444444444445,0.572052401746725,10,0,0,0,,
0,319,0.01,3000.0,900.0,0.5384615384615384,10,0,0,0,,
0,320,0.01,0.004555555555555556,0.001,0.64,10,18,5,0,0.026668586645214806,1391.0851450956643
0,321,0.01,0.01,0.001888888888888889,0.6822429906542055,10,12,2,0,0.046773514128719815,1318.717466015621
0,322,0.01,0.027777777777777776,0.006333333333333334,0.6286644951140065,10,6,1,0,0.34256170780520345,1395.0458855029244
0,323,0.01,0.04555555555555556,0.00811111111111111,0.6977225672877847,10,4,1,0,0.4260173448965977,1191.1879653643402
0,324,0.01,0.0811111111111111,0.01888888888888889,0.6222222222222222,10,1,0,0,0.9363575717144762,200.68152762901187
0,325,0.01,0.18888888888888888,0.04555555555555556,0.6113744075829383,10,0,0,0,,
0,326,0.01,0.3666666666666667,0.0811111111111111,0.6377171215880892,10,0,0,0,,
0,327,0.01,0.5444444444444445,0.1,0.6896551724137931,10,0,0,0,,
0,328,0.01,1.8888888888888888,0.3666666666666667,0.6748768472906403,10,0,0,0,,
0,329,0.01,3.6666666666666665,0.7222222222222222,0.6708860759493671,10,0,0,0,,
0,330,0.01,4.555555555555555,0.9,0.670061099796334,10,0,0,0,,
0,331,0.01,9.0,1.8888888888888888,0.6530612244897959,10,0,0,0,,
0,332,0.01,27.77777777777778,5.444444444444445,0.6722408026755854,10,0,0,0,,
0,333,0.01,45.55555555555556,8.11111111111111,0.6977225672877846,10,0,0,0,,
0,334,0.01,81.11111111111111,18.88888888888889,0.6222222222222222,10,0,0,0,,
0,335,0.01,188.88888888888889,45.55555555555556,0.6113744075829383,10,0,0,0,,
0,336,0.01,366.66666666666663,81.11111111111111,0.6377171215880894,10,0,0,0,,
0,337,0.01,455.55555555555554,100.0,0.64,10,0,0,0,,
0,338,0.01,1000.0,188.88888888888889,0.6822429906542056,10,0,0,0,,
0,339,0.01,3000.0,722.2222222222222,0.6119402985074627,10,0,0,0,,
0,340,0.01,0.006333333333333334,0.001,0.7272727272727273,10,14,4,0,0.031915378551007616,1478.0910469416185
0,341,0.01,0.03666666666666667,0.004555555555555556,0.7789757412398922,10,8,1,0,0.1114076050700467,1463.8654615329574
0,342,0.01,0.05444444444444445,0.006333333333333334,0.7915904936014624,10,5,1,0,0.41340893929286193,1396.450570777446
0,343,0.01,0.06333333333333332,0.009,0.7511520737327189,10,3,0,0,0.4812541694462975,1517.853305773603
0,344,0.01,0.09,0.01,0.8,10,1,0,0,0.7898599066044029,362.0098558437023
0,345,0.01,0.3666666666666667,0.06333333333333332,0.7054263565891472,10,0,0,0,,
0,346,0.01,0.5444444444444445,0.0811111111111111,0.7406749555950266,10,0,0,0,,
0,347,0.01,0.7222222222222222,0.0811111111111111,0.7980636237897648,10,0,0,0,,
0,348,0.01,2.7777777777777777,0.3666666666666667,0.7667844522968198,10,0,0,0,,
0,349,0.01,4.555555555555555,0.6333333333333333,0.7558886509635975,10,0,0,0,,
0,350,0.01,6.333333333333333,0.7222222222222222,0.795275590551181,10,0,0,0,,
0,351,0.01,7.222222222222221,1.0,0.7567567567567567,10,0,0,0,,
0,352,0.01,36.66666666666667,4.555555555555555,0.7789757412398921,10,0,0,0,,
0,353,0.01,54.44444444444444,6.333333333333333,0.7915904936014625,10,0,0,0,,
0,354,0.01,63.333333333333336,9.0,0.7511520737327189,10,0,0,0,,
0,355,0.01,90.0,10.0,0.8,10,0,0,0,,
0,356,0.01,366.66666666666663,63.333333333333336,0.7054263565891473,10,0,0,0,,
0,357,0.01,544.4444444444445,81.11111111111111,0.7406749555950267,10,0,0,0,,
0,358,0.01,722.2222222222222,81.11111111111111,0.7980636237897649,10,0,0,0,,
0,359,0.01,3000.0,455.55555555555554,0.7363344051446945,10,0,0,0,,
0,360,0.01,0.009,0.001,0.8000000000000002,10,13,4,0,0.03767037989839089,1390.398340254147
0,361,0.01,0.04555555555555556,0.003666666666666667,0.8510158013544019,10,6,1,0,0.11200800533689126,961.0435437074849
0,362,0.01,0.07222222222222222,0.0054444444444444445,0.8597997138769671,10,6,1,0,0.40260173448965975,1648.2827474543055
0,363,0.01,0.09,0.006333333333333334,0.8685121107266437,10,4,0,0,0.4410273515677118,1414.109825555984
0,364,0.01,0.18888888888888888,0.01,0.8994413407821228,10,1,0,0,0.8168779186124082,240.06039680958438
0,365,0.01,0.5444444444444445,0.04555555555555556,0.8455743879472692,10,0,0,0,,
0,366,0.01,0.8111111111111111,0.04555555555555556,0.8936446173800259,10,0,0,0,,
0,367,0.01,0.9,0.09,0.8181818181818182,10,0,0,0,,
0,368,0.01,2.7777777777777777,0.2777777777777778,0.8181818181818182,10,0,0,0,,
0,369,0.01,6.333333333333333,0.4555555555555556,0.8657937806873977,10,0,0,0,,
0,370,0.01,8.11111111111111,0.7222222222222222,0.8364779874213837,10,0,0,0,,
0,371,0.01,10.0,0.7222222222222222,0.8652849740932644,10,0,0,0,,
0,372,0.01,45.55555555555556,2.7777777777777777,0.8850574712643677,10,0,0,0,,
0,373,0.01,72.22222222222223,4.555555555555555,0.8813314037626627,10,0,0,0,,
0,374,0.01,90.0,5.444444444444445,0.8859138533178115,10,0,0,0,,
0,375,0.01,100.0,10.0,0.8181818181818182,10,0,0,0,,
0,376,0.01,544.4444444444445,36.66666666666667,0.8738049713193117,10,0,0,0,,
0,377,0.01,722.2222222222222,72.22222222222223,0.8181818181818182,10,0,0,0,,
0,378,0.01,900.0,81.11111111111111,0.8346545866364666,10,0,0,0,,
0,379,0.01,3000.0,277.77777777777777,0.8305084745762712,10,0,0,0,,
0,380,0.01,0.027777777777777776,0.001,0.9305019305019304,10,6,1,0,0.050815944256056046,1626.004831003934
0,381,0.01,0.4555555555555556,0.003666666666666667,0.9840309702395356,10,4,0,0,0.2849232821881254,908.1000457553774
0,382,0.01,0.9,0.003666666666666667,0.9918849133161194,10,3,0,0,0.26991327551701133,740.8649590567479
0,383,0.01,2.7777777777777777,0.0811111111111111,0.94325689856199,10,0,0,0,,
0,384,0.01,5.444444444444445,0.09,0.9674764103593656,10,0,0,0,,
0,385,0.01,8.11111111111111,0.04555555555555556,0.98882985969214,10,0,0,0,,
0,386,0.01,18.88888888888889,0.006333333333333334,0.9993296365336328,10,4,0,0,0.34556370913942625,991.1747066410626
0,387,0.01,36.66666666666667,0.01888888888888889,0.998970227458582,10,0,0,0,,
0,388,0.01,54.44444444444444,0.027777777777777776,0.9989801121876594,10,0,0,0,,
0,389,0.01,72.22222222222223,0.027777777777777776,0.9992310649750098,10,0,0,0,,
0,390,0.01,90.0,0.009,0.9998000199980002,10,4,0,0,0.5635090060040027,1267.2907092291723
0,391,0.01,188.88888888888889,0.0054444444444444445,0.9999423546027204,10,4,0,0,0.30113408939292863,923.9221598759029
0,392,0.01,277.77777777777777,1.0,0.9928258270227183,10,0,0,0,,
0,393,0.01,455.55555555555554,0.03666666666666667,0.9998390373457745,10,0,0,0,,
0,394,0.01,544.4444444444445,7.222222222222221,0.9738167170191341,10,0,0,0,,
0,395,0.01,722.2222222222222,0.06333333333333332,0.9998246307631483,10,0,0,0,,
0,396,0.01,811.1111111111111,8.11111111111111,0.9801980198019803,10,0,0,0,,
0,397,0.01,1000.0,0.04555555555555556,0.9999088930393171,10,0,0,0,,
0,398,0.01,2000.0,5.444444444444445,0.9945703363067206,10,0,0,0,,
0,399,0.01,3000.0,100.0,0.9354838709677419,10,0,0,0,,
1,0,0.05,0.001,0.027777777777777776,-0.9305019305019304,10,32,10,0,0.009908319448927675,1641.009611208117
1,1,0.05,0.001888888888888889,0.7222222222222222,-0.9947828755562373,10,25,7,0,0.01570362804333553,1569.2773008988086
1,2,0.05,0.002777777777777778,54.44444444444444,-0.9998979643895719,10,23,6,0,0.018281002161427428,1639.4842251848472
1,3,0.05,0.004555555555555556,0.1,-0.9128586609989372,10,16,5,0,0.030619634336906787,1483.7962423468468
1,4,0.05,0.0054444444444444445,45.55555555555556,-0.9997610041726721,10,15,4,0,0.030619634336906787,1631.8289699391314
1,5,0.05,0.007222222222222223,0.5444444444444445,-0.9738167170191339,10,12,3,0,0.042854852039743964,1464.5055004202402
1,6,0.05,0.00811111111111111,90.0,-0.999819769329431,10,12,4,0,0.03926449353995997,1500.6533662857976
1,7,0.05,0.01,2.7777777777777777,-0.9928258270227184,10,11,2,0,0.05345643593969719,1643.9597033190928
1,8,0.05,0.01888888888888889,722.2222222222222,-0.9999476936757038,10,6,2,0,0.05861381645140291,1166.7280938951712
1,9,0.05,0.03666666666666667,90.0,-0.999185517011588,10,5,1,0,0.12101400933955972,1449.4562673983453
1,10,0.05,0.05444444444444445,81.11111111111111,-0.998658434749278,10,2,0,0,0.5322881921280853,934.8354604107595
1,11,0.05,0.07222222222222222,100.0,-0.9985565980125465,10,2,0,0,0.6169446297531688,736.002063872945
1,12,0.05,0.09,188.88888888888889,-0.9990475126557345,10,1,0,0,0.685390260173449,90.78877460269815
1,13,0.05,0.18888888888888888,633.3333333333333,-0.9994036866197801,10,0,0,0,,
1,14,0.05,0.4555555555555556,45.55555555555556,-0.9801980198019802,10,0,0,0,,
1,15,0.05,0.7222222222222222,36.66666666666667,-0.9613670133729569,10,0,0,0,,
1,16,0.05,1.0,45.55555555555556,-0.9570405727923628,10,0,0,0,,
1,17,0.05,3.6666666666666665,544.4444444444445,-0.9866207176160553,10,0,0,0,,
1,18,0.05,8.11111111111111,900.0,-0.9821363024593173,10,0,0,0,,
1,19,0.05,100.0,3000.0,-0.9354838709677419,10,0,0,0,,
1,20,0.05,0.001,0.009,-0.8000000000000002,10,34,10,0,0.009908319448927675,1479.120283341401
1,21,0.05,0.003666666666666667,0.05444444444444445,-0.8738049713193117,10,17,5,0,0.02606153549998895,1507.6709621927814
1,22,0.05,0.0054444444444444445,0.0811111111111111,-0.8741976893453145,10,16,4,0,0.03499451670283573,1638.5429398916997
1,23,0.05,0.007222222222222223,0.09,-0.8514285714285713,10,12,3,0,0.04325138310350088,1286.2549629050916
1,24,0.05,0.01,0.18888888888888888,-0.8994413407821228,10,11,2,0,0.05495408738576248,1209.4404235395596
1,25,0.05,0.04555555555555556,0.5444444444444445,-0.8455743879472692,10,2,0,0,0.5100733822548366,551.9363490967457
1,26,0.05,0.06333333333333332,0.6333333333333333,-0.8181818181818181,10,1,0,0,0.9387591727818545,254.1758643312133
1,27,0.05,0.0811111111111111,0.9,-0.8346545866364665,10,0,0,0,,
1,28,0.05,0.2777777777777778,2.7777777777777777,-0.8181818181818182,10,0,0,0,,
1,29,0.05,0.4555555555555556,7.222222222222221,-0.8813314037626627,10,0,0,0,,
1,30,0.05,0.6333333333333333,9.0,-0.8685121107266437,10,0,0,0,,
1,31,0.05,0.9,9.0,-0.8181818181818181,10,0,0,0,,
1,32,0.05,3.6666666666666665,36.66666666666667,-0.8181818181818183,10,0,0,0,,
1,33,0.05,5.444444444444445,63.333333333333336,-0.8416801292407108,10,0,0,0,,
1,34,0.05,7.222222222222221,72.22222222222223,-0.818181818181818,10,0,0,0,,
1,35,0.05,10.0,100.0,-0.8181818181818182,10,0,0,0,,
1,36,0.05,36.66666666666667,633.3333333333333,-0.8905472636815921,10,0,0,0,,
1,37,0.05,54.44444444444444,900.0,-0.8859138533178114,10,0,0,0,,
1,38,0.05,72.22222222222223,1000.0,-0.8652849740932643,10,0,0,0,,
1,39,0.05,277.77777777777777,3000.0,-0.8305084745762712,10,0,0,0,,
1,40,0.05,0.001,0.006333333333333334,-0.7272727272727273,10,34,10,0,0.009862794856312099,1626.6758699710504
1,41,0.05,0.004555555555555556,0.027777777777777776,-0.718213058419244,10,17,5,0,0.030619634336906787,1642.0785854769108
1,42,0.05,0.006333333333333334,0.05444444444444445,-0.7915904936014624,10,13,3,0,0.03926449353995997,1587.8113408662177
1,43,0.05,0.00811111111111111,0.07222222222222222,-0.7980636237897648,10,13,3,0,0.04698941086052156,1301.8046578448345
1,44,0.05,0.01,0.0811111111111111,-0.7804878048780489,10,11,2,0,0.05495408738576248,1646.0465888493895
1,45,0.05,0.05444444444444445,0.3666666666666667,-0.7414248021108178,10,1,0,0,0.8685123415610406,355.0938130478083
1,46,0.05,0.07222222222222222,0.5444444444444445,-0.7657657657657659,10,0,0,0,,
1,47,0.05,0.09,0.6333333333333333,-0.751152073732719,10,0,0,0,,
1,48,0.05,0.3666666666666667,2.7777777777777777,-0.7667844522968198,10,0,0,0,,
1,49,0.05,0.6333333333333333,4.555555555555555,-0.7558886509635975,10,0,0,0,,
1,50,0.05,0.8111111111111111,5.444444444444445,-0.7406749555950267,10,0,0,0,,
1,51,0.05,1.0,6.333333333333333,-0.7272727272727273,10,0,0,0,,
1,52,0.05,4.555555555555555,36.66666666666667,-0.7789757412398921,10,0,0,0,,
1,53,0.05,7.222222222222221,45.55555555555556,-0.7263157894736842,10,0,0,0,,
1,54,0.05,9.0,54.44444444444444,-0.7162872154115587,10,0,0,0,,
1,55,0.05,10.0,81.11111111111111,-0.7804878048780488,10,0,0,0,,
1,56,0.05,54.44444444444444,455.55555555555554,-0.7864923747276688,10,0,0,0,,
1,57,0.05,72.22222222222223,633.3333333333333,-0.7952755905511812,10,0,0,0,,
1,58,0.05,90.0,722.2222222222222,-0.7783857729138167,10,0,0,0,,
1,59,0.05,455.55555555555554,3000.0,-0.7363344051446945,10,0,0,0,,
1,60,0.05,0.001,0.004555555555555556,-0.64,10,30,10,0,0.009862794856312099,1548.5370216543095
1,61,0.05,0.001888888888888889,0.01,-0.6822429906542055,10,26,7,0,0.01584893192461114,1544.8400012551672
1,62,0.05,0.006333333333333334,0.027777777777777776,-0.6286644951140065,10,15,3,0,0.039084089579240214,1506.4037074882215
1,63,0.05,0.009,0.03666666666666667,-0.6058394160583941,10,11,2,0,0.05058246620031143,1512.2476316636971
1,64,0.05,0.01888888888888889,0.0811111111111111,-0.6222222222222222,10,6,1,0,0.08790225168308842,822.2756271508619
1,65,0.05,0.04555555555555556,0.18888888888888888,-0.6113744075829383,10,2,0,0,0.510673782521681,531.466551254107
1,66,0.05,0.0811111111111111,0.3666666666666667,-0.6377171215880892,10,0,0,0,,
1,67,0.05,0.1,0.5444444444444445,-0.6896551724137931,10,0,0,0,,
1,68,0.05,0.3666666666666667,1.8888888888888888,-0.6748768472906403,10,0,0,0,,
1,69,0.05,0.7222222222222222,3.6666666666666665,-0.6708860759493671,10,0,0,0,,
1,70,0.05,0.9,4.555555555555555,-0.670061099796334,10,0,0,0,,
1,71,0.05,1.8888888888888888,9.0,-0.6530612244897959,10,0,0,0,,
1,72,0.05,5.444444444444445,27.77777777777778,-0.6722408026755854,10,0,0,0,,
1,73,0.05,9.0,36.66666666666667,-0.6058394160583942,10,0,0,0,,
1,74,0.05,18.88888888888889,81.11111111111111,-0.6222222222222222,10,0,0,0,,
1,75,0.05,45.55555555555556,188.88888888888889,-0.6113744075829383,10,0,0,0,,
1,76,0.05,81.11111111111111,366.66666666666663,-0.6377171215880894,10,0,0,0,,
1,77,0.05,100.0,455.55555555555554,-0.64,10,0,0,0,,
1,78,0.05,188.88888888888889,1000.0,-0.6822429906542056,10,0,0,0,,
1,79,0.05,722.2222222222222,3000.0,-0.6119402985074627,10,0,0,0,,
1,80,0.05,0.001,0.003666666666666667,-0.5714285714285715,10,33,10,0,0.009817479430199843,1628.40203003113
1,81,0.05,0.001888888888888889,0.007222222222222223,-0.5853658536585367,10,27,7,0,0.01584893192461114,1614.750865908492
1,82,0.05,0.0054444444444444445,0.01888888888888889,-0.5525114155251142,10,15,4,0,0.0348337315036012,1626.9697939562363
1,83,0.05,0.009,0.027777777777777776,-0.5105740181268882,10,11,2,0,0.05035006087879047,1341.3339308134816
1,84,0.05,0.01888888888888889,0.07222222222222222,-0.5853658536585367,10,6,1,0,0.08790225168308842,1056.7226495833127
1,85,0.05,0.05444444444444445,0.18888888888888888,-0.5525114155251141,10,2,0,0,0.561707805203469,349.52530041252646
1,86,0.05,0.09,0.2777777777777778,-0.5105740181268883,10,0,0,0,,
1,87,0.05,0.18888888888888888,0.6333333333333333,-0.5405405405405406,10,0,0,0,,
1,88,0.05,0.2777777777777778,1.0,-0.5652173913043479,10,0,0,0,,
1,89,0.05,0.8111111111111111,2.7777777777777777,-0.5479876160990712,10,0,0,0,,
1,90,0.05,1.8888888888888888,6.333333333333333,-0.5405405405405406,10,0,0,0,,
1,91,0.05,2.7777777777777777,10.0,-0.5652173913043478,10,0,0,0,,
1,92,0.05,8.11111111111111,27.77777777777778,-0.5479876160990713,10,0,0,0,,
1,93,0.05,10.0,36.66666666666667,-0.5714285714285715,10,0,0,0,,
1,94,0.05,27.77777777777778,90.0,-0.5283018867924528,10,0,0,0,,
1,95,0.05,72.22222222222223,277.77777777777777,-0.5873015873015872,10,0,0,0,,
1,96,0.05,100.0,366.66666666666663,-0.5714285714285714,10,0,0,0,,
1,97,0.05,277.77777777777777,900.0,-0.5283018867924527,10,0,0,0,,
1,98,0.05,633.3333333333333,2000.0,-0.518987341772152,10,0,0,0,,
1,99,0.05,1000.0,3000.0,-0.5,10,0,0,0,,
1,100,0.05,0.001,0.002777777777777778,-0.47058823529411764,10,33,10,0,0.009772372209558112,1615.9721905671186
1,101,0.05,0.001888888888888889,0.0054444444444444445,-0.48484848484848486,10,23,7,0,0.01570362804333553,1541.9997685175667
1,102,0.05,0.003666666666666667,0.009,-0.4210526315789473,10,19,5,0,0.025703957827688646,1381.1457920059509
1,103,0.05,0.007222222222222223,0.01888888888888889,-0.4468085106382978,10,13,3,0,0.04265795188015926,1452.9646771303935
1,104,0.05,0.01888888888888889,0.05444444444444445,-0.4848484848484849,10,7,1,0,0.08749837752274364,1357.4237661918642
1,105,0.05,0.027777777777777776,0.0811111111111111,-0.4897959183673469,10,5,1,0,0.38939292861907937,1344.3599160160513
1,106,0.05,0.06333333333333332,0.18888888888888888,-0.4977973568281938,10,1,0,0,0.9381587725150099,235.50560107672186
1,107,0.05,0.18888888888888888,0.4555555555555556,-0.4137931034482759,10,0,0,0,,
1,108,0.05,0.2777777777777778,0.8111111111111111,-0.48979591836734687,10,0,0,0,,
1,109,0.05,0.6333333333333333,1.8888888888888888,-0.4977973568281938,10,0,0,0,,
1,110,0.05,1.0,2.7777777777777777,-0.47058823529411764,10,0,0,0,,
1,111,0.05,2.7777777777777777,7.222222222222221,-0.44444444444444436,10,0,0,0,,
1,112,0.05,3.6666666666666665,10.0,-0.46341463414634154,10,0,0,0,,
1,113,0.05,10.0,27.77777777777778,-0.47058823529411764,10,0,0,0,,
1,114,0.05,27.77777777777778,72.22222222222223,-0.4444444444444445,10,0,0,0,,
1,115,0.05,36.66666666666667,90.0,-0.4210526315789473,10,0,0,0,,
1,116,0.05,72.22222222222223,188.88888888888889,-0.4468085106382979,10,0,0,0,,
1,117,0.05,188.88888888888889,544.4444444444445,-0.4848484848484848,10,0,0,0,,
1,118,0.05,366.66666666666663,900.0,-0.42105263157894746,10,0,0,0,,
1,119,0.05,811.1111111111111,2000.0,-0.42292490118577075,10,0,0,0,,
1,120,0.05,0.001,0.001888888888888889,-0.3076923076923077,10,30,10,0,0.009638290236239706,1490.6304859299767
1,121,0.05,0.002777777777777778,0.006333333333333334,-0.39024390243902446,10,22,6,0,0.020892961308540386,1470.6713199413991
1,122,0.05,0.004555555555555556,0.009,-0.3278688524590163,10,17,5,0,0.03006076302628232,1321.344178052122
1,123,0.05,0.009,0.01888888888888889,-0.354581673306773,10,11,2,0,0.049888448746001214,1130.6492572346142
1,124,0.05,0.027777777777777776,0.05444444444444445,-0.3243243243243244,10,5,1,0,0.385790527018012,685.6022598962642
1,125,0.05,0.03666666666666667,0.0811111111111111,-0.3773584905660377,10,3,0,0,0.45003335557038027,1514.1201507425726
1,126,0.05,0.0811111111111111,0.18888888888888888,-0.39917695473251025,10,0,0,0,,
1,127,0.05,0.18888888888888888,0.3666666666666667,-0.32000000000000006,10,0,0,0,,
1,128,0.05,0.3666666666666667,0.7222222222222222,-0.3265306122448979,10,0,0,0,,
1,129,0.05,0.4555555555555556,1.0,-0.37404580152671746,10,0,0,0,,
1,130,0.05,1.8888888888888888,3.6666666666666665,-0.32,10,0,0,0,,
1,131,0.05,3.6666666666666665,7.222222222222221,-0.32653061224489793,10,0,0,0,,
1,132,0.05,4.555555555555555,10.0,-0.37404580152671757,10,0,0,0,,
1,133,0.05,10.0,18.88888888888889,-0.3076923076923077,10,0,0,0,,
1,134,0.05,27.77777777777778,63.333333333333336,-0.3902439024390244,10,0,0,0,,
1,135,0.05,45.55555555555556,90.0,-0.3278688524590164,10,0,0,0,,
1,136,0.05,90.0,188.88888888888889,-0.35458167330677287,10,0,0,0,,
1,137,0.05,277.77777777777777,544.4444444444445,-0.32432432432432434,10,0,0,0,,
1,138,0.05,366.66666666666663,811.1111111111111,-0.3773584905660377,10,0,0,0,,
1,139,0.05,1000.0,2000.0,-0.3333333333333333,10,0,0,0,,
1,140,0.05,0.002777777777777778,0.004555555555555556,-0.2424242424242424,10,21,6,0,0.020606299132700005,1556.6296931487254
1,141,0.05,0.004555555555555556,0.007222222222222223,-0.22641509433962265,10,16,5,0,0.02978516429429191,1433.2237764079262
1,142,0.05,0.0054444444444444445,0.009,-0.2461538461538461,10,16,4,0,0.03404081897010009,1323.6064659393298
1,143,0.05,0.006333333333333334,0.01,-0.2244897959183673,10,15,3,0,0.038018939632056124,1547.2578213665945
1,144,0.05,0.03666666666666667,0.06333333333333332,-0.2666666666666666,10,3,0,0,0.44643095396931287,730.0554584401717
1,145,0.05,0.05444444444444445,0.09,-0.24615384615384614,10,2,0,0,0.552101400933956,337.8340689654421
1,146,0.05,0.06333333333333332,0.1,-0.22448979591836743,10,1,0,0,0.9219479653102067,240.33210230782575
1,147,0.05,0.3666666666666667,0.6333333333333333,-0.2666666666666666,10,0,0,0,,
1,148,0.05,0.4555555555555556,0.8111111111111111,-0.2807017543859649,10,0,0,0,,
1,149,0.05,0.5444444444444445,1.0,-0.29496402877697836,10,0,0,0,,
1,150,0.05,3.6666666666666665,6.333333333333333,-0.26666666666666666,10,0,0,0,,
1,151,0.05,4.555555555555555,8.11111111111111,-0.2807017543859649,10,0,0,0,,
1,152,0.05,5.444444444444445,10.0,-0.2949640287769784,10,0,0,0,,
1,153,0.05,27.77777777777778,45.55555555555556,-0.2424242424242424,10,0,0,0,,
1,154,0.05,45.55555555555556,72.22222222222223,-0.22641509433962267,10,0,0,0,,
1,155,0.05,54.44444444444444,100.0,-0.2949640287769784,10,0,0,0,,
1,156,0.05,277.77777777777777,455.55555555555554,-0.24242424242424243,10,0,0,0,,
1,157,0.05,455.55555555555554,722.2222222222222,-0.2264150943396226,10,0,0,0,,
1,158,0.05,544.4444444444445,900.0,-0.24615384615384617,10,0,0,0,,
1,159,0.05,2000.0,3000.0,-0.2,10,0,0,0,,
1,160,0.05,0.001888888888888889,0.002777777777777778,-0.19047619047619047,10,27,8,0,0.015346169827992941,1563.3175452085088
1,161,0.05,0.003666666666666667,0.0054444444444444445,-0.19512195121951215,10,19,5,0,0.025234807724805755,1597.9008198791134
1,162,0.05,0.006333333333333334,0.00811111111111111,-0.123076923076923,10,14,3,0,0.037497300224548336,1405.5193851715962
1,163,0.05,0.00811111111111111,0.01,-0.1042944785276074,10,13,3,0,0.045081670454146,1493.5886219954198
1,164,0.05,0.03666666666666667,0.04555555555555556,-0.10810810810810813,10,4,0,0,0.438025350233489,1262.891251821646
1,165,0.05,0.05444444444444445,0.0811111111111111,-0.1967213114754098,10,2,0,0,0.5490993995997331,348.9420662520715
1,166,0.05,0.07222222222222222,0.1,-0.16129032258064524,10,1,0,0,0.9807871914609739,179.16780108866692
1,167,0.05,0.3666666666666667,0.4555555555555556,-0.10810810810810811,10,0,0,0,,
1,168,0.05,0.5444444444444445,0.7222222222222222,-0.1403508771929824,10,0,0,0,,
1,169,0.05,0.7222222222222222,0.9,-0.10958904109589043,10,0,0,0,,
1,170,0.05,2.7777777777777777,3.6666666666666665,-0.13793103448275862,10,0,0,0,,
1,171,0.05,5.444444444444445,7.222222222222221,-0.1403508771929824,10,0,0,0,,
1,172,0.05,6.333333333333333,9.0,-0.1739130434782609,10,0,0,0,,
1,173,0.05,18.88888888888889,27.77777777777778,-0.19047619047619047,10,0,0,0,,
1,174,0.05,45.55555555555556,63.333333333333336,-0.163265306122449,10,0,0,0,,
1,175,0.05,63.333333333333336,90.0,-0.17391304347826084,10,0,0,0,,
1,176,0.05,81.11111111111111,100.0,-0.10429447852760734,10,0,0,0,,
1,177,0.05,366.66666666666663,544.4444444444445,-0.19512195121951226,10,0,0,0,,
1,178,0.05,633.3333333333333,811.1111111111111,-0.12307692307692313,10,0,0,0,,
1,179,0.05,811.1111111111111,1000.0,-0.10429447852760737,10,0,0,0,,
1,180,0.05,0.001,0.001,0.0,10,35,11,0,0.00924698173938223,1622.4063384873032
1,181,0.05,0.004555555555555556,0.0054444444444444445,-0.08888888888888886,10,18,5,0,0.02924152377843337,1584.5039346001663
1,182,0.05,0.007222222222222223,0.007222222222222223,0.0,10,15,3,0,0.040550853544838394,1302.5489747150732
1,183,0.05,0.009,0.01,-0.05263157894736847,10,14,3,0,0.04830588020397728,1491.510163334311
1,184,0.05,0.04555555555555556,0.04555555555555556,0.0,10,4,0,0,0.4842561707805203,1093.6942008949677
1,185,0.05,0.06333333333333332,0.07222222222222222,-0.0655737704918033,10,1,0,0,0.9027351567711808,248.3981565389359
1,186,0.05,0.09,0.09,0.0,10,0,0,0,,
1,187,0.05,0.4555555555555556,0.4555555555555556,0.0,10,0,0,0,,
1,188,0.05,0.6333333333333333,0.7222222222222222,-0.06557377049180328,10,0,0,0,,
1,189,0.05,0.9,0.9,0.0,10,0,0,0,,
1,190,0.05,3.6666666666666665,3.6666666666666665,0.0,10,0,0,0,,
1,191,0.05,6.333333333333333,6.333333333333333,0.0,10,0,0,0,,
1,192,0.05,8.11111111111111,9.0,-0.05194805194805197,10,0,0,0,,
1,193,0.05,36.66666666666667,36.66666666666667,0.0,10,0,0,0,,
1,194,0.05,63.333333333333336,63.333333333333336,0.0,10,0,0,0,,
1,195,0.05,81.11111111111111,90.0,-0.05194805194805193,10,0,0,0,,
1,196,0.05,277.77777777777777,277.77777777777777,0.0,10,0,0,0,,
1,197,0.05,544.4444444444445,633.3333333333333,-0.07547169811320747,10,0,0,0,,
1,198,0.05,811.1111111111111,811.1111111111111,0.0,10,0,0,0,,
1,199,0.05,3000.0,3000.0,0.0,10,0,0,0,,
1,200,0.05,0.0054444444444444445,0.004555555555555556,0.08888888888888886,10,17,5,0,0.032210687912834345,1368.9452509250484
1,201,0.05,0.006333333333333334,0.0054444444444444445,0.0754716981132076,10,14,4,0,0.03614098626396135,1490.5735122132076
1,202,0.05,0.00811111111111111,0.007222222222222223,0.057971014492753555,10,12,3,0,0.04365158322401661,1350.7916127378912
1,203,0.05,0.01,0.009,0.05263157894736847,10,10,2,0,0.051050499997540646,1555.7798201980197
1,204,0.05,0.06333333333333332,0.05444444444444445,0.07547169811320745,10,1,0,0,0.8757171447631754,276.45464339542696
1,205,0.05,0.0811111111111111,0.07222222222222222,0.05797101449275364,10,0,0,0,,
1,206,0.05,0.1,0.09,0.05263157894736847,10,0,0,0,,
1,207,0.05,0.5444444444444445,0.4555555555555556,0.0888888888888889,10,0,0,0,,
1,208,0.05,0.7222222222222222,0.6333333333333333,0.06557377049180328,10,0,0,0,,
1,209,0.05,0.9,0.8111111111111111,0.05194805194805195,10,0,0,0,,
1,210,0.05,5.444444444444445,4.555555555555555,0.08888888888888893,10,0,0,0,,
1,211,0.05,7.222222222222221,6.333333333333333,0.06557377049180325,10,0,0,0,,
1,212,0.05,9.0,8.11111111111111,0.05194805194805197,10,0,0,0,,
1,213,0.05,10.0,9.0,0.05263157894736842,10,0,0,0,,
1,214,0.05,63.333333333333336,54.44444444444444,0.07547169811320759,10,0,0,0,,
1,215,0.05,81.11111111111111,72.22222222222223,0.057971014492753596,10,0,0,0,,
1,216,0.05,100.0,90.0,0.05263157894736842,10,0,0,0,,
1,217,0.05,633.3333333333333,544.4444444444445,0.07547169811320747,10,0,0,0,,
1,218,0.05,811.1111111111111,722.2222222222222,0.057971014492753645,10,0,0,0,,
1,219,0.05,1000.0,900.0,0.05263157894736842,10,0,0,0,,
1,220,0.05,0.002777777777777778,0.001888888888888889,0.19047619047619047,10,23,6,0,0.018879913490962946,1623.1807012273498
1,221,0.05,0.0054444444444444445,0.003666666666666667,0.19512195121951215,10,17,5,0,0.031188895840939385,1220.146298275776
1,222,0.05,0.00811111111111111,0.006333333333333334,0.123076923076923,10,12,3,0,0.042854852039743964,1487.5254537254834
1,223,0.05,0.01,0.00811111111111111,0.1042944785276074,10,10,2,0,0.05035006087879047,1542.2706818246677
1,224,0.05,0.05444444444444445,0.03666666666666667,0.19512195121951223,10,2,0,0,0.5070713809206138,450.28532996200113
1,225,0.05,0.0811111111111111,0.05444444444444445,0.1967213114754098,10,1,0,0,0.9609739826551034,167.1225462396352
1,226,0.05,0.1,0.07222222222222222,0.16129032258064524,10,0,0,0,,
1,227,0.05,0.4555555555555556,0.3666666666666667,0.10810810810810811,10,0,0,0,,
1,228,0.05,0.8111111111111111,0.5444444444444445,0.19672131147540978,10,0,0,0,,
1,229,0.05,1.0,0.7222222222222222,0.16129032258064516,10,0,0,0,,
1,230,0.05,3.6666666666666665,2.7777777777777777,0.13793103448275862,10,0,0,0,,
1,231,0.05,7.222222222222221,5.444444444444445,0.1403508771929824,10,0,0,0,,
1,232,0.05,9.0,7.222222222222221,0.10958904109589046,10,0,0,0,,
1,233,0.05,36.66666666666667,27.77777777777778,0.13793103448275865,10,0,0,0,,
1,234,0.05,72.22222222222223,54.44444444444444,0.1403508771929825,10,0,0,0,,
1,235,0.05,90.0,63.333333333333336,0.17391304347826084,10,0,0,0,,
1,236,0.05,277.77777777777777,188.88888888888889,0.1904761904761905,10,0,0,0,,
1,237,0.05,633.3333333333333,455.55555555555554,0.16326530612244894,10,0,0,0,,
1,238,0.05,900.0,633.3333333333333,0.17391304347826092,10,0,0,0,,
1,239,0.05,3000.0,2000.0,0.2,10,0,0,0,,
1,240,0.05,0.004555555555555556,0.002777777777777778,0.2424242424242424,10,19,5,0,0.026791683248190316,1519.3341827593706
1,241,0.05,0.007222222222222223,0.004555555555555556,0.22641509433962265,10,14,3,0,0.03819442708400464,1353.2657356436193
1,242,0.05,0.009,0.0054444444444444445,0.2461538461538461,10,12,3,0,0.0446683592150963,1304.3370116864571
1,243,0.05,0.01,0.006333333333333334,0.2244897959183673,10,12,2,0,0.0485288500162121,1481.2185646858907
1,244,0.05,0.06333333333333332,0.03666666666666667,0.2666666666666666,10,1,0,0,0.8162775183455636,352.0406289606458
1,245,0.05,0.0811111111111111,0.04555555555555556,0.2807017543859649,10,1,0,0,0.9261507671781187,186.75188658977686
1,246,0.05,0.1,0.05444444444444445,0.2949640287769784,10,0,0,0,,
1,247,0.05,0.6333333333333333,0.3666666666666667,0.2666666666666666,10,0,0,0,,
1,248,0.05,0.8111111111111111,0.4555555555555556,0.2807017543859649,10,0,0,0,,
1,249,0.05,1.0,0.5444444444444445,0.29496402877697836,10,0,0,0,,
1,250,0.05,4.555555555555555,2.7777777777777777,0.24242424242424243,10,0,0,0,,
1,251,0.05,7.222222222222221,4.555555555555555,0.22641509433962262,10,0,0,0,,
1,252,0.05,9.0,5.444444444444445,0.24615384615384614,10,0,0,0,,
1,253,0.05,45.55555555555556,27.77777777777778,0.2424242424242424,10,0,0,0,,
1,254,0.05,72.22222222222223,45.55555555555556,0.22641509433962267,10,0,0,0,,
1,255,0.05,90.0,54.44444444444444,0.24615384615384614,10,0,0,0,,
1,256,0.05,100.0,63.333333333333336,0.22448979591836732,10,0,0,0,,
1,257,0.05,633.3333333333333,366.66666666666663,0.26666666666666666,10,0,0,0,,
1,258,0.05,811.1111111111111,455.55555555555554,0.28070175438596495,10,0,0,0,,
1,259,0.05,1000.0,633.3333333333333,0.2244897959183674,10,0,0,0,,
1,260,0.05,0.001888888888888889,0.001,0.3076923076923077,10,27,8,0,0.013489628825916533,1580.746019698605
1,261,0.05,0.006333333333333334,0.002777777777777778,0.39024390243902446,10,15,4,0,0.031915378551007616,1426.4329022551942
1,262,0.05,0.009,0.004555555555555556,0.3278688524590163,10,12,3,0,0.043052661049171055,1471.55466149017
1,263,0.05,0.01888888888888889,0.009,0.354581673306773,10,9,2,0,0.07379042301291007,931.9908556095869
1,264,0.05,0.05444444444444445,0.027777777777777776,0.3243243243243244,10,3,0,0,0.4794529686457638,1567.4586791711831
1,265,0.05,0.0811111111111111,0.03666666666666667,0.3773584905660377,10,1,0,0,0.8739159439626417,234.02975112993806
1,266,0.05,0.18888888888888888,0.0811111111111111,0.39917695473251025,10,0,0,0,,
1,267,0.05,0.3666666666666667,0.18888888888888888,0.32000000000000006,10,0,0,0,,
1,268,0.05,0.7222222222222222,0.3666666666666667,0.3265306122448979,10,0,0,0,,
1,269,0.05,1.0,0.4555555555555556,0.37404580152671746,10,0,0,0,,
1,270,0.05,3.6666666666666665,1.8888888888888888,0.32,10,0,0,0,,
1,271,0.05,7.222222222222221,3.6666666666666665,0.32653061224489793,10,0,0,0,,
1,272,0.05,10.0,4.555555555555555,0.37404580152671757,10,0,0,0,,
1,273,0.05,18.88888888888889,10.0,0.3076923076923077,10,0,0,0,,
1,274,0.05,63.333333333333336,27.77777777777778,0.3902439024390244,10,0,0,0,,
1,275,0.05,90.0,45.55555555555556,0.3278688524590164,10,0,0,0,,
1,276,0.05,188.88888888888889,90.0,0.35458167330677287,10,0,0,0,,
1,277,0.05,544.4444444444445,277.77777777777777,0.32432432432432434,10,0,0,0,,
1,278,0.05,811.1111111111111,366.66666666666663,0.3773584905660377,10,0,0,0,,
1,279,0.05,2000.0,1000.0,0.3333333333333333,10,0,0,0,,
1,280,0.05,0.002777777777777778,0.001,0.47058823529411764,10,24,7,0,0.01629296032639723,1605.6811433696685
1,281,0.05,0.0054444444444444445,0.001888888888888889,0.48484848484848486,10,18,5,0,0.026668586645214806,1536.4833562750052
1,282,0.05,0.009,0.003666666666666667,0.4210526315789473,10,13,3,0,0.04073802778041126,1201.2603862859442
1,283,0.05,0.01888888888888889,0.007222222222222223,0.4468085106382978,10,9,2,0,0.0695024317588797,989.9904443994594
1,284,0.05,0.05444444444444445,0.01888888888888889,0.4848484848484849,10,4,1,0,0.428418945963976,1375.5380214364598
1,285,0.05,0.09,0.03666666666666667,0.4210526315789474,10,1,0,0,0.8949299533022014,200.45158455799069
1,286,0.05,0.18888888888888888,0.07222222222222222,0.44680851063829796,10,0,0,0,,
1,287,0.05,0.4555555555555556,0.18888888888888888,0.4137931034482759,10,0,0,0,,
1,288,0.05,0.8111111111111111,0.2777777777777778,0.48979591836734687,10,0,0,0,,
1,289,0.05,1.8888888888888888,0.6333333333333333,0.4977973568281938,10,0,0,0,,
1,290,0.05,4.555555555555555,1.8888888888888888,0.4137931034482758,10,0,0,0,,
1,291,0.05,8.11111111111111,2.7777777777777777,0.48979591836734687,10,0,0,0,,
1,292,0.05,18.88888888888889,6.333333333333333,0.4977973568281939,10,0,0,0,,
1,293,0.05,27.77777777777778,10.0,0.47058823529411764,10,0,0,0,,
1,294,0.05,72.22222222222223,27.77777777777778,0.4444444444444445,10,0,0,0,,
1,295,0.05,100.0,36.66666666666667,0.4634146341463414,10,0,0,0,,
1,296,0.05,277.77777777777777,100.0,0.47058823529411764,10,0,0,0,,
1,297,0.05,722.2222222222222,277.77777777777777,0.4444444444444444,10,0,0,0,,
1,298,0.05,1000.0,366.66666666666663,0.46341463414634154,10,0,0,0,,
1,299,0.05,3000.0,1000.0,0.5,10,0,0,0,,
1,300,0.05,0.003666666666666667,0.001,0.5714285714285715,10,20,6,0,0.018197008586099843,1648.0542381666226
1,301,0.05,0.007222222222222223,0.001888888888888889,0.5853658536585367,10,14,4,0,0.02978516429429191,1557.5051032196363
1,302,0.05,0.01888888888888889,0.0054444444444444445,0.5525114155251142,10,8,2,0,0.0633869711256927,1346.2865763600614
1,303,0.05,0.027777777777777776,0.009,0.5105740181268882,10,6,1,0,0.2885256837891928,1010.6352407162433
1,304,0.05,0.07222222222222222,0.01888888888888889,0.5853658536585367,10,4,0,0,0.44943295530353566,1109.5497344612947
1,305,0.05,0.1,0.027777777777777776,0.5652173913043479,10,1,0,0,0.8162775183455636,278.92396742200833
1,306,0.05,0.2777777777777778,0.0811111111111111,0.5479876160990712,10,0,0,0,,
1,307,0.05,0.6333333333333333,0.18888888888888888,0.5405405405405406,10,0,0,0,,
1,308,0.05,1.0,0.2777777777777778,0.5652173913043479,10,0,0,0,,
1,309,0.05,2.7777777777777777,0.8111111111111111,0.5479876160990712,10,0,0,0,,
1,310,0.05,3.6666666666666665,1.0,0.5714285714285715,10,0,0,0,,
1,311,0.05,9.0,2.7777777777777777,0.5283018867924528,10,0,0,0,,
1,312,0.05,27.77777777777778,7.222222222222221,0.5873015873015873,10,0,0,0,,
1,313,0.05,36.66666666666667,10.0,0.5714285714285715,10,0,0,0,,
1,314,0.05,90.0,27.77777777777778,0.5283018867924528,10,0,0,0,,
1,315,0.05,188.88888888888889,54.44444444444444,0.5525114155251143,10,0,0,0,,
1,316,0.05,277.77777777777777,90.0,0.5105740181268882,10,0,0,0,,
1,317,0.05,722.2222222222222,188.88888888888889,0.5853658536585366,10,0,0,0,,
1,318,0.05,2000.0,544.4444444444445,0.572052401746725,10,0,0,0,,
1,319,0.05,3000.0,900.0,0.5384615384615384,10,0,0,0,,
1,320,0.05,0.004555555555555556,0.001,0.64,10,18,5,0,0.019498445997580455,1400.8094603734687
1,321,0.05,0.01,0.001888888888888889,0.6822429906542055,10,13,4,0,0.032809529311311904,1571.0142407374426
1,322,0.05,0.027777777777777776,0.006333333333333334,0.6286644951140065,10,6,1,0,0.07691304402866098,1045.1521945438978
1,323,0.05,0.04555555555555556,0.00811111111111111,0.6977225672877847,10,5,1,0,0.2885256837891928,902.550257248825
1,324,0.05,0.0811111111111111,0.01888888888888889,0.6222222222222222,10,3,0,0,0.45543695797198125,1412.8818219872896
1,325,0.05,0.18888888888888888,0.04555555555555556,0.6113744075829383,10,0,0,0,,
1,326,0.05,0.3666666666666667,0.0811111111111111,0.6377171215880892,10,0,0,0,,
1,327,0.05,0.5444444444444445,0.1,0.6896551724137931,10,0,0,0,,
1,328,0.05,1.8888888888888888,0.3666666666666667,0.6748768472906403,10,0,0,0,,
1,329,0.05,3.6666666666666665,0.7222222222222222,0.6708860759493671,10,0,0,0,,
1,330,0.05,4.555555555555555,0.9,0.670061099796334,10,0,0,0,,
1,331,0.05,9.0,1.8888888888888888,0.6530612244897959,10,0,0,0,,
1,332,0.05,27.77777777777778,5.444444444444445,0.6722408026755854,10,0,0,0,,
1,333,0.05,45.55555555555556,8.11111111111111,0.6977225672877846,10,0,0,0,,
1,334,0.05,81.11111111111111,18.88888888888889,0.6222222222222222,10,0,0,0,,
1,335,0.05,188.88888888888889,45.55555555555556,0.6113744075829383,10,0,0,0,,
1,336,0.05,366.66666666666663,81.11111111111111,0.6377171215880894,10,0,0,0,,
1,337,0.05,455.55555555555554,100.0,0.64,10,0,0,0,,
1,338,0.05,1000.0,188.88888888888889,0.6822429906542056,10,0,0,0,,
1,339,0.05,3000.0,722.2222222222222,0.6119402985074627,10,0,0,0,,
1,340,0.05,0.006333333333333334,0.001,0.7272727272727273,10,17,5,1,0.02128139045982711,40439.40076432901
1,341,0.05,0.03666666666666667,0.004555555555555556,0.7789757412398922,10,7,1,0,0.06918309709189363,1175.7144984505428
1,342,0.05,0.05444444444444445,0.006333333333333334,0.7915904936014624,10,6,1,0,0.08953647655495937,581.7541369589811
1,343,0.05,0.06333333333333332,0.009,0.7511520737327189,10,6,1,0,0.3065376917945297,1276.2562231422967
1,344,0.05,0.09,0.01,0.8,10,5,0,0,0.323949299533022,1110.5665898771624
1,345,0.05,0.3666666666666667,0.06333333333333332,0.7054263565891472,10,0,0,0,,
1,346,0.05,0.5444444444444445,0.0811111111111111,0.7406749555950266,10,0,0,0,,
1,347,0.05,0.7222222222222222,0.0811111111111111,0.7980636237897648,10,0,0,0,,
1,348,0.05,2.7777777777777777,0.3666666666666667,0.7667844522968198,10,0,0,0,,
1,349,0.05,4.555555555555555,0.6333333333333333,0.7558886509635975,10,0,0,0,,
1,350,0.05,6.333333333333333,0.7222222222222222,0.795275590551181,10,0,0,0,,
1,351,0.05,7.222222222222221,1.0,0.7567567567567567,10,0,0,0,,
1,352,0.05,36.66666666666667,4.555555555555555,0.7789757412398921,10,0,0,0,,
1,353,0.05,54.44444444444444,6.333333333333333,0.7915904936014625,10,0,0,0,,
1,354,0.05,63.333333333333336,9.0,0.7511520737327189,10,0,0,0,,
1,355,0.05,90.0,10.0,0.8,10,0,0,0,,
1,356,0.05,366.66666666666663,63.333333333333336,0.7054263565891473,10,0,0,0,,
1,357,0.05,544.4444444444445,81.11111111111111,0.7406749555950267,10,0,0,0,,
1,358,0.05,722.2222222222222,81.11111111111111,0.7980636237897649,10,0,0,0,,
1,359,0.05,3000.0,455.55555555555554,0.7363344051446945,10,0,0,0,,
1,360,0.05,0.009,0.001,0.8000000000000002,10,12,4,0,0.022594357702209782,1496.2991016394726
1,361,0.05,0.04555555555555556,0.003666666666666667,0.8510158013544019,10,6,1,0,0.062230028516915954,1430.7288053141767
1,362,0.05,0.07222222222222222,0.0054444444444444445,0.8597997138769671,10,6,1,0,0.08433347577642757,1109.0022666425414
1,363,0.05,0.09,0.006333333333333334,0.8685121107266437,10,6,1,0,0.0950604793656282,1132.831800383051
1,364,0.05,0.18888888888888888,0.01,0.8994413407821228,10,5,0,0,0.31014009339559706,1272.957951108516
1,365,0.05,0.5444444444444445,0.04555555555555556,0.8455743879472692,10,0,0,0,,
1,366,0.05,0.8111111111111111,0.04555555555555556,0.8936446173800259,10,0,0,0,,
1,367,0.05,0.9,0.09,0.8181818181818182,10,0,0,0,,
1,368,0.05,2.7777777777777777,0.2777777777777778,0.8181818181818182,10,0,0,0,,
1,369,0.05,6.333333333333333,0.4555555555555556,0.8657937806873977,10,0,0,0,,
1,370,0.05,8.11111111111111,0.7222222222222222,0.8364779874213837,10,0,0,0,,
1,371,0.05,10.0,0.7222222222222222,0.8652849740932644,10,0,0,0,,
1,372,0.05,45.55555555555556,2.7777777777777777,0.8850574712643677,10,0,0,0,,
1,373,0.05,72.22222222222223,4.555555555555555,0.8813314037626627,10,0,0,0,,
1,374,0.05,90.0,5.444444444444445,0.8859138533178115,10,0,0,0,,
1,375,0.05,100.0,10.0,0.8181818181818182,10,0,0,0,,
1,376,0.05,544.4444444444445,36.66666666666667,0.8738049713193117,10,0,0,0,,
1,377,0.05,722.2222222222222,72.22222222222223,0.8181818181818182,10,0,0,0,,
1,378,0.05,900.0,81.11111111111111,0.8346545866364666,10,0,0,0,,
1,379,0.05,3000.0,277.77777777777777,0.8305084745762712,10,0,0,0,,
1,380,0.05,0.027777777777777776,0.001,0.9305019305019304,10,6,2,0,0.024660393372343388,1171.7249183696435
1,381,0.05,0.4555555555555556,0.003666666666666667,0.9840309702395356,10,4,0,0,0.0663743070401909,465.5439616475948
1,382,0.05,0.9,0.003666666666666667,0.9918849133161194,10,4,0,0,0.06668067692136219,443.4059671949804
1,383,0.05,2.7777777777777777,0.0811111111111111,0.94325689856199,10,0,0,0,,
1,384,0.05,5.444444444444445,0.09,0.9674764103593656,10,0,0,0,,
1,385,0.05,8.11111111111111,0.04555555555555556,0.98882985969214,10,0,0,0,,
1,386,0.05,18.88888888888889,0.006333333333333334,0.9993296365336328,10,4,0,0,0.10060040026684457,289.0513827593192
1,387,0.05,36.66666666666667,0.01888888888888889,0.998970227458582,10,5,0,0,0.3749833222148099,1561.0118895409744
1,388,0.05,54.44444444444444,0.027777777777777776,0.9989801121876594,10,2,0,0,0.6643762508338892,814.4829243115919
1,389,0.05,72.22222222222223,0.027777777777777776,0.9992310649750098,10,2,0,0,0.661974649766511,1365.3976632890297
1,390,0.05,90.0,0.009,0.9998000199980002,10,4,0,0,0.22788525683789193,753.5473726033513
1,391,0.05,188.88888888888889,0.0054444444444444445,0.9999423546027204,10,5,0,0,0.08953647655495937,635.1975244005739
1,392,0.05,277.77777777777777,1.0,0.9928258270227183,10,0,0,0,,
1,393,0.05,455.55555555555554,0.03666666666666667,0.9998390373457745,10,2,0,0,0.7772515010006671,1312.7354931564892
1,394,0.05,544.4444444444445,7.222222222222221,0.9738167170191341,10,0,0,0,,
1,395,0.05,722.2222222222222,0.06333333333333332,0.9998246307631483,10,0,0,0,,
1,396,0.05,811.1111111111111,8.11111111111111,0.9801980198019803,10,0,0,0,,
1,397,0.05,1000.0,0.04555555555555556,0.9999088930393171,10,0,0,0,,
1,398,0.05,2000.0,5.444444444444445,0.9945703363067206,10,0,0,0,,
1,399,0.05,3000.0,100.0,0.9354838709677419,10,0,0,0,,
2,0,0.1,0.001,0.027777777777777776,-0.9305019305019304,10,32,10,0,0.010092528860766845,1475.3116348574138
2,1,0.1,0.001888888888888889,0.7222222222222222,-0.9947828755562373,10,24,7,0,0.01570362804333553,1568.9774914868965
2,2,0.1,0.002777777777777778,54.44444444444444,-0.9998979643895719,10,22,6,0,0.016595869074375613,1633.6790470881438
2,3,0.1,0.004555555555555556,0.1,-0.9128586609989372,10,18,5,0,0.031045595881283555,1644.9363599888609
2,4,0.1,0.0054444444444444445,45.55555555555556,-0.9997610041726721,10,13,4,0,0.028054336379517132,1447.9502191147346
2,5,0.1,0.007222222222222223,0.5444444444444445,-0.9738167170191339,10,12,3,0,0.043052661049171055,1369.1521482376677
2,6,0.1,0.00811111111111111,90.0,-0.999819769329431,10,12,4,0,0.03499451670283573,1494.0606017890705
2,7,0.1,0.01,2.7777777777777777,-0.9928258270227184,10,10,2,0,0.05272298614228227,1599.1619968911098
2,8,0.1,0.01888888888888889,722.2222222222222,-0.9999476936757038,10,6,2,0,0.04808393484497285,1324.260099007341
2,9,0.1,0.03666666666666667,90.0,-0.999185517011588,10,5,1,0,0.10840560373582389,1276.6965954639138
2,10,0.1,0.05444444444444445,81.11111111111111,-0.998658434749278,10,2,0,0,0.5202801867911941,914.0216065834929
2,11,0.1,0.07222222222222222,100.0,-0.9985565980125465,10,2,0,0,0.6019346230820547,1192.044741603408
2,12,0.1,0.09,188.88888888888889,-0.9990475126557345,10,1,0,0,0.667378252168112,177.8003815132512
2,13,0.1,0.18888888888888888,633.3333333333333,-0.9994036866197801,10,1,0,0,0.9615743829219479,126.319186353294
2,14,0.1,0.4555555555555556,45.55555555555556,-0.9801980198019802,10,0,0,0,,
2,15,0.1,0.7222222222222222,36.66666666666667,-0.9613670133729569,10,0,0,0,,
2,16,0.1,1.0,45.55555555555556,-0.9570405727923628,10,0,0,0,,
2,17,0.1,3.6666666666666665,544.4444444444445,-0.9866207176160553,10,0,0,0,,
2,18,0.1,8.11111111111111,900.0,-0.9821363024593173,10,0,0,0,,
2,19,0.1,100.0,3000.0,-0.9354838709677419,10,0,0,0,,
2,20,0.1,0.001,0.009,-0.8000000000000002,10,29,10,0,0.010092528860766845,1608.817266797067
2,21,0.1,0.003666666666666667,0.05444444444444445,-0.8738049713193117,10,18,5,0,0.02654605561975539,1297.4282441402236
2,22,0.1,0.0054444444444444445,0.0811111111111111,-0.8741976893453145,10,15,4,0,0.035481338923357565,1280.1394368344572
2,23,0.1,0.007222222222222223,0.09,-0.8514285714285713,10,12,3,0,0.04385306977749856,991.5592619465855
2,24,0.1,0.01,0.18888888888888888,-0.8994413407821228,10,11,2,0,0.0554625712957911,1405.4558168546857
2,25,0.1,0.04555555555555556,0.5444444444444445,-0.8455743879472692,10,2,0,0,0.5112741827885257,546.7449473180309
2,26,0.1,0.06333333333333332,0.6333333333333333,-0.8181818181818181,10,1,0,0,0.9405603735823882,239.33742983372963
2,27,0.1,0.0811111111111111,0.9,-0.8346545866364665,10,0,0,0,,
2,28,0.1,0.2777777777777778,2.7777777777777777,-0.8181818181818182,10,0,0,0,,
2,29,0.1,0.4555555555555556,7.222222222222221,-0.8813314037626627,10,0,0,0,,
2,30,0.1,0.6333333333333333,9.0,-0.8685121107266437,10,0,0,0,,
2,31,0.1,0.9,9.0,-0.8181818181818181,10,0,0,0,,
2,32,0.1,3.6666666666666665,36.66666666666667,-0.8181818181818183,10,0,0,0,,
2,33,0.1,5.444444444444445,63.333333333333336,-0.8416801292407108,10,0,0,0,,
2,34,0.1,7.222222222222221,72.22222222222223,-0.818181818181818,10,0,0,0,,
2,35,0.1,10.0,100.0,-0.8181818181818182,10,0,0,0,,
2,36,0.1,36.66666666666667,633.3333333333333,-0.8905472636815921,10,0,0,0,,
2,37,0.1,54.44444444444444,900.0,-0.8859138533178114,10,0,0,0,,
2,38,0.1,72.22222222222223,1000.0,-0.8652849740932643,10,0,0,0,,
2,39,0.1,277.77777777777777,3000.0,-0.8305084745762712,10,0,0,0,,
2,40,0.1,0.001,0.006333333333333334,-0.7272727272727273,10,30,10,0,0.010046157902783957,1500.8081685278478
2,41,0.1,0.004555555555555556,0.027777777777777776,-0.718213058419244,10,16,5,0,0.031045595881283555,1464.5754529062554
2,42,0.1,0.006333333333333334,0.05444444444444445,-0.7915904936014624,10,15,3,0,0.039810717055349734,1311.291431872296
2,43,0.1,0.00811111111111111,0.07222222222222222,-0.7980636237897648,10,13,3,0,0.04764309868054156,1485.0895162563866
2,44,0.1,0.01,0.0811111111111111,-0.7804878048780489,10,11,2,0,0.055718574893192985,1364.0469279264191
2,45,0.1,0.05444444444444445,0.3666666666666667,-0.7414248021108178,10,1,0,0,0.872114743162108,332.1732570825325
2,46,0.1,0.07222222222222222,0.5444444444444445,-0.7657657657657659,10,0,0,0,,
2,47,0.1,0.09,0.6333333333333333,-0.751152073732719,10,0,0,0,,
2,48,0.1,0.3666666666666667,2.7777777777777777,-0.7667844522968198,10,0,0,0,,
2,49,0.1,0.6333333333333333,4.555555555555555,-0.7558886509635975,10,0,0,0,,
2,50,0.1,0.8111111111111111,5.444444444444445,-0.7406749555950267,10,0,0,0,,
2,51,0.1,1.0,6.333333333333333,-0.7272727272727273,10,0,0,0,,
2,52,0.1,4.555555555555555,36.66666666666667,-0.7789757412398921,10,0,0,0,,
2,53,0.1,7.222222222222221,45.55555555555556,-0.7263157894736842,10,0,0,0,,
2,54,0.1,9.0,54.44444444444444,-0.7162872154115587,10,0,0,0,,
2,55,0.1,10.0,81.11111111111111,-0.7804878048780488,10,0,0,0,,
2,56,0.1,54.44444444444444,455.55555555555554,-0.7864923747276688,10,0,0,0,,
2,57,0.1,72.22222222222223,633.3333333333333,-0.7952755905511812,10,0,0,0,,
2,58,0.1,90.0,722.2222222222222,-0.7783857729138167,10,0,0,0,,
2,59,0.1,455.55555555555554,3000.0,-0.7363344051446945,10,0,0,0,,
2,60,0.1,0.001,0.004555555555555556,-0.64,10,28,11,1,0.01,244337.8265337799
2,61,0.1,0.001888888888888889,0.01,-0.6822429906542055,10,27,7,0,0.016069412530128772,1647.662210565584
2,62,0.1,0.006333333333333334,0.027777777777777776,-0.6286644951140065,10,14,3,0,0.03944573020752785,1375.934706384839
2,63,0.1,0.009,0.03666666666666667,-0.6058394160583941,10,12,2,0,0.051050499997540646,1485.1926425401841
2,64,0.1,0.01888888888888889,0.0811111111111111,-0.6222222222222222,10,7,1,0,0.08871560120379608,1294.8938664247567
2,65,0.1,0.04555555555555556,0.18888888888888888,-0.6113744075829383,10,2,0,0,0.5118745830553703,459.09948670292727
2,66,0.1,0.0811111111111111,0.3666666666666667,-0.6377171215880892,10,0,0,0,,
2,67,0.1,0.1,0.5444444444444445,-0.6896551724137931,10,0,0,0,,
2,68,0.1,0.3666666666666667,1.8888888888888888,-0.6748768472906403,10,0,0,0,,
2,69,0.1,0.7222222222222222,3.6666666666666665,-0.6708860759493671,10,0,0,0,,
2,70,0.1,0.9,4.555555555555555,-0.670061099796334,10,0,0,0,,
2,71,0.1,1.8888888888888888,9.0,-0.6530612244897959,10,0,0,0,,
2,72,0.1,5.444444444444445,27.77777777777778,-0.6722408026755854,10,0,0,0,,
2,73,0.1,9.0,36.66666666666667,-0.6058394160583942,10,0,0,0,,
2,74,0.1,18.88888888888889,81.11111111111111,-0.6222222222222222,10,0,0,0,,
2,75,0.1,45.55555555555556,188.88888888888889,-0.6113744075829383,10,0,0,0,,
2,76,0.1,81.11111111111111,366.66666666666663,-0.6377171215880894,10,0,0,0,,
2,77,0.1,100.0,455.55555555555554,-0.64,10,0,0,0,,
2,78,0.1,188.88888888888889,1000.0,-0.6822429906542056,10,0,0,0,,
2,79,0.1,722.2222222222222,3000.0,-0.6119402985074627,10,0,0,0,,
2,80,0.1,0.001,0.003666666666666667,-0.5714285714285715,10,27,11,0,0.009908319448927675,1404.444221916791
2,81,0.1,0.001888888888888889,0.007222222222222223,-0.5853658536585367,10,27,8,0,0.015995580286146695,1384.7912122113835
2,82,0.1,0.0054444444444444445,0.01888888888888889,-0.5525114155251142,10,16,4,0,0.03499451670283573,1205.5607165278175
2,83,0.1,0.009,0.027777777777777776,-0.5105740181268882,10,12,2,0,0.05058246620031143,1557.3999607080978
2,84,0.1,0.01888888888888889,0.07222222222222222,-0.5853658536585367,10,6,1,0,0.08830799004185631,913.0983837019354
2,85,0.1,0.05444444444444445,0.18888888888888888,-0.5525114155251141,10,1,0,0,0.8697131420947297,309.80757851468246
2,86,0.1,0.09,0.2777777777777778,-0.5105740181268883,10,0,0,0,,
2,87,0.1,0.18888888888888888,0.6333333333333333,-0.5405405405405406,10,0,0,0,,
2,88,0.1,0.2777777777777778,1.0,-0.5652173913043479,10,0,0,0,,
2,89,0.1,0.8111111111111111,2.7777777777777777,-0.5479876160990712,10,0,0,0,,
2,90,0.1,1.8888888888888888,6.333333333333333,-0.5405405405405406,10,0,0,0,,
2,91,0.1,2.7777777777777777,10.0,-0.5652173913043478,10,0,0,0,,
2,92,0.1,8.11111111111111,27.77777777777778,-0.5479876160990713,10,0,0,0,,
2,93,0.1,10.0,36.66666666666667,-0.5714285714285715,10,0,0,0,,
2,94,0.1,27.77777777777778,90.0,-0.5283018867924528,10,0,0,0,,
2,95,0.1,72.22222222222223,277.77777777777777,-0.5873015873015872,10,0,0,0,,
2,96,0.1,100.0,366.66666666666663,-0.5714285714285714,10,0,0,0,,
2,97,0.1,277.77777777777777,900.0,-0.5283018867924527,10,0,0,0,,
2,98,0.1,633.3333333333333,2000.0,-0.518987341772152,10,0,0,0,,
2,99,0.1,1000.0,3000.0,-0.5,10,0,0,0,,
2,100,0.1,0.001,0.002777777777777778,-0.47058823529411764,10,32,11,0,0.009817479430199843,1606.9131665114407
2,101,0.1,0.001888888888888889,0.0054444444444444445,-0.48484848484848486,10,24,7,0,0.015776112696993486,1604.9160315583736
2,102,0.1,0.003666666666666667,0.009,-0.4210526315789473,10,19,5,0,0.025703957827688646,1639.1716740671686
2,103,0.1,0.007222222222222223,0.01888888888888889,-0.4468085106382978,10,14,3,0,0.04265795188015926,1626.1510697645078
2,104,0.1,0.01888888888888889,0.05444444444444445,-0.4848484848484849,10,8,1,0,0.08749837752274364,1381.0293030870635
2,105,0.1,0.027777777777777776,0.0811111111111111,-0.4897959183673469,10,5,0,0,0.38939292861907937,848.1257751015902
2,106,0.1,0.06333333333333332,0.18888888888888888,-0.4977973568281938,10,1,0,0,0.9381587725150099,213.23603488583566
2,107,0.1,0.18888888888888888,0.4555555555555556,-0.4137931034482759,10,0,0,0,,
2,108,0.1,0.2777777777777778,0.8111111111111111,-0.48979591836734687,10,0,0,0,,
2,109,0.1,0.6333333333333333,1.8888888888888888,-0.4977973568281938,10,0,0,0,,
2,110,0.1,1.0,2.7777777777777777,-0.47058823529411764,10,0,0,0,,
2,111,0.1,2.7777777777777777,7.222222222222221,-0.44444444444444436,10,0,0,0,,
2,112,0.1,3.6666666666666665,10.0,-0.46341463414634154,10,0,0,0,,
2,113,0.1,10.0,27.77777777777778,-0.47058823529411764,10,0,0,0,,
2,114,0.1,27.77777777777778,72.22222222222223,-0.4444444444444445,10,0,0,0,,
2,115,0.1,36.66666666666667,90.0,-0.4210526315789473,10,0,0,0,,
2,116,0.1,72.22222222222223,188.88888888888889,-0.4468085106382979,10,0,0,0,,
2,117,0.1,188.88888888888889,544.4444444444445,-0.4848484848484848,10,0,0,0,,
2,118,0.1,366.66666666666663,900.0,-0.42105263157894746,10,0,0,0,,
2,119,0.1,811.1111111111111,2000.0,-0.42292490118577075,10,0,0,0,,
2,120,0.1,0.001,0.001888888888888889,-0.3076923076923077,10,31,11,0,0.009594006315159337,1487.5896586763752
2,121,0.1,0.002777777777777778,0.006333333333333334,-0.39024390243902446,10,21,6,0,0.020796966871036958,1220.3379071403413
2,122,0.1,0.004555555555555556,0.009,-0.3278688524590163,10,19,5,0,0.02978516429429191,1452.409770975955
2,123,0.1,0.009,0.01888888888888889,-0.354581673306773,10,13,3,0,0.04965923214503363,1552.2147062736165
2,124,0.1,0.027777777777777776,0.05444444444444445,-0.3243243243243244,10,6,0,0,0.3821881254169446,1312.2670849572883
2,125,0.1,0.03666666666666667,0.0811111111111111,-0.3773584905660377,10,3,0,0,0.4470313542361575,1459.0198393680596
2,126,0.1,0.0811111111111111,0.18888888888888888,-0.39917695473251025,10,0,0,0,,
2,127,0.1,0.18888888888888888,0.3666666666666667,-0.32000000000000006,10,0,0,0,,
2,128,0.1,0.3666666666666667,0.7222222222222222,-0.3265306122448979,10,0,0,0,,
2,129,0.1,0.4555555555555556,1.0,-0.37404580152671746,10,0,0,0,,
2,130,0.1,1.8888888888888888,3.6666666666666665,-0.32,10,0,0,0,,
2,131,0.1,3.6666666666666665,7.222222222222221,-0.32653061224489793,10,0,0,0,,
2,132,0.1,4.555555555555555,10.0,-0.37404580152671757,10,0,0,0,,
2,133,0.1,10.0,18.88888888888889,-0.3076923076923077,10,0,0,0,,
2,134,0.1,27.77777777777778,63.333333333333336,-0.3902439024390244,10,0,0,0,,
2,135,0.1,45.55555555555556,90.0,-0.3278688524590164,10,0,0,0,,
2,136,0.1,90.0,188.88888888888889,-0.35458167330677287,10,0,0,0,,
2,137,0.1,277.77777777777777,544.4444444444445,-0.32432432432432434,10,0,0,0,,
2,138,0.1,366.66666666666663,811.1111111111111,-0.3773584905660377,10,0,0,0,,
2,139,0.1,1000.0,2000.0,-0.3333333333333333,10,0,0,0,,
2,140,0.1,0.002777777777777778,0.004555555555555556,-0.2424242424242424,10,25,7,0,0.02032357010936221,1644.6228446108587
2,141,0.1,0.004555555555555556,0.007222222222222223,-0.22641509433962265,10,18,5,0,0.02924152377843337,1459.8084815415332
2,142,0.1,0.0054444444444444445,0.009,-0.2461538461538461,10,17,5,0,0.03357376142429549,1576.2288076463863
2,143,0.1,0.006333333333333334,0.01,-0.2244897959183673,10,15,3,0,0.03732501577957206,1492.0400892419093
2,144,0.1,0.03666666666666667,0.06333333333333332,-0.2666666666666666,10,4,0,0,0.4398265510340227,1514.3681773304384
2,145,0.1,0.05444444444444445,0.09,-0.24615384615384614,10,1,0,0,0.8408939292861908,309.94531485334863
2,146,0.1,0.06333333333333332,0.1,-0.22448979591836743,10,1,0,0,0.9069379586390927,219.26356202887592
2,147,0.1,0.3666666666666667,0.6333333333333333,-0.2666666666666666,10,0,0,0,,
2,148,0.1,0.4555555555555556,0.8111111111111111,-0.2807017543859649,10,0,0,0,,
2,149,0.1,0.5444444444444445,1.0,-0.29496402877697836,10,0,0,0,,
2,150,0.1,3.6666666666666665,6.333333333333333,-0.26666666666666666,10,0,0,0,,
2,151,0.1,4.555555555555555,8.11111111111111,-0.2807017543859649,10,0,0,0,,
2,152,0.1,5.444444444444445,10.0,-0.2949640287769784,10,0,0,0,,
2,153,0.1,27.77777777777778,45.55555555555556,-0.2424242424242424,10,0,0,0,,
2,154,0.1,45.55555555555556,72.22222222222223,-0.22641509433962267,10,0,0,0,,
2,155,0.1,54.44444444444444,100.0,-0.2949640287769784,10,0,0,0,,
2,156,0.1,277.77777777777777,455.55555555555554,-0.24242424242424243,10,0,0,0,,
2,157,0.1,455.55555555555554,722.2222222222222,-0.2264150943396226,10,0,0,0,,
2,158,0.1,544.4444444444445,900.0,-0.24615384615384617,10,0,0,0,,
2,159,0.1,2000.0,3000.0,-0.2,10,0,0,0,,
2,160,0.1,0.001888888888888889,0.002777777777777778,-0.19047619047619047,10,29,8,0,0.015066070661867418,1538.0590476126
2,161,0.1,0.003666666666666667,0.0054444444444444445,-0.19512195121951215,10,22,6,0,0.024660393372343388,1496.0093053086018
2,162,0.1,0.006333333333333334,0.00811111111111111,-0.123076923076923,10,16,3,0,0.03647539469256077,1527.1858179194442
2,163,0.1,0.00811111111111111,0.01,-0.1042944785276074,10,12,3,0,0.04365158322401661,1241.8009909197099
2,164,0.1,0.03666666666666667,0.04555555555555556,-0.10810810810810813,10,3,0,0,0.4248165443629086,1456.6906043256029
2,165,0.1,0.05444444444444445,0.0811111111111111,-0.1967213114754098,10,1,0,0,0.8324883255503669,320.5235740854851
2,166,0.1,0.07222222222222222,0.1,-0.16129032258064524,10,1,0,0,0.9585723815877251,165.06606616358053
2,167,0.1,0.3666666666666667,0.4555555555555556,-0.10810810810810811,10,0,0,0,,
2,168,0.1,0.5444444444444445,0.7222222222222222,-0.1403508771929824,10,0,0,0,,
2,169,0.1,0.7222222222222222,0.9,-0.10958904109589043,10,0,0,0,,
2,170,0.1,2.7777777777777777,3.6666666666666665,-0.13793103448275862,10,0,0,0,,
2,171,0.1,5.444444444444445,7.222222222222221,-0.1403508771929824,10,0,0,0,,
2,172,0.1,6.333333333333333,9.0,-0.1739130434782609,10,0,0,0,,
2,173,0.1,18.88888888888889,27.77777777777778,-0.19047619047619047,10,0,0,0,,
2,174,0.1,45.55555555555556,63.333333333333336,-0.163265306122449,10,0,0,0,,
2,175,0.1,63.333333333333336,90.0,-0.17391304347826084,10,0,0,0,,
2,176,0.1,81.11111111111111,100.0,-0.10429447852760734,10,0,0,0,,
2,177,0.1,366.66666666666663,544.4444444444445,-0.19512195121951226,10,0,0,0,,
2,178,0.1,633.3333333333333,811.1111111111111,-0.12307692307692313,10,0,0,0,,
2,179,0.1,811.1111111111111,1000.0,-0.10429447852760737,10,0,0,0,,
2,180,0.1,0.001,0.001,0.0,10,37,11,0,0.008830799004185623,1570.3710289695161
2,181,0.1,0.004555555555555556,0.0054444444444444445,-0.08888888888888886,10,18,5,0,0.02818382931264455,1511.314498930232
2,182,0.1,0.007222222222222223,0.007222222222222223,0.0,10,13,3,0,0.038725764492161724,1491.9601912855805
2,183,0.1,0.009,0.01,-0.05263157894736847,10,13,3,0,0.046344691973628796,1465.5136123619804
2,184,0.1,0.04555555555555556,0.04555555555555556,0.0,10,3,0,0,0.46204136090727155,1540.38169000802
2,185,0.1,0.06333333333333332,0.07222222222222222,-0.0655737704918033,10,1,0,0,0.8709139426284189,241.82784580356343
2,186,0.1,0.09,0.09,0.0,10,0,0,0,,
2,187,0.1,0.4555555555555556,0.4555555555555556,0.0,10,0,0,0,,
2,188,0.1,0.6333333333333333,0.7222222222222222,-0.06557377049180328,10,0,0,0,,
2,189,0.1,0.9,0.9,0.0,10,0,0,0,,
2,190,0.1,3.6666666666666665,3.6666666666666665,0.0,10,0,0,0,,
2,191,0.1,6.333333333333333,6.333333333333333,0.0,10,0,0,0,,
2,192,0.1,8.11111111111111,9.0,-0.05194805194805197,10,0,0,0,,
2,193,0.1,36.66666666666667,36.66666666666667,0.0,10,0,0,0,,
2,194,0.1,63.333333333333336,63.333333333333336,0.0,10,0,0,0,,
2,195,0.1,81.11111111111111,90.0,-0.05194805194805193,10,0,0,0,,
2,196,0.1,277.77777777777777,277.77777777777777,0.0,10,0,0,0,,
2,197,0.1,544.4444444444445,633.3333333333333,-0.07547169811320747,10,0,0,0,,
2,198,0.1,811.1111111111111,811.1111111111111,0.0,10,0,0,0,,
2,199,0.1,3000.0,3000.0,0.0,10,0,0,0,,
2,200,0.1,0.0054444444444444445,0.004555555555555556,0.08888888888888886,10,17,5,0,0.03019951720402016,1486.6390101230966
2,201,0.1,0.006333333333333334,0.0054444444444444445,0.0754716981132076,10,17,4,0,0.03404081897010009,1410.7643502419833
2,202,0.1,0.00811111111111111,0.007222222222222223,0.057971014492753555,10,15,3,0,0.041304750199016145,1615.5265625095833
2,203,0.1,0.01,0.009,0.05263157894736847,10,13,3,0,0.04830588020397728,1288.8385453696453
2,204,0.1,0.06333333333333332,0.05444444444444445,0.07547169811320745,10,1,0,0,0.8234823215476984,285.97805248405325
2,205,0.1,0.0811111111111111,0.07222222222222222,0.05797101449275364,10,1,0,0,0.9471647765176784,151.0518445037473
2,206,0.1,0.1,0.09,0.05263157894736847,10,0,0,0,,
2,207,0.1,0.5444444444444445,0.4555555555555556,0.0888888888888889,10,0,0,0,,
2,208,0.1,0.7222222222222222,0.6333333333333333,0.06557377049180328,10,0,0,0,,
2,209,0.1,0.9,0.8111111111111111,0.05194805194805195,10,0,0,0,,
2,210,0.1,5.444444444444445,4.555555555555555,0.08888888888888893,10,0,0,0,,
2,211,0.1,7.222222222222221,6.333333333333333,0.06557377049180325,10,0,0,0,,
2,212,0.1,9.0,8.11111111111111,0.05194805194805197,10,0,0,0,,
2,213,0.1,10.0,9.0,0.05263157894736842,10,0,0,0,,
2,214,0.1,63.333333333333336,54.44444444444444,0.07547169811320759,10,0,0,0,,
2,215,0.1,81.11111111111111,72.22222222222223,0.057971014492753596,10,0,0,0,,
2,216,0.1,100.0,90.0,0.05263157894736842,10,0,0,0,,
2,217,0.1,633.3333333333333,544.4444444444445,0.07547169811320747,10,0,0,0,,
2,218,0.1,811.1111111111111,722.2222222222222,0.057971014492753645,10,0,0,0,,
2,219,0.1,1000.0,900.0,0.05263157894736842,10,0,0,0,,
2,220,0.1,0.002777777777777778,0.001888888888888889,0.19047619047619047,10,24,7,0,0.017378008287493762,1564.5274116178628
2,221,0.1,0.0054444444444444445,0.003666666666666667,0.19512195121951215,10,18,5,0,0.028707805820246922,1599.3821148973752
2,222,0.1,0.00811111111111111,0.006333333333333334,0.123076923076923,10,14,3,0,0.03999447497610974,1342.436906856564
2,223,0.1,0.01,0.00811111111111111,0.1042944785276074,10,13,3,0,0.047206304126359046,1555.793991368215
2,224,0.1,0.05444444444444445,0.03666666666666667,0.19512195121951223,10,3,0,0,0.46564376250833883,1456.9873390535731
2,225,0.1,0.0811111111111111,0.05444444444444445,0.1967213114754098,10,1,0,0,0.8793195463642428,194.5725626228557
2,226,0.1,0.1,0.07222222222222222,0.16129032258064524,10,0,0,0,,
2,227,0.1,0.4555555555555556,0.3666666666666667,0.10810810810810811,10,0,0,0,,
2,228,0.1,0.8111111111111111,0.5444444444444445,0.19672131147540978,10,0,0,0,,
2,229,0.1,1.0,0.7222222222222222,0.16129032258064516,10,0,0,0,,
2,230,0.1,3.6666666666666665,2.7777777777777777,0.13793103448275862,10,0,0,0,,
2,231,0.1,7.222222222222221,5.444444444444445,0.1403508771929824,10,0,0,0,,
2,232,0.1,9.0,7.222222222222221,0.10958904109589046,10,0,0,0,,
2,233,0.1,36.66666666666667,27.77777777777778,0.13793103448275865,10,0,0,0,,
2,234,0.1,72.22222222222223,54.44444444444444,0.1403508771929825,10,0,0,0,,
2,235,0.1,90.0,63.333333333333336,0.17391304347826084,10,0,0,0,,
2,236,0.1,277.77777777777777,188.88888888888889,0.1904761904761905,10,0,0,0,,
2,237,0.1,633.3333333333333,455.55555555555554,0.16326530612244894,10,0,0,0,,
2,238,0.1,900.0,633.3333333333333,0.17391304347826092,10,0,0,0,,
2,239,0.1,3000.0,2000.0,0.2,10,0,0,0,,
2,240,0.1,0.004555555555555556,0.002777777777777778,0.2424242424242424,10,18,5,0,0.02432204009073816,1506.936563119247
2,241,0.1,0.007222222222222223,0.004555555555555556,0.22641509433962265,10,14,4,0,0.034673685045253165,1495.1962148957582
2,242,0.1,0.009,0.0054444444444444445,0.2461538461538461,10,12,3,0,0.04036453929676048,1450.431583101591
2,243,0.1,0.01,0.006333333333333334,0.2244897959183673,10,14,3,0,0.044258837236262644,1648.4742287952563
2,244,0.1,0.06333333333333332,0.03666666666666667,0.2666666666666666,10,3,0,0,0.4830553702468312,1178.72679960732
2,245,0.1,0.0811111111111111,0.04555555555555556,0.2807017543859649,10,1,0,0,0.8276851234156103,249.66446741228702
2,246,0.1,0.1,0.05444444444444445,0.2949640287769784,10,1,0,0,0.9159439626417611,151.6493288953386
2,247,0.1,0.6333333333333333,0.3666666666666667,0.2666666666666666,10,0,0,0,,
2,248,0.1,0.8111111111111111,0.4555555555555556,0.2807017543859649,10,0,0,0,,
2,249,0.1,1.0,0.5444444444444445,0.29496402877697836,10,0,0,0,,
2,250,0.1,4.555555555555555,2.7777777777777777,0.24242424242424243,10,0,0,0,,
2,251,0.1,7.222222222222221,4.555555555555555,0.22641509433962262,10,0,0,0,,
2,252,0.1,9.0,5.444444444444445,0.24615384615384614,10,0,0,0,,
2,253,0.1,45.55555555555556,27.77777777777778,0.2424242424242424,10,0,0,0,,
2,254,0.1,72.22222222222223,45.55555555555556,0.22641509433962267,10,0,0,0,,
2,255,0.1,90.0,54.44444444444444,0.24615384615384614,10,0,0,0,,
2,256,0.1,100.0,63.333333333333336,0.22448979591836732,10,0,0,0,,
2,257,0.1,633.3333333333333,366.66666666666663,0.26666666666666666,10,0,0,0,,
2,258,0.1,811.1111111111111,455.55555555555554,0.28070175438596495,10,0,0,0,,
2,259,0.1,1000.0,633.3333333333333,0.2244897959183674,10,0,0,0,,
2,260,0.1,0.001888888888888889,0.001,0.3076923076923077,10,29,8,0,0.012022644346174132,1526.0560491663034
2,261,0.1,0.006333333333333334,0.002777777777777778,0.39024390243902446,10,18,5,0,0.027797132677592883,1614.8493986679487
2,262,0.1,0.009,0.004555555555555556,0.3278688524590163,10,14,3,0,0.03819442708400464,1537.9989628326025
2,263,0.1,0.01888888888888889,0.009,0.354581673306773,10,9,2,0,0.06486344335482389,1297.2427236339838
2,264,0.1,0.05444444444444445,0.027777777777777776,0.3243243243243244,10,4,0,0,0.4254169446297531,1327.0246836996287
2,265,0.1,0.0811111111111111,0.03666666666666667,0.3773584905660377,10,2,0,0,0.7592394929953301,1481.8888789322286
2,266,0.1,0.18888888888888888,0.0811111111111111,0.39917695473251025,10,0,0,0,,
2,267,0.1,0.3666666666666667,0.18888888888888888,0.32000000000000006,10,0,0,0,,
2,268,0.1,0.7222222222222222,0.3666666666666667,0.3265306122448979,10,0,0,0,,
2,269,0.1,1.0,0.4555555555555556,0.37404580152671746,10,0,0,0,,
2,270,0.1,3.6666666666666665,1.8888888888888888,0.32,10,0,0,0,,
2,271,0.1,7.222222222222221,3.6666666666666665,0.32653061224489793,10,0,0,0,,
2,272,0.1,10.0,4.555555555555555,0.37404580152671757,10,0,0,0,,
2,273,0.1,18.88888888888889,10.0,0.3076923076923077,10,0,0,0,,
2,274,0.1,63.333333333333336,27.77777777777778,0.3902439024390244,10,0,0,0,,
2,275,0.1,90.0,45.55555555555556,0.3278688524590164,10,0,0,0,,
2,276,0.1,188.88888888888889,90.0,0.35458167330677287,10,0,0,0,,
2,277,0.1,544.4444444444445,277.77777777777777,0.32432432432432434,10,0,0,0,,
2,278,0.1,811.1111111111111,366.66666666666663,0.3773584905660377,10,0,0,0,,
2,279,0.1,2000.0,1000.0,0.3333333333333333,10,0,0,0,,
2,280,0.1,0.002777777777777778,0.001,0.47058823529411764,10,25,7,0,0.013803842646028852,1619.8802700789267
2,281,0.1,0.0054444444444444445,0.001888888888888889,0.48484848484848486,10,17,5,0,0.022490546058357805,1646.6651088750473
2,282,0.1,0.009,0.003666666666666667,0.4210526315789473,10,13,3,0,0.035156044052829835,1636.6961773557734
2,283,0.1,0.01888888888888889,0.007222222222222223,0.4468085106382978,10,10,2,0,0.05942921586155727,1334.735637882917
2,284,0.1,0.05444444444444445,0.01888888888888889,0.4848484848484849,10,6,1,0,0.3617745163442295,1657.7770053555278
2,285,0.1,0.09,0.03666666666666667,0.4210526315789474,10,2,0,0,0.7670446964643095,1469.9088481953943
2,286,0.1,0.18888888888888888,0.07222222222222222,0.44680851063829796,10,0,0,0,,
2,287,0.1,0.4555555555555556,0.18888888888888888,0.4137931034482759,10,0,0,0,,
2,288,0.1,0.8111111111111111,0.2777777777777778,0.48979591836734687,10,0,0,0,,
2,289,0.1,1.8888888888888888,0.6333333333333333,0.4977973568281938,10,0,0,0,,
2,290,0.1,4.555555555555555,1.8888888888888888,0.4137931034482758,10,0,0,0,,
2,291,0.1,8.11111111111111,2.7777777777777777,0.48979591836734687,10,0,0,0,,
2,292,0.1,18.88888888888889,6.333333333333333,0.4977973568281939,10,0,0,0,,
2,293,0.1,27.77777777777778,10.0,0.47058823529411764,10,0,0,0,,
2,294,0.1,72.22222222222223,27.77777777777778,0.4444444444444445,10,0,0,0,,
2,295,0.1,100.0,36.66666666666667,0.4634146341463414,10,0,0,0,,
2,296,0.1,277.77777777777777,100.0,0.47058823529411764,10,0,0,0,,
2,297,0.1,722.2222222222222,277.77777777777777,0.4444444444444444,10,0,0,0,,
2,298,0.1,1000.0,366.66666666666663,0.46341463414634154,10,0,0,0,,
2,299,0.1,3000.0,1000.0,0.5,10,0,0,0,,
2,300,0.1,0.003666666666666667,0.001,0.5714285714285715,10,23,6,0,0.014859356422870075,1431.952465394745
2,301,0.1,0.007222222222222223,0.001888888888888889,0.5853658536585367,10,15,4,0,0.024099054286865956,1583.2490523312988
2,302,0.1,0.01888888888888889,0.0054444444444444445,0.5525114155251142,10,9,2,0,0.05199959965335162,1564.8162414945375
2,303,0.1,0.027777777777777776,0.009,0.5105740181268882,10,7,1,0,0.07379042301291007,1327.172129636004
2,304,0.1,0.07222222222222222,0.01888888888888889,0.5853658536585367,10,6,1,0,0.3671781187458305,1634.896817790325
2,305,0.1,0.1,0.027777777777777776,0.5652173913043479,10,2,0,0,0.6709806537691794,1417.9757652792737
2,306,0.1,0.2777777777777778,0.0811111111111111,0.5479876160990712,10,0,0,0,,
2,307,0.1,0.6333333333333333,0.18888888888888888,0.5405405405405406,10,0,0,0,,
2,308,0.1,1.0,0.2777777777777778,0.5652173913043479,10,0,0,0,,
2,309,0.1,2.7777777777777777,0.8111111111111111,0.5479876160990712,10,0,0,0,,
2,310,0.1,3.6666666666666665,1.0,0.5714285714285715,10,0,0,0,,
2,311,0.1,9.0,2.7777777777777777,0.5283018867924528,10,0,0,0,,
2,312,0.1,27.77777777777778,7.222222222222221,0.5873015873015873,10,0,0,0,,
2,313,0.1,36.66666666666667,10.0,0.5714285714285715,10,0,0,0,,
2,314,0.1,90.0,27.77777777777778,0.5283018867924528,10,0,0,0,,
2,315,0.1,188.88888888888889,54.44444444444444,0.5525114155251143,10,0,0,0,,
2,316,0.1,277.77777777777777,90.0,0.5105740181268882,10,0,0,0,,
2,317,0.1,722.2222222222222,188.88888888888889,0.5853658536585366,10,0,0,0,,
2,318,0.1,2000.0,544.4444444444445,0.572052401746725,10,0,0,0,,
2,319,0.1,3000.0,900.0,0.5384615384615384,10,0,0,0,,
2,320,0.1,0.004555555555555556,0.001,0.64,10,19,6,0,0.01548816618912481,1569.9096548993866
2,321,0.1,0.01,0.001888888888888889,0.6822429906542055,10,12,4,0,0.02558585886905645,1447.7030531826254
2,322,0.1,0.027777777777777776,0.006333333333333334,0.6286644951140065,10,8,1,0,0.061376200516479455,1525.86482661489
2,323,0.1,0.04555555555555556,0.00811111111111111,0.6977225672877847,10,7,1,0,0.07691304402866098,1460.4947072847774
2,324,0.1,0.0811111111111111,0.01888888888888889,0.6222222222222222,10,6,1,0,0.3677785190126751,1492.7232186668011
2,325,0.1,0.18888888888888888,0.04555555555555556,0.6113744075829383,10,1,0,0,0.8811207471647764,145.72416765892547
2,326,0.1,0.3666666666666667,0.0811111111111111,0.6377171215880892,10,0,0,0,,
2,327,0.1,0.5444444444444445,0.1,0.6896551724137931,10,0,0,0,,
2,328,0.1,1.8888888888888888,0.3666666666666667,0.6748768472906403,10,0,0,0,,
2,329,0.1,3.6666666666666665,0.7222222222222222,0.6708860759493671,10,0,0,0,,
2,330,0.1,4.555555555555555,0.9,0.670061099796334,10,0,0,0,,
2,331,0.1,9.0,1.8888888888888888,0.6530612244897959,10,0,0,0,,
2,332,0.1,27.77777777777778,5.444444444444445,0.6722408026755854,10,0,0,0,,
2,333,0.1,45.55555555555556,8.11111111111111,0.6977225672877846,10,0,0,0,,
2,334,0.1,81.11111111111111,18.88888888888889,0.6222222222222222,10,0,0,0,,
2,335,0.1,188.88888888888889,45.55555555555556,0.6113744075829383,10,0,0,0,,
2,336,0.1,366.66666666666663,81.11111111111111,0.6377171215880894,10,0,0,0,,
2,337,0.1,455.55555555555554,100.0,0.64,10,0,0,0,,
2,338,0.1,1000.0,188.88888888888889,0.6822429906542056,10,0,0,0,,
2,339,0.1,3000.0,722.2222222222222,0.6119402985074627,10,0,0,0,,
2,340,0.1,0.006333333333333334,0.001,0.7272727272727273,10,18,5,0,0.01629296032639723,1636.4767721810044
2,341,0.1,0.03666666666666667,0.004555555555555556,0.7789757412398922,10,6,1,0,0.05199959965335162,1430.8359659087944
2,342,0.1,0.05444444444444445,0.006333333333333334,0.7915904936014624,10,6,1,0,0.06698846094165266,700.2408368017469
2,343,0.1,0.06333333333333332,0.009,0.7511520737327189,10,7,1,0,0.08550667128846832,1087.061890064408
2,344,0.1,0.09,0.01,0.8,10,6,1,0,0.0946237161365793,900.7385653570623
2,345,0.1,0.3666666666666667,0.06333333333333332,0.7054263565891472,10,0,0,0,,
2,346,0.1,0.5444444444444445,0.0811111111111111,0.7406749555950266,10,0,0,0,,
2,347,0.1,0.7222222222222222,0.0811111111111111,0.7980636237897648,10,0,0,0,,
2,348,0.1,2.7777777777777777,0.3666666666666667,0.7667844522968198,10,0,0,0,,
2,349,0.1,4.555555555555555,0.6333333333333333,0.7558886509635975,10,0,0,0,,
2,350,0.1,6.333333333333333,0.7222222222222222,0.795275590551181,10,0,0,0,,
2,351,0.1,7.222222222222221,1.0,0.7567567567567567,10,0,0,0,,
2,352,0.1,36.66666666666667,4.555555555555555,0.7789757412398921,10,0,0,0,,
2,353,0.1,54.44444444444444,6.333333333333333,0.7915904936014625,10,0,0,0,,
2,354,0.1,63.333333333333336,9.0,0.7511520737327189,10,0,0,0,,
2,355,0.1,90.0,10.0,0.8,10,0,0,0,,
2,356,0.1,366.66666666666663,63.333333333333336,0.7054263565891473,10,0,0,0,,
2,357,0.1,544.4444444444445,81.11111111111111,0.7406749555950267,10,0,0,0,,
2,358,0.1,722.2222222222222,81.11111111111111,0.7980636237897649,10,0,0,0,,
2,359,0.1,3000.0,455.55555555555554,0.7363344051446945,10,0,0,0,,
2,360,0.1,0.009,0.001,0.8000000000000002,10,15,4,0,0.016826740610704674,1619.2818728774862
2,361,0.1,0.04555555555555556,0.003666666666666667,0.8510158013544019,10,6,1,0,0.04549880601500485,1555.9271821260534
2,362,0.1,0.07222222222222222,0.0054444444444444445,0.8597997138769671,10,6,1,0,0.061376200516479455,1358.8458423568266
2,363,0.1,0.09,0.006333333333333334,0.8685121107266437,10,6,1,0,0.06886522963442762,961.8319673865168
2,364,0.1,0.18888888888888888,0.01,0.8994413407821228,10,6,0,0,0.09817479430199844,1087.4036199454838
2,365,0.1,0.5444444444444445,0.04555555555555556,0.8455743879472692,10,1,0,0,0.847498332221481,142.25193434931347
2,366,0.1,0.8111111111111111,0.04555555555555556,0.8936446173800259,10,1,0,0,0.829486324216144,147.38373779024687
2,367,0.1,0.9,0.09,0.8181818181818182,10,0,0,0,,
2,368,0.1,2.7777777777777777,0.2777777777777778,0.8181818181818182,10,0,0,0,,
2,369,0.1,6.333333333333333,0.4555555555555556,0.8657937806873977,10,0,0,0,,
2,370,0.1,8.11111111111111,0.7222222222222222,0.8364779874213837,10,0,0,0,,
2,371,0.1,10.0,0.7222222222222222,0.8652849740932644,10,0,0,0,,
2,372,0.1,45.55555555555556,2.7777777777777777,0.8850574712643677,10,0,0,0,,
2,373,0.1,72.22222222222223,4.555555555555555,0.8813314037626627,10,0,0,0,,
2,374,0.1,90.0,5.444444444444445,0.8859138533178115,10,0,0,0,,
2,375,0.1,100.0,10.0,0.8181818181818182,10,0,0,0,,
2,376,0.1,544.4444444444445,36.66666666666667,0.8738049713193117,10,0,0,0,,
2,377,0.1,722.2222222222222,72.22222222222223,0.8181818181818182,10,0,0,0,,
2,378,0.1,900.0,81.11111111111111,0.8346545866364666,10,0,0,0,,
2,379,0.1,3000.0,277.77777777777777,0.8305084745762712,10,0,0,0,,
2,380,0.1,0.027777777777777776,0.001,0.9305019305019304,10,9,3,0,0.01753880501841762,1649.6046887061839
2,381,0.1,0.4555555555555556,0.003666666666666667,0.9840309702395356,10,5,0,0,0.04698941086052156,497.5532285907049
2,382,0.1,0.9,0.003666666666666667,0.9918849133161194,10,4,0,0,0.04698941086052156,389.44490628092734
2,383,0.1,2.7777777777777777,0.0811111111111111,0.94325689856199,10,0,0,0,,
2,384,0.1,5.444444444444445,0.09,0.9674764103593656,10,0,0,0,,
2,385,0.1,8.11111111111111,0.04555555555555556,0.98882985969214,10,2,0,0,0.7556370913942628,817.4394468904051
2,386,0.1,18.88888888888889,0.006333333333333334,0.9993296365336328,10,6,0,0,0.0707945784384138,884.5560816528655
2,387,0.1,36.66666666666667,0.01888888888888889,0.998970227458582,10,5,0,0,0.295130086724483,1370.1182046575339
2,388,0.1,54.44444444444444,0.027777777777777776,0.9989801121876594,10,4,0,0,0.3755837224816544,758.1600388796275
2,389,0.1,72.22222222222223,0.027777777777777776,0.9992310649750098,10,4,0,0,0.3743829219479653,1085.2464313383691
2,390,0.1,90.0,0.009,0.9998000199980002,10,5,0,0,0.09204495717531712,909.6891581469497
2,391,0.1,188.88888888888889,0.0054444444444444445,0.9999423546027204,10,4,0,0,0.0633869711256927,449.507352719014
2,392,0.1,277.77777777777777,1.0,0.9928258270227183,10,0,0,0,,
2,393,0.1,455.55555555555554,0.03666666666666667,0.9998390373457745,10,2,0,0,0.6325550366911273,1300.372389047767
2,394,0.1,544.4444444444445,7.222222222222221,0.9738167170191341,10,0,0,0,,
2,395,0.1,722.2222222222222,0.06333333333333332,0.9998246307631483,10,0,0,0,,
2,396,0.1,811.1111111111111,8.11111111111111,0.9801980198019803,10,0,0,0,,
2,397,0.1,1000.0,0.04555555555555556,0.9999088930393171,10,2,0,0,0.7190126751167444,714.1920049070505
2,398,0.1,2000.0,5.444444444444445,0.9945703363067206,10,0,0,0,,
2,399,0.1,3000.0,100.0,0.9354838709677419,10,0,0,0,,
3,0,0.15,0.001,0.027777777777777776,-0.9305019305019304,10,32,10,0,0.010280162981264735,1641.0135622936712
3,1,0.15,0.001888888888888889,0.7222222222222222,-0.9947828755562373,10,25,7,0,0.015776112696993486,1568.5828143685694
3,2,0.15,0.002777777777777778,54.44444444444444,-0.9998979643895719,10,21,6,0,0.0154170045294956,1624.0890949484965
3,3,0.15,0.004555555555555556,0.1,-0.9128586609989372,10,15,5,0,0.031477483141013174,1316.1766571070698
3,4,0.15,0.0054444444444444445,45.55555555555556,-0.9997610041726721,10,15,4,0,0.026181830082189862,1507.716706992194
3,5,0.15,0.007222222222222223,0.5444444444444445,-0.9738167170191339,10,13,3,0,0.04325138310350088,1588.1896341191277
3,6,0.15,0.00811111111111111,90.0,-0.999819769329431,10,13,4,0,0.032062693245054674,1506.740153254096
3,7,0.15,0.01,2.7777777777777777,-0.9928258270227184,10,11,2,0,0.05199959965335162,1365.871336080136
3,8,0.15,0.01888888888888889,722.2222222222222,-0.9999476936757038,10,5,2,0,0.04207266283844442,1117.5019459493146
3,9,0.15,0.03666666666666667,90.0,-0.999185517011588,10,5,1,0,0.09908319448927676,1387.475927775685
3,10,0.15,0.05444444444444445,81.11111111111111,-0.998658434749278,10,3,0,0,0.13542361574382922,1246.4885405441235
3,11,0.15,0.07222222222222222,100.0,-0.9985565980125465,10,2,0,0,0.5941294196130753,791.1758411719646
3,12,0.15,0.09,188.88888888888889,-0.9990475126557345,10,1,0,0,0.6583722481654436,274.952715499306
3,13,0.15,0.18888888888888888,633.3333333333333,-0.9994036866197801,10,1,0,0,0.947765176784523,213.7639660260052
3,14,0.15,0.4555555555555556,45.55555555555556,-0.9801980198019802,10,0,0,0,,
3,15,0.15,0.7222222222222222,36.66666666666667,-0.9613670133729569,10,0,0,0,,
3,16,0.15,1.0,45.55555555555556,-0.9570405727923628,10,0,0,0,,
3,17,0.15,3.6666666666666665,544.4444444444445,-0.9866207176160553,10,0,0,0,,
3,18,0.15,8.11111111111111,900.0,-0.9821363024593173,10,0,0,0,,
3,19,0.15,100.0,3000.0,-0.9354838709677419,10,0,0,0,,
3,20,0.15,0.001,0.009,-0.8000000000000002,10,31,9,0,0.010232929922807547,1578.693817934384
3,21,0.15,0.003666666666666667,0.05444444444444445,-0.8738049713193117,10,19,5,0,0.026915348039269166,1536.9094067804565
3,22,0.15,0.0054444444444444445,0.0811111111111111,-0.8741976893453145,10,15,3,0,0.03597493351557424,1639.3554542012998
3,23,0.15,0.007222222222222223,0.09,-0.8514285714285713,10,14,3,0,0.044463126746910886,1375.7940245823293
3,24,0.15,0.01,0.18888888888888888,-0.8994413407821228,10,11,2,0,0.05623413251903491,1524.722706964471
3,25,0.15,0.04555555555555556,0.5444444444444445,-0.8455743879472692,10,2,0,0,0.5124749833222147,522.2783469453179
3,26,0.15,0.06333333333333332,0.6333333333333333,-0.8181818181818181,10,1,0,0,0.9423615743829219,235.5104091719181
3,27,0.15,0.0811111111111111,0.9,-0.8346545866364665,10,0,0,0,,
3,28,0.15,0.2777777777777778,2.7777777777777777,-0.8181818181818182,10,0,0,0,,
3,29,0.15,0.4555555555555556,7.222222222222221,-0.8813314037626627,10,0,0,0,,
3,30,0.15,0.6333333333333333,9.0,-0.8685121107266437,10,0,0,0,,
3,31,0.15,0.9,9.0,-0.8181818181818181,10,0,0,0,,
3,32,0.15,3.6666666666666665,36.66666666666667,-0.8181818181818183,10,0,0,0,,
3,33,0.15,5.444444444444445,63.333333333333336,-0.8416801292407108,10,0,0,0,,
3,34,0.15,7.222222222222221,72.22222222222223,-0.818181818181818,10,0,0,0,,
3,35,0.15,10.0,100.0,-0.8181818181818182,10,0,0,0,,
3,36,0.15,36.66666666666667,633.3333333333333,-0.8905472636815921,10,0,0,0,,
3,37,0.15,54.44444444444444,900.0,-0.8859138533178114,10,0,0,0,,
3,38,0.15,72.22222222222223,1000.0,-0.8652849740932643,10,0,0,0,,
3,39,0.15,277.77777777777777,3000.0,-0.8305084745762712,10,0,0,0,,
3,40,0.15,0.001,0.006333333333333334,-0.7272727272727273,10,28,10,0,0.010185913880541169,1509.2996009750184
3,41,0.15,0.004555555555555556,0.027777777777777776,-0.718213058419244,10,17,5,0,0.031477483141013174,1638.5474845297927
3,42,0.15,0.006333333333333334,0.05444444444444445,-0.7915904936014624,10,15,3,0,0.040179081084894,1576.747992395683
3,43,0.15,0.00811111111111111,0.07222222222222222,-0.7980636237897648,10,13,3,0,0.04830588020397728,1536.840441342249
3,44,0.15,0.01,0.0811111111111111,-0.7804878048780489,10,11,2,0,0.05623413251903491,1324.8384030767777
3,45,0.15,0.05444444444444445,0.3666666666666667,-0.7414248021108178,10,1,0,0,0.8745163442294862,304.058823877427
3,46,0.15,0.07222222222222222,0.5444444444444445,-0.7657657657657659,10,0,0,0,,
3,47,0.15,0.09,0.6333333333333333,-0.751152073732719,10,0,0,0,,
3,48,0.15,0.3666666666666667,2.7777777777777777,-0.7667844522968198,10,0,0,0,,
3,49,0.15,0.6333333333333333,4.555555555555555,-0.7558886509635975,10,0,0,0,,
3,50,0.15,0.8111111111111111,5.444444444444445,-0.7406749555950267,10,0,0,0,,
3,51,0.15,1.0,6.333333333333333,-0.7272727272727273,10,0,0,0,,
3,52,0.15,4.555555555555555,36.66666666666667,-0.7789757412398921,10,0,0,0,,
3,53,0.15,7.222222222222221,45.55555555555556,-0.7263157894736842,10,0,0,0,,
3,54,0.15,9.0,54.44444444444444,-0.7162872154115587,10,0,0,0,,
3,55,0.15,10.0,81.11111111111111,-0.7804878048780488,10,0,0,0,,
3,56,0.15,54.44444444444444,455.55555555555554,-0.7864923747276688,10,0,0,0,,
3,57,0.15,72.22222222222223,633.3333333333333,-0.7952755905511812,10,0,0,0,,
3,58,0.15,90.0,722.2222222222222,-0.7783857729138167,10,0,0,0,,
3,59,0.15,455.55555555555554,3000.0,-0.7363344051446945,10,0,0,0,,
3,60,0.15,0.001,0.004555555555555556,-0.64,10,32,11,0,0.010092528860766845,1643.595261882812
3,61,0.15,0.001888888888888889,0.01,-0.6822429906542055,10,23,7,0,0.01629296032639723,1676.619845622465
3,62,0.15,0.006333333333333334,0.027777777777777776,-0.6286644951140065,10,15,3,0,0.039810717055349734,1247.8182894558431
3,63,0.15,0.009,0.03666666666666667,-0.6058394160583941,10,13,2,0,0.05152286445817567,1407.0663436612583
3,64,0.15,0.01888888888888889,0.0811111111111111,-0.6222222222222222,10,8,1,0,0.08912509381337459,1125.440326099107
3,65,0.15,0.04555555555555556,0.18888888888888888,-0.6113744075829383,10,2,0,0,0.5124749833222147,417.47260185441
3,66,0.15,0.0811111111111111,0.3666666666666667,-0.6377171215880892,10,0,0,0,,
3,67,0.15,0.1,0.5444444444444445,-0.6896551724137931,10,0,0,0,,
3,68,0.15,0.3666666666666667,1.8888888888888888,-0.6748768472906403,10,0,0,0,,
3,69,0.15,0.7222222222222222,3.6666666666666665,-0.6708860759493671,10,0,0,0,,
3,70,0.15,0.9,4.555555555555555,-0.670061099796334,10,0,0,0,,
3,71,0.15,1.8888888888888888,9.0,-0.6530612244897959,10,0,0,0,,
3,72,0.15,5.444444444444445,27.77777777777778,-0.6722408026755854,10,0,0,0,,
3,73,0.15,9.0,36.66666666666667,-0.6058394160583942,10,0,0,0,,
3,74,0.15,18.88888888888889,81.11111111111111,-0.6222222222222222,10,0,0,0,,
3,75,0.15,45.55555555555556,188.88888888888889,-0.6113744075829383,10,0,0,0,,
3,76,0.15,81.11111111111111,366.66666666666663,-0.6377171215880894,10,0,0,0,,
3,77,0.15,100.0,455.55555555555554,-0.64,10,0,0,0,,
3,78,0.15,188.88888888888889,1000.0,-0.6822429906542056,10,0,0,0,,
3,79,0.15,722.2222222222222,3000.0,-0.6119402985074627,10,0,0,0,,
3,80,0.15,0.001,0.003666666666666667,-0.5714285714285715,10,32,11,0,0.01,1655.5897751890175
3,81,0.15,0.001888888888888889,0.007222222222222223,-0.5853658536585367,10,22,7,0,0.01614358556826487,1474.6058137680336
3,82,0.15,0.0054444444444444445,0.01888888888888889,-0.5525114155251142,10,16,3,0,0.035156044052829835,1600.388972214131
3,83,0.15,0.009,0.027777777777777776,-0.5105740181268882,10,13,3,0,0.050815944256056046,1483.2363364374282
3,84,0.15,0.01888888888888889,0.07222222222222222,-0.5853658536585367,10,8,1,0,0.08871560120379608,1123.4766817842751
3,85,0.15,0.05444444444444445,0.18888888888888888,-0.5525114155251141,10,1,0,0,0.8703135423615743,279.2709324756601
3,86,0.15,0.09,0.2777777777777778,-0.5105740181268883,10,0,0,0,,
3,87,0.15,0.18888888888888888,0.6333333333333333,-0.5405405405405406,10,0,0,0,,
3,88,0.15,0.2777777777777778,1.0,-0.5652173913043479,10,0,0,0,,
3,89,0.15,0.8111111111111111,2.7777777777777777,-0.5479876160990712,10,0,0,0,,
3,90,0.15,1.8888888888888888,6.333333333333333,-0.5405405405405406,10,0,0,0,,
3,91,0.15,2.7777777777777777,10.0,-0.5652173913043478,10,0,0,0,,
3,92,0.15,8.11111111111111,27.77777777777778,-0.5479876160990713,10,0,0,0,,
3,93,0.15,10.0,36.66666666666667,-0.5714285714285715,10,0,0,0,,
3,94,0.15,27.77777777777778,90.0,-0.5283018867924528,10,0,0,0,,
3,95,0.15,72.22222222222223,277.77777777777777,-0.5873015873015872,10,0,0,0,,
3,96,0.15,100.0,366.66666666666663,-0.5714285714285714,10,0,0,0,,
3,97,0.15,277.77777777777777,900.0,-0.5283018867924527,10,0,0,0,,
3,98,0.15,633.3333333333333,2000.0,-0.518987341772152,10,0,0,0,,
3,99,0.15,1000.0,3000.0,-0.5,10,0,0,0,,
3,100,0.15,0.001,0.002777777777777778,-0.47058823529411764,10,37,11,0,0.009817479430199843,1650.7419915920107
3,101,0.15,0.001888888888888889,0.0054444444444444445,-0.48484848484848486,10,26,7,0,0.01584893192461114,1588.8806777924376
3,102,0.15,0.003666666666666667,0.009,-0.4210526315789473,10,19,5,0,0.025703957827688646,1247.8243034088653
3,103,0.15,0.007222222222222223,0.01888888888888889,-0.4468085106382978,10,15,3,0,0.04265795188015926,1418.2999888912282
3,104,0.15,0.01888888888888889,0.05444444444444445,-0.4848484848484849,10,8,1,0,0.08749837752274364,1347.3083465280338
3,105,0.15,0.027777777777777776,0.0811111111111111,-0.4897959183673469,10,5,0,0,0.38879252835223477,1277.544078494546
3,106,0.15,0.06333333333333332,0.18888888888888888,-0.4977973568281938,10,1,0,0,0.9375583722481654,192.25152559600235
3,107,0.15,0.18888888888888888,0.4555555555555556,-0.4137931034482759,10,0,0,0,,
3,108,0.15,0.2777777777777778,0.8111111111111111,-0.48979591836734687,10,0,0,0,,
3,109,0.15,0.6333333333333333,1.8888888888888888,-0.4977973568281938,10,0,0,0,,
3,110,0.15,1.0,2.7777777777777777,-0.47058823529411764,10,0,0,0,,
3,111,0.15,2.7777777777777777,7.222222222222221,-0.44444444444444436,10,0,0,0,,
3,112,0.15,3.6666666666666665,10.0,-0.46341463414634154,10,0,0,0,,
3,113,0.15,10.0,27.77777777777778,-0.47058823529411764,10,0,0,0,,
3,114,0.15,27.77777777777778,72.22222222222223,-0.4444444444444445,10,0,0,0,,
3,115,0.15,36.66666666666667,90.0,-0.4210526315789473,10,0,0,0,,
3,116,0.15,72.22222222222223,188.88888888888889,-0.4468085106382979,10,0,0,0,,
3,117,0.15,188.88888888888889,544.4444444444445,-0.4848484848484848,10,0,0,0,,
3,118,0.15,366.66666666666663,900.0,-0.42105263157894746,10,0,0,0,,
3,119,0.15,811.1111111111111,2000.0,-0.42292490118577075,10,0,0,0,,
3,120,0.15,0.001,0.001888888888888889,-0.3076923076923077,10,35,11,0,0.009462371613657929,1517.1935017673786
3,121,0.15,0.002777777777777778,0.006333333333333334,-0.39024390243902446,10,24,7,0,0.020701413487910415,1542.8213655683157
3,122,0.15,0.004555555555555556,0.009,-0.3278688524590163,10,18,5,0,0.02951209226666387,1483.5588851951466
3,123,0.15,0.009,0.01888888888888889,-0.354581673306773,10,13,3,0,0.049431068698683536,1494.0303482045088
3,124,0.15,0.027777777777777776,0.05444444444444445,-0.3243243243243244,10,6,0,0,0.3779853235490327,1109.6642655153644
3,125,0.15,0.03666666666666667,0.0811111111111111,-0.3773584905660377,10,3,0,0,0.4434289526350901,766.4069213574529
3,126,0.15,0.0811111111111111,0.18888888888888888,-0.39917695473251025,10,0,0,0,,
3,127,0.15,0.18888888888888888,0.3666666666666667,-0.32000000000000006,10,0,0,0,,
3,128,0.15,0.3666666666666667,0.7222222222222222,-0.3265306122448979,10,0,0,0,,
3,129,0.15,0.4555555555555556,1.0,-0.37404580152671746,10,0,0,0,,
3,130,0.15,1.8888888888888888,3.6666666666666665,-0.32,10,0,0,0,,
3,131,0.15,3.6666666666666665,7.222222222222221,-0.32653061224489793,10,0,0,0,,
3,132,0.15,4.555555555555555,10.0,-0.37404580152671757,10,0,0,0,,
3,133,0.15,10.0,18.88888888888889,-0.3076923076923077,10,0,0,0,,
3,134,0.15,27.77777777777778,63.333333333333336,-0.3902439024390244,10,0,0,0,,
3,135,0.15,45.55555555555556,90.0,-0.3278688524590164,10,0,0,0,,
3,136,0.15,90.0,188.88888888888889,-0.35458167330677287,10,0,0,0,,
3,137,0.15,277.77777777777777,544.4444444444445,-0.32432432432432434,10,0,0,0,,
3,138,0.15,366.66666666666663,811.1111111111111,-0.3773584905660377,10,0,0,0,,
3,139,0.15,1000.0,2000.0,-0.3333333333333333,10,0,0,0,,
3,140,0.15,0.002777777777777778,0.004555555555555556,-0.2424242424242424,10,24,7,0,0.01995262314968881,1467.6884417478452
3,141,0.15,0.004555555555555556,0.007222222222222223,-0.22641509433962265,10,18,5,0,0.028707805820246922,1429.0715261848252
3,142,0.15,0.0054444444444444445,0.009,-0.2461538461538461,10,17,5,0,0.03296097121774579,1403.1635358136184
3,143,0.15,0.006333333333333334,0.01,-0.2244897959183673,10,16,3,0,0.03664375746478333,1596.52943370056
3,144,0.15,0.03666666666666667,0.06333333333333332,-0.2666666666666666,10,3,0,0,0.4332221480987325,1389.773120305076
3,145,0.15,0.05444444444444445,0.09,-0.24615384615384614,10,1,0,0,0.8276851234156103,290.9567107302278
3,146,0.15,0.06333333333333332,0.1,-0.22448979591836743,10,1,0,0,0.8907271514342895,202.74741238761177
3,147,0.15,0.3666666666666667,0.6333333333333333,-0.2666666666666666,10,0,0,0,,
3,148,0.15,0.4555555555555556,0.8111111111111111,-0.2807017543859649,10,0,0,0,,
3,149,0.15,0.5444444444444445,1.0,-0.29496402877697836,10,0,0,0,,
3,150,0.15,3.6666666666666665,6.333333333333333,-0.26666666666666666,10,0,0,0,,
3,151,0.15,4.555555555555555,8.11111111111111,-0.2807017543859649,10,0,0,0,,
3,152,0.15,5.444444444444445,10.0,-0.2949640287769784,10,0,0,0,,
3,153,0.15,27.77777777777778,45.55555555555556,-0.2424242424242424,10,0,0,0,,
3,154,0.15,45.55555555555556,72.22222222222223,-0.22641509433962267,10,0,0,0,,
3,155,0.15,54.44444444444444,100.0,-0.2949640287769784,10,0,0,0,,
3,156,0.15,277.77777777777777,455.55555555555554,-0.24242424242424243,10,0,0,0,,
3,157,0.15,455.55555555555554,722.2222222222222,-0.2264150943396226,10,0,0,0,,
3,158,0.15,544.4444444444445,900.0,-0.24615384615384617,10,0,0,0,,
3,159,0.15,2000.0,3000.0,-0.2,10,0,0,0,,
3,160,0.15,0.001888888888888889,0.002777777777777778,-0.19047619047619047,10,30,8,0,0.014723125024327193,1474.001715685163
3,161,0.15,0.003666666666666667,0.0054444444444444445,-0.19512195121951215,10,22,6,0,0.024210290467361777,1644.4628931911675
3,162,0.15,0.006333333333333334,0.00811111111111111,-0.123076923076923,10,17,4,0,0.035481338923357565,1546.8706206141978
3,163,0.15,0.00811111111111111,0.01,-0.1042944785276074,10,15,3,0,0.04226686142656028,1070.1078824402318
3,164,0.15,0.03666666666666667,0.04555555555555556,-0.10810810810810813,10,3,0,0,0.4122081387591727,1067.0888304319744
3,165,0.15,0.05444444444444445,0.0811111111111111,-0.1967213114754098,10,1,0,0,0.8156771180787191,301.86921099961484
3,166,0.15,0.07222222222222222,0.1,-0.16129032258064524,10,1,0,0,0.9357571714476317,153.3188288764653
3,167,0.15,0.3666666666666667,0.4555555555555556,-0.10810810810810811,10,0,0,0,,
3,168,0.15,0.5444444444444445,0.7222222222222222,-0.1403508771929824,10,0,0,0,,
3,169,0.15,0.7222222222222222,0.9,-0.10958904109589043,10,0,0,0,,
3,170,0.15,2.7777777777777777,3.6666666666666665,-0.13793103448275862,10,0,0,0,,
3,171,0.15,5.444444444444445,7.222222222222221,-0.1403508771929824,10,0,0,0,,
3,172,0.15,6.333333333333333,9.0,-0.1739130434782609,10,0,0,0,,
3,173,0.15,18.88888888888889,27.77777777777778,-0.19047619047619047,10,0,0,0,,
3,174,0.15,45.55555555555556,63.333333333333336,-0.163265306122449,10,0,0,0,,
3,175,0.15,63.333333333333336,90.0,-0.17391304347826084,10,0,0,0,,
3,176,0.15,81.11111111111111,100.0,-0.10429447852760734,10,0,0,0,,
3,177,0.15,366.66666666666663,544.4444444444445,-0.19512195121951226,10,0,0,0,,
3,178,0.15,633.3333333333333,811.1111111111111,-0.12307692307692313,10,0,0,0,,
3,179,0.15,811.1111111111111,1000.0,-0.10429447852760737,10,0,0,0,,
3,180,0.15,0.001,0.001,0.0,10,41,12,0,0.008433347577642757,1640.6064031603105
3,181,0.15,0.004555555555555556,0.0054444444444444445,-0.08888888888888886,10,20,5,0,0.027289777828080404,1424.671988451643
3,182,0.15,0.007222222222222223,0.007222222222222223,0.0,10,15,3,0,0.036982817978026626,1596.6159363804513
3,183,0.15,0.009,0.01,-0.05263157894736847,10,13,3,0,0.0446683592150963,1361.1419031583084
3,184,0.15,0.04555555555555556,0.04555555555555556,0.0,10,3,0,0,0.4422281521014009,1259.726227389842
3,185,0.15,0.06333333333333332,0.07222222222222222,-0.0655737704918033,10,1,0,0,0.8402935290193462,235.6534986139022
3,186,0.15,0.09,0.09,0.0,10,1,0,0,0.9807871914609739,114.3360081698644
3,187,0.15,0.4555555555555556,0.4555555555555556,0.0,10,0,0,0,,
3,188,0.15,0.6333333333333333,0.7222222222222222,-0.06557377049180328,10,0,0,0,,
3,189,0.15,0.9,0.9,0.0,10,0,0,0,,
3,190,0.15,3.6666666666666665,3.6666666666666665,0.0,10,0,0,0,,
3,191,0.15,6.333333333333333,6.333333333333333,0.0,10,0,0,0,,
3,192,0.15,8.11111111111111,9.0,-0.05194805194805197,10,0,0,0,,
3,193,0.15,36.66666666666667,36.66666666666667,0.0,10,0,0,0,,
3,194,0.15,63.333333333333336,63.333333333333336,0.0,10,0,0,0,,
3,195,0.15,81.11111111111111,90.0,-0.05194805194805193,10,0,0,0,,
3,196,0.15,277.77777777777777,277.77777777777777,0.0,10,0,0,0,,
3,197,0.15,544.4444444444445,633.3333333333333,-0.07547169811320747,10,0,0,0,,
3,198,0.15,811.1111111111111,811.1111111111111,0.0,10,0,0,0,,
3,199,0.15,3000.0,3000.0,0.0,10,0,0,0,,
3,200,0.15,0.0054444444444444445,0.004555555555555556,0.08888888888888886,10,17,5,0,0.028575905433749466,1520.8198270011017
3,201,0.15,0.006333333333333334,0.0054444444444444445,0.0754716981132076,10,17,5,0,0.032210687912834345,1490.795925654313
3,202,0.15,0.00811111111111111,0.007222222222222223,0.057971014492753555,10,14,3,0,0.039084089579240214,1502.02230888212
3,203,0.15,0.01,0.009,0.05263157894736847,10,12,3,0,0.045919801283686855,1507.521382016657
3,204,0.15,0.06333333333333332,0.05444444444444445,0.07547169811320745,10,2,0,0,0.5082721814543029,306.77795065370054
3,205,0.15,0.0811111111111111,0.07222222222222222,0.05797101449275364,10,1,0,0,0.8985323549032688,156.91261785986612
3,206,0.15,0.1,0.09,0.05263157894736847,10,0,0,0,,
3,207,0.15,0.5444444444444445,0.4555555555555556,0.0888888888888889,10,0,0,0,,
3,208,0.15,0.7222222222222222,0.6333333333333333,0.06557377049180328,10,0,0,0,,
3,209,0.15,0.9,0.8111111111111111,0.05194805194805195,10,0,0,0,,
3,210,0.15,5.444444444444445,4.555555555555555,0.08888888888888893,10,0,0,0,,
3,211,0.15,7.222222222222221,6.333333333333333,0.06557377049180325,10,0,0,0,,
3,212,0.15,9.0,8.11111111111111,0.05194805194805197,10,0,0,0,,
3,213,0.15,10.0,9.0,0.05263157894736842,10,0,0,0,,
3,214,0.15,63.333333333333336,54.44444444444444,0.07547169811320759,10,0,0,0,,
3,215,0.15,81.11111111111111,72.22222222222223,0.057971014492753596,10,0,0,0,,
3,216,0.15,100.0,90.0,0.05263157894736842,10,0,0,0,,
3,217,0.15,633.3333333333333,544.4444444444445,0.07547169811320747,10,0,0,0,,
3,218,0.15,811.1111111111111,722.2222222222222,0.057971014492753645,10,0,0,0,,
3,219,0.15,1000.0,900.0,0.05263157894736842,10,0,0,0,,
3,220,0.15,0.002777777777777778,0.001888888888888889,0.19047619047619047,10,26,7,0,0.01614358556826487,1573.1959715593964
3,221,0.15,0.0054444444444444445,0.003666666666666667,0.19512195121951215,10,19,5,0,0.02654605561975539,1448.4996666574987
3,222,0.15,0.00811111111111111,0.006333333333333334,0.123076923076923,10,14,3,0,0.03767037989839089,1534.8179760909559
3,223,0.15,0.01,0.00811111111111111,0.1042944785276074,10,12,3,0,0.044463126746910886,1181.1669231544201
3,224,0.15,0.05444444444444445,0.03666666666666667,0.19512195121951223,10,3,1,0,0.4320213475650434,1275.1110576511153
3,225,0.15,0.0811111111111111,0.05444444444444445,0.1967213114754098,10,1,0,0,0.8150767178118745,229.77514773257363
3,226,0.15,0.1,0.07222222222222222,0.16129032258064524,10,1,0,0,0.9369579719813208,119.74265246806331
3,227,0.15,0.4555555555555556,0.3666666666666667,0.10810810810810811,10,0,0,0,,
3,228,0.15,0.8111111111111111,0.5444444444444445,0.19672131147540978,10,0,0,0,,
3,229,0.15,1.0,0.7222222222222222,0.16129032258064516,10,0,0,0,,
3,230,0.15,3.6666666666666665,2.7777777777777777,0.13793103448275862,10,0,0,0,,
3,231,0.15,7.222222222222221,5.444444444444445,0.1403508771929824,10,0,0,0,,
3,232,0.15,9.0,7.222222222222221,0.10958904109589046,10,0,0,0,,
3,233,0.15,36.66666666666667,27.77777777777778,0.13793103448275865,10,0,0,0,,
3,234,0.15,72.22222222222223,54.44444444444444,0.1403508771929825,10,0,0,0,,
3,235,0.15,90.0,63.333333333333336,0.17391304347826084,10,0,0,0,,
3,236,0.15,277.77777777777777,188.88888888888889,0.1904761904761905,10,0,0,0,,
3,237,0.15,633.3333333333333,455.55555555555554,0.16326530612244894,10,0,0,0,,
3,238,0.15,900.0,633.3333333333333,0.17391304347826092,10,0,0,0,,
3,239,0.15,3000.0,2000.0,0.2,10,0,0,0,,
3,240,0.15,0.004555555555555556,0.002777777777777778,0.2424242424242424,10,21,6,0,0.0223872113856834,1572.196997205049
3,241,0.15,0.007222222222222223,0.004555555555555556,0.22641509433962265,10,16,4,0,0.032062693245054674,1360.861237533009
3,242,0.15,0.009,0.0054444444444444445,0.2461538461538461,10,13,3,0,0.03715352290971724,1407.8849855258989
3,243,0.15,0.01,0.006333333333333334,0.2244897959183673,10,14,3,0,0.040926065973001094,1336.129309540689
3,244,0.15,0.06333333333333332,0.03666666666666667,0.2666666666666666,10,3,0,0,0.4434289526350901,1333.977490947914
3,245,0.15,0.0811111111111111,0.04555555555555556,0.2807017543859649,10,2,0,0,0.7568378919279519,927.3548656528328
3,246,0.15,0.1,0.05444444444444445,0.2949640287769784,10,1,0,0,0.8360907271514342,189.09854497093744
3,247,0.15,0.6333333333333333,0.3666666666666667,0.2666666666666666,10,0,0,0,,
3,248,0.15,0.8111111111111111,0.4555555555555556,0.2807017543859649,10,0,0,0,,
3,249,0.15,1.0,0.5444444444444445,0.29496402877697836,10,0,0,0,,
3,250,0.15,4.555555555555555,2.7777777777777777,0.24242424242424243,10,0,0,0,,
3,251,0.15,7.222222222222221,4.555555555555555,0.22641509433962262,10,0,0,0,,
3,252,0.15,9.0,5.444444444444445,0.24615384615384614,10,0,0,0,,
3,253,0.15,45.55555555555556,27.77777777777778,0.2424242424242424,10,0,0,0,,
3,254,0.15,72.22222222222223,45.55555555555556,0.22641509433962267,10,0,0,0,,
3,255,0.15,90.0,54.44444444444444,0.24615384615384614,10,0,0,0,,
3,256,0.15,100.0,63.333333333333336,0.22448979591836732,10,0,0,0,,
3,257,0.15,633.3333333333333,366.66666666666663,0.26666666666666666,10,0,0,0,,
3,258,0.15,811.1111111111111,455.55555555555554,0.28070175438596495,10,0,0,0,,
3,259,0.15,1000.0,633.3333333333333,0.2244897959183674,10,0,0,0,,
3,260,0.15,0.001888888888888889,0.001,0.3076923076923077,10,31,9,0,0.01096478196143185,1567.5141307979816
3,261,0.15,0.006333333333333334,0.002777777777777778,0.39024390243902446,10,18,5,0,0.024888573182823902,1617.5229522289242
3,262,0.15,0.009,0.004555555555555556,0.3278688524590163,10,15,3,0,0.03451437393358565,1309.8185778343097
3,263,0.15,0.01888888888888889,0.009,0.354581673306773,10,10,2,0,0.05861381645140291,1547.5231035091042
3,264,0.15,0.05444444444444445,0.027777777777777776,0.3243243243243244,10,5,1,0,0.3863909272848566,1423.5577003876563
3,265,0.15,0.0811111111111111,0.03666666666666667,0.3773584905660377,10,3,0,0,0.45663775850567045,1294.9488639502902
3,266,0.15,0.18888888888888888,0.0811111111111111,0.39917695473251025,10,0,0,0,,
3,267,0.15,0.3666666666666667,0.18888888888888888,0.32000000000000006,10,0,0,0,,
3,268,0.15,0.7222222222222222,0.3666666666666667,0.3265306122448979,10,0,0,0,,
3,269,0.15,1.0,0.4555555555555556,0.37404580152671746,10,0,0,0,,
3,270,0.15,3.6666666666666665,1.8888888888888888,0.32,10,0,0,0,,
3,271,0.15,7.222222222222221,3.6666666666666665,0.32653061224489793,10,0,0,0,,
3,272,0.15,10.0,4.555555555555555,0.37404580152671757,10,0,0,0,,
3,273,0.15,18.88888888888889,10.0,0.3076923076923077,10,0,0,0,,
3,274,0.15,63.333333333333336,27.77777777777778,0.3902439024390244,10,0,0,0,,
3,275,0.15,90.0,45.55555555555556,0.3278688524590164,10,0,0,0,,
3,276,0.15,188.88888888888889,90.0,0.35458167330677287,10,0,0,0,,
3,277,0.15,544.4444444444445,277.77777777777777,0.32432432432432434,10,0,0,0,,
3,278,0.15,811.1111111111111,366.66666666666663,0.3773584905660377,10,0,0,0,,
3,279,0.15,2000.0,1000.0,0.3333333333333333,10,0,0,0,,
3,280,0.15,0.002777777777777778,0.001,0.47058823529411764,10,28,8,0,0.012133888504649774,1563.9881478968077
3,281,0.15,0.0054444444444444445,0.001888888888888889,0.48484848484848486,10,21,6,0,0.01967886289706845,1335.137840209744
3,282,0.15,0.009,0.003666666666666667,0.4210526315789473,10,15,4,0,0.031188895840939385,1395.2322817731217
3,283,0.15,0.01888888888888889,0.007222222222222223,0.4468085106382978,10,9,2,0,0.05272298614228227,1363.2207358699636
3,284,0.15,0.05444444444444445,0.01888888888888889,0.4848484848484849,10,6,1,0,0.3209472981987992,1192.978750162807
3,285,0.15,0.09,0.03666666666666667,0.4210526315789474,10,3,0,0,0.46024016010673785,698.1088291639417
3,286,0.15,0.18888888888888888,0.07222222222222222,0.44680851063829796,10,0,0,0,,
3,287,0.15,0.4555555555555556,0.18888888888888888,0.4137931034482759,10,0,0,0,,
3,288,0.15,0.8111111111111111,0.2777777777777778,0.48979591836734687,10,0,0,0,,
3,289,0.15,1.8888888888888888,0.6333333333333333,0.4977973568281938,10,0,0,0,,
3,290,0.15,4.555555555555555,1.8888888888888888,0.4137931034482758,10,0,0,0,,
3,291,0.15,8.11111111111111,2.7777777777777777,0.48979591836734687,10,0,0,0,,
3,292,0.15,18.88888888888889,6.333333333333333,0.4977973568281939,10,0,0,0,,
3,293,0.15,27.77777777777778,10.0,0.47058823529411764,10,0,0,0,,
3,294,0.15,72.22222222222223,27.77777777777778,0.4444444444444445,10,0,0,0,,
3,295,0.15,100.0,36.66666666666667,0.4634146341463414,10,0,0,0,,
3,296,0.15,277.77777777777777,100.0,0.47058823529411764,10,0,0,0,,
3,297,0.15,722.2222222222222,277.77777777777777,0.4444444444444444,10,0,0,0,,
3,298,0.15,1000.0,366.66666666666663,0.46341463414634154,10,0,0,0,,
3,299,0.15,3000.0,1000.0,0.5,10,0,0,0,,
3,300,0.15,0.003666666666666667,0.001,0.5714285714285715,10,23,7,0,0.012823305826560218,1567.4146822632752
3,301,0.15,0.007222222222222223,0.001888888888888889,0.5853658536585367,10,20,5,0,0.020796966871036958,1593.594123981367
3,302,0.15,0.01888888888888889,0.0054444444444444445,0.5525114155251142,10,9,2,0,0.045081670454146,1575.025414805898
3,303,0.15,0.027777777777777776,0.009,0.5105740181268882,10,8,1,0,0.064268771731702,1502.5347956883215
3,304,0.15,0.07222222222222222,0.01888888888888889,0.5853658536585367,10,5,1,0,0.3215476984656438,1263.2725720239887
3,305,0.15,0.1,0.027777777777777776,0.5652173913043479,10,4,0,0,0.39899933288859235,1432.394056318607
3,306,0.15,0.2777777777777778,0.0811111111111111,0.5479876160990712,10,0,0,0,,
3,307,0.15,0.6333333333333333,0.18888888888888888,0.5405405405405406,10,0,0,0,,
3,308,0.15,1.0,0.2777777777777778,0.5652173913043479,10,0,0,0,,
3,309,0.15,2.7777777777777777,0.8111111111111111,0.5479876160990712,10,0,0,0,,
3,310,0.15,3.6666666666666665,1.0,0.5714285714285715,10,0,0,0,,
3,311,0.15,9.0,2.7777777777777777,0.5283018867924528,10,0,0,0,,
3,312,0.15,27.77777777777778,7.222222222222221,0.5873015873015873,10,0,0,0,,
3,313,0.15,36.66666666666667,10.0,0.5714285714285715,10,0,0,0,,
3,314,0.15,90.0,27.77777777777778,0.5283018867924528,10,0,0,0,,
3,315,0.15,188.88888888888889,54.44444444444444,0.5525114155251143,10,0,0,0,,
3,316,0.15,277.77777777777777,90.0,0.5105740181268882,10,0,0,0,,
3,317,0.15,722.2222222222222,188.88888888888889,0.5853658536585366,10,0,0,0,,
3,318,0.15,2000.0,544.4444444444445,0.572052401746725,10,0,0,0,,
3,319,0.15,3000.0,900.0,0.5384615384615384,10,0,0,0,,
3,320,0.15,0.004555555555555556,0.001,0.64,10,23,6,0,0.013182567385564075,1580.635414742152
3,321,0.15,0.01,0.001888888888888889,0.6822429906542055,10,17,5,0,0.02167704104819694,1502.1704291514088
3,322,0.15,0.027777777777777776,0.006333333333333334,0.6286644951140065,10,7,1,0,0.052480746024977286,1556.3274445876068
3,323,0.15,0.04555555555555556,0.00811111111111111,0.6977225672877847,10,9,1,0,0.06486344335482389,1116.3562999845055
3,324,0.15,0.0811111111111111,0.01888888888888889,0.6222222222222222,10,6,1,0,0.3209472981987992,1355.3080898076635
3,325,0.15,0.18888888888888888,0.04555555555555556,0.6113744075829383,10,1,0,0,0.7742494996664442,223.72512395575635
3,326,0.15,0.3666666666666667,0.0811111111111111,0.6377171215880892,10,0,0,0,,
3,327,0.15,0.5444444444444445,0.1,0.6896551724137931,10,0,0,0,,
3,328,0.15,1.8888888888888888,0.3666666666666667,0.6748768472906403,10,0,0,0,,
3,329,0.15,3.6666666666666665,0.7222222222222222,0.6708860759493671,10,0,0,0,,
3,330,0.15,4.555555555555555,0.9,0.670061099796334,10,0,0,0,,
3,331,0.15,9.0,1.8888888888888888,0.6530612244897959,10,0,0,0,,
3,332,0.15,27.77777777777778,5.444444444444445,0.6722408026755854,10,0,0,0,,
3,333,0.15,45.55555555555556,8.11111111111111,0.6977225672877846,10,0,0,0,,
3,334,0.15,81.11111111111111,18.88888888888889,0.6222222222222222,10,0,0,0,,
3,335,0.15,188.88888888888889,45.55555555555556,0.6113744075829383,10,0,0,0,,
3,336,0.15,366.66666666666663,81.11111111111111,0.6377171215880894,10,0,0,0,,
3,337,0.15,455.55555555555554,100.0,0.64,10,0,0,0,,
3,338,0.15,1000.0,188.88888888888889,0.6822429906542056,10,0,0,0,,
3,339,0.15,3000.0,722.2222222222222,0.6119402985074627,10,0,0,0,,
3,340,0.15,0.006333333333333334,0.001,0.7272727272727273,10,20,6,1,0.013677288255958495,41527.12967680996
3,341,0.15,0.03666666666666667,0.004555555555555556,0.7789757412398922,10,7,1,0,0.04325138310350088,1307.8233601083377
3,342,0.15,0.05444444444444445,0.006333333333333334,0.7915904936014624,10,5,1,0,0.055718574893192985,1090.7978498226876
3,343,0.15,0.06333333333333332,0.009,0.7511520737327189,10,6,1,0,0.07144963260755134,827.6303058274028
3,344,0.15,0.09,0.01,0.8,10,6,1,0,0.0783429642766212,1173.089637636354
3,345,0.15,0.3666666666666667,0.06333333333333332,0.7054263565891472,10,1,0,0,0.9183455637091393,94.49588692408423
3,346,0.15,0.5444444444444445,0.0811111111111111,0.7406749555950266,10,0,0,0,,
3,347,0.15,0.7222222222222222,0.0811111111111111,0.7980636237897648,10,0,0,0,,
3,348,0.15,2.7777777777777777,0.3666666666666667,0.7667844522968198,10,0,0,0,,
3,349,0.15,4.555555555555555,0.6333333333333333,0.7558886509635975,10,0,0,0,,
3,350,0.15,6.333333333333333,0.7222222222222222,0.795275590551181,10,0,0,0,,
3,351,0.15,7.222222222222221,1.0,0.7567567567567567,10,0,0,0,,
3,352,0.15,36.66666666666667,4.555555555555555,0.7789757412398921,10,0,0,0,,
3,353,0.15,54.44444444444444,6.333333333333333,0.7915904936014625,10,0,0,0,,
3,354,0.15,63.333333333333336,9.0,0.7511520737327189,10,0,0,0,,
3,355,0.15,90.0,10.0,0.8,10,0,0,0,,
3,356,0.15,366.66666666666663,63.333333333333336,0.7054263565891473,10,0,0,0,,
3,357,0.15,544.4444444444445,81.11111111111111,0.7406749555950267,10,0,0,0,,
3,358,0.15,722.2222222222222,81.11111111111111,0.7980636237897649,10,0,0,0,,
3,359,0.15,3000.0,455.55555555555554,0.7363344051446945,10,0,0,0,,
3,360,0.15,0.009,0.001,0.8000000000000002,10,16,5,0,0.013995873225726178,1611.3880343262285
3,361,0.15,0.04555555555555556,0.003666666666666667,0.8510158013544019,10,5,1,0,0.037497300224548336,1271.66914403912
3,362,0.15,0.07222222222222222,0.0054444444444444445,0.8597997138769671,10,5,1,0,0.05058246620031143,997.7667271855526
3,363,0.15,0.09,0.006333333333333334,0.8685121107266437,10,5,1,0,0.056754460540854715,1464.6643028211254
3,364,0.15,0.18888888888888888,0.01,0.8994413407821228,10,5,0,0,0.08053784411990669,489.7534034044513
3,365,0.15,0.5444444444444445,0.04555555555555556,0.8455743879472692,10,2,0,0,0.7406270847231488,1277.603525910386
3,366,0.15,0.8111111111111111,0.04555555555555556,0.8936446173800259,10,2,0,0,0.7262174783188792,879.8760312551434
3,367,0.15,0.9,0.09,0.8181818181818182,10,0,0,0,,
3,368,0.15,2.7777777777777777,0.2777777777777778,0.8181818181818182,10,0,0,0,,
3,369,0.15,6.333333333333333,0.4555555555555556,0.8657937806873977,10,0,0,0,,
3,370,0.15,8.11111111111111,0.7222222222222222,0.8364779874213837,10,0,0,0,,
3,371,0.15,10.0,0.7222222222222222,0.8652849740932644,10,0,0,0,,
3,372,0.15,45.55555555555556,2.7777777777777777,0.8850574712643677,10,0,0,0,,
3,373,0.15,72.22222222222223,4.555555555555555,0.8813314037626627,10,0,0,0,,
3,374,0.15,90.0,5.444444444444445,0.8859138533178115,10,0,0,0,,
3,375,0.15,100.0,10.0,0.8181818181818182,10,0,0,0,,
3,376,0.15,544.4444444444445,36.66666666666667,0.8738049713193117,10,0,0,0,,
3,377,0.15,722.2222222222222,72.22222222222223,0.8181818181818182,10,0,0,0,,
3,378,0.15,900.0,81.11111111111111,0.8346545866364666,10,0,0,0,,
3,379,0.15,3000.0,277.77777777777777,0.8305084745762712,10,0,0,0,,
3,380,0.15,0.027777777777777776,0.001,0.9305019305019304,10,9,3,0,0.014387985782558451,1467.0124077687624
3,381,0.15,0.4555555555555556,0.003666666666666667,0.9840309702395356,10,4,0,0,0.03819442708400464,362.60442034351604
3,382,0.15,0.9,0.003666666666666667,0.9918849133161194,10,4,0,0,0.03837072454922788,352.6699508106668
3,383,0.15,2.7777777777777777,0.0811111111111111,0.94325689856199,10,0,0,0,,
3,384,0.15,5.444444444444445,0.09,0.9674764103593656,10,0,0,0,,
3,385,0.15,8.11111111111111,0.04555555555555556,0.98882985969214,10,2,0,0,0.671581054036024,1102.7731149717129
3,386,0.15,18.88888888888889,0.006333333333333334,0.9993296365336328,10,4,0,0,0.05780960474057181,473.4210536542855
3,387,0.15,36.66666666666667,0.01888888888888889,0.998970227458582,10,6,0,0,0.2603068712474983,1500.5363261391271
3,388,0.15,54.44444444444444,0.027777777777777776,0.9989801121876594,10,5,0,0,0.3293529019346231,1480.0566725499143
3,389,0.15,72.22222222222223,0.027777777777777776,0.9992310649750098,10,5,0,0,0.3287525016677785,1294.8468845251923
3,390,0.15,90.0,0.009,0.9998000199980002,10,4,0,0,0.07516228940182053,505.1395837587377
3,391,0.15,188.88888888888889,0.0054444444444444445,0.9999423546027204,10,4,0,0,0.05152286445817567,432.0064278083878
3,392,0.15,277.77777777777777,1.0,0.9928258270227183,10,0,0,0,,
3,393,0.15,455.55555555555554,0.03666666666666667,0.9998390373457745,10,4,0,0,0.3863909272848566,1513.744799130754
3,394,0.15,544.4444444444445,7.222222222222221,0.9738167170191341,10,0,0,0,,
3,395,0.15,722.2222222222222,0.06333333333333332,0.9998246307631483,10,1,0,0,0.7820547031354236,131.19817662389303
3,396,0.15,811.1111111111111,8.11111111111111,0.9801980198019803,10,0,0,0,,
3,397,0.15,1000.0,0.04555555555555556,0.9999088930393171,10,1,0,0,0.8456971314209473,1315.547566760867
3,398,0.15,2000.0,5.444444444444445,0.9945703363067206,10,0,0,0,,
3,399,0.15,3000.0,100.0,0.9354838709677419,10,0,0,0,,
4,0,0.2,0.001,0.027777777777777776,-0.9305019305019304,10,31,10,0,0.010423174293933047,1537.0496738281747
4,1,0.2,0.001888888888888889,0.7222222222222222,-0.9947828755562373,10,25,7,0,0.01584893192461114,1568.1038431466309
4,2,0.2,0.002777777777777778,54.44444444444444,-0.9998979643895719,10,21,6,0,0.01452111617587742,1615.304011270647
4,3,0.2,0.004555555555555556,0.1,-0.9128586609989372,10,17,5,0,0.031915378551007616,1547.1547220876673
4,4,0.2,0.0054444444444444445,45.55555555555556,-0.9997610041726721,10,15,4,0,0.024774220576332863,1596.2317939714158
4,5,0.2,0.007222222222222223,0.5444444444444445,-0.9738167170191339,10,13,3,0,0.04345102241715714,1307.093347892398
4,6,0.2,0.00811111111111111,90.0,-0.999819769329431,10,13,4,0,0.03006076302628232,1414.821978485611
4,7,0.2,0.01,2.7777777777777777,-0.9928258270227184,10,10,2,0,0.05152286445817567,1311.734036177023
4,8,0.2,0.01888888888888889,722.2222222222222,-0.9999476936757038,10,6,2,0,0.03819442708400464,1287.339270733416
4,9,0.2,0.03666666666666667,90.0,-0.999185517011588,10,5,2,0,0.09289663867799362,1370.2040649447388
4,10,0.2,0.05444444444444445,81.11111111111111,-0.998658434749278,10,3,0,0,0.12701801200800533,1063.386433333782
4,11,0.2,0.07222222222222222,100.0,-0.9985565980125465,10,3,0,0,0.15163442294863244,1059.249589096849
4,12,0.2,0.09,188.88888888888889,-0.9990475126557345,10,2,0,0,0.1600400266844563,363.61642779856817
4,13,0.2,0.18888888888888888,633.3333333333333,-0.9994036866197801,10,2,0,0,0.22068045363575717,305.0864094604799
4,14,0.2,0.4555555555555556,45.55555555555556,-0.9801980198019802,10,0,0,0,,
4,15,0.2,0.7222222222222222,36.66666666666667,-0.9613670133729569,10,0,0,0,,
4,16,0.2,1.0,45.55555555555556,-0.9570405727923628,10,0,0,0,,
4,17,0.2,3.6666666666666665,544.4444444444445,-0.9866207176160553,10,0,0,0,,
4,18,0.2,8.11111111111111,900.0,-0.9821363024593173,10,0,0,0,,
4,19,0.2,100.0,3000.0,-0.9354838709677419,10,0,0,0,,
4,20,0.2,0.001,0.009,-0.8000000000000002,10,34,10,0,0.010375284158180127,1643.4122499269802
4,21,0.2,0.003666666666666667,0.05444444444444445,-0.8738049713193117,10,18,5,0,0.027289777828080404,1447.2098118888446
4,22,0.2,0.0054444444444444445,0.0811111111111111,-0.8741976893453145,10,15,3,0,0.03647539469256077,1559.535555728843
4,23,0.2,0.007222222222222223,0.09,-0.8514285714285713,10,15,3,0,0.04487453899331323,1585.9280867594582
4,24,0.2,0.01,0.18888888888888888,-0.8994413407821228,10,11,2,0,0.056754460540854715,1531.9098989048698
4,25,0.2,0.04555555555555556,0.5444444444444445,-0.8455743879472692,10,2,0,0,0.513675783855904,458.9321884662986
4,26,0.2,0.06333333333333332,0.6333333333333333,-0.8181818181818181,10,1,0,0,0.943562374916611,228.897053437488
4,27,0.2,0.0811111111111111,0.9,-0.8346545866364665,10,0,0,0,,
4,28,0.2,0.2777777777777778,2.7777777777777777,-0.8181818181818182,10,0,0,0,,
4,29,0.2,0.4555555555555556,7.222222222222221,-0.8813314037626627,10,0,0,0,,
4,30,0.2,0.6333333333333333,9.0,-0.8685121107266437,10,0,0,0,,
4,31,0.2,0.9,9.0,-0.8181818181818181,10,0,0,0,,
4,32,0.2,3.6666666666666665,36.66666666666667,-0.8181818181818183,10,0,0,0,,
4,33,0.2,5.444444444444445,63.333333333333336,-0.8416801292407108,10,0,0,0,,
4,34,0.2,7.222222222222221,72.22222222222223,-0.818181818181818,10,0,0,0,,
4,35,0.2,10.0,100.0,-0.8181818181818182,10,0,0,0,,
4,36,0.2,36.66666666666667,633.3333333333333,-0.8905472636815921,10,0,0,0,,
4,37,0.2,54.44444444444444,900.0,-0.8859138533178114,10,0,0,0,,
4,38,0.2,72.22222222222223,1000.0,-0.8652849740932643,10,0,0,0,,
4,39,0.2,277.77777777777777,3000.0,-0.8305084745762712,10,0,0,0,,
4,40,0.2,0.001,0.006333333333333334,-0.7272727272727273,10,32,11,0,0.01032761405761398,1654.4162323530509
4,41,0.2,0.004555555555555556,0.027777777777777776,-0.718213058419244,10,16,4,0,0.031768740706497725,1432.3399665904756
4,42,0.2,0.006333333333333334,0.05444444444444445,-0.7915904936014624,10,16,3,0,0.04073802778041126,1522.243937972753
4,43,0.2,0.00811111111111111,0.07222222222222222,-0.7980636237897648,10,13,3,0,0.04897788193684462,1504.8920901606189
4,44,0.2,0.01,0.0811111111111111,-0.7804878048780489,10,12,2,0,0.05701642722807478,1598.6628594707051
4,45,0.2,0.05444444444444445,0.3666666666666667,-0.7414248021108178,10,1,0,0,0.8769179452968645,289.28055870616737
4,46,0.2,0.07222222222222222,0.5444444444444445,-0.7657657657657659,10,0,0,0,,
4,47,0.2,0.09,0.6333333333333333,-0.751152073732719,10,0,0,0,,
4,48,0.2,0.3666666666666667,2.7777777777777777,-0.7667844522968198,10,0,0,0,,
4,49,0.2,0.6333333333333333,4.555555555555555,-0.7558886509635975,10,0,0,0,,
4,50,0.2,0.8111111111111111,5.444444444444445,-0.7406749555950267,10,0,0,0,,
4,51,0.2,1.0,6.333333333333333,-0.7272727272727273,10,0,0,0,,
4,52,0.2,4.555555555555555,36.66666666666667,-0.7789757412398921,10,0,0,0,,
4,53,0.2,7.222222222222221,45.55555555555556,-0.7263157894736842,10,0,0,0,,
4,54,0.2,9.0,54.44444444444444,-0.7162872154115587,10,0,0,0,,
4,55,0.2,10.0,81.11111111111111,-0.7804878048780488,10,0,0,0,,
4,56,0.2,54.44444444444444,455.55555555555554,-0.7864923747276688,10,0,0,0,,
4,57,0.2,72.22222222222223,633.3333333333333,-0.7952755905511812,10,0,0,0,,
4,58,0.2,90.0,722.2222222222222,-0.7783857729138167,10,0,0,0,,
4,59,0.2,455.55555555555554,3000.0,-0.7363344051446945,10,0,0,0,,
4,60,0.2,0.001,0.004555555555555556,-0.64,10,35,11,0,0.010185913880541169,1621.8646290576664
4,61,0.2,0.001888888888888889,0.01,-0.6822429906542055,10,23,6,0,0.016443717232149324,1394.6588859247327
4,62,0.2,0.006333333333333334,0.027777777777777776,-0.6286644951140065,10,15,3,0,0.03999447497610974,1315.1532904113851
4,63,0.2,0.009,0.03666666666666667,-0.6058394160583941,10,12,2,0,0.051760683195056764,1438.7980647262054
4,64,0.2,0.01888888888888889,0.0811111111111111,-0.6222222222222222,10,8,1,0,0.08953647655495937,1300.4964479626458
4,65,0.2,0.04555555555555556,0.18888888888888888,-0.6113744075829383,10,1,0,0,0.7976651100733821,389.50824646295627
4,66,0.2,0.0811111111111111,0.3666666666666667,-0.6377171215880892,10,0,0,0,,
4,67,0.2,0.1,0.5444444444444445,-0.6896551724137931,10,0,0,0,,
4,68,0.2,0.3666666666666667,1.8888888888888888,-0.6748768472906403,10,0,0,0,,
4,69,0.2,0.7222222222222222,3.6666666666666665,-0.6708860759493671,10,0,0,0,,
4,70,0.2,0.9,4.555555555555555,-0.670061099796334,10,0,0,0,,
4,71,0.2,1.8888888888888888,9.0,-0.6530612244897959,10,0,0,0,,
4,72,0.2,5.444444444444445,27.77777777777778,-0.6722408026755854,10,0,0,0,,
4,73,0.2,9.0,36.66666666666667,-0.6058394160583942,10,0,0,0,,
4,74,0.2,18.88888888888889,81.11111111111111,-0.6222222222222222,10,0,0,0,,
4,75,0.2,45.55555555555556,188.88888888888889,-0.6113744075829383,10,0,0,0,,
4,76,0.2,81.11111111111111,366.66666666666663,-0.6377171215880894,10,0,0,0,,
4,77,0.2,100.0,455.55555555555554,-0.64,10,0,0,0,,
4,78,0.2,188.88888888888889,1000.0,-0.6822429906542056,10,0,0,0,,
4,79,0.2,722.2222222222222,3000.0,-0.6119402985074627,10,0,0,0,,
4,80,0.2,0.001,0.003666666666666667,-0.5714285714285715,10,35,11,0,0.010092528860766845,1619.519114963094
4,81,0.2,0.001888888888888889,0.007222222222222223,-0.5853658536585367,10,24,7,0,0.0162181009735893,1453.2771275629214
4,82,0.2,0.0054444444444444445,0.01888888888888889,-0.5525114155251142,10,16,3,0,0.0353183169791957,1270.5585124877243
4,83,0.2,0.009,0.027777777777777776,-0.5105740181268882,10,13,2,0,0.050815944256056046,1514.628659627012
4,84,0.2,0.01888888888888889,0.07222222222222222,-0.5853658536585367,10,8,1,0,0.08912509381337459,1193.3920050342535
4,85,0.2,0.05444444444444445,0.18888888888888888,-0.5525114155251141,10,1,0,0,0.8703135423615743,255.2971814835061
4,86,0.2,0.09,0.2777777777777778,-0.5105740181268883,10,0,0,0,,
4,87,0.2,0.18888888888888888,0.6333333333333333,-0.5405405405405406,10,0,0,0,,
4,88,0.2,0.2777777777777778,1.0,-0.5652173913043479,10,0,0,0,,
4,89,0.2,0.8111111111111111,2.7777777777777777,-0.5479876160990712,10,0,0,0,,
4,90,0.2,1.8888888888888888,6.333333333333333,-0.5405405405405406,10,0,0,0,,
4,91,0.2,2.7777777777777777,10.0,-0.5652173913043478,10,0,0,0,,
4,92,0.2,8.11111111111111,27.77777777777778,-0.5479876160990713,10,0,0,0,,
4,93,0.2,10.0,36.66666666666667,-0.5714285714285715,10,0,0,0,,
4,94,0.2,27.77777777777778,90.0,-0.5283018867924528,10,0,0,0,,
4,95,0.2,72.22222222222223,277.77777777777777,-0.5873015873015872,10,0,0,0,,
4,96,0.2,100.0,366.66666666666663,-0.5714285714285714,10,0,0,0,,
4,97,0.2,277.77777777777777,900.0,-0.5283018867924527,10,0,0,0,,
4,98,0.2,633.3333333333333,2000.0,-0.518987341772152,10,0,0,0,,
4,99,0.2,1000.0,3000.0,-0.5,10,0,0,0,,
4,100,0.2,0.001,0.002777777777777778,-0.47058823529411764,10,34,11,0,0.009862794856312099,1623.831252317153
4,101,0.2,0.001888888888888889,0.0054444444444444445,-0.48484848484848486,10,24,8,0,0.01584893192461114,1586.789848780064
4,102,0.2,0.003666666666666667,0.009,-0.4210526315789473,10,22,5,0,0.02558585886905645,1590.6700989063108
4,103,0.2,0.007222222222222223,0.01888888888888889,-0.4468085106382978,10,14,2,0,0.04265795188015926,1245.7417363634456
4,104,0.2,0.01888888888888889,0.05444444444444445,-0.4848484848484849,10,8,1,0,0.08749837752274364,787.4431513861127
4,105,0.2,0.027777777777777776,0.0811111111111111,-0.4897959183673469,10,5,0,0,0.3875917278185457,1063.1123818233425
4,106,0.2,0.06333333333333332,0.18888888888888888,-0.4977973568281938,10,1,0,0,0.9351567711807871,174.58407656943095
4,107,0.2,0.18888888888888888,0.4555555555555556,-0.4137931034482759,10,0,0,0,,
4,108,0.2,0.2777777777777778,0.8111111111111111,-0.48979591836734687,10,0,0,0,,
4,109,0.2,0.6333333333333333,1.8888888888888888,-0.4977973568281938,10,0,0,0,,
4,110,0.2,1.0,2.7777777777777777,-0.47058823529411764,10,0,0,0,,
4,111,0.2,2.7777777777777777,7.222222222222221,-0.44444444444444436,10,0,0,0,,
4,112,0.2,3.6666666666666665,10.0,-0.46341463414634154,10,0,0,0,,
4,113,0.2,10.0,27.77777777777778,-0.47058823529411764,10,0,0,0,,
4,114,0.2,27.77777777777778,72.22222222222223,-0.4444444444444445,10,0,0,0,,
4,115,0.2,36.66666666666667,90.0,-0.4210526315789473,10,0,0,0,,
4,116,0.2,72.22222222222223,188.88888888888889,-0.4468085106382979,10,0,0,0,,
4,117,0.2,188.88888888888889,544.4444444444445,-0.4848484848484848,10,0,0,0,,
4,118,0.2,366.66666666666663,900.0,-0.42105263157894746,10,0,0,0,,
4,119,0.2,811.1111111111111,2000.0,-0.42292490118577075,10,0,0,0,,
4,120,0.2,0.001,0.001888888888888889,-0.3076923076923077,10,37,12,0,0.009375620069258801,1661.49227442576
4,121,0.2,0.002777777777777778,0.006333333333333334,-0.39024390243902446,10,27,7,0,0.020606299132700005,1575.3466017010567
4,122,0.2,0.004555555555555556,0.009,-0.3278688524590163,10,23,6,0,0.02924152377843337,1607.241346089922
4,123,0.2,0.009,0.01888888888888889,-0.354581673306773,10,12,2,0,0.04897788193684462,1428.1472245245736
4,124,0.2,0.027777777777777776,0.05444444444444445,-0.3243243243243244,10,5,0,0,0.3737825216811207,1550.0379773877248
4,125,0.2,0.03666666666666667,0.0811111111111111,-0.3773584905660377,10,3,0,0,0.4398265510340227,1392.5761449471847
4,126,0.2,0.0811111111111111,0.18888888888888888,-0.39917695473251025,10,0,0,0,,
4,127,0.2,0.18888888888888888,0.3666666666666667,-0.32000000000000006,10,0,0,0,,
4,128,0.2,0.3666666666666667,0.7222222222222222,-0.3265306122448979,10,0,0,0,,
4,129,0.2,0.4555555555555556,1.0,-0.37404580152671746,10,0,0,0,,
4,130,0.2,1.8888888888888888,3.6666666666666665,-0.32,10,0,0,0,,
4,131,0.2,3.6666666666666665,7.222222222222221,-0.32653061224489793,10,0,0,0,,
4,132,0.2,4.555555555555555,10.0,-0.37404580152671757,10,0,0,0,,
4,133,0.2,10.0,18.88888888888889,-0.3076923076923077,10,0,0,0,,
4,134,0.2,27.77777777777778,63.333333333333336,-0.3902439024390244,10,0,0,0,,
4,135,0.2,45.55555555555556,90.0,-0.3278688524590164,10,0,0,0,,
4,136,0.2,90.0,188.88888888888889,-0.35458167330677287,10,0,0,0,,
4,137,0.2,277.77777777777777,544.4444444444445,-0.32432432432432434,10,0,0,0,,
4,138,0.2,366.66666666666663,811.1111111111111,-0.3773584905660377,10,0,0,0,,
4,139,0.2,1000.0,2000.0,-0.3333333333333333,10,0,0,0,,
4,140,0.2,0.002777777777777778,0.004555555555555556,-0.2424242424242424,10,25,7,0,0.01958844673505991,1519.1917298147505
4,141,0.2,0.004555555555555556,0.007222222222222223,-0.22641509433962265,10,22,6,0,0.02818382931264455,1556.0067670669932
4,142,0.2,0.0054444444444444445,0.009,-0.2461538461538461,10,18,5,0,0.032508729738543435,1391.680401499593
4,143,0.2,0.006333333333333334,0.01,-0.2244897959183673,10,17,4,0,0.03597493351557424,1458.829460365017
4,144,0.2,0.03666666666666667,0.06333333333333332,-0.2666666666666666,10,3,0,0,0.4260173448965977,1348.919856700777
4,145,0.2,0.05444444444444445,0.09,-0.24615384615384614,10,1,0,0,0.8138759172781854,263.36360849294033
4,146,0.2,0.06333333333333332,0.1,-0.22448979591836743,10,1,0,0,0.8745163442294862,182.48945679100922
4,147,0.2,0.3666666666666667,0.6333333333333333,-0.2666666666666666,10,0,0,0,,
4,148,0.2,0.4555555555555556,0.8111111111111111,-0.2807017543859649,10,0,0,0,,
4,149,0.2,0.5444444444444445,1.0,-0.29496402877697836,10,0,0,0,,
4,150,0.2,3.6666666666666665,6.333333333333333,-0.26666666666666666,10,0,0,0,,
4,151,0.2,4.555555555555555,8.11111111111111,-0.2807017543859649,10,0,0,0,,
4,152,0.2,5.444444444444445,10.0,-0.2949640287769784,10,0,0,0,,
4,153,0.2,27.77777777777778,45.55555555555556,-0.2424242424242424,10,0,0,0,,
4,154,0.2,45.55555555555556,72.22222222222223,-0.22641509433962267,10,0,0,0,,
4,155,0.2,54.44444444444444,100.0,-0.2949640287769784,10,0,0,0,,
4,156,0.2,277.77777777777777,455.55555555555554,-0.24242424242424243,10,0,0,0,,
4,157,0.2,455.55555555555554,722.2222222222222,-0.2264150943396226,10,0,0,0,,
4,158,0.2,544.4444444444445,900.0,-0.24615384615384617,10,0,0,0,,
4,159,0.2,2000.0,3000.0,-0.2,10,0,0,0,,
4,160,0.2,0.001888888888888889,0.002777777777777778,-0.19047619047619047,10,32,8,0,0.014387985782558451,1606.7880832894612
4,161,0.2,0.003666666666666667,0.0054444444444444445,-0.19512195121951215,10,22,6,0,0.023659196974857587,1538.3608130160994
4,162,0.2,0.006333333333333334,0.00811111111111111,-0.123076923076923,10,18,4,0,0.034355794789987466,1465.7581028317552
4,163,0.2,0.00811111111111111,0.01,-0.1042944785276074,10,15,3,0,0.040926065973001094,1333.235307550294
4,164,0.2,0.03666666666666667,0.04555555555555556,-0.10810810810810813,10,4,0,0,0.39959973315543695,1376.3958467281332
4,165,0.2,0.05444444444444445,0.0811111111111111,-0.1967213114754098,10,1,0,0,0.7988659106070714,271.7325874812508
4,166,0.2,0.07222222222222222,0.1,-0.16129032258064524,10,1,0,0,0.9129419613075382,142.44650770035878
4,167,0.2,0.3666666666666667,0.4555555555555556,-0.10810810810810811,10,0,0,0,,
4,168,0.2,0.5444444444444445,0.7222222222222222,-0.1403508771929824,10,0,0,0,,
4,169,0.2,0.7222222222222222,0.9,-0.10958904109589043,10,0,0,0,,
4,170,0.2,2.7777777777777777,3.6666666666666665,-0.13793103448275862,10,0,0,0,,
4,171,0.2,5.444444444444445,7.222222222222221,-0.1403508771929824,10,0,0,0,,
4,172,0.2,6.333333333333333,9.0,-0.1739130434782609,10,0,0,0,,
4,173,0.2,18.88888888888889,27.77777777777778,-0.19047619047619047,10,0,0,0,,
4,174,0.2,45.55555555555556,63.333333333333336,-0.163265306122449,10,0,0,0,,
4,175,0.2,63.333333333333336,90.0,-0.17391304347826084,10,0,0,0,,
4,176,0.2,81.11111111111111,100.0,-0.10429447852760734,10,0,0,0,,
4,177,0.2,366.66666666666663,544.4444444444445,-0.19512195121951226,10,0,0,0,,
4,178,0.2,633.3333333333333,811.1111111111111,-0.12307692307692313,10,0,0,0,,
4,179,0.2,811.1111111111111,1000.0,-0.10429447852760737,10,0,0,0,,
4,180,0.2,0.001,0.001,0.0,10,37,12,0,0.00809095899178383,1647.190860586275
4,181,0.2,0.004555555555555556,0.0054444444444444445,-0.08888888888888886,10,22,6,0,0.026424087573219474,1539.5184335134009
4,182,0.2,0.007222222222222223,0.007222222222222223,0.0,10,16,4,0,0.035481338923357565,1501.653427796396
4,183,0.2,0.009,0.01,-0.05263157894736847,10,15,3,0,0.043052661049171055,1415.2673861659073
4,184,0.2,0.04555555555555556,0.04555555555555556,0.0,10,3,0,0,0.4236157438292195,1271.0120308624494
4,185,0.2,0.06333333333333332,0.07222222222222222,-0.0655737704918033,10,1,0,0,0.8114743162108071,229.3437100464114
4,186,0.2,0.09,0.09,0.0,10,1,0,0,0.9399599733155436,108.80815716170969
4,187,0.2,0.4555555555555556,0.4555555555555556,0.0,10,0,0,0,,
4,188,0.2,0.6333333333333333,0.7222222222222222,-0.06557377049180328,10,0,0,0,,
4,189,0.2,0.9,0.9,0.0,10,0,0,0,,
4,190,0.2,3.6666666666666665,3.6666666666666665,0.0,10,0,0,0,,
4,191,0.2,6.333333333333333,6.333333333333333,0.0,10,0,0,0,,
4,192,0.2,8.11111111111111,9.0,-0.05194805194805197,10,0,0,0,,
4,193,0.2,36.66666666666667,36.66666666666667,0.0,10,0,0,0,,
4,194,0.2,63.333333333333336,63.333333333333336,0.0,10,0,0,0,,
4,195,0.2,81.11111111111111,90.0,-0.05194805194805193,10,0,0,0,,
4,196,0.2,277.77777777777777,277.77777777777777,0.0,10,0,0,0,,
4,197,0.2,544.4444444444445,633.3333333333333,-0.07547169811320747,10,0,0,0,,
4,198,0.2,811.1111111111111,811.1111111111111,0.0,10,0,0,0,,
4,199,0.2,3000.0,3000.0,0.0,10,0,0,0,,
4,200,0.2,0.0054444444444444445,0.004555555555555556,0.08888888888888886,10,19,5,0,0.027039583641088435,1429.876471507833
4,201,0.2,0.006333333333333334,0.0054444444444444445,0.0754716981132076,10,17,5,0,0.030619634336906787,1454.5808671038892
4,202,0.2,0.00811111111111111,0.007222222222222223,0.057971014492753555,10,15,3,0,0.03732501577957206,1523.520997664155
4,203,0.2,0.01,0.009,0.05263157894736847,10,13,3,0,0.04365158322401661,1408.5287430332644
4,204,0.2,0.06333333333333332,0.05444444444444445,0.07547169811320745,10,2,0,0,0.7400266844563042,1408.8135091210036
4,205,0.2,0.0811111111111111,0.07222222222222222,0.05797101449275364,10,1,0,0,0.8553035356904602,161.47886739636573
4,206,0.2,0.1,0.09,0.05263157894736847,10,1,0,0,0.9591727818545697,96.41125133284163
4,207,0.2,0.5444444444444445,0.4555555555555556,0.0888888888888889,10,0,0,0,,
4,208,0.2,0.7222222222222222,0.6333333333333333,0.06557377049180328,10,0,0,0,,
4,209,0.2,0.9,0.8111111111111111,0.05194805194805195,10,0,0,0,,
4,210,0.2,5.444444444444445,4.555555555555555,0.08888888888888893,10,0,0,0,,
4,211,0.2,7.222222222222221,6.333333333333333,0.06557377049180325,10,0,0,0,,
4,212,0.2,9.0,8.11111111111111,0.05194805194805197,10,0,0,0,,
4,213,0.2,10.0,9.0,0.05263157894736842,10,0,0,0,,
4,214,0.2,63.333333333333336,54.44444444444444,0.07547169811320759,10,0,0,0,,
4,215,0.2,81.11111111111111,72.22222222222223,0.057971014492753596,10,0,0,0,,
4,216,0.2,100.0,90.0,0.05263157894736842,10,0,0,0,,
4,217,0.2,633.3333333333333,544.4444444444445,0.07547169811320747,10,0,0,0,,
4,218,0.2,811.1111111111111,722.2222222222222,0.057971014492753645,10,0,0,0,,
4,219,0.2,1000.0,900.0,0.05263157894736842,10,0,0,0,,
4,220,0.2,0.002777777777777778,0.001888888888888889,0.19047619047619047,10,28,8,0,0.015066070661867418,1555.5532333092146
4,221,0.2,0.0054444444444444445,0.003666666666666667,0.19512195121951215,10,20,5,0,0.024888573182823902,1630.0722259147076
4,222,0.2,0.00811111111111111,0.006333333333333334,0.123076923076923,10,15,3,0,0.035481338923357565,1636.4098892302322
4,223,0.2,0.01,0.00811111111111111,0.1042944785276074,10,13,3,0,0.04207266283844442,1501.9271918794966
4,224,0.2,0.05444444444444445,0.03666666666666667,0.19512195121951223,10,3,0,0,0.40500333555703805,1310.9299678604284
4,225,0.2,0.0811111111111111,0.05444444444444445,0.1967213114754098,10,1,0,0,0.7634422948632421,250.38696926669317
4,226,0.2,0.1,0.07222222222222222,0.16129032258064524,10,1,0,0,0.881721147431621,130.38939407981263
4,227,0.2,0.4555555555555556,0.3666666666666667,0.10810810810810811,10,0,0,0,,
4,228,0.2,0.8111111111111111,0.5444444444444445,0.19672131147540978,10,0,0,0,,
4,229,0.2,1.0,0.7222222222222222,0.16129032258064516,10,0,0,0,,
4,230,0.2,3.6666666666666665,2.7777777777777777,0.13793103448275862,10,0,0,0,,
4,231,0.2,7.222222222222221,5.444444444444445,0.1403508771929824,10,0,0,0,,
4,232,0.2,9.0,7.222222222222221,0.10958904109589046,10,0,0,0,,
4,233,0.2,36.66666666666667,27.77777777777778,0.13793103448275865,10,0,0,0,,
4,234,0.2,72.22222222222223,54.44444444444444,0.1403508771929825,10,0,0,0,,
4,235,0.2,90.0,63.333333333333336,0.17391304347826084,10,0,0,0,,
4,236,0.2,277.77777777777777,188.88888888888889,0.1904761904761905,10,0,0,0,,
4,237,0.2,633.3333333333333,455.55555555555554,0.16326530612244894,10,0,0,0,,
4,238,0.2,900.0,633.3333333333333,0.17391304347826092,10,0,0,0,,
4,239,0.2,3000.0,2000.0,0.2,10,0,0,0,,
4,240,0.2,0.004555555555555556,0.002777777777777778,0.2424242424242424,10,23,6,0,0.020892961308540386,1607.429744232452
4,241,0.2,0.007222222222222223,0.004555555555555556,0.22641509433962265,10,17,5,0,0.02992264636608189,1492.7792577704624
4,242,0.2,0.009,0.0054444444444444445,0.2461538461538461,10,15,3,0,0.03451437393358565,1538.0097912874733
4,243,0.2,0.01,0.006333333333333334,0.2244897959183673,10,13,3,0,0.03819442708400464,1551.310308618868
4,244,0.2,0.06333333333333332,0.03666666666666667,0.2666666666666666,10,4,0,0,0.4122081387591727,959.6894253441785
4,245,0.2,0.0811111111111111,0.04555555555555556,0.2807017543859649,10,2,0,0,0.7034022681787858,1328.6287749830262
4,246,0.2,0.1,0.05444444444444445,0.2949640287769784,10,1,0,0,0.7760507004669779,218.00261655034663
4,247,0.2,0.6333333333333333,0.3666666666666667,0.2666666666666666,10,0,0,0,,
4,248,0.2,0.8111111111111111,0.4555555555555556,0.2807017543859649,10,0,0,0,,
4,249,0.2,1.0,0.5444444444444445,0.29496402877697836,10,0,0,0,,
4,250,0.2,4.555555555555555,2.7777777777777777,0.24242424242424243,10,0,0,0,,
4,251,0.2,7.222222222222221,4.555555555555555,0.22641509433962262,10,0,0,0,,
4,252,0.2,9.0,5.444444444444445,0.24615384615384614,10,0,0,0,,
4,253,0.2,45.55555555555556,27.77777777777778,0.2424242424242424,10,0,0,0,,
4,254,0.2,72.22222222222223,45.55555555555556,0.22641509433962267,10,0,0,0,,
4,255,0.2,90.0,54.44444444444444,0.24615384615384614,10,0,0,0,,
4,256,0.2,100.0,63.333333333333336,0.22448979591836732,10,0,0,0,,
4,257,0.2,633.3333333333333,366.66666666666663,0.26666666666666666,10,0,0,0,,
4,258,0.2,811.1111111111111,455.55555555555554,0.28070175438596495,10,0,0,0,,
4,259,0.2,1000.0,633.3333333333333,0.2244897959183674,10,0,0,0,,
4,260,0.2,0.001888888888888889,0.001,0.3076923076923077,10,32,9,0,0.010092528860766845,1518.289584597655
4,261,0.2,0.006333333333333334,0.002777777777777778,0.39024390243902446,10,19,5,0,0.022698648518838214,1621.7667707098904
4,262,0.2,0.009,0.004555555555555556,0.3278688524590163,10,15,4,0,0.031768740706497725,1420.7938135983436
4,263,0.2,0.01888888888888889,0.009,0.354581673306773,10,9,2,0,0.05370317963702527,1274.7540954386766
4,264,0.2,0.05444444444444445,0.027777777777777776,0.3243243243243244,10,5,1,0,0.3575717144763175,1202.3401631314716
4,265,0.2,0.0811111111111111,0.03666666666666667,0.3773584905660377,10,4,0,0,0.4194129419613075,1259.0752054448362
4,266,0.2,0.18888888888888888,0.0811111111111111,0.39917695473251025,10,0,0,0,,
4,267,0.2,0.3666666666666667,0.18888888888888888,0.32000000000000006,10,0,0,0,,
4,268,0.2,0.7222222222222222,0.3666666666666667,0.3265306122448979,10,0,0,0,,
4,269,0.2,1.0,0.4555555555555556,0.37404580152671746,10,0,0,0,,
4,270,0.2,3.6666666666666665,1.8888888888888888,0.32,10,0,0,0,,
4,271,0.2,7.222222222222221,3.6666666666666665,0.32653061224489793,10,0,0,0,,
4,272,0.2,10.0,4.555555555555555,0.37404580152671757,10,0,0,0,,
4,273,0.2,18.88888888888889,10.0,0.3076923076923077,10,0,0,0,,
4,274,0.2,63.333333333333336,27.77777777777778,0.3902439024390244,10,0,0,0,,
4,275,0.2,90.0,45.55555555555556,0.3278688524590164,10,0,0,0,,
4,276,0.2,188.88888888888889,90.0,0.35458167330677287,10,0,0,0,,
4,277,0.2,544.4444444444445,277.77777777777777,0.32432432432432434,10,0,0,0,,
4,278,0.2,811.1111111111111,366.66666666666663,0.3773584905660377,10,0,0,0,,
4,279,0.2,2000.0,1000.0,0.3333333333333333,10,0,0,0,,
4,280,0.2,0.002777777777777778,0.001,0.47058823529411764,10,32,8,0,0.01096478196143185,1643.367060174341
4,281,0.2,0.0054444444444444445,0.001888888888888889,0.48484848484848486,10,22,6,0,0.01778279410038923,1609.7042672004375
4,282,0.2,0.009,0.003666666666666667,0.4210526315789473,10,17,4,0,0.02831391995799379,1551.8008762344407
4,283,0.2,0.01888888888888889,0.007222222222222223,0.4468085106382978,10,10,2,0,0.04764309868054156,1541.9409582610879
4,284,0.2,0.05444444444444445,0.01888888888888889,0.4848484848484849,10,7,1,0,0.29212808539026014,1602.913793837706
4,285,0.2,0.09,0.03666666666666667,0.4210526315789474,10,3,0,0,0.4212141427618412,1321.2870852762194
4,286,0.2,0.18888888888888888,0.07222222222222222,0.44680851063829796,10,1,0,0,0.9123415610406937,95.85654106395566
4,287,0.2,0.4555555555555556,0.18888888888888888,0.4137931034482759,10,0,0,0,,
4,288,0.2,0.8111111111111111,0.2777777777777778,0.48979591836734687,10,0,0,0,,
4,289,0.2,1.8888888888888888,0.6333333333333333,0.4977973568281938,10,0,0,0,,
4,290,0.2,4.555555555555555,1.8888888888888888,0.4137931034482758,10,0,0,0,,
4,291,0.2,8.11111111111111,2.7777777777777777,0.48979591836734687,10,0,0,0,,
4,292,0.2,18.88888888888889,6.333333333333333,0.4977973568281939,10,0,0,0,,
4,293,0.2,27.77777777777778,10.0,0.47058823529411764,10,0,0,0,,
4,294,0.2,72.22222222222223,27.77777777777778,0.4444444444444445,10,0,0,0,,
4,295,0.2,100.0,36.66666666666667,0.4634146341463414,10,0,0,0,,
4,296,0.2,277.77777777777777,100.0,0.47058823529411764,10,0,0,0,,
4,297,0.2,722.2222222222222,277.77777777777777,0.4444444444444444,10,0,0,0,,
4,298,0.2,1000.0,366.66666666666663,0.46341463414634154,10,0,0,0,,
4,299,0.2,3000.0,1000.0,0.5,10,0,0,0,,
4,300,0.2,0.003666666666666667,0.001,0.5714285714285715,10,26,7,0,0.011428783347897712,1478.3979270108018
4,301,0.2,0.007222222222222223,0.001888888888888889,0.5853658536585367,10,19,5,0,0.018450154191794736,1484.4875768273646
4,302,0.2,0.01888888888888889,0.0054444444444444445,0.5525114155251142,10,11,2,0,0.04036453929676048,1233.7325608653466
4,303,0.2,0.027777777777777776,0.009,0.5105740181268882,10,9,1,0,0.05780960474057181,1545.8816969440022
4,304,0.2,0.07222222222222222,0.01888888888888889,0.5853658536585367,10,6,1,0,0.2915276851234156,1577.993244340278
4,305,0.2,0.1,0.027777777777777776,0.5652173913043479,10,4,0,0,0.3617745163442295,1312.2453726542458
4,306,0.2,0.2777777777777778,0.0811111111111111,0.5479876160990712,10,0,0,0,,
4,307,0.2,0.6333333333333333,0.18888888888888888,0.5405405405405406,10,0,0,0,,
4,308,0.2,1.0,0.2777777777777778,0.5652173913043479,10,0,0,0,,
4,309,0.2,2.7777777777777777,0.8111111111111111,0.5479876160990712,10,0,0,0,,
4,310,0.2,3.6666666666666665,1.0,0.5714285714285715,10,0,0,0,,
4,311,0.2,9.0,2.7777777777777777,0.5283018867924528,10,0,0,0,,
4,312,0.2,27.77777777777778,7.222222222222221,0.5873015873015873,10,0,0,0,,
4,313,0.2,36.66666666666667,10.0,0.5714285714285715,10,0,0,0,,
4,314,0.2,90.0,27.77777777777778,0.5283018867924528,10,0,0,0,,
4,315,0.2,188.88888888888889,54.44444444444444,0.5525114155251143,10,0,0,0,,
4,316,0.2,277.77777777777777,90.0,0.5105740181268882,10,0,0,0,,
4,317,0.2,722.2222222222222,188.88888888888889,0.5853658536585366,10,0,0,0,,
4,318,0.2,2000.0,544.4444444444445,0.572052401746725,10,0,0,0,,
4,319,0.2,3000.0,900.0,0.5384615384615384,10,0,0,0,,
4,320,0.2,0.004555555555555556,0.001,0.64,10,24,7,0,0.011694993910198712,1592.9369716803362
4,321,0.2,0.01,0.001888888888888889,0.6822429906542055,10,17,5,0,0.019054607179632484,1388.1485982489082
4,322,0.2,0.027777777777777776,0.006333333333333334,0.6286644951140065,10,8,2,0,0.046344691973628796,1521.0799327200139
4,323,0.2,0.04555555555555556,0.00811111111111111,0.6977225672877847,10,7,1,0,0.05701642722807478,1376.4969706970398
4,324,0.2,0.0811111111111111,0.01888888888888889,0.6222222222222222,10,6,1,0,0.29032688458972644,1368.5868916703585
4,325,0.2,0.18888888888888888,0.04555555555555556,0.6113744075829383,10,2,0,0,0.705803869246164,1259.5921979256136
4,326,0.2,0.3666666666666667,0.0811111111111111,0.6377171215880892,10,0,0,0,,
4,327,0.2,0.5444444444444445,0.1,0.6896551724137931,10,0,0,0,,
4,328,0.2,1.8888888888888888,0.3666666666666667,0.6748768472906403,10,0,0,0,,
4,329,0.2,3.6666666666666665,0.7222222222222222,0.6708860759493671,10,0,0,0,,
4,330,0.2,4.555555555555555,0.9,0.670061099796334,10,0,0,0,,
4,331,0.2,9.0,1.8888888888888888,0.6530612244897959,10,0,0,0,,
4,332,0.2,27.77777777777778,5.444444444444445,0.6722408026755854,10,0,0,0,,
4,333,0.2,45.55555555555556,8.11111111111111,0.6977225672877846,10,0,0,0,,
4,334,0.2,81.11111111111111,18.88888888888889,0.6222222222222222,10,0,0,0,,
4,335,0.2,188.88888888888889,45.55555555555556,0.6113744075829383,10,0,0,0,,
4,336,0.2,366.66666666666663,81.11111111111111,0.6377171215880894,10,0,0,0,,
4,337,0.2,455.55555555555554,100.0,0.64,10,0,0,0,,
4,338,0.2,1000.0,188.88888888888889,0.6822429906542056,10,0,0,0,,
4,339,0.2,3000.0,722.2222222222222,0.6119402985074627,10,0,0,0,,
4,340,0.2,0.006333333333333334,0.001,0.7272727272727273,10,22,6,0,0.011967405313072431,1631.5995699397854
4,341,0.2,0.03666666666666667,0.004555555555555556,0.7789757412398922,10,7,1,0,0.037844258471709316,1184.3113253890122
4,342,0.2,0.05444444444444445,0.006333333333333334,0.7915904936014624,10,6,1,0,0.0485288500162121,1090.279154608134
4,343,0.2,0.06333333333333332,0.009,0.7511520737327189,10,5,1,0,0.06251726927756862,1040.3823139865196
4,344,0.2,0.09,0.01,0.8,10,6,1,0,0.06854882264526613,979.1587661698468
4,345,0.2,0.3666666666666667,0.06333333333333332,0.7054263565891472,10,1,0,0,0.8348899266177451,126.61785601558228
4,346,0.2,0.5444444444444445,0.0811111111111111,0.7406749555950266,10,0,0,0,,
4,347,0.2,0.7222222222222222,0.0811111111111111,0.7980636237897648,10,0,0,0,,
4,348,0.2,2.7777777777777777,0.3666666666666667,0.7667844522968198,10,0,0,0,,
4,349,0.2,4.555555555555555,0.6333333333333333,0.7558886509635975,10,0,0,0,,
4,350,0.2,6.333333333333333,0.7222222222222222,0.795275590551181,10,0,0,0,,
4,351,0.2,7.222222222222221,1.0,0.7567567567567567,10,0,0,0,,
4,352,0.2,36.66666666666667,4.555555555555555,0.7789757412398921,10,0,0,0,,
4,353,0.2,54.44444444444444,6.333333333333333,0.7915904936014625,10,0,0,0,,
4,354,0.2,63.333333333333336,9.0,0.7511520737327189,10,0,0,0,,
4,355,0.2,90.0,10.0,0.8,10,0,0,0,,
4,356,0.2,366.66666666666663,63.333333333333336,0.7054263565891473,10,0,0,0,,
4,357,0.2,544.4444444444445,81.11111111111111,0.7406749555950267,10,0,0,0,,
4,358,0.2,722.2222222222222,81.11111111111111,0.7980636237897649,10,0,0,0,,
4,359,0.2,3000.0,455.55555555555554,0.7363344051446945,10,0,0,0,,
4,360,0.2,0.009,0.001,0.8000000000000002,10,17,5,0,0.012189895989248661,1548.581808262197
4,361,0.2,0.04555555555555556,0.003666666666666667,0.8510158013544019,10,8,1,0,0.032508729738543435,1542.1821050940346
4,362,0.2,0.07222222222222222,0.0054444444444444445,0.8597997138769671,10,5,1,0,0.04385306977749856,935.8189769993521
4,363,0.2,0.09,0.006333333333333334,0.8685121107266437,10,5,1,0,0.04920395356814511,718.1473618491366
4,364,0.2,0.18888888888888888,0.01,0.8994413407821228,10,5,0,0,0.0695024317588797,788.1437488188949
4,365,0.2,0.5444444444444445,0.04555555555555556,0.8455743879472692,10,2,0,0,0.6751834556370914,756.0751771736007
4,366,0.2,0.8111111111111111,0.04555555555555556,0.8936446173800259,10,2,0,0,0.6631754503002001,1337.0030732232105
4,367,0.2,0.9,0.09,0.8181818181818182,10,0,0,0,,
4,368,0.2,2.7777777777777777,0.2777777777777778,0.8181818181818182,10,0,0,0,,
4,369,0.2,6.333333333333333,0.4555555555555556,0.8657937806873977,10,0,0,0,,
4,370,0.2,8.11111111111111,0.7222222222222222,0.8364779874213837,10,0,0,0,,
4,371,0.2,10.0,0.7222222222222222,0.8652849740932644,10,0,0,0,,
4,372,0.2,45.55555555555556,2.7777777777777777,0.8850574712643677,10,0,0,0,,
4,373,0.2,72.22222222222223,4.555555555555555,0.8813314037626627,10,0,0,0,,
4,374,0.2,90.0,5.444444444444445,0.8859138533178115,10,0,0,0,,
4,375,0.2,100.0,10.0,0.8181818181818182,10,0,0,0,,
4,376,0.2,544.4444444444445,36.66666666666667,0.8738049713193117,10,0,0,0,,
4,377,0.2,722.2222222222222,72.22222222222223,0.8181818181818182,10,0,0,0,,
4,378,0.2,900.0,81.11111111111111,0.8346545866364666,10,0,0,0,,
4,379,0.2,3000.0,277.77777777777777,0.8305084745762712,10,0,0,0,,
4,380,0.2,0.027777777777777776,0.001,0.9305019305019304,10,11,4,0,0.012416523075924106,1576.4986374356386
4,381,0.2,0.4555555555555556,0.003666666666666667,0.9840309702395356,10,8,0,0,0.03311311214825911,1561.582040104422
4,382,0.2,0.9,0.003666666666666667,0.9918849133161194,10,8,0,0,0.03311311214825911,1657.416293268669
4,383,0.2,2.7777777777777777,0.0811111111111111,0.94325689856199,10,0,0,0,,
4,384,0.2,5.444444444444445,0.09,0.9674764103593656,10,0,0,0,,
4,385,0.2,8.11111111111111,0.04555555555555556,0.98882985969214,10,2,0,0,0.6199466310873916,720.2361228891376
4,386,0.2,18.88888888888889,0.006333333333333334,0.9993296365336328,10,5,0,0,0.049888448746001214,573.5458001931165
4,387,0.2,36.66666666666667,0.01888888888888889,0.998970227458582,10,5,0,0,0.2392928619079386,1093.0375680118818
4,388,0.2,54.44444444444444,0.027777777777777776,0.9989801121876594,10,5,0,0,0.3017344896597732,1508.1987513143918
4,389,0.2,72.22222222222223,0.027777777777777776,0.9992310649750098,10,5,0,0,0.30113408939292863,1263.24611030869
4,390,0.2,90.0,0.009,0.9998000199980002,10,4,0,0,0.06486344335482389,275.24371057324396
4,391,0.2,188.88888888888889,0.0054444444444444445,0.9999423546027204,10,4,0,0,0.044463126746910886,336.87274672784764
4,392,0.2,277.77777777777777,1.0,0.9928258270227183,10,0,0,0,,
4,393,0.2,455.55555555555554,0.03666666666666667,0.9998390373457745,10,4,0,0,0.35336891260840564,1463.3407980822549
4,394,0.2,544.4444444444445,7.222222222222221,0.9738167170191341,10,0,0,0,,
4,395,0.2,722.2222222222222,0.06333333333333332,0.9998246307631483,10,2,0,0,0.7250166777851901,1073.0568366627103
4,396,0.2,811.1111111111111,8.11111111111111,0.9801980198019803,10,0,0,0,,
4,397,0.2,1000.0,0.04555555555555556,0.9999088930393171,10,3,0,0,0.5995330220146764,1603.9075696054153
4,398,0.2,2000.0,5.444444444444445,0.9945703363067206,10,0,0,0,,
4,399,0.2,3000.0,100.0,0.9354838709677419,10,0,0,0,,
5,0,0.3,0.001,0.027777777777777776,-0.9305019305019304,10,29,8,0,0.010764652136298349,1466.9890210902563
5,1,0.3,0.001888888888888889,0.7222222222222222,-0.9947828755562373,10,25,7,0,0.0159220872705117,1566.9185681319627
5,2,0.3,0.002777777777777778,54.44444444444444,-0.9998979643895719,10,20,6,0,0.013304544179780914,1601.821822228004
5,3,0.3,0.004555555555555556,0.1,-0.9128586609989372,10,15,4,0,0.032658783217233596,1263.1067589978911
5,4,0.3,0.0054444444444444445,45.55555555555556,-0.9997610041726721,10,15,4,0,0.022698648518838214,1629.6365566793368
5,5,0.3,0.007222222222222223,0.5444444444444445,-0.9738167170191339,10,13,3,0,0.04385306977749856,1401.0885021581835
5,6,0.3,0.00811111111111111,90.0,-0.999819769329431,10,11,4,0,0.027164392688390836,1541.0430457206003
5,7,0.3,0.01,2.7777777777777777,-0.9928258270227184,10,10,2,0,0.05058246620031143,1643.2823111314708
5,8,0.3,0.01888888888888889,722.2222222222222,-0.9999476936757038,10,6,2,0,0.03341950400261143,1336.2534482072758
5,9,0.3,0.03666666666666667,90.0,-0.999185517011588,10,5,2,0,0.08394599865193973,1240.7765995981088
5,10,0.3,0.05444444444444445,81.11111111111111,-0.998658434749278,10,3,0,0,0.11501000667111408,1310.0538704424134
5,11,0.3,0.07222222222222222,100.0,-0.9985565980125465,10,3,0,0,0.13662441627751834,1299.481201157774
5,12,0.3,0.09,188.88888888888889,-0.9990475126557345,10,2,1,0,0.14262841894596398,580.4980559538673
5,13,0.3,0.18888888888888888,633.3333333333333,-0.9994036866197801,10,2,1,0,0.19306204136090727,508.6975611574259
5,14,0.3,0.4555555555555556,45.55555555555556,-0.9801980198019802,10,0,0,0,,
5,15,0.3,0.7222222222222222,36.66666666666667,-0.9613670133729569,10,0,0,0,,
5,16,0.3,1.0,45.55555555555556,-0.9570405727923628,10,0,0,0,,
5,17,0.3,3.6666666666666665,544.4444444444445,-0.9866207176160553,10,0,0,0,,
5,18,0.3,8.11111111111111,900.0,-0.9821363024593173,10,0,0,0,,
5,19,0.3,100.0,3000.0,-0.9354838709677419,10,0,0,0,,
5,20,0.3,0.001,0.009,-0.8000000000000002,10,37,11,0,0.010665961212302578,1634.8103525335996
5,21,0.3,0.003666666666666667,0.05444444444444445,-0.8738049713193117,10,18,4,0,0.027925438412373393,1454.2294450327984
5,22,0.3,0.0054444444444444445,0.0811111111111111,-0.8741976893453145,10,14,3,0,0.03732501577957206,1442.2550495307398
5,23,0.3,0.007222222222222223,0.09,-0.8514285714285713,10,13,3,0,0.045919801283686855,1356.2487177799162
5,24,0.3,0.01,0.18888888888888888,-0.8994413407821228,10,12,2,0,0.05780960474057181,1656.0290922538093
5,25,0.3,0.04555555555555556,0.5444444444444445,-0.8455743879472692,10,2,0,0,0.514876584389593,469.89886248985687
5,26,0.3,0.06333333333333332,0.6333333333333333,-0.8181818181818181,10,1,0,0,0.9453635757171447,217.39548249487635
5,27,0.3,0.0811111111111111,0.9,-0.8346545866364665,10,0,0,0,,
5,28,0.3,0.2777777777777778,2.7777777777777777,-0.8181818181818182,10,0,0,0,,
5,29,0.3,0.4555555555555556,7.222222222222221,-0.8813314037626627,10,0,0,0,,
5,30,0.3,0.6333333333333333,9.0,-0.8685121107266437,10,0,0,0,,
5,31,0.3,0.9,9.0,-0.8181818181818181,10,0,0,0,,
5,32,0.3,3.6666666666666665,36.66666666666667,-0.8181818181818183,10,0,0,0,,
5,33,0.3,5.444444444444445,63.333333333333336,-0.8416801292407108,10,0,0,0,,
5,34,0.3,7.222222222222221,72.22222222222223,-0.818181818181818,10,0,0,0,,
5,35,0.3,10.0,100.0,-0.8181818181818182,10,0,0,0,,
5,36,0.3,36.66666666666667,633.3333333333333,-0.8905472636815921,10,0,0,0,,
5,37,0.3,54.44444444444444,900.0,-0.8859138533178114,10,0,0,0,,
5,38,0.3,72.22222222222223,1000.0,-0.8652849740932643,10,0,0,0,,
5,39,0.3,277.77777777777777,3000.0,-0.8305084745762712,10,0,0,0,,
5,40,0.3,0.001,0.006333333333333334,-0.7272727272727273,10,35,11,0,0.010568175092136586,1515.5941263005336
5,41,0.3,0.004555555555555556,0.027777777777777776,-0.718213058419244,10,18,2,0,0.03235936569296284,1542.0243567857806
5,42,0.3,0.006333333333333334,0.05444444444444445,-0.7915904936014624,10,13,2,0,0.04168693834703355,1520.7602431040962
5,43,0.3,0.00811111111111111,0.07222222222222222,-0.7980636237897648,10,12,2,0,0.049888448746001214,1260.994639103031
5,44,0.3,0.01,0.0811111111111111,-0.7804878048780489,10,11,2,0,0.05807644175213124,1421.88192154053
5,45,0.3,0.05444444444444445,0.3666666666666667,-0.7414248021108178,10,1,0,0,0.8793195463642428,262.24797264527575
5,46,0.3,0.07222222222222222,0.5444444444444445,-0.7657657657657659,10,0,0,0,,
5,47,0.3,0.09,0.6333333333333333,-0.751152073732719,10,0,0,0,,
5,48,0.3,0.3666666666666667,2.7777777777777777,-0.7667844522968198,10,0,0,0,,
5,49,0.3,0.6333333333333333,4.555555555555555,-0.7558886509635975,10,0,0,0,,
5,50,0.3,0.8111111111111111,5.444444444444445,-0.7406749555950267,10,0,0,0,,
5,51,0.3,1.0,6.333333333333333,-0.7272727272727273,10,0,0,0,,
5,52,0.3,4.555555555555555,36.66666666666667,-0.7789757412398921,10,0,0,0,,
5,53,0.3,7.222222222222221,45.55555555555556,-0.7263157894736842,10,0,0,0,,
5,54,0.3,9.0,54.44444444444444,-0.7162872154115587,10,0,0,0,,
5,55,0.3,10.0,81.11111111111111,-0.7804878048780488,10,0,0,0,,
5,56,0.3,54.44444444444444,455.55555555555554,-0.7864923747276688,10,0,0,0,,
5,57,0.3,72.22222222222223,633.3333333333333,-0.7952755905511812,10,0,0,0,,
5,58,0.3,90.0,722.2222222222222,-0.7783857729138167,10,0,0,0,,
5,59,0.3,455.55555555555554,3000.0,-0.7363344051446945,10,0,0,0,,
5,60,0.3,0.001,0.004555555555555556,-0.64,10,34,11,0,0.010375284158180127,1565.8721477483664
5,61,0.3,0.001888888888888889,0.01,-0.6822429906542055,10,30,8,0,0.016749428760264383,1556.1399259316063
5,62,0.3,0.006333333333333334,0.027777777777777776,-0.6286644951140065,10,16,2,0,0.040550853544838394,1646.3974516376622
5,63,0.3,0.009,0.03666666666666667,-0.6058394160583941,10,11,1,0,0.05223961889991197,964.5000736284569
5,64,0.3,0.01888888888888889,0.0811111111111111,-0.6222222222222222,10,8,1,0,0.08994975815300356,1265.1255652728057
5,65,0.3,0.04555555555555556,0.18888888888888888,-0.6113744075829383,10,2,0,0,0.5118745830553703,328.69320279005024
5,66,0.3,0.0811111111111111,0.3666666666666667,-0.6377171215880892,10,0,0,0,,
5,67,0.3,0.1,0.5444444444444445,-0.6896551724137931,10,0,0,0,,
5,68,0.3,0.3666666666666667,1.8888888888888888,-0.6748768472906403,10,0,0,0,,
5,69,0.3,0.7222222222222222,3.6666666666666665,-0.6708860759493671,10,0,0,0,,
5,70,0.3,0.9,4.555555555555555,-0.670061099796334,10,0,0,0,,
5,71,0.3,1.8888888888888888,9.0,-0.6530612244897959,10,0,0,0,,
5,72,0.3,5.444444444444445,27.77777777777778,-0.6722408026755854,10,0,0,0,,
5,73,0.3,9.0,36.66666666666667,-0.6058394160583942,10,0,0,0,,
5,74,0.3,18.88888888888889,81.11111111111111,-0.6222222222222222,10,0,0,0,,
5,75,0.3,45.55555555555556,188.88888888888889,-0.6113744075829383,10,0,0,0,,
5,76,0.3,81.11111111111111,366.66666666666663,-0.6377171215880894,10,0,0,0,,
5,77,0.3,100.0,455.55555555555554,-0.64,10,0,0,0,,
5,78,0.3,188.88888888888889,1000.0,-0.6822429906542056,10,0,0,0,,
5,79,0.3,722.2222222222222,3000.0,-0.6119402985074627,10,0,0,0,,
5,80,0.3,0.001,0.003666666666666667,-0.5714285714285715,10,36,12,0,0.010139113857366799,1597.0109402731987
5,81,0.3,0.001888888888888889,0.007222222222222223,-0.5853658536585367,10,31,8,0,0.016368165214278085,1451.2134285287698
5,82,0.3,0.0054444444444444445,0.01888888888888889,-0.5525114155251142,10,15,1,0,0.035481338923357565,1484.2718102466504
5,83,0.3,0.009,0.027777777777777776,-0.5105740181268882,10,11,1,0,0.050815944256056046,1427.5764405956336
5,84,0.3,0.01888888888888889,0.07222222222222222,-0.5853658536585367,10,7,0,0,0.3197464976651101,1385.9655922470463
5,85,0.3,0.05444444444444445,0.18888888888888888,-0.5525114155251141,10,1,0,0,0.867911941294196,208.5272090694949
5,86,0.3,0.09,0.2777777777777778,-0.5105740181268883,10,0,0,0,,
5,87,0.3,0.18888888888888888,0.6333333333333333,-0.5405405405405406,10,0,0,0,,
5,88,0.3,0.2777777777777778,1.0,-0.5652173913043479,10,0,0,0,,
5,89,0.3,0.8111111111111111,2.7777777777777777,-0.5479876160990712,10,0,0,0,,
5,90,0.3,1.8888888888888888,6.333333333333333,-0.5405405405405406,10,0,0,0,,
5,91,0.3,2.7777777777777777,10.0,-0.5652173913043478,10,0,0,0,,
5,92,0.3,8.11111111111111,27.77777777777778,-0.5479876160990713,10,0,0,0,,
5,93,0.3,10.0,36.66666666666667,-0.5714285714285715,10,0,0,0,,
5,94,0.3,27.77777777777778,90.0,-0.5283018867924528,10,0,0,0,,
5,95,0.3,72.22222222222223,277.77777777777777,-0.5873015873015872,10,0,0,0,,
5,96,0.3,100.0,366.66666666666663,-0.5714285714285714,10,0,0,0,,
5,97,0.3,277.77777777777777,900.0,-0.5283018867924527,10,0,0,0,,
5,98,0.3,633.3333333333333,2000.0,-0.518987341772152,10,0,0,0,,
5,99,0.3,1000.0,3000.0,-0.5,10,0,0,0,,
5,100,0.3,0.001,0.002777777777777778,-0.47058823529411764,10,35,12,0,0.009817479430199843,1534.6664349547468
5,101,0.3,0.001888888888888889,0.0054444444444444445,-0.48484848484848486,10,29,8,0,0.01584893192461114,1649.0008369248628
5,102,0.3,0.003666666666666667,0.009,-0.4210526315789473,10,20,5,0,0.02535128630497907,1504.2953359840394
5,103,0.3,0.007222222222222223,0.01888888888888889,-0.4468085106382978,10,14,3,0,0.04226686142656028,1337.5709845150006
5,104,0.3,0.01888888888888889,0.05444444444444445,-0.4848484848484849,10,7,0,0,0.3125416944629753,1387.503776774263
5,105,0.3,0.027777777777777776,0.0811111111111111,-0.4897959183673469,10,4,0,0,0.3845897264843229,1316.3950353381965
5,106,0.3,0.06333333333333332,0.18888888888888888,-0.4977973568281938,10,1,0,0,0.9291527685123415,142.72615248025375
5,107,0.3,0.18888888888888888,0.4555555555555556,-0.4137931034482759,10,0,0,0,,
5,108,0.3,0.2777777777777778,0.8111111111111111,-0.48979591836734687,10,0,0,0,,
5,109,0.3,0.6333333333333333,1.8888888888888888,-0.4977973568281938,10,0,0,0,,
5,110,0.3,1.0,2.7777777777777777,-0.47058823529411764,10,0,0,0,,
5,111,0.3,2.7777777777777777,7.222222222222221,-0.44444444444444436,10,0,0,0,,
5,112,0.3,3.6666666666666665,10.0,-0.46341463414634154,10,0,0,0,,
5,113,0.3,10.0,27.77777777777778,-0.47058823529411764,10,0,0,0,,
5,114,0.3,27.77777777777778,72.22222222222223,-0.4444444444444445,10,0,0,0,,
5,115,0.3,36.66666666666667,90.0,-0.4210526315789473,10,0,0,0,,
5,116,0.3,72.22222222222223,188.88888888888889,-0.4468085106382979,10,0,0,0,,
5,117,0.3,188.88888888888889,544.4444444444445,-0.4848484848484848,10,0,0,0,,
5,118,0.3,366.66666666666663,900.0,-0.42105263157894746,10,0,0,0,,
5,119,0.3,811.1111111111111,2000.0,-0.42292490118577075,10,0,0,0,,
5,120,0.3,0.001,0.001888888888888889,-0.3076923076923077,10,36,12,0,0.009120108393559097,1567.306404056952
5,121,0.3,0.002777777777777778,0.006333333333333334,-0.39024390243902446,10,27,7,0,0.02032357010936221,1528.0734539015236
5,122,0.3,0.004555555555555556,0.009,-0.3278688524590163,10,22,6,0,0.028575905433749466,1371.090465288778
5,123,0.3,0.009,0.01888888888888889,-0.354581673306773,10,14,1,0,0.04786300923226385,1520.2385341119355
5,124,0.3,0.027777777777777776,0.05444444444444445,-0.3243243243243244,10,5,0,0,0.3635757171447631,1206.970330956177
5,125,0.3,0.03666666666666667,0.0811111111111111,-0.3773584905660377,10,3,0,0,0.4308205470313542,1465.861180646329
5,126,0.3,0.0811111111111111,0.18888888888888888,-0.39917695473251025,10,0,0,0,,
5,127,0.3,0.18888888888888888,0.3666666666666667,-0.32000000000000006,10,0,0,0,,
5,128,0.3,0.3666666666666667,0.7222222222222222,-0.3265306122448979,10,0,0,0,,
5,129,0.3,0.4555555555555556,1.0,-0.37404580152671746,10,0,0,0,,
5,130,0.3,1.8888888888888888,3.6666666666666665,-0.32,10,0,0,0,,
5,131,0.3,3.6666666666666665,7.222222222222221,-0.32653061224489793,10,0,0,0,,
5,132,0.3,4.555555555555555,10.0,-0.37404580152671757,10,0,0,0,,
5,133,0.3,10.0,18.88888888888889,-0.3076923076923077,10,0,0,0,,
5,134,0.3,27.77777777777778,63.333333333333336,-0.3902439024390244,10,0,0,0,,
5,135,0.3,45.55555555555556,90.0,-0.3278688524590164,10,0,0,0,,
5,136,0.3,90.0,188.88888888888889,-0.35458167330677287,10,0,0,0,,
5,137,0.3,277.77777777777777,544.4444444444445,-0.32432432432432434,10,0,0,0,,
5,138,0.3,366.66666666666663,811.1111111111111,-0.3773584905660377,10,0,0,0,,
5,139,0.3,1000.0,2000.0,-0.3333333333333333,10,0,0,0,,
5,140,0.3,0.002777777777777778,0.004555555555555556,-0.2424242424242424,10,26,7,0,0.018879913490962946,1660.1224914431225
5,141,0.3,0.004555555555555556,0.007222222222222223,-0.22641509433962265,10,22,6,0,0.027039583641088435,1327.8173674488737
5,142,0.3,0.0054444444444444445,0.009,-0.2461538461538461,10,21,4,0,0.031332857243155855,1527.3516805862057
5,143,0.3,0.006333333333333334,0.01,-0.2244897959183673,10,18,4,0,0.03451437393358565,1346.7788093087793
5,144,0.3,0.03666666666666667,0.06333333333333332,-0.2666666666666666,10,3,0,0,0.41100733822548363,480.98571916413783
5,145,0.3,0.05444444444444445,0.09,-0.24615384615384614,10,1,0,0,0.7844563042028018,220.2606130956198
5,146,0.3,0.06333333333333332,0.1,-0.22448979591836743,10,1,0,0,0.8396931287525016,154.55030645160468
5,147,0.3,0.3666666666666667,0.6333333333333333,-0.2666666666666666,10,0,0,0,,
5,148,0.3,0.4555555555555556,0.8111111111111111,-0.2807017543859649,10,0,0,0,,
5,149,0.3,0.5444444444444445,1.0,-0.29496402877697836,10,0,0,0,,
5,150,0.3,3.6666666666666665,6.333333333333333,-0.26666666666666666,10,0,0,0,,
5,151,0.3,4.555555555555555,8.11111111111111,-0.2807017543859649,10,0,0,0,,
5,152,0.3,5.444444444444445,10.0,-0.2949640287769784,10,0,0,0,,
5,153,0.3,27.77777777777778,45.55555555555556,-0.2424242424242424,10,0,0,0,,
5,154,0.3,45.55555555555556,72.22222222222223,-0.22641509433962267,10,0,0,0,,
5,155,0.3,54.44444444444444,100.0,-0.2949640287769784,10,0,0,0,,
5,156,0.3,277.77777777777777,455.55555555555554,-0.24242424242424243,10,0,0,0,,
5,157,0.3,455.55555555555554,722.2222222222222,-0.2264150943396226,10,0,0,0,,
5,158,0.3,544.4444444444445,900.0,-0.24615384615384617,10,0,0,0,,
5,159,0.3,2000.0,3000.0,-0.2,10,0,0,0,,
5,160,0.3,0.001888888888888889,0.002777777777777778,-0.19047619047619047,10,35,9,0,0.01374041975012515,1518.5528693721888
5,161,0.3,0.003666666666666667,0.0054444444444444445,-0.19512195121951215,10,24,6,0,0.022594357702209782,1626.7313793310302
5,162,0.3,0.006333333333333334,0.00811111111111111,-0.123076923076923,10,19,4,0,0.032508729738543435,1496.9789434107172
5,163,0.3,0.00811111111111111,0.01,-0.1042944785276074,10,18,4,0,0.038547835766577165,1333.2222867508847
5,164,0.3,0.03666666666666667,0.04555555555555556,-0.10810810810810813,10,5,0,0,0.3755837224816544,1622.337475548057
5,165,0.3,0.05444444444444445,0.0811111111111111,-0.1967213114754098,10,2,0,0,0.4908605737158105,233.49839499111957
5,166,0.3,0.07222222222222222,0.1,-0.16129032258064524,10,1,0,0,0.8667111407605069,125.37222088922753
5,167,0.3,0.3666666666666667,0.4555555555555556,-0.10810810810810811,10,0,0,0,,
5,168,0.3,0.5444444444444445,0.7222222222222222,-0.1403508771929824,10,0,0,0,,
5,169,0.3,0.7222222222222222,0.9,-0.10958904109589043,10,0,0,0,,
5,170,0.3,2.7777777777777777,3.6666666666666665,-0.13793103448275862,10,0,0,0,,
5,171,0.3,5.444444444444445,7.222222222222221,-0.1403508771929824,10,0,0,0,,
5,172,0.3,6.333333333333333,9.0,-0.1739130434782609,10,0,0,0,,
5,173,0.3,18.88888888888889,27.77777777777778,-0.19047619047619047,10,0,0,0,,
5,174,0.3,45.55555555555556,63.333333333333336,-0.163265306122449,10,0,0,0,,
5,175,0.3,63.333333333333336,90.0,-0.17391304347826084,10,0,0,0,,
5,176,0.3,81.11111111111111,100.0,-0.10429447852760734,10,0,0,0,,
5,177,0.3,366.66666666666663,544.4444444444445,-0.19512195121951226,10,0,0,0,,
5,178,0.3,633.3333333333333,811.1111111111111,-0.12307692307692313,10,0,0,0,,
5,179,0.3,811.1111111111111,1000.0,-0.10429447852760737,10,0,0,0,,
5,180,0.3,0.001,0.001,0.0,10,42,13,0,0.007481695005111545,1666.6410335423323
5,181,0.3,0.004555555555555556,0.0054444444444444445,-0.08888888888888886,10,23,6,0,0.024774220576332863,1620.2766855509021
5,182,0.3,0.007222222222222223,0.007222222222222223,0.0,10,17,4,0,0.032809529311311904,1416.7821306136389
5,183,0.3,0.009,0.01,-0.05263157894736847,10,15,3,0,0.040179081084894,1277.9078888407294
5,184,0.3,0.04555555555555556,0.04555555555555556,0.0,10,4,0,0,0.39119412941961307,1222.3904966406606
5,185,0.3,0.06333333333333332,0.07222222222222222,-0.0655737704918033,10,1,0,0,0.7574382921947964,209.12476528609005
5,186,0.3,0.09,0.09,0.0,10,1,0,0,0.8673115410273515,108.72367732569643
5,187,0.3,0.4555555555555556,0.4555555555555556,0.0,10,0,0,0,,
5,188,0.3,0.6333333333333333,0.7222222222222222,-0.06557377049180328,10,0,0,0,,
5,189,0.3,0.9,0.9,0.0,10,0,0,0,,
5,190,0.3,3.6666666666666665,3.6666666666666665,0.0,10,0,0,0,,
5,191,0.3,6.333333333333333,6.333333333333333,0.0,10,0,0,0,,
5,192,0.3,8.11111111111111,9.0,-0.05194805194805197,10,0,0,0,,
5,193,0.3,36.66666666666667,36.66666666666667,0.0,10,0,0,0,,
5,194,0.3,63.333333333333336,63.333333333333336,0.0,10,0,0,0,,
5,195,0.3,81.11111111111111,90.0,-0.05194805194805193,10,0,0,0,,
5,196,0.3,277.77777777777777,277.77777777777777,0.0,10,0,0,0,,
5,197,0.3,544.4444444444445,633.3333333333333,-0.07547169811320747,10,0,0,0,,
5,198,0.3,811.1111111111111,811.1111111111111,0.0,10,0,0,0,,
5,199,0.3,3000.0,3000.0,0.0,10,0,0,0,,
5,200,0.3,0.0054444444444444445,0.004555555555555556,0.08888888888888886,10,20,6,0,0.02454708915685031,1486.8336834708082
5,201,0.3,0.006333333333333334,0.0054444444444444445,0.0754716981132076,10,19,5,0,0.027797132677592883,1518.2946014483873
5,202,0.3,0.00811111111111111,0.007222222222222223,0.057971014492753555,10,17,4,0,0.03404081897010009,1266.8636848579092
5,203,0.3,0.01,0.009,0.05263157894736847,10,14,3,0,0.03999447497610974,1240.3929161029919
5,204,0.3,0.06333333333333332,0.05444444444444445,0.07547169811320745,10,2,0,0,0.6745830553702468,1351.3901009169335
5,205,0.3,0.0811111111111111,0.07222222222222222,0.05797101449275364,10,1,0,0,0.7820547031354236,169.65799243444906
5,206,0.3,0.1,0.09,0.05263157894736847,10,1,0,0,0.8775183455637091,99.16094238254463
5,207,0.3,0.5444444444444445,0.4555555555555556,0.0888888888888889,10,0,0,0,,
5,208,0.3,0.7222222222222222,0.6333333333333333,0.06557377049180328,10,0,0,0,,
5,209,0.3,0.9,0.8111111111111111,0.05194805194805195,10,0,0,0,,
5,210,0.3,5.444444444444445,4.555555555555555,0.08888888888888893,10,0,0,0,,
5,211,0.3,7.222222222222221,6.333333333333333,0.06557377049180325,10,0,0,0,,
5,212,0.3,9.0,8.11111111111111,0.05194805194805197,10,0,0,0,,
5,213,0.3,10.0,9.0,0.05263157894736842,10,0,0,0,,
5,214,0.3,63.333333333333336,54.44444444444444,0.07547169811320759,10,0,0,0,,
5,215,0.3,81.11111111111111,72.22222222222223,0.057971014492753596,10,0,0,0,,
5,216,0.3,100.0,90.0,0.05263157894736842,10,0,0,0,,
5,217,0.3,633.3333333333333,544.4444444444445,0.07547169811320747,10,0,0,0,,
5,218,0.3,811.1111111111111,722.2222222222222,0.057971014492753645,10,0,0,0,,
5,219,0.3,1000.0,900.0,0.05263157894736842,10,0,0,0,,
5,220,0.3,0.002777777777777778,0.001888888888888889,0.19047619047619047,10,28,8,0,0.013427649611378642,1577.4776687466046
5,221,0.3,0.0054444444444444445,0.003666666666666667,0.19512195121951215,10,22,6,0,0.022181964198002193,1526.6691445033136
5,222,0.3,0.00811111111111111,0.006333333333333334,0.123076923076923,10,16,4,0,0.032062693245054674,1327.3327256968585
5,223,0.3,0.01,0.00811111111111111,0.1042944785276074,10,15,3,0,0.03819442708400464,1604.0058489134105
5,224,0.3,0.05444444444444445,0.03666666666666667,0.19512195121951223,10,4,0,0,0.3629753168779186,1469.119733075514
5,225,0.3,0.0811111111111111,0.05444444444444445,0.1967213114754098,10,2,0,0,0.685390260173449,1346.0257901931468
5,226,0.3,0.1,0.07222222222222222,0.16129032258064524,10,1,0,0,0.7940627084723149,149.6437781840088
5,227,0.3,0.4555555555555556,0.3666666666666667,0.10810810810810811,10,0,0,0,,
5,228,0.3,0.8111111111111111,0.5444444444444445,0.19672131147540978,10,0,0,0,,
5,229,0.3,1.0,0.7222222222222222,0.16129032258064516,10,0,0,0,,
5,230,0.3,3.6666666666666665,2.7777777777777777,0.13793103448275862,10,0,0,0,,
5,231,0.3,7.222222222222221,5.444444444444445,0.1403508771929824,10,0,0,0,,
5,232,0.3,9.0,7.222222222222221,0.10958904109589046,10,0,0,0,,
5,233,0.3,36.66666666666667,27.77777777777778,0.13793103448275865,10,0,0,0,,
5,234,0.3,72.22222222222223,54.44444444444444,0.1403508771929825,10,0,0,0,,
5,235,0.3,90.0,63.333333333333336,0.17391304347826084,10,0,0,0,,
5,236,0.3,277.77777777777777,188.88888888888889,0.1904761904761905,10,0,0,0,,
5,237,0.3,633.3333333333333,455.55555555555554,0.16326530612244894,10,0,0,0,,
5,238,0.3,900.0,633.3333333333333,0.17391304347826092,10,0,0,0,,
5,239,0.3,3000.0,2000.0,0.2,10,0,0,0,,
5,240,0.3,0.004555555555555556,0.002777777777777778,0.2424242424242424,10,24,6,0,0.018365383433483474,1651.8258691933847
5,241,0.3,0.007222222222222223,0.004555555555555556,0.22641509433962265,10,18,5,0,0.026424087573219474,1540.2322398228728
5,242,0.3,0.009,0.0054444444444444445,0.2461538461538461,10,19,4,0,0.03047894989627983,1615.2178925599928
5,243,0.3,0.01,0.006333333333333334,0.2244897959183673,10,16,3,0,0.03388441561392028,1560.2260769019638
5,244,0.3,0.06333333333333332,0.03666666666666667,0.2666666666666666,10,4,0,0,0.3653769179452968,1488.1536299153915
5,245,0.3,0.0811111111111111,0.04555555555555556,0.2807017543859649,10,3,0,0,0.41280853902601733,1114.7905681420068
5,246,0.3,0.1,0.05444444444444445,0.2949640287769784,10,2,0,0,0.6889926617745162,726.171701116084
5,247,0.3,0.6333333333333333,0.3666666666666667,0.2666666666666666,10,0,0,0,,
5,248,0.3,0.8111111111111111,0.4555555555555556,0.2807017543859649,10,0,0,0,,
5,249,0.3,1.0,0.5444444444444445,0.29496402877697836,10,0,0,0,,
5,250,0.3,4.555555555555555,2.7777777777777777,0.24242424242424243,10,0,0,0,,
5,251,0.3,7.222222222222221,4.555555555555555,0.22641509433962262,10,0,0,0,,
5,252,0.3,9.0,5.444444444444445,0.24615384615384614,10,0,0,0,,
5,253,0.3,45.55555555555556,27.77777777777778,0.2424242424242424,10,0,0,0,,
5,254,0.3,72.22222222222223,45.55555555555556,0.22641509433962267,10,0,0,0,,
5,255,0.3,90.0,54.44444444444444,0.24615384615384614,10,0,0,0,,
5,256,0.3,100.0,63.333333333333336,0.22448979591836732,10,0,0,0,,
5,257,0.3,633.3333333333333,366.66666666666663,0.26666666666666666,10,0,0,0,,
5,258,0.3,811.1111111111111,455.55555555555554,0.28070175438596495,10,0,0,0,,
5,259,0.3,1000.0,633.3333333333333,0.2244897959183674,10,0,0,0,,
5,260,0.3,0.001888888888888889,0.001,0.3076923076923077,10,36,10,0,0.008830799004185623,1606.7138800660177
5,261,0.3,0.006333333333333334,0.002777777777777778,0.39024390243902446,10,21,6,0,0.019498445997580455,1357.9679813804019
5,262,0.3,0.009,0.004555555555555556,0.3278688524590163,10,19,5,0,0.027669416454115126,1564.8984049879334
5,263,0.3,0.01888888888888889,0.009,0.354581673306773,10,11,2,0,0.04655860935229591,1368.1506758067437
5,264,0.3,0.05444444444444445,0.027777777777777776,0.3243243243243244,10,6,1,0,0.31494329553035355,1537.601528274583
5,265,0.3,0.0811111111111111,0.03666666666666667,0.3773584905660377,10,4,0,0,0.3677785190126751,1052.5700505149744
5,266,0.3,0.18888888888888888,0.0811111111111111,0.39917695473251025,10,0,0,0,,
5,267,0.3,0.3666666666666667,0.18888888888888888,0.32000000000000006,10,0,0,0,,
5,268,0.3,0.7222222222222222,0.3666666666666667,0.3265306122448979,10,0,0,0,,
5,269,0.3,1.0,0.4555555555555556,0.37404580152671746,10,0,0,0,,
5,270,0.3,3.6666666666666665,1.8888888888888888,0.32,10,0,0,0,,
5,271,0.3,7.222222222222221,3.6666666666666665,0.32653061224489793,10,0,0,0,,
5,272,0.3,10.0,4.555555555555555,0.37404580152671757,10,0,0,0,,
5,273,0.3,18.88888888888889,10.0,0.3076923076923077,10,0,0,0,,
5,274,0.3,63.333333333333336,27.77777777777778,0.3902439024390244,10,0,0,0,,
5,275,0.3,90.0,45.55555555555556,0.3278688524590164,10,0,0,0,,
5,276,0.3,188.88888888888889,90.0,0.35458167330677287,10,0,0,0,,
5,277,0.3,544.4444444444445,277.77777777777777,0.32432432432432434,10,0,0,0,,
5,278,0.3,811.1111111111111,366.66666666666663,0.3773584905660377,10,0,0,0,,
5,279,0.3,2000.0,1000.0,0.3333333333333333,10,0,0,0,,
5,280,0.3,0.002777777777777778,0.001,0.47058823529411764,10,36,9,0,0.009332543007969905,1643.682120632335
5,281,0.3,0.0054444444444444445,0.001888888888888889,0.48484848484848486,10,25,7,0,0.015066070661867418,1550.971908530667
5,282,0.3,0.009,0.003666666666666667,0.4210526315789473,10,18,5,0,0.02432204009073816,1629.5574957724284
5,283,0.3,0.01888888888888889,0.007222222222222223,0.4468085106382978,10,13,3,0,0.04073802778041126,1314.0644914648626
5,284,0.3,0.05444444444444445,0.01888888888888889,0.4848484848484849,10,9,1,0,0.08472274141405964,1447.1286127928454
5,285,0.3,0.09,0.03666666666666667,0.4210526315789474,10,5,1,0,0.3677785190126751,1230.3659314518375
5,286,0.3,0.18888888888888888,0.07222222222222222,0.44680851063829796,10,1,0,0,0.8012675116744495,127.129791468014
5,287,0.3,0.4555555555555556,0.18888888888888888,0.4137931034482759,10,0,0,0,,
5,288,0.3,0.8111111111111111,0.2777777777777778,0.48979591836734687,10,0,0,0,,
5,289,0.3,1.8888888888888888,0.6333333333333333,0.4977973568281938,10,0,0,0,,
5,290,0.3,4.555555555555555,1.8888888888888888,0.4137931034482758,10,0,0,0,,
5,291,0.3,8.11111111111111,2.7777777777777777,0.48979591836734687,10,0,0,0,,
5,292,0.3,18.88888888888889,6.333333333333333,0.4977973568281939,10,0,0,0,,
5,293,0.3,27.77777777777778,10.0,0.47058823529411764,10,0,0,0,,
5,294,0.3,72.22222222222223,27.77777777777778,0.4444444444444445,10,0,0,0,,
5,295,0.3,100.0,36.66666666666667,0.4634146341463414,10,0,0,0,,
5,296,0.3,277.77777777777777,100.0,0.47058823529411764,10,0,0,0,,
5,297,0.3,722.2222222222222,277.77777777777777,0.4444444444444444,10,0,0,0,,
5,298,0.3,1000.0,366.66666666666663,0.46341463414634154,10,0,0,0,,
5,299,0.3,3000.0,1000.0,0.5,10,0,0,0,,
5,300,0.3,0.003666666666666667,0.001,0.5714285714285715,10,30,8,0,0.009594006315159337,1615.3202519287888
5,301,0.3,0.007222222222222223,0.001888888888888889,0.5853658536585367,10,22,6,0,0.01548816618912481,1523.779551575644
5,302,0.3,0.01888888888888889,0.0054444444444444445,0.5525114155251142,10,14,3,0,0.03388441561392028,1479.323171692313
5,303,0.3,0.027777777777777776,0.009,0.5105740181268882,10,9,2,0,0.04897788193684462,1582.9924134003402
5,304,0.3,0.07222222222222222,0.01888888888888889,0.5853658536585367,10,7,1,0,0.0866961875758217,1245.293831229598
5,305,0.3,0.1,0.027777777777777776,0.5652173913043479,10,6,1,0,0.3131420947298199,1522.024775374931
5,306,0.3,0.2777777777777778,0.0811111111111111,0.5479876160990712,10,1,0,0,0.8486991327551701,93.91201099135091
5,307,0.3,0.6333333333333333,0.18888888888888888,0.5405405405405406,10,0,0,0,,
5,308,0.3,1.0,0.2777777777777778,0.5652173913043479,10,0,0,0,,
5,309,0.3,2.7777777777777777,0.8111111111111111,0.5479876160990712,10,0,0,0,,
5,310,0.3,3.6666666666666665,1.0,0.5714285714285715,10,0,0,0,,
5,311,0.3,9.0,2.7777777777777777,0.5283018867924528,10,0,0,0,,
5,312,0.3,27.77777777777778,7.222222222222221,0.5873015873015873,10,0,0,0,,
5,313,0.3,36.66666666666667,10.0,0.5714285714285715,10,0,0,0,,
5,314,0.3,90.0,27.77777777777778,0.5283018867924528,10,0,0,0,,
5,315,0.3,188.88888888888889,54.44444444444444,0.5525114155251143,10,0,0,0,,
5,316,0.3,277.77777777777777,90.0,0.5105740181268882,10,0,0,0,,
5,317,0.3,722.2222222222222,188.88888888888889,0.5853658536585366,10,0,0,0,,
5,318,0.3,2000.0,544.4444444444445,0.572052401746725,10,0,0,0,,
5,319,0.3,3000.0,900.0,0.5384615384615384,10,0,0,0,,
5,320,0.3,0.004555555555555556,0.001,0.64,10,26,8,0,0.00972747223776965,1507.1860724494334
5,321,0.3,0.01,0.001888888888888889,0.6822429906542055,10,21,6,0,0.015776112696993486,1640.2547653167314
5,322,0.3,0.027777777777777776,0.006333333333333334,0.6286644951140065,10,12,2,0,0.038725764492161724,1293.6162354189435
5,323,0.3,0.04555555555555556,0.00811111111111111,0.6977225672877847,10,9,1,0,0.047206304126359046,1632.0961398660936
5,324,0.3,0.0811111111111111,0.01888888888888889,0.6222222222222222,10,7,1,0,0.08749837752274364,1226.8583512253426
5,325,0.3,0.18888888888888888,0.04555555555555556,0.6113744075829383,10,2,0,0,0.6175450300200133,1178.4791671783103
5,326,0.3,0.3666666666666667,0.0811111111111111,0.6377171215880892,10,0,0,0,,
5,327,0.3,0.5444444444444445,0.1,0.6896551724137931,10,0,0,0,,
5,328,0.3,1.8888888888888888,0.3666666666666667,0.6748768472906403,10,0,0,0,,
5,329,0.3,3.6666666666666665,0.7222222222222222,0.6708860759493671,10,0,0,0,,
5,330,0.3,4.555555555555555,0.9,0.670061099796334,10,0,0,0,,
5,331,0.3,9.0,1.8888888888888888,0.6530612244897959,10,0,0,0,,
5,332,0.3,27.77777777777778,5.444444444444445,0.6722408026755854,10,0,0,0,,
5,333,0.3,45.55555555555556,8.11111111111111,0.6977225672877846,10,0,0,0,,
5,334,0.3,81.11111111111111,18.88888888888889,0.6222222222222222,10,0,0,0,,
5,335,0.3,188.88888888888889,45.55555555555556,0.6113744075829383,10,0,0,0,,
5,336,0.3,366.66666666666663,81.11111111111111,0.6377171215880894,10,0,0,0,,
5,337,0.3,455.55555555555554,100.0,0.64,10,0,0,0,,
5,338,0.3,1000.0,188.88888888888889,0.6822429906542056,10,0,0,0,,
5,339,0.3,3000.0,722.2222222222222,0.6119402985074627,10,0,0,0,,
5,340,0.3,0.006333333333333334,0.001,0.7272727272727273,10,24,7,0,0.009862794856312099,1686.3663182201753
5,341,0.3,0.03666666666666667,0.004555555555555556,0.7789757412398922,10,12,2,0,0.031045595881283555,1347.7696141271883
5,342,0.3,0.05444444444444445,0.006333333333333334,0.7915904936014624,10,11,2,0,0.039810717055349734,1345.2588187660801
5,343,0.3,0.06333333333333332,0.009,0.7511520737327189,10,6,1,0,0.05152286445817567,575.2254075794843
5,344,0.3,0.09,0.01,0.8,10,6,1,0,0.05597576014951104,721.4815422673555
5,345,0.3,0.3666666666666667,0.06333333333333332,0.7054263565891472,10,2,0,0,0.7304202801867912,1118.2475752401444
5,346,0.3,0.5444444444444445,0.0811111111111111,0.7406749555950266,10,1,0,0,0.8306871247498332,96.31599180454722
5,347,0.3,0.7222222222222222,0.0811111111111111,0.7980636237897648,10,1,0,0,0.8222815210140093,98.11147819093685
5,348,0.3,2.7777777777777777,0.3666666666666667,0.7667844522968198,10,0,0,0,,
5,349,0.3,4.555555555555555,0.6333333333333333,0.7558886509635975,10,0,0,0,,
5,350,0.3,6.333333333333333,0.7222222222222222,0.795275590551181,10,0,0,0,,
5,351,0.3,7.222222222222221,1.0,0.7567567567567567,10,0,0,0,,
5,352,0.3,36.66666666666667,4.555555555555555,0.7789757412398921,10,0,0,0,,
5,353,0.3,54.44444444444444,6.333333333333333,0.7915904936014625,10,0,0,0,,
5,354,0.3,63.333333333333336,9.0,0.7511520737327189,10,0,0,0,,
5,355,0.3,90.0,10.0,0.8,10,0,0,0,,
5,356,0.3,366.66666666666663,63.333333333333336,0.7054263565891473,10,0,0,0,,
5,357,0.3,544.4444444444445,81.11111111111111,0.7406749555950267,10,0,0,0,,
5,358,0.3,722.2222222222222,81.11111111111111,0.7980636237897649,10,0,0,0,,
5,359,0.3,3000.0,455.55555555555554,0.7363344051446945,10,0,0,0,,
5,360,0.3,0.009,0.001,0.8000000000000002,10,23,7,0,0.01,1658.5576701060154
5,361,0.3,0.04555555555555556,0.003666666666666667,0.8510158013544019,10,11,3,0,0.02654605561975539,1589.6195839273691
5,362,0.3,0.07222222222222222,0.0054444444444444445,0.8597997138769671,10,10,2,0,0.03580964371026362,1370.1197401961388
5,363,0.3,0.09,0.006333333333333334,0.8685121107266437,10,10,2,0,0.040179081084894,1450.3945743251472
5,364,0.3,0.18888888888888888,0.01,0.8994413407821228,10,5,0,0,0.05649369748123028,700.3463545955309
5,365,0.3,0.5444444444444445,0.04555555555555556,0.8455743879472692,10,4,0,0,0.39359573048699137,1407.2390604202292
5,366,0.3,0.8111111111111111,0.04555555555555556,0.8936446173800259,10,4,0,0,0.3875917278185457,1541.6457570582754
5,367,0.3,0.9,0.09,0.8181818181818182,10,1,0,0,0.8667111407605069,76.2469754653184
5,368,0.3,2.7777777777777777,0.2777777777777778,0.8181818181818182,10,0,0,0,,
5,369,0.3,6.333333333333333,0.4555555555555556,0.8657937806873977,10,0,0,0,,
5,370,0.3,8.11111111111111,0.7222222222222222,0.8364779874213837,10,0,0,0,,
5,371,0.3,10.0,0.7222222222222222,0.8652849740932644,10,0,0,0,,
5,372,0.3,45.55555555555556,2.7777777777777777,0.8850574712643677,10,0,0,0,,
5,373,0.3,72.22222222222223,4.555555555555555,0.8813314037626627,10,0,0,0,,
5,374,0.3,90.0,5.444444444444445,0.8859138533178115,10,0,0,0,,
5,375,0.3,100.0,10.0,0.8181818181818182,10,0,0,0,,
5,376,0.3,544.4444444444445,36.66666666666667,0.8738049713193117,10,0,0,0,,
5,377,0.3,722.2222222222222,72.22222222222223,0.8181818181818182,10,0,0,0,,
5,378,0.3,900.0,81.11111111111111,0.8346545866364666,10,0,0,0,,
5,379,0.3,3000.0,277.77777777777777,0.8305084745762712,10,0,0,0,,
5,380,0.3,0.027777777777777776,0.001,0.9305019305019304,10,14,5,0,0.010092528860766845,1331.2053603397956
5,381,0.3,0.4555555555555556,0.003666666666666667,0.9840309702395356,10,7,2,0,0.026791683248190316,1034.1991473733012
5,382,0.3,0.9,0.003666666666666667,0.9918849133161194,10,8,2,0,0.026791683248190316,1093.240433896917
5,383,0.3,2.7777777777777777,0.0811111111111111,0.94325689856199,10,1,0,0,0.7892595063375583,108.33033347358467
5,384,0.3,5.444444444444445,0.09,0.9674764103593656,10,1,0,0,0.8246831220813875,85.62894122087161
5,385,0.3,8.11111111111111,0.04555555555555556,0.98882985969214,10,4,0,0,0.3653769179452968,1371.99528383753
5,386,0.3,18.88888888888889,0.006333333333333334,0.9993296365336328,10,9,0,0,0.04036453929676048,1498.1126550477052
5,387,0.3,36.66666666666667,0.01888888888888889,0.998970227458582,10,5,0,0,0.09162204901220002,919.2802829769345
5,388,0.3,54.44444444444444,0.027777777777777776,0.9989801121876594,10,5,0,0,0.2669112741827885,1336.149129116489
5,389,0.3,72.22222222222223,0.027777777777777776,0.9992310649750098,10,5,0,0,0.2669112741827885,1348.1025395940217
5,390,0.3,90.0,0.009,0.9998000199980002,10,5,0,0,0.052480746024977286,635.2272970874307
5,391,0.3,188.88888888888889,0.0054444444444444445,0.9999423546027204,10,10,0,0,0.03614098626396135,1548.5857933916234
5,392,0.3,277.77777777777777,1.0,0.9928258270227183,10,0,0,0,,
5,393,0.3,455.55555555555554,0.03666666666666667,0.9998390373457745,10,5,0,0,0.3125416944629753,1621.9901469087279
5,394,0.3,544.4444444444445,7.222222222222221,0.9738167170191341,10,0,0,0,,
5,395,0.3,722.2222222222222,0.06333333333333332,0.9998246307631483,10,2,0,0,0.6517678452301534,1287.1721886409211
5,396,0.3,811.1111111111111,8.11111111111111,0.9801980198019803,10,0,0,0,,
5,397,0.3,1000.0,0.04555555555555556,0.9999088930393171,10,4,0,0,0.35456971314209473,1024.978633947914
5,398,0.3,2000.0,5.444444444444445,0.9945703363067206,10,0,0,0,,
5,399,0.3,3000.0,100.0,0.9354838709677419,10,0,0,0,,
6,0,0.4,0.001,0.027777777777777776,-0.9305019305019304,10,36,9,0,0.011066237839776664,1616.5447041103512
6,1,0.4,0.001888888888888889,0.7222222222222222,-0.9947828755562373,10,25,7,0,0.015995580286146695,1565.453394133289
6,2,0.4,0.002777777777777778,54.44444444444444,-0.9998979643895719,10,20,6,0,0.012473835142429432,1592.5672897676723
6,3,0.4,0.004555555555555556,0.1,-0.9128586609989372,10,14,3,0,0.03341950400261143,1050.3910212904188
6,4,0.4,0.0054444444444444445,45.55555555555556,-0.9997610041726721,10,14,4,0,0.02128139045982711,1634.10834198762
6,5,0.4,0.007222222222222223,0.5444444444444445,-0.9738167170191339,10,12,3,0,0.044258837236262644,1362.7788740765332
6,6,0.4,0.00811111111111111,90.0,-0.999819769329431,10,11,4,0,0.025234807724805755,1576.17502162015
6,7,0.4,0.01,2.7777777777777777,-0.9928258270227184,10,11,2,0,0.049888448746001214,1627.8516906678651
6,8,0.4,0.01888888888888889,722.2222222222222,-0.9999476936757038,10,6,2,0,0.03047894989627983,1360.0990766048326
6,9,0.4,0.03666666666666667,90.0,-0.999185517011588,10,5,2,0,0.07798301105232586,1385.3666780850333
6,10,0.4,0.05444444444444445,81.11111111111111,-0.998658434749278,10,3,1,0,0.10720480320213477,1308.4040507785917
6,11,0.4,0.07222222222222222,100.0,-0.9985565980125465,10,3,1,0,0.12701801200800533,1468.2928648987988
6,12,0.4,0.09,188.88888888888889,-0.9990475126557345,10,2,1,0,0.13182121414276185,622.0347157909097
6,13,0.4,0.18888888888888888,633.3333333333333,-0.9994036866197801,10,2,1,0,0.1762508338892595,785.1637307774099
6,14,0.4,0.4555555555555556,45.55555555555556,-0.9801980198019802,10,0,0,0,,
6,15,0.4,0.7222222222222222,36.66666666666667,-0.9613670133729569,10,0,0,0,,
6,16,0.4,1.0,45.55555555555556,-0.9570405727923628,10,0,0,0,,
6,17,0.4,3.6666666666666665,544.4444444444445,-0.9866207176160553,10,0,0,0,,
6,18,0.4,8.11111111111111,900.0,-0.9821363024593173,10,0,0,0,,
6,19,0.4,100.0,3000.0,-0.9354838709677419,10,0,0,0,,
6,20,0.4,0.001,0.009,-0.8000000000000002,10,41,11,0,0.010914403364487572,1641.928879161288
6,21,0.4,0.003666666666666667,0.05444444444444445,-0.8738049713193117,10,15,3,0,0.028575905433749466,1484.6753081658596
6,22,0.4,0.0054444444444444445,0.0811111111111111,-0.8741976893453145,10,14,2,0,0.038018939632056124,1635.7027883248063
6,23,0.4,0.007222222222222223,0.09,-0.8514285714285713,10,12,2,0,0.046773514128719815,1348.0062497151675
6,24,0.4,0.01,0.18888888888888888,-0.8994413407821228,10,11,2,0,0.05861381645140291,1436.5637853336787
6,25,0.4,0.04555555555555556,0.5444444444444445,-0.8455743879472692,10,2,0,0,0.5160773849232821,448.7486071560163
6,26,0.4,0.06333333333333332,0.6333333333333333,-0.8181818181818181,10,1,0,0,0.9459639759839893,209.28739351536044
6,27,0.4,0.0811111111111111,0.9,-0.8346545866364665,10,0,0,0,,
6,28,0.4,0.2777777777777778,2.7777777777777777,-0.8181818181818182,10,0,0,0,,
6,29,0.4,0.4555555555555556,7.222222222222221,-0.8813314037626627,10,0,0,0,,
6,30,0.4,0.6333333333333333,9.0,-0.8685121107266437,10,0,0,0,,
6,31,0.4,0.9,9.0,-0.8181818181818181,10,0,0,0,,
6,32,0.4,3.6666666666666665,36.66666666666667,-0.8181818181818183,10,0,0,0,,
6,33,0.4,5.444444444444445,63.333333333333336,-0.8416801292407108,10,0,0,0,,
6,34,0.4,7.222222222222221,72.22222222222223,-0.818181818181818,10,0,0,0,,
6,35,0.4,10.0,100.0,-0.8181818181818182,10,0,0,0,,
6,36,0.4,36.66666666666667,633.3333333333333,-0.8905472636815921,10,0,0,0,,
6,37,0.4,54.44444444444444,900.0,-0.8859138533178114,10,0,0,0,,
6,38,0.4,72.22222222222223,1000.0,-0.8652849740932643,10,0,0,0,,
6,39,0.4,277.77777777777777,3000.0,-0.8305084745762712,10,0,0,0,,
6,40,0.4,0.001,0.006333333333333334,-0.7272727272727273,10,39,12,0,0.010764652136298349,1423.4083824122324
6,41,0.4,0.004555555555555556,0.027777777777777776,-0.718213058419244,10,20,4,0,0.032809529311311904,1502.41988283419
6,42,0.4,0.006333333333333334,0.05444444444444445,-0.7915904936014624,10,14,3,0,0.04226686142656028,1489.8391602150207
6,43,0.4,0.00811111111111111,0.07222222222222222,-0.7980636237897648,10,12,2,0,0.05058246620031143,1013.120899619212
6,44,0.4,0.01,0.0811111111111111,-0.7804878048780489,10,9,1,0,0.0588843655355589,1305.7675156217401
6,45,0.4,0.05444444444444445,0.3666666666666667,-0.7414248021108178,10,1,0,0,0.8805203468979319,235.7256367874693
6,46,0.4,0.07222222222222222,0.5444444444444445,-0.7657657657657659,10,0,0,0,,
6,47,0.4,0.09,0.6333333333333333,-0.751152073732719,10,0,0,0,,
6,48,0.4,0.3666666666666667,2.7777777777777777,-0.7667844522968198,10,0,0,0,,
6,49,0.4,0.6333333333333333,4.555555555555555,-0.7558886509635975,10,0,0,0,,
6,50,0.4,0.8111111111111111,5.444444444444445,-0.7406749555950267,10,0,0,0,,
6,51,0.4,1.0,6.333333333333333,-0.7272727272727273,10,0,0,0,,
6,52,0.4,4.555555555555555,36.66666666666667,-0.7789757412398921,10,0,0,0,,
6,53,0.4,7.222222222222221,45.55555555555556,-0.7263157894736842,10,0,0,0,,
6,54,0.4,9.0,54.44444444444444,-0.7162872154115587,10,0,0,0,,
6,55,0.4,10.0,81.11111111111111,-0.7804878048780488,10,0,0,0,,
6,56,0.4,54.44444444444444,455.55555555555554,-0.7864923747276688,10,0,0,0,,
6,57,0.4,72.22222222222223,633.3333333333333,-0.7952755905511812,10,0,0,0,,
6,58,0.4,90.0,722.2222222222222,-0.7783857729138167,10,0,0,0,,
6,59,0.4,455.55555555555554,3000.0,-0.7363344051446945,10,0,0,0,,
6,60,0.4,0.001,0.004555555555555556,-0.64,10,37,12,0,0.010471285480508996,1645.4777493149356
6,61,0.4,0.001888888888888889,0.01,-0.6822429906542055,10,31,8,0,0.016982436524617443,1537.5748873491864
6,62,0.4,0.006333333333333334,0.027777777777777776,-0.6286644951140065,10,17,2,0,0.04073802778041126,1641.0944965587296
6,63,0.4,0.009,0.03666666666666667,-0.6058394160583941,10,13,1,0,0.052480746024977286,1250.000148923386
6,64,0.4,0.01888888888888889,0.0811111111111111,-0.6222222222222222,10,8,1,0,0.09036494737223014,1074.0881049402135
6,65,0.4,0.04555555555555556,0.18888888888888888,-0.6113744075829383,10,2,0,0,0.5100733822548366,268.2135346831799
6,66,0.4,0.0811111111111111,0.3666666666666667,-0.6377171215880892,10,0,0,0,,
6,67,0.4,0.1,0.5444444444444445,-0.6896551724137931,10,0,0,0,,
6,68,0.4,0.3666666666666667,1.8888888888888888,-0.6748768472906403,10,0,0,0,,
6,69,0.4,0.7222222222222222,3.6666666666666665,-0.6708860759493671,10,0,0,0,,
6,70,0.4,0.9,4.555555555555555,-0.670061099796334,10,0,0,0,,
6,71,0.4,1.8888888888888888,9.0,-0.6530612244897959,10,0,0,0,,
6,72,0.4,5.444444444444445,27.77777777777778,-0.6722408026755854,10,0,0,0,,
6,73,0.4,9.0,36.66666666666667,-0.6058394160583942,10,0,0,0,,
6,74,0.4,18.88888888888889,81.11111111111111,-0.6222222222222222,10,0,0,0,,
6,75,0.4,45.55555555555556,188.88888888888889,-0.6113744075829383,10,0,0,0,,
6,76,0.4,81.11111111111111,366.66666666666663,-0.6377171215880894,10,0,0,0,,
6,77,0.4,100.0,455.55555555555554,-0.64,10,0,0,0,,
6,78,0.4,188.88888888888889,1000.0,-0.6822429906542056,10,0,0,0,,
6,79,0.4,722.2222222222222,3000.0,-0.6119402985074627,10,0,0,0,,
6,80,0.4,0.001,0.003666666666666667,-0.5714285714285715,10,40,12,0,0.010185913880541169,1630.8263731552456
6,81,0.4,0.001888888888888889,0.007222222222222223,-0.5853658536585367,10,31,8,0,0.016443717232149324,1426.2770373206167
6,82,0.4,0.0054444444444444445,0.01888888888888889,-0.5525114155251142,10,20,4,0,0.035481338923357565,1662.0873775160246
6,83,0.4,0.009,0.027777777777777776,-0.5105740181268882,10,14,1,0,0.05058246620031143,1381.4676530550405
6,84,0.4,0.01888888888888889,0.07222222222222222,-0.5853658536585367,10,8,1,0,0.08953647655495937,1130.651601837605
6,85,0.4,0.05444444444444445,0.18888888888888888,-0.5525114155251141,10,1,0,0,0.8637091394262841,168.57423254798888
6,86,0.4,0.09,0.2777777777777778,-0.5105740181268883,10,0,0,0,,
6,87,0.4,0.18888888888888888,0.6333333333333333,-0.5405405405405406,10,0,0,0,,
6,88,0.4,0.2777777777777778,1.0,-0.5652173913043479,10,0,0,0,,
6,89,0.4,0.8111111111111111,2.7777777777777777,-0.5479876160990712,10,0,0,0,,
6,90,0.4,1.8888888888888888,6.333333333333333,-0.5405405405405406,10,0,0,0,,
6,91,0.4,2.7777777777777777,10.0,-0.5652173913043478,10,0,0,0,,
6,92,0.4,8.11111111111111,27.77777777777778,-0.5479876160990713,10,0,0,0,,
6,93,0.4,10.0,36.66666666666667,-0.5714285714285715,10,0,0,0,,
6,94,0.4,27.77777777777778,90.0,-0.5283018867924528,10,0,0,0,,
6,95,0.4,72.22222222222223,277.77777777777777,-0.5873015873015872,10,0,0,0,,
6,96,0.4,100.0,366.66666666666663,-0.5714285714285714,10,0,0,0,,
6,97,0.4,277.77777777777777,900.0,-0.5283018867924527,10,0,0,0,,
6,98,0.4,633.3333333333333,2000.0,-0.518987341772152,10,0,0,0,,
6,99,0.4,1000.0,3000.0,-0.5,10,0,0,0,,
6,100,0.4,0.001,0.002777777777777778,-0.47058823529411764,10,35,12,0,0.00972747223776965,1558.0437154476806
6,101,0.4,0.001888888888888889,0.0054444444444444445,-0.48484848484848486,10,32,9,0,0.01570362804333553,1536.5834849985226
6,102,0.4,0.003666666666666667,0.009,-0.4210526315789473,10,25,5,0,0.024888573182823902,1594.6937448979443
6,103,0.4,0.007222222222222223,0.01888888888888889,-0.4468085106382978,10,18,3,0,0.04168693834703355,1483.6923568431423
6,104,0.4,0.01888888888888889,0.05444444444444445,-0.4848484848484849,10,7,1,0,0.08629785477669702,790.7337118116749
6,105,0.4,0.027777777777777776,0.0811111111111111,-0.4897959183673469,10,3,0,0,0.3797865243495664,1090.5593992642328
6,106,0.4,0.06333333333333332,0.18888888888888888,-0.4977973568281938,10,1,0,0,0.920146764509673,115.24211319406052
6,107,0.4,0.18888888888888888,0.4555555555555556,-0.4137931034482759,10,0,0,0,,
6,108,0.4,0.2777777777777778,0.8111111111111111,-0.48979591836734687,10,0,0,0,,
6,109,0.4,0.6333333333333333,1.8888888888888888,-0.4977973568281938,10,0,0,0,,
6,110,0.4,1.0,2.7777777777777777,-0.47058823529411764,10,0,0,0,,
6,111,0.4,2.7777777777777777,7.222222222222221,-0.44444444444444436,10,0,0,0,,
6,112,0.4,3.6666666666666665,10.0,-0.46341463414634154,10,0,0,0,,
6,113,0.4,10.0,27.77777777777778,-0.47058823529411764,10,0,0,0,,
6,114,0.4,27.77777777777778,72.22222222222223,-0.4444444444444445,10,0,0,0,,
6,115,0.4,36.66666666666667,90.0,-0.4210526315789473,10,0,0,0,,
6,116,0.4,72.22222222222223,188.88888888888889,-0.4468085106382979,10,0,0,0,,
6,117,0.4,188.88888888888889,544.4444444444445,-0.4848484848484848,10,0,0,0,,
6,118,0.4,366.66666666666663,900.0,-0.42105263157894746,10,0,0,0,,
6,119,0.4,811.1111111111111,2000.0,-0.42292490118577075,10,0,0,0,,
6,120,0.4,0.001,0.001888888888888889,-0.3076923076923077,10,36,13,1,0.008871560120379608,13834.46471621056
6,121,0.4,0.002777777777777778,0.006333333333333334,-0.39024390243902446,10,24,7,0,0.01995262314968881,1524.8005052094898
6,122,0.4,0.004555555555555556,0.009,-0.3278688524590163,10,22,6,0,0.027797132677592883,1505.154289522505
6,123,0.4,0.009,0.01888888888888889,-0.354581673306773,10,17,2,0,0.046773514128719815,1613.6681942734326
6,124,0.4,0.027777777777777776,0.05444444444444445,-0.3243243243243244,10,5,0,0,0.35216811207471643,1563.2631835676598
6,125,0.4,0.03666666666666667,0.0811111111111111,-0.3773584905660377,10,3,0,0,0.4200133422281521,886.5177387500373
6,126,0.4,0.0811111111111111,0.18888888888888888,-0.39917695473251025,10,0,0,0,,
6,127,0.4,0.18888888888888888,0.3666666666666667,-0.32000000000000006,10,0,0,0,,
6,128,0.4,0.3666666666666667,0.7222222222222222,-0.3265306122448979,10,0,0,0,,
6,129,0.4,0.4555555555555556,1.0,-0.37404580152671746,10,0,0,0,,
6,130,0.4,1.8888888888888888,3.6666666666666665,-0.32,10,0,0,0,,
6,131,0.4,3.6666666666666665,7.222222222222221,-0.32653061224489793,10,0,0,0,,
6,132,0.4,4.555555555555555,10.0,-0.37404580152671757,10,0,0,0,,
6,133,0.4,10.0,18.88888888888889,-0.3076923076923077,10,0,0,0,,
6,134,0.4,27.77777777777778,63.333333333333336,-0.3902439024390244,10,0,0,0,,
6,135,0.4,45.55555555555556,90.0,-0.3278688524590164,10,0,0,0,,
6,136,0.4,90.0,188.88888888888889,-0.35458167330677287,10,0,0,0,,
6,137,0.4,277.77777777777777,544.4444444444445,-0.32432432432432434,10,0,0,0,,
6,138,0.4,366.66666666666663,811.1111111111111,-0.3773584905660377,10,0,0,0,,
6,139,0.4,1000.0,2000.0,-0.3333333333333333,10,0,0,0,,
6,140,0.4,0.002777777777777778,0.004555555555555556,-0.2424242424242424,10,31,8,0,0.018197008586099843,1652.4499175082299
6,141,0.4,0.004555555555555556,0.007222222222222223,-0.22641509433962265,10,24,6,0,0.02594179362118815,1446.2689747255656
6,142,0.4,0.0054444444444444445,0.009,-0.2461538461538461,10,23,5,0,0.03006076302628232,1510.1056512572045
6,143,0.4,0.006333333333333334,0.01,-0.2244897959183673,10,20,4,0,0.03311311214825911,1389.509034665148
6,144,0.4,0.03666666666666667,0.06333333333333332,-0.2666666666666666,10,3,0,0,0.39479653102068046,1330.7779666618414
6,145,0.4,0.05444444444444445,0.09,-0.24615384615384614,10,1,0,0,0.7526350900600399,182.3405838638348
6,146,0.4,0.06333333333333332,0.1,-0.22448979591836743,10,1,0,0,0.8030687124749832,131.4805622849169
6,147,0.4,0.3666666666666667,0.6333333333333333,-0.2666666666666666,10,0,0,0,,
6,148,0.4,0.4555555555555556,0.8111111111111111,-0.2807017543859649,10,0,0,0,,
6,149,0.4,0.5444444444444445,1.0,-0.29496402877697836,10,0,0,0,,
6,150,0.4,3.6666666666666665,6.333333333333333,-0.26666666666666666,10,0,0,0,,
6,151,0.4,4.555555555555555,8.11111111111111,-0.2807017543859649,10,0,0,0,,
6,152,0.4,5.444444444444445,10.0,-0.2949640287769784,10,0,0,0,,
6,153,0.4,27.77777777777778,45.55555555555556,-0.2424242424242424,10,0,0,0,,
6,154,0.4,45.55555555555556,72.22222222222223,-0.22641509433962267,10,0,0,0,,
6,155,0.4,54.44444444444444,100.0,-0.2949640287769784,10,0,0,0,,
6,156,0.4,277.77777777777777,455.55555555555554,-0.24242424242424243,10,0,0,0,,
6,157,0.4,455.55555555555554,722.2222222222222,-0.2264150943396226,10,0,0,0,,
6,158,0.4,544.4444444444445,900.0,-0.24615384615384617,10,0,0,0,,
6,159,0.4,2000.0,3000.0,-0.2,10,0,0,0,,
6,160,0.4,0.001888888888888889,0.002777777777777778,-0.19047619047619047,10,38,10,0,0.013121998990192028,1617.7588002284865
6,161,0.4,0.003666666666666667,0.0054444444444444445,-0.19512195121951215,10,28,7,0,0.02157744409152667,1633.3338316525624
6,162,0.4,0.006333333333333334,0.00811111111111111,-0.123076923076923,10,19,4,0,0.030619634336906787,1646.5476413473978
6,163,0.4,0.00811111111111111,0.01,-0.1042944785276074,10,19,4,0,0.03630780547701014,1398.528550275195
6,164,0.4,0.03666666666666667,0.04555555555555556,-0.10810810810810813,10,5,0,0,0.35336891260840564,1488.6364239906836
6,165,0.4,0.05444444444444445,0.0811111111111111,-0.1967213114754098,10,2,0,0,0.7268178785857238,1017.4860162016024
6,166,0.4,0.07222222222222222,0.1,-0.16129032258064524,10,1,0,0,0.8216811207471647,111.04949426785785
6,167,0.4,0.3666666666666667,0.4555555555555556,-0.10810810810810811,10,0,0,0,,
6,168,0.4,0.5444444444444445,0.7222222222222222,-0.1403508771929824,10,0,0,0,,
6,169,0.4,0.7222222222222222,0.9,-0.10958904109589043,10,0,0,0,,
6,170,0.4,2.7777777777777777,3.6666666666666665,-0.13793103448275862,10,0,0,0,,
6,171,0.4,5.444444444444445,7.222222222222221,-0.1403508771929824,10,0,0,0,,
6,172,0.4,6.333333333333333,9.0,-0.1739130434782609,10,0,0,0,,
6,173,0.4,18.88888888888889,27.77777777777778,-0.19047619047619047,10,0,0,0,,
6,174,0.4,45.55555555555556,63.333333333333336,-0.163265306122449,10,0,0,0,,
6,175,0.4,63.333333333333336,90.0,-0.17391304347826084,10,0,0,0,,
6,176,0.4,81.11111111111111,100.0,-0.10429447852760734,10,0,0,0,,
6,177,0.4,366.66666666666663,544.4444444444445,-0.19512195121951226,10,0,0,0,,
6,178,0.4,633.3333333333333,811.1111111111111,-0.12307692307692313,10,0,0,0,,
6,179,0.4,811.1111111111111,1000.0,-0.10429447852760737,10,0,0,0,,
6,180,0.4,0.001,0.001,0.0,10,43,14,0,0.006950243175887969,1689.1738645609837
6,181,0.4,0.004555555555555556,0.0054444444444444445,-0.08888888888888886,10,25,6,0,0.02333458062281002,1473.4591129522082
6,182,0.4,0.007222222222222223,0.007222222222222223,0.0,10,19,4,0,0.03033891184194272,1514.4754240379
6,183,0.4,0.009,0.01,-0.05263157894736847,10,18,4,0,0.037497300224548336,1499.3446760606444
6,184,0.4,0.04555555555555556,0.04555555555555556,0.0,10,4,0,0,0.3629753168779186,1523.49346183735
6,185,0.4,0.06333333333333332,0.07222222222222222,-0.0655737704918033,10,2,0,0,0.7088058705803869,1005.431777020206
6,186,0.4,0.09,0.09,0.0,10,1,0,0,0.8054703135423615,108.84641910964277
6,187,0.4,0.4555555555555556,0.4555555555555556,0.0,10,0,0,0,,
6,188,0.4,0.6333333333333333,0.7222222222222222,-0.06557377049180328,10,0,0,0,,
6,189,0.4,0.9,0.9,0.0,10,0,0,0,,
6,190,0.4,3.6666666666666665,3.6666666666666665,0.0,10,0,0,0,,
6,191,0.4,6.333333333333333,6.333333333333333,0.0,10,0,0,0,,
6,192,0.4,8.11111111111111,9.0,-0.05194805194805197,10,0,0,0,,
6,193,0.4,36.66666666666667,36.66666666666667,0.0,10,0,0,0,,
6,194,0.4,63.333333333333336,63.333333333333336,0.0,10,0,0,0,,
6,195,0.4,81.11111111111111,90.0,-0.05194805194805193,10,0,0,0,,
6,196,0.4,277.77777777777777,277.77777777777777,0.0,10,0,0,0,,
6,197,0.4,544.4444444444445,633.3333333333333,-0.07547169811320747,10,0,0,0,,
6,198,0.4,811.1111111111111,811.1111111111111,0.0,10,0,0,0,,
6,199,0.4,3000.0,3000.0,0.0,10,0,0,0,,
6,200,0.4,0.0054444444444444445,0.004555555555555556,0.08888888888888886,10,23,6,0,0.022594357702209782,1454.8813565922273
6,201,0.4,0.006333333333333334,0.0054444444444444445,0.0754716981132076,10,23,6,0,0.02558585886905645,1519.7749405253062
6,202,0.4,0.00811111111111111,0.007222222222222223,0.057971014492753555,10,18,4,0,0.031332857243155855,1445.4868131540272
6,203,0.4,0.01,0.009,0.05263157894736847,10,18,4,0,0.03681289736425313,1551.8787066687223
6,204,0.4,0.06333333333333332,0.05444444444444445,0.07547169811320745,10,2,0,0,0.6223482321547698,1292.43647755462
6,205,0.4,0.0811111111111111,0.07222222222222222,0.05797101449275364,10,2,0,0,0.7220146764509673,963.4443970616319
6,206,0.4,0.1,0.09,0.05263157894736847,10,1,0,0,0.8108739159439625,102.50559104874306
6,207,0.4,0.5444444444444445,0.4555555555555556,0.0888888888888889,10,0,0,0,,
6,208,0.4,0.7222222222222222,0.6333333333333333,0.06557377049180328,10,0,0,0,,
6,209,0.4,0.9,0.8111111111111111,0.05194805194805195,10,0,0,0,,
6,210,0.4,5.444444444444445,4.555555555555555,0.08888888888888893,10,0,0,0,,
6,211,0.4,7.222222222222221,6.333333333333333,0.06557377049180325,10,0,0,0,,
6,212,0.4,9.0,8.11111111111111,0.05194805194805197,10,0,0,0,,
6,213,0.4,10.0,9.0,0.05263157894736842,10,0,0,0,,
6,214,0.4,63.333333333333336,54.44444444444444,0.07547169811320759,10,0,0,0,,
6,215,0.4,81.11111111111111,72.22222222222223,0.057971014492753596,10,0,0,0,,
6,216,0.4,100.0,90.0,0.05263157894736842,10,0,0,0,,
6,217,0.4,633.3333333333333,544.4444444444445,0.07547169811320747,10,0,0,0,,
6,218,0.4,811.1111111111111,722.2222222222222,0.057971014492753645,10,0,0,0,,
6,219,0.4,1000.0,900.0,0.05263157894736842,10,0,0,0,,
6,220,0.4,0.002777777777777778,0.001888888888888889,0.19047619047619047,10,34,9,0,0.012189895989248661,1381.0117203790905
6,221,0.4,0.0054444444444444445,0.003666666666666667,0.19512195121951215,10,24,6,0,0.020044720273651614,1650.6860141900738
6,222,0.4,0.00811111111111111,0.006333333333333334,0.123076923076923,10,20,4,0,0.02924152377843337,1486.2843645730638
6,223,0.4,0.01,0.00811111111111111,0.1042944785276074,10,19,4,0,0.03499451670283573,1540.5992603960838
6,224,0.4,0.05444444444444445,0.03666666666666667,0.19512195121951223,10,6,1,0,0.33055370246831217,1017.4707074902739
6,225,0.4,0.0811111111111111,0.05444444444444445,0.1967213114754098,10,3,0,0,0.41100733822548363,706.243713008184
6,226,0.4,0.1,0.07222222222222222,0.16129032258064524,10,2,0,0,0.7274182788525683,649.7029443688041
6,227,0.4,0.4555555555555556,0.3666666666666667,0.10810810810810811,10,0,0,0,,
6,228,0.4,0.8111111111111111,0.5444444444444445,0.19672131147540978,10,0,0,0,,
6,229,0.4,1.0,0.7222222222222222,0.16129032258064516,10,0,0,0,,
6,230,0.4,3.6666666666666665,2.7777777777777777,0.13793103448275862,10,0,0,0,,
6,231,0.4,7.222222222222221,5.444444444444445,0.1403508771929824,10,0,0,0,,
6,232,0.4,9.0,7.222222222222221,0.10958904109589046,10,0,0,0,,
6,233,0.4,36.66666666666667,27.77777777777778,0.13793103448275865,10,0,0,0,,
6,234,0.4,72.22222222222223,54.44444444444444,0.1403508771929825,10,0,0,0,,
6,235,0.4,90.0,63.333333333333336,0.17391304347826084,10,0,0,0,,
6,236,0.4,277.77777777777777,188.88888888888889,0.1904761904761905,10,0,0,0,,
6,237,0.4,633.3333333333333,455.55555555555554,0.16326530612244894,10,0,0,0,,
6,238,0.4,900.0,633.3333333333333,0.17391304347826092,10,0,0,0,,
6,239,0.4,3000.0,2000.0,0.2,10,0,0,0,,
6,240,0.4,0.004555555555555556,0.002777777777777778,0.2424242424242424,10,29,7,0,0.016595869074375613,1591.7051345265497
6,241,0.4,0.007222222222222223,0.004555555555555556,0.22641509433962265,10,22,6,0,0.02387811282913178,1598.8748853078591
6,242,0.4,0.009,0.0054444444444444445,0.2461538461538461,10,20,5,0,0.027415741719278835,1595.0810726663005
6,243,0.4,0.01,0.006333333333333334,0.2244897959183673,10,19,4,0,0.03047894989627983,1593.616087671139
6,244,0.4,0.06333333333333332,0.03666666666666667,0.2666666666666666,10,6,1,0,0.3317545030020013,1564.0302441215456
6,245,0.4,0.0811111111111111,0.04555555555555556,0.2807017543859649,10,5,1,0,0.3737825216811207,1259.3853766780696
6,246,0.4,0.1,0.05444444444444445,0.2949640287769784,10,2,0,0,0.6271514342895262,1209.591105203325
6,247,0.4,0.6333333333333333,0.3666666666666667,0.2666666666666666,10,0,0,0,,
6,248,0.4,0.8111111111111111,0.4555555555555556,0.2807017543859649,10,0,0,0,,
6,249,0.4,1.0,0.5444444444444445,0.29496402877697836,10,0,0,0,,
6,250,0.4,4.555555555555555,2.7777777777777777,0.24242424242424243,10,0,0,0,,
6,251,0.4,7.222222222222221,4.555555555555555,0.22641509433962262,10,0,0,0,,
6,252,0.4,9.0,5.444444444444445,0.24615384615384614,10,0,0,0,,
6,253,0.4,45.55555555555556,27.77777777777778,0.2424242424242424,10,0,0,0,,
6,254,0.4,72.22222222222223,45.55555555555556,0.22641509433962267,10,0,0,0,,
6,255,0.4,90.0,54.44444444444444,0.24615384615384614,10,0,0,0,,
6,256,0.4,100.0,63.333333333333336,0.22448979591836732,10,0,0,0,,
6,257,0.4,633.3333333333333,366.66666666666663,0.26666666666666666,10,0,0,0,,
6,258,0.4,811.1111111111111,455.55555555555554,0.28070175438596495,10,0,0,0,,
6,259,0.4,1000.0,633.3333333333333,0.2244897959183674,10,0,0,0,,
6,260,0.4,0.001888888888888889,0.001,0.3076923076923077,10,38,11,0,0.007870457896950985,1603.607877099274
6,261,0.4,0.006333333333333334,0.002777777777777778,0.39024390243902446,10,25,6,0,0.017298163592151014,1650.9966837528648
6,262,0.4,0.009,0.004555555555555556,0.3278688524590163,10,19,5,0,0.024660393372343388,1367.6275440121585
6,263,0.4,0.01888888888888889,0.009,0.354581673306773,10,13,3,0,0.041304750199016145,1378.6635207920112
6,264,0.4,0.05444444444444445,0.027777777777777776,0.3243243243243244,10,8,1,0,0.2849232821881254,1640.2815431028716
6,265,0.4,0.0811111111111111,0.03666666666666667,0.3773584905660377,10,6,1,0,0.3317545030020013,1367.543596044061
6,266,0.4,0.18888888888888888,0.0811111111111111,0.39917695473251025,10,1,0,0,0.7742494996664442,112.61467184569662
6,267,0.4,0.3666666666666667,0.18888888888888888,0.32000000000000006,10,0,0,0,,
6,268,0.4,0.7222222222222222,0.3666666666666667,0.3265306122448979,10,0,0,0,,
6,269,0.4,1.0,0.4555555555555556,0.37404580152671746,10,0,0,0,,
6,270,0.4,3.6666666666666665,1.8888888888888888,0.32,10,0,0,0,,
6,271,0.4,7.222222222222221,3.6666666666666665,0.32653061224489793,10,0,0,0,,
6,272,0.4,10.0,4.555555555555555,0.37404580152671757,10,0,0,0,,
6,273,0.4,18.88888888888889,10.0,0.3076923076923077,10,0,0,0,,
6,274,0.4,63.333333333333336,27.77777777777778,0.3902439024390244,10,0,0,0,,
6,275,0.4,90.0,45.55555555555556,0.3278688524590164,10,0,0,0,,
6,276,0.4,188.88888888888889,90.0,0.35458167330677287,10,0,0,0,,
6,277,0.4,544.4444444444445,277.77777777777777,0.32432432432432434,10,0,0,0,,
6,278,0.4,811.1111111111111,366.66666666666663,0.3773584905660377,10,0,0,0,,
6,279,0.4,2000.0,1000.0,0.3333333333333333,10,0,0,0,,
6,280,0.4,0.002777777777777778,0.001,0.47058823529411764,10,35,10,0,0.008203515443298184,1699.967229614259
6,281,0.4,0.0054444444444444445,0.001888888888888889,0.48484848484848486,10,29,7,0,0.013243415351946643,1618.2947099145067
6,282,0.4,0.009,0.003666666666666667,0.4210526315789473,10,23,6,0,0.02147830474130533,1613.9463823225153
6,283,0.4,0.01888888888888889,0.007222222222222223,0.4468085106382978,10,15,3,0,0.03597493351557424,1598.8887446280437
6,284,0.4,0.05444444444444445,0.01888888888888889,0.4848484848484849,10,7,1,0,0.07447319739059889,968.3626195025872
6,285,0.4,0.09,0.03666666666666667,0.4210526315789474,10,6,1,0,0.3311541027351568,1455.4411585817006
6,286,0.4,0.18888888888888888,0.07222222222222222,0.44680851063829796,10,2,0,0,0.7262174783188792,778.5354582919132
6,287,0.4,0.4555555555555556,0.18888888888888888,0.4137931034482759,10,0,0,0,,
6,288,0.4,0.8111111111111111,0.2777777777777778,0.48979591836734687,10,0,0,0,,
6,289,0.4,1.8888888888888888,0.6333333333333333,0.4977973568281938,10,0,0,0,,
6,290,0.4,4.555555555555555,1.8888888888888888,0.4137931034482758,10,0,0,0,,
6,291,0.4,8.11111111111111,2.7777777777777777,0.48979591836734687,10,0,0,0,,
6,292,0.4,18.88888888888889,6.333333333333333,0.4977973568281939,10,0,0,0,,
6,293,0.4,27.77777777777778,10.0,0.47058823529411764,10,0,0,0,,
6,294,0.4,72.22222222222223,27.77777777777778,0.4444444444444445,10,0,0,0,,
6,295,0.4,100.0,36.66666666666667,0.4634146341463414,10,0,0,0,,
6,296,0.4,277.77777777777777,100.0,0.47058823529411764,10,0,0,0,,
6,297,0.4,722.2222222222222,277.77777777777777,0.4444444444444444,10,0,0,0,,
6,298,0.4,1000.0,366.66666666666663,0.46341463414634154,10,0,0,0,,
6,299,0.4,3000.0,1000.0,0.5,10,0,0,0,,
6,300,0.4,0.003666666666666667,0.001,0.5714285714285715,10,31,9,0,0.008394599865193973,1577.3656117770934
6,301,0.4,0.007222222222222223,0.001888888888888889,0.5853658536585367,10,26,7,0,0.013489628825916533,1477.8801072380274
6,302,0.4,0.01888888888888889,0.0054444444444444445,0.5525114155251142,10,13,3,0,0.029648313895243424,1547.2016867951393
6,303,0.4,0.027777777777777776,0.009,0.5105740181268882,10,12,2,0,0.042854852039743964,1451.614384665334
6,304,0.4,0.07222222222222222,0.01888888888888889,0.5853658536585367,10,7,1,0,0.07585775750291836,1136.6092076607047
6,305,0.4,0.1,0.027777777777777776,0.5652173913043479,10,6,1,0,0.28132088058705806,1326.100128106109
6,306,0.4,0.2777777777777778,0.0811111111111111,0.5479876160990712,10,0,0,0,,
6,307,0.4,0.6333333333333333,0.18888888888888888,0.5405405405405406,10,0,0,0,,
6,308,0.4,1.0,0.2777777777777778,0.5652173913043479,10,0,0,0,,
6,309,0.4,2.7777777777777777,0.8111111111111111,0.5479876160990712,10,0,0,0,,
6,310,0.4,3.6666666666666665,1.0,0.5714285714285715,10,0,0,0,,
6,311,0.4,9.0,2.7777777777777777,0.5283018867924528,10,0,0,0,,
6,312,0.4,27.77777777777778,7.222222222222221,0.5873015873015873,10,0,0,0,,
6,313,0.4,36.66666666666667,10.0,0.5714285714285715,10,0,0,0,,
6,314,0.4,90.0,27.77777777777778,0.5283018867924528,10,0,0,0,,
6,315,0.4,188.88888888888889,54.44444444444444,0.5525114155251143,10,0,0,0,,
6,316,0.4,277.77777777777777,90.0,0.5105740181268882,10,0,0,0,,
6,317,0.4,722.2222222222222,188.88888888888889,0.5853658536585366,10,0,0,0,,
6,318,0.4,2000.0,544.4444444444445,0.572052401746725,10,0,0,0,,
6,319,0.4,3000.0,900.0,0.5384615384615384,10,0,0,0,,
6,320,0.4,0.004555555555555556,0.001,0.64,10,29,9,0,0.008472274141405963,1393.643163153079
6,321,0.4,0.01,0.001888888888888889,0.6822429906542055,10,20,6,0,0.01374041975012515,1651.7101158002254
6,322,0.4,0.027777777777777776,0.006333333333333334,0.6286644951140065,10,13,2,0,0.03372873086588689,1448.0946478837618
6,323,0.4,0.04555555555555556,0.00811111111111111,0.6977225672877847,10,13,2,0,0.040926065973001094,1460.6850192785857
6,324,0.4,0.0811111111111111,0.01888888888888889,0.6222222222222222,10,7,1,0,0.07620790100254123,1144.2918729740902
6,325,0.4,0.18888888888888888,0.04555555555555556,0.6113744075829383,10,4,0,0,0.3683789192795197,1400.6886530208967
6,326,0.4,0.3666666666666667,0.0811111111111111,0.6377171215880892,10,1,0,0,0.762241494329553,113.49586783737439
6,327,0.4,0.5444444444444445,0.1,0.6896551724137931,10,0,0,0,,
6,328,0.4,1.8888888888888888,0.3666666666666667,0.6748768472906403,10,0,0,0,,
6,329,0.4,3.6666666666666665,0.7222222222222222,0.6708860759493671,10,0,0,0,,
6,330,0.4,4.555555555555555,0.9,0.670061099796334,10,0,0,0,,
6,331,0.4,9.0,1.8888888888888888,0.6530612244897959,10,0,0,0,,
6,332,0.4,27.77777777777778,5.444444444444445,0.6722408026755854,10,0,0,0,,
6,333,0.4,45.55555555555556,8.11111111111111,0.6977225672877846,10,0,0,0,,
6,334,0.4,81.11111111111111,18.88888888888889,0.6222222222222222,10,0,0,0,,
6,335,0.4,188.88888888888889,45.55555555555556,0.6113744075829383,10,0,0,0,,
6,336,0.4,366.66666666666663,81.11111111111111,0.6377171215880894,10,0,0,0,,
6,337,0.4,455.55555555555554,100.0,0.64,10,0,0,0,,
6,338,0.4,1000.0,188.88888888888889,0.6822429906542056,10,0,0,0,,
6,339,0.4,3000.0,722.2222222222222,0.6119402985074627,10,0,0,0,,
6,340,0.4,0.006333333333333334,0.001,0.7272727272727273,10,28,8,0,0.008550667128846832,1626.144603583809
6,341,0.4,0.03666666666666667,0.004555555555555556,0.7789757412398922,10,11,3,0,0.026791683248190316,1201.020630466049
6,342,0.4,0.05444444444444445,0.006333333333333334,0.7915904936014624,10,10,2,0,0.034355794789987466,1095.8458241543747
6,343,0.4,0.06333333333333332,0.009,0.7511520737327189,10,13,2,0,0.044463126746910886,1449.9658836141512
6,344,0.4,0.09,0.01,0.8,10,11,2,0,0.04830588020397728,1529.4338794230146
6,345,0.4,0.3666666666666667,0.06333333333333332,0.7054263565891472,10,2,0,0,0.661974649766511,1111.2424205539446
6,346,0.4,0.5444444444444445,0.0811111111111111,0.7406749555950266,10,2,0,0,0.7532354903268845,627.897351831665
6,347,0.4,0.7222222222222222,0.0811111111111111,0.7980636237897648,10,2,0,0,0.7466310873915943,621.7543134335002
6,348,0.4,2.7777777777777777,0.3666666666666667,0.7667844522968198,10,0,0,0,,
6,349,0.4,4.555555555555555,0.6333333333333333,0.7558886509635975,10,0,0,0,,
6,350,0.4,6.333333333333333,0.7222222222222222,0.795275590551181,10,0,0,0,,
6,351,0.4,7.222222222222221,1.0,0.7567567567567567,10,0,0,0,,
6,352,0.4,36.66666666666667,4.555555555555555,0.7789757412398921,10,0,0,0,,
6,353,0.4,54.44444444444444,6.333333333333333,0.7915904936014625,10,0,0,0,,
6,354,0.4,63.333333333333336,9.0,0.7511520737327189,10,0,0,0,,
6,355,0.4,90.0,10.0,0.8,10,0,0,0,,
6,356,0.4,366.66666666666663,63.333333333333336,0.7054263565891473,10,0,0,0,,
6,357,0.4,544.4444444444445,81.11111111111111,0.7406749555950267,10,0,0,0,,
6,358,0.4,722.2222222222222,81.11111111111111,0.7980636237897649,10,0,0,0,,
6,359,0.4,3000.0,455.55555555555554,0.7363344051446945,10,0,0,0,,
6,360,0.4,0.009,0.001,0.8000000000000002,10,23,8,0,0.008629785477669702,1433.52724296633
6,361,0.4,0.04555555555555556,0.003666666666666667,0.8510158013544019,10,14,4,0,0.022908676527677724,1588.0859647595034
6,362,0.4,0.07222222222222222,0.0054444444444444445,0.8597997138769671,10,10,2,0,0.03076096814740708,1369.8613715314548
6,363,0.4,0.09,0.006333333333333334,0.8685121107266437,10,11,2,0,0.03451437393358565,1182.4098021142972
6,364,0.4,0.18888888888888888,0.01,0.8994413407821228,10,10,1,0,0.048752849010338654,1566.8334885494853
6,365,0.4,0.5444444444444445,0.04555555555555556,0.8455743879472692,10,4,0,0,0.35396931287525013,1147.1000972928487
6,366,0.4,0.8111111111111111,0.04555555555555556,0.8936446173800259,10,4,0,0,0.34916611074049364,1485.6652622929516
6,367,0.4,0.9,0.09,0.8181818181818182,10,0,0,0,,
6,368,0.4,2.7777777777777777,0.2777777777777778,0.8181818181818182,10,0,0,0,,
6,369,0.4,6.333333333333333,0.4555555555555556,0.8657937806873977,10,0,0,0,,
6,370,0.4,8.11111111111111,0.7222222222222222,0.8364779874213837,10,0,0,0,,
6,371,0.4,10.0,0.7222222222222222,0.8652849740932644,10,0,0,0,,
6,372,0.4,45.55555555555556,2.7777777777777777,0.8850574712643677,10,0,0,0,,
6,373,0.4,72.22222222222223,4.555555555555555,0.8813314037626627,10,0,0,0,,
6,374,0.4,90.0,5.444444444444445,0.8859138533178115,10,0,0,0,,
6,375,0.4,100.0,10.0,0.8181818181818182,10,0,0,0,,
6,376,0.4,544.4444444444445,36.66666666666667,0.8738049713193117,10,0,0,0,,
6,377,0.4,722.2222222222222,72.22222222222223,0.8181818181818182,10,0,0,0,,
6,378,0.4,900.0,81.11111111111111,0.8346545866364666,10,0,0,0,,
6,379,0.4,3000.0,277.77777777777777,0.8305084745762712,10,0,0,0,,
6,380,0.4,0.027777777777777776,0.001,0.9305019305019304,10,20,6,0,0.008709635899560805,1525.3971254074654
6,381,0.4,0.4555555555555556,0.003666666666666667,0.9840309702395356,10,12,2,0,0.02301441817408509,1621.9431981458054
6,382,0.4,0.9,0.003666666666666667,0.9918849133161194,10,13,2,0,0.02301441817408509,1621.0149202882994
6,383,0.4,2.7777777777777777,0.0811111111111111,0.94325689856199,10,1,0,0,0.9633755837224816,739.6219986227894
6,384,0.4,5.444444444444445,0.09,0.9674764103593656,10,0,0,0,,
6,385,0.4,8.11111111111111,0.04555555555555556,0.98882985969214,10,4,0,0,0.3317545030020013,1374.5204133280772
6,386,0.4,18.88888888888889,0.006333333333333334,0.9993296365336328,10,9,0,0,0.034673685045253165,1052.624409461795
6,387,0.4,36.66666666666667,0.01888888888888889,0.998970227458582,10,6,0,0,0.07870457896950984,1025.4001545926508
6,388,0.4,54.44444444444444,0.027777777777777776,0.9989801121876594,10,6,0,0,0.24529686457638425,1530.0901549492057
6,389,0.4,72.22222222222223,0.027777777777777776,0.9992310649750098,10,5,0,0,0.2446964643095397,1246.2819552903181
6,390,0.4,90.0,0.009,0.9998000199980002,10,9,0,0,0.045081670454146,1473.433152217126
6,391,0.4,188.88888888888889,0.0054444444444444445,0.9999423546027204,10,9,1,0,0.031045595881283555,1086.8681656531062
6,392,0.4,277.77777777777777,1.0,0.9928258270227183,10,0,0,0,,
6,393,0.4,455.55555555555554,0.03666666666666667,0.9998390373457745,10,5,0,0,0.28612408272181455,1530.4189458042963
6,394,0.4,544.4444444444445,7.222222222222221,0.9738167170191341,10,0,0,0,,
6,395,0.4,722.2222222222222,0.06333333333333332,0.9998246307631483,10,2,0,0,0.6037358238825883,1177.2927729877154
6,396,0.4,811.1111111111111,8.11111111111111,0.9801980198019803,10,0,0,0,,
6,397,0.4,1000.0,0.04555555555555556,0.9999088930393171,10,4,0,0,0.323949299533022,1427.0374306023652
6,398,0.4,2000.0,5.444444444444445,0.9945703363067206,10,0,0,0,,
6,399,0.4,3000.0,100.0,0.9354838709677419,10,0,0,0,,
7,0,0.5,0.001,0.027777777777777776,-0.9305019305019304,10,43,9,0,0.011324003632355566,1533.054509917424
7,1,0.5,0.001888888888888889,0.7222222222222222,-0.9947828755562373,10,25,7,0,0.015995580286146695,1563.7222768512797
7,2,0.5,0.002777777777777778,54.44444444444444,-0.9998979643895719,10,20,6,0,0.011857687481671597,1586.0266617805544
7,3,0.5,0.004555555555555556,0.1,-0.9128586609989372,10,14,2,0,0.03404081897010009,1245.8681848362219
7,4,0.5,0.0054444444444444445,45.55555555555556,-0.9997610041726721,10,14,4,0,0.02032357010936221,1634.553480011515
7,5,0.5,0.007222222222222223,0.5444444444444445,-0.9738167170191339,10,13,3,0,0.044463126746910886,1316.5517991744869
7,6,0.5,0.00811111111111111,90.0,-0.999819769329431,10,12,4,0,0.02387811282913178,1586.9052489284975
7,7,0.5,0.01,2.7777777777777777,-0.9928258270227184,10,10,2,0,0.04920395356814511,1594.0543498365569
7,8,0.5,0.01888888888888889,722.2222222222222,-0.9999476936757038,10,7,2,0,0.028444611074479167,1522.6286483194424
7,9,0.5,0.03666666666666667,90.0,-0.999185517011588,10,5,2,0,0.07379042301291007,1454.144713720605
7,10,0.5,0.05444444444444445,81.11111111111111,-0.998658434749278,10,3,1,0,0.10120080053368913,1295.2554206599539
7,11,0.5,0.07222222222222222,100.0,-0.9985565980125465,10,3,1,0,0.12041360907271514,1309.7627299978874
7,12,0.5,0.09,188.88888888888889,-0.9990475126557345,10,2,1,0,0.12401601067378253,477.9821213868517
7,13,0.5,0.18888888888888888,633.3333333333333,-0.9994036866197801,10,2,1,0,0.16424282855236824,871.0570621788397
7,14,0.5,0.4555555555555556,45.55555555555556,-0.9801980198019802,10,0,0,0,,
7,15,0.5,0.7222222222222222,36.66666666666667,-0.9613670133729569,10,0,0,0,,
7,16,0.5,1.0,45.55555555555556,-0.9570405727923628,10,0,0,0,,
7,17,0.5,3.6666666666666665,544.4444444444445,-0.9866207176160553,10,0,0,0,,
7,18,0.5,8.11111111111111,900.0,-0.9821363024593173,10,0,0,0,,
7,19,0.5,100.0,3000.0,-0.9354838709677419,10,0,0,0,,
7,20,0.5,0.001,0.009,-0.8000000000000002,10,36,12,0,0.011168632477805612,1583.3688958975822
7,21,0.5,0.003666666666666667,0.05444444444444445,-0.8738049713193117,10,17,2,0,0.029107171180666053,1205.7961397623587
7,22,0.5,0.0054444444444444445,0.0811111111111111,-0.8741976893453145,10,13,2,0,0.038725764492161724,1018.2637651923197
7,23,0.5,0.007222222222222223,0.09,-0.8514285714285713,10,11,1,0,0.04742419852602448,1408.8489427681695
7,24,0.5,0.01,0.18888888888888888,-0.8994413407821228,10,11,2,0,0.05942921586155727,1640.9355161239878
7,25,0.5,0.04555555555555556,0.5444444444444445,-0.8455743879472692,10,2,0,0,0.5166777851901267,427.105663893874
7,26,0.5,0.06333333333333332,0.6333333333333333,-0.8181818181818181,10,1,0,0,0.9465643762508338,201.29227679987727
7,27,0.5,0.0811111111111111,0.9,-0.8346545866364665,10,0,0,0,,
7,28,0.5,0.2777777777777778,2.7777777777777777,-0.8181818181818182,10,0,0,0,,
7,29,0.5,0.4555555555555556,7.222222222222221,-0.8813314037626627,10,0,0,0,,
7,30,0.5,0.6333333333333333,9.0,-0.8685121107266437,10,0,0,0,,
7,31,0.5,0.9,9.0,-0.8181818181818181,10,0,0,0,,
7,32,0.5,3.6666666666666665,36.66666666666667,-0.8181818181818183,10,0,0,0,,
7,33,0.5,5.444444444444445,63.333333333333336,-0.8416801292407108,10,0,0,0,,
7,34,0.5,7.222222222222221,72.22222222222223,-0.818181818181818,10,0,0,0,,
7,35,0.5,10.0,100.0,-0.8181818181818182,10,0,0,0,,
7,36,0.5,36.66666666666667,633.3333333333333,-0.8905472636815921,10,0,0,0,,
7,37,0.5,54.44444444444444,900.0,-0.8859138533178114,10,0,0,0,,
7,38,0.5,72.22222222222223,1000.0,-0.8652849740932643,10,0,0,0,,
7,39,0.5,277.77777777777777,3000.0,-0.8305084745762712,10,0,0,0,,
7,40,0.5,0.001,0.006333333333333334,-0.7272727272727273,10,44,12,0,0.010914403364487572,1527.2239854916825
7,41,0.5,0.004555555555555556,0.027777777777777776,-0.718213058419244,10,22,3,0,0.03326595532940047,1617.200248535548
7,42,0.5,0.006333333333333334,0.05444444444444445,-0.7915904936014624,10,12,2,0,0.042854852039743964,1329.0056539927873
7,43,0.5,0.00811111111111111,0.07222222222222222,-0.7980636237897648,10,10,1,0,0.05128613839913648,1232.3632098356725
7,44,0.5,0.01,0.0811111111111111,-0.7804878048780489,10,9,1,0,0.05970352865838372,1438.6028989146525
7,45,0.5,0.05444444444444445,0.3666666666666667,-0.7414248021108178,10,1,0,0,0.8805203468979319,210.17023262413304
7,46,0.5,0.07222222222222222,0.5444444444444445,-0.7657657657657659,10,0,0,0,,
7,47,0.5,0.09,0.6333333333333333,-0.751152073732719,10,0,0,0,,
7,48,0.5,0.3666666666666667,2.7777777777777777,-0.7667844522968198,10,0,0,0,,
7,49,0.5,0.6333333333333333,4.555555555555555,-0.7558886509635975,10,0,0,0,,
7,50,0.5,0.8111111111111111,5.444444444444445,-0.7406749555950267,10,0,0,0,,
7,51,0.5,1.0,6.333333333333333,-0.7272727272727273,10,0,0,0,,
7,52,0.5,4.555555555555555,36.66666666666667,-0.7789757412398921,10,0,0,0,,
7,53,0.5,7.222222222222221,45.55555555555556,-0.7263157894736842,10,0,0,0,,
7,54,0.5,9.0,54.44444444444444,-0.7162872154115587,10,0,0,0,,
7,55,0.5,10.0,81.11111111111111,-0.7804878048780488,10,0,0,0,,
7,56,0.5,54.44444444444444,455.55555555555554,-0.7864923747276688,10,0,0,0,,
7,57,0.5,72.22222222222223,633.3333333333333,-0.7952755905511812,10,0,0,0,,
7,58,0.5,90.0,722.2222222222222,-0.7783857729138167,10,0,0,0,,
7,59,0.5,455.55555555555554,3000.0,-0.7363344051446945,10,0,0,0,,
7,60,0.5,0.001,0.004555555555555556,-0.64,10,45,12,0,0.010519618738232235,1629.6064204449958
7,61,0.5,0.001888888888888889,0.01,-0.6822429906542055,10,35,9,0,0.017139573075084253,1540.9324528263105
7,62,0.5,0.006333333333333334,0.027777777777777776,-0.6286644951140065,10,19,2,0,0.040926065973001094,1393.2356330556445
7,63,0.5,0.009,0.03666666666666667,-0.6058394160583941,10,16,1,0,0.052480746024977286,1611.2255619327689
7,64,0.5,0.01888888888888889,0.0811111111111111,-0.6222222222222222,10,4,0,0,0.3203468979319546,1420.739391418881
7,65,0.5,0.04555555555555556,0.18888888888888888,-0.6113744075829383,10,1,0,0,0.7940627084723149,223.1956209489185
7,66,0.5,0.0811111111111111,0.3666666666666667,-0.6377171215880892,10,0,0,0,,
7,67,0.5,0.1,0.5444444444444445,-0.6896551724137931,10,0,0,0,,
7,68,0.5,0.3666666666666667,1.8888888888888888,-0.6748768472906403,10,0,0,0,,
7,69,0.5,0.7222222222222222,3.6666666666666665,-0.6708860759493671,10,0,0,0,,
7,70,0.5,0.9,4.555555555555555,-0.670061099796334,10,0,0,0,,
7,71,0.5,1.8888888888888888,9.0,-0.6530612244897959,10,0,0,0,,
7,72,0.5,5.444444444444445,27.77777777777778,-0.6722408026755854,10,0,0,0,,
7,73,0.5,9.0,36.66666666666667,-0.6058394160583942,10,0,0,0,,
7,74,0.5,18.88888888888889,81.11111111111111,-0.6222222222222222,10,0,0,0,,
7,75,0.5,45.55555555555556,188.88888888888889,-0.6113744075829383,10,0,0,0,,
7,76,0.5,81.11111111111111,366.66666666666663,-0.6377171215880894,10,0,0,0,,
7,77,0.5,100.0,455.55555555555554,-0.64,10,0,0,0,,
7,78,0.5,188.88888888888889,1000.0,-0.6822429906542056,10,0,0,0,,
7,79,0.5,722.2222222222222,3000.0,-0.6119402985074627,10,0,0,0,,
7,80,0.5,0.001,0.003666666666666667,-0.5714285714285715,10,43,13,0,0.010185913880541169,1560.473894582836
7,81,0.5,0.001888888888888889,0.007222222222222223,-0.5853658536585367,10,34,9,0,0.016443717232149324,1585.1149028345387
7,82,0.5,0.0054444444444444445,0.01888888888888889,-0.5525114155251142,10,21,4,0,0.0353183169791957,1556.0672929609154
7,83,0.5,0.009,0.027777777777777776,-0.5105740181268882,10,16,3,0,0.05011872336272725,1437.923995285171
7,84,0.5,0.01888888888888889,0.07222222222222222,-0.5853658536585367,10,5,0,0,0.31674449633088725,1414.4487534980026
7,85,0.5,0.05444444444444445,0.18888888888888888,-0.5525114155251141,10,1,0,0,0.857104736490994,134.33576707545004
7,86,0.5,0.09,0.2777777777777778,-0.5105740181268883,10,0,0,0,,
7,87,0.5,0.18888888888888888,0.6333333333333333,-0.5405405405405406,10,0,0,0,,
7,88,0.5,0.2777777777777778,1.0,-0.5652173913043479,10,0,0,0,,
7,89,0.5,0.8111111111111111,2.7777777777777777,-0.5479876160990712,10,0,0,0,,
7,90,0.5,1.8888888888888888,6.333333333333333,-0.5405405405405406,10,0,0,0,,
7,91,0.5,2.7777777777777777,10.0,-0.5652173913043478,10,0,0,0,,
7,92,0.5,8.11111111111111,27.77777777777778,-0.5479876160990713,10,0,0,0,,
7,93,0.5,10.0,36.66666666666667,-0.5714285714285715,10,0,0,0,,
7,94,0.5,27.77777777777778,90.0,-0.5283018867924528,10,0,0,0,,
7,95,0.5,72.22222222222223,277.77777777777777,-0.5873015873015872,10,0,0,0,,
7,96,0.5,100.0,366.66666666666663,-0.5714285714285714,10,0,0,0,,
7,97,0.5,277.77777777777777,900.0,-0.5283018867924527,10,0,0,0,,
7,98,0.5,633.3333333333333,2000.0,-0.518987341772152,10,0,0,0,,
7,99,0.5,1000.0,3000.0,-0.5,10,0,0,0,,
7,100,0.5,0.001,0.002777777777777778,-0.47058823529411764,10,43,13,0,0.009594006315159337,1572.5530009830882
7,101,0.5,0.001888888888888889,0.0054444444444444445,-0.48484848484848486,10,30,9,0,0.01555965631605075,1523.9657586854178
7,102,0.5,0.003666666666666667,0.009,-0.4210526315789473,10,24,6,0,0.024434305526939714,1547.9787549698635
7,103,0.5,0.007222222222222223,0.01888888888888889,-0.4468085106382978,10,16,3,0,0.040926065973001094,1447.591666823249
7,104,0.5,0.01888888888888889,0.05444444444444445,-0.4848484848484849,10,7,0,0,0.3035356904603069,950.1539472973742
7,105,0.5,0.027777777777777776,0.0811111111111111,-0.4897959183673469,10,4,0,0,0.3737825216811207,818.0882734901916
7,106,0.5,0.06333333333333332,0.18888888888888888,-0.4977973568281938,10,0,0,0,,
7,107,0.5,0.18888888888888888,0.4555555555555556,-0.4137931034482759,10,0,0,0,,
7,108,0.5,0.2777777777777778,0.8111111111111111,-0.48979591836734687,10,0,0,0,,
7,109,0.5,0.6333333333333333,1.8888888888888888,-0.4977973568281938,10,0,0,0,,
7,110,0.5,1.0,2.7777777777777777,-0.47058823529411764,10,0,0,0,,
7,111,0.5,2.7777777777777777,7.222222222222221,-0.44444444444444436,10,0,0,0,,
7,112,0.5,3.6666666666666665,10.0,-0.46341463414634154,10,0,0,0,,
7,113,0.5,10.0,27.77777777777778,-0.47058823529411764,10,0,0,0,,
7,114,0.5,27.77777777777778,72.22222222222223,-0.4444444444444445,10,0,0,0,,
7,115,0.5,36.66666666666667,90.0,-0.4210526315789473,10,0,0,0,,
7,116,0.5,72.22222222222223,188.88888888888889,-0.4468085106382979,10,0,0,0,,
7,117,0.5,188.88888888888889,544.4444444444445,-0.4848484848484848,10,0,0,0,,
7,118,0.5,366.66666666666663,900.0,-0.42105263157894746,10,0,0,0,,
7,119,0.5,811.1111111111111,2000.0,-0.42292490118577075,10,0,0,0,,
7,120,0.5,0.001,0.001888888888888889,-0.3076923076923077,10,37,14,0,0.008550667128846832,1615.5281345933802
7,121,0.5,0.002777777777777778,0.006333333333333334,-0.39024390243902446,10,30,8,0,0.019498445997580455,1586.9435229510714
7,122,0.5,0.004555555555555556,0.009,-0.3278688524590163,10,25,6,0,0.026915348039269166,1590.9097794023446
7,123,0.5,0.009,0.01888888888888889,-0.354581673306773,10,17,3,0,0.04549880601500485,1448.992714164854
7,124,0.5,0.027777777777777776,0.05444444444444445,-0.3243243243243244,10,5,0,0,0.33955970647098066,984.7441238074839
7,125,0.5,0.03666666666666667,0.0811111111111111,-0.3773584905660377,10,2,0,0,0.6433622414943295,660.828328855851
7,126,0.5,0.0811111111111111,0.18888888888888888,-0.39917695473251025,10,0,0,0,,
7,127,0.5,0.18888888888888888,0.3666666666666667,-0.32000000000000006,10,0,0,0,,
7,128,0.5,0.3666666666666667,0.7222222222222222,-0.3265306122448979,10,0,0,0,,
7,129,0.5,0.4555555555555556,1.0,-0.37404580152671746,10,0,0,0,,
7,130,0.5,1.8888888888888888,3.6666666666666665,-0.32,10,0,0,0,,
7,131,0.5,3.6666666666666665,7.222222222222221,-0.32653061224489793,10,0,0,0,,
7,132,0.5,4.555555555555555,10.0,-0.37404580152671757,10,0,0,0,,
7,133,0.5,10.0,18.88888888888889,-0.3076923076923077,10,0,0,0,,
7,134,0.5,27.77777777777778,63.333333333333336,-0.3902439024390244,10,0,0,0,,
7,135,0.5,45.55555555555556,90.0,-0.3278688524590164,10,0,0,0,,
7,136,0.5,90.0,188.88888888888889,-0.35458167330677287,10,0,0,0,,
7,137,0.5,277.77777777777777,544.4444444444445,-0.32432432432432434,10,0,0,0,,
7,138,0.5,366.66666666666663,811.1111111111111,-0.3773584905660377,10,0,0,0,,
7,139,0.5,1000.0,2000.0,-0.3333333333333333,10,0,0,0,,
7,140,0.5,0.002777777777777778,0.004555555555555556,-0.2424242424242424,10,31,8,0,0.017458221529205037,1482.3779200231677
7,141,0.5,0.004555555555555556,0.007222222222222223,-0.22641509433962265,10,26,7,0,0.024888573182823902,1559.0056943578456
7,142,0.5,0.0054444444444444445,0.009,-0.2461538461538461,10,23,4,0,0.028840315031266057,1502.987713120665
7,143,0.5,0.006333333333333334,0.01,-0.2244897959183673,10,21,4,0,0.031768740706497725,1568.7958176643347
7,144,0.5,0.03666666666666667,0.06333333333333332,-0.2666666666666666,10,3,0,0,0.3785857238158772,1217.0387545632561
7,145,0.5,0.05444444444444445,0.09,-0.24615384615384614,10,2,0,0,0.719613075383589,590.7318750598853
7,146,0.5,0.06333333333333332,0.1,-0.22448979591836743,10,1,0,0,0.7652434956637758,115.36987624360947
7,147,0.5,0.3666666666666667,0.6333333333333333,-0.2666666666666666,10,0,0,0,,
7,148,0.5,0.4555555555555556,0.8111111111111111,-0.2807017543859649,10,0,0,0,,
7,149,0.5,0.5444444444444445,1.0,-0.29496402877697836,10,0,0,0,,
7,150,0.5,3.6666666666666665,6.333333333333333,-0.26666666666666666,10,0,0,0,,
7,151,0.5,4.555555555555555,8.11111111111111,-0.2807017543859649,10,0,0,0,,
7,152,0.5,5.444444444444445,10.0,-0.2949640287769784,10,0,0,0,,
7,153,0.5,27.77777777777778,45.55555555555556,-0.2424242424242424,10,0,0,0,,
7,154,0.5,45.55555555555556,72.22222222222223,-0.22641509433962267,10,0,0,0,,
7,155,0.5,54.44444444444444,100.0,-0.2949640287769784,10,0,0,0,,
7,156,0.5,277.77777777777777,455.55555555555554,-0.24242424242424243,10,0,0,0,,
7,157,0.5,455.55555555555554,722.2222222222222,-0.2264150943396226,10,0,0,0,,
7,158,0.5,544.4444444444445,900.0,-0.24615384615384617,10,0,0,0,,
7,159,0.5,2000.0,3000.0,-0.2,10,0,0,0,,
7,160,0.5,0.001888888888888889,0.002777777777777778,-0.19047619047619047,10,36,10,0,0.012473835142429432,1521.2306858035327
7,161,0.5,0.003666666666666667,0.0054444444444444445,-0.19512195121951215,10,27,7,0,0.020606299132700005,1528.0990183652116
7,162,0.5,0.006333333333333334,0.00811111111111111,-0.123076923076923,10,23,5,0,0.028973435877013242,1477.1738505668227
7,163,0.5,0.00811111111111111,0.01,-0.1042944785276074,10,21,4,0,0.034355794789987466,1582.796258866999
7,164,0.5,0.03666666666666667,0.04555555555555556,-0.10810810810810813,10,6,0,0,0.33295530353569047,1427.4943593365354
7,165,0.5,0.05444444444444445,0.0811111111111111,-0.1967213114754098,10,2,0,0,0.6907938625750499,889.6718282621031
7,166,0.5,0.07222222222222222,0.1,-0.16129032258064524,10,1,0,0,0.7772515010006671,101.96590255962646
7,167,0.5,0.3666666666666667,0.4555555555555556,-0.10810810810810811,10,0,0,0,,
7,168,0.5,0.5444444444444445,0.7222222222222222,-0.1403508771929824,10,0,0,0,,
7,169,0.5,0.7222222222222222,0.9,-0.10958904109589043,10,0,0,0,,
7,170,0.5,2.7777777777777777,3.6666666666666665,-0.13793103448275862,10,0,0,0,,
7,171,0.5,5.444444444444445,7.222222222222221,-0.1403508771929824,10,0,0,0,,
7,172,0.5,6.333333333333333,9.0,-0.1739130434782609,10,0,0,0,,
7,173,0.5,18.88888888888889,27.77777777777778,-0.19047619047619047,10,0,0,0,,
7,174,0.5,45.55555555555556,63.333333333333336,-0.163265306122449,10,0,0,0,,
7,175,0.5,63.333333333333336,90.0,-0.17391304347826084,10,0,0,0,,
7,176,0.5,81.11111111111111,100.0,-0.10429447852760734,10,0,0,0,,
7,177,0.5,366.66666666666663,544.4444444444445,-0.19512195121951226,10,0,0,0,,
7,178,0.5,633.3333333333333,811.1111111111111,-0.12307692307692313,10,0,0,0,,
7,179,0.5,811.1111111111111,1000.0,-0.10429447852760737,10,0,0,0,,
7,180,0.5,0.001,0.001,0.0,10,47,15,0,0.006486344335482388,1642.001656842037
7,181,0.5,0.004555555555555556,0.0054444444444444445,-0.08888888888888886,10,26,7,0,0.021978598727848252,1277.8966957301252
7,182,0.5,0.007222222222222223,0.007222222222222223,0.0,10,23,5,0,0.02831391995799379,1501.382781656392
7,183,0.5,0.009,0.01,-0.05263157894736847,10,20,4,0,0.0353183169791957,1630.7555115470886
7,184,0.5,0.04555555555555556,0.04555555555555556,0.0,10,4,0,0,0.33895930620413606,1325.313020822305
7,185,0.5,0.06333333333333332,0.07222222222222222,-0.0655737704918033,10,2,0,0,0.6649766511007338,839.2712738700931
7,186,0.5,0.09,0.09,0.0,10,1,0,0,0.7520346897931954,108.14680041230828
7,187,0.5,0.4555555555555556,0.4555555555555556,0.0,10,0,0,0,,
7,188,0.5,0.6333333333333333,0.7222222222222222,-0.06557377049180328,10,0,0,0,,
7,189,0.5,0.9,0.9,0.0,10,0,0,0,,
7,190,0.5,3.6666666666666665,3.6666666666666665,0.0,10,0,0,0,,
7,191,0.5,6.333333333333333,6.333333333333333,0.0,10,0,0,0,,
7,192,0.5,8.11111111111111,9.0,-0.05194805194805197,10,0,0,0,,
7,193,0.5,36.66666666666667,36.66666666666667,0.0,10,0,0,0,,
7,194,0.5,63.333333333333336,63.333333333333336,0.0,10,0,0,0,,
7,195,0.5,81.11111111111111,90.0,-0.05194805194805193,10,0,0,0,,
7,196,0.5,277.77777777777777,277.77777777777777,0.0,10,0,0,0,,
7,197,0.5,544.4444444444445,633.3333333333333,-0.07547169811320747,10,0,0,0,,
7,198,0.5,811.1111111111111,811.1111111111111,0.0,10,0,0,0,,
7,199,0.5,3000.0,3000.0,0.0,10,0,0,0,,
7,200,0.5,0.0054444444444444445,0.004555555555555556,0.08888888888888886,10,26,7,0,0.020892961308540386,1485.665288233672
7,201,0.5,0.006333333333333334,0.0054444444444444445,0.0754716981132076,10,25,6,0,0.02376840286624876,1580.5479927149977
7,202,0.5,0.00811111111111111,0.007222222222222223,0.057971014492753555,10,19,4,0,0.029107171180666053,1455.1027774766821
7,203,0.5,0.01,0.009,0.05263157894736847,10,17,4,0,0.034197944251370904,1428.4507916317573
7,204,0.5,0.06333333333333332,0.05444444444444445,0.07547169811320745,10,4,0,0,0.3767845230153436,1550.3510652300254
7,205,0.5,0.0811111111111111,0.07222222222222222,0.05797101449275364,10,2,0,0,0.671581054036024,814.6251015456351
7,206,0.5,0.1,0.09,0.05263157894736847,10,1,0,0,0.7544362908605736,104.86386878159077
7,207,0.5,0.5444444444444445,0.4555555555555556,0.0888888888888889,10,0,0,0,,
7,208,0.5,0.7222222222222222,0.6333333333333333,0.06557377049180328,10,0,0,0,,
7,209,0.5,0.9,0.8111111111111111,0.05194805194805195,10,0,0,0,,
7,210,0.5,5.444444444444445,4.555555555555555,0.08888888888888893,10,0,0,0,,
7,211,0.5,7.222222222222221,6.333333333333333,0.06557377049180325,10,0,0,0,,
7,212,0.5,9.0,8.11111111111111,0.05194805194805197,10,0,0,0,,
7,213,0.5,10.0,9.0,0.05263157894736842,10,0,0,0,,
7,214,0.5,63.333333333333336,54.44444444444444,0.07547169811320759,10,0,0,0,,
7,215,0.5,81.11111111111111,72.22222222222223,0.057971014492753596,10,0,0,0,,
7,216,0.5,100.0,90.0,0.05263157894736842,10,0,0,0,,
7,217,0.5,633.3333333333333,544.4444444444445,0.07547169811320747,10,0,0,0,,
7,218,0.5,811.1111111111111,722.2222222222222,0.057971014492753645,10,0,0,0,,
7,219,0.5,1000.0,900.0,0.05263157894736842,10,0,0,0,,
7,220,0.5,0.002777777777777778,0.001888888888888889,0.19047619047619047,10,36,10,0,0.011168632477805612,1603.6101236179074
7,221,0.5,0.0054444444444444445,0.003666666666666667,0.19512195121951215,10,29,7,0,0.018365383433483474,1608.1417316559343
7,222,0.5,0.00811111111111111,0.006333333333333334,0.123076923076923,10,21,5,0,0.027039583641088435,1468.5288361907974
7,223,0.5,0.01,0.00811111111111111,0.1042944785276074,10,19,4,0,0.03235936569296284,1499.3033929026915
7,224,0.5,0.05444444444444445,0.03666666666666667,0.19512195121951223,10,6,1,0,0.3053368912608405,1209.998990095575
7,225,0.5,0.0811111111111111,0.05444444444444445,0.1967213114754098,10,4,0,0,0.3791861240827218,1074.72540057365
7,226,0.5,0.1,0.07222222222222222,0.16129032258064524,10,2,0,0,0.6733822548365577,944.031234684485
7,227,0.5,0.4555555555555556,0.3666666666666667,0.10810810810810811,10,0,0,0,,
7,228,0.5,0.8111111111111111,0.5444444444444445,0.19672131147540978,10,0,0,0,,
7,229,0.5,1.0,0.7222222222222222,0.16129032258064516,10,0,0,0,,
7,230,0.5,3.6666666666666665,2.7777777777777777,0.13793103448275862,10,0,0,0,,
7,231,0.5,7.222222222222221,5.444444444444445,0.1403508771929824,10,0,0,0,,
7,232,0.5,9.0,7.222222222222221,0.10958904109589046,10,0,0,0,,
7,233,0.5,36.66666666666667,27.77777777777778,0.13793103448275865,10,0,0,0,,
7,234,0.5,72.22222222222223,54.44444444444444,0.1403508771929825,10,0,0,0,,
7,235,0.5,90.0,63.333333333333336,0.17391304347826084,10,0,0,0,,
7,236,0.5,277.77777777777777,188.88888888888889,0.1904761904761905,10,0,0,0,,
7,237,0.5,633.3333333333333,455.55555555555554,0.16326530612244894,10,0,0,0,,
7,238,0.5,900.0,633.3333333333333,0.17391304347826092,10,0,0,0,,
7,239,0.5,3000.0,2000.0,0.2,10,0,0,0,,
7,240,0.5,0.004555555555555556,0.002777777777777778,0.2424242424242424,10,31,8,0,0.015135612484362087,1604.6931213982455
7,241,0.5,0.007222222222222223,0.004555555555555556,0.22641509433962265,10,26,6,0,0.02177709772353159,1648.2216181651245
7,242,0.5,0.009,0.0054444444444444445,0.2461538461538461,10,22,6,0,0.025118864315095794,1562.0392104985488
7,243,0.5,0.01,0.006333333333333334,0.2244897959183673,10,19,4,0,0.027925438412373393,1541.7775431759724
7,244,0.5,0.06333333333333332,0.03666666666666667,0.2666666666666666,10,7,1,0,0.3053368912608405,1488.7872947408873
7,245,0.5,0.0811111111111111,0.04555555555555556,0.2807017543859649,10,5,1,0,0.34376250833889255,1426.9588964752973
7,246,0.5,0.1,0.05444444444444445,0.2949640287769784,10,5,1,0,0.3791861240827218,796.7923795621289
7,247,0.5,0.6333333333333333,0.3666666666666667,0.2666666666666666,10,0,0,0,,
7,248,0.5,0.8111111111111111,0.4555555555555556,0.2807017543859649,10,0,0,0,,
7,249,0.5,1.0,0.5444444444444445,0.29496402877697836,10,0,0,0,,
7,250,0.5,4.555555555555555,2.7777777777777777,0.24242424242424243,10,0,0,0,,
7,251,0.5,7.222222222222221,4.555555555555555,0.22641509433962262,10,0,0,0,,
7,252,0.5,9.0,5.444444444444445,0.24615384615384614,10,0,0,0,,
7,253,0.5,45.55555555555556,27.77777777777778,0.2424242424242424,10,0,0,0,,
7,254,0.5,72.22222222222223,45.55555555555556,0.22641509433962267,10,0,0,0,,
7,255,0.5,90.0,54.44444444444444,0.24615384615384614,10,0,0,0,,
7,256,0.5,100.0,63.333333333333336,0.22448979591836732,10,0,0,0,,
7,257,0.5,633.3333333333333,366.66666666666663,0.26666666666666666,10,0,0,0,,
7,258,0.5,811.1111111111111,455.55555555555554,0.28070175438596495,10,0,0,0,,
7,259,0.5,1000.0,633.3333333333333,0.2244897959183674,10,0,0,0,,
7,260,0.5,0.001888888888888889,0.001,0.3076923076923077,10,45,12,0,0.007177942912713615,1620.6581181285455
7,261,0.5,0.006333333333333334,0.002777777777777778,0.39024390243902446,10,29,7,0,0.01570362804333553,1640.6903911025493
7,262,0.5,0.009,0.004555555555555556,0.3278688524590163,10,24,6,0,0.0223872113856834,1588.8818574871273
7,263,0.5,0.01888888888888889,0.009,0.354581673306773,10,14,3,0,0.037497300224548336,1194.6738616819666
7,264,0.5,0.05444444444444445,0.027777777777777776,0.3243243243243244,10,7,1,0,0.08629785477669702,1170.583570483122
7,265,0.5,0.0811111111111111,0.03666666666666667,0.3773584905660377,10,6,1,0,0.3041360907271514,1034.7001427865387
7,266,0.5,0.18888888888888888,0.0811111111111111,0.39917695473251025,10,2,0,0,0.7136090727151434,573.2290402385925
7,267,0.5,0.3666666666666667,0.18888888888888888,0.32000000000000006,10,0,0,0,,
7,268,0.5,0.7222222222222222,0.3666666666666667,0.3265306122448979,10,0,0,0,,
7,269,0.5,1.0,0.4555555555555556,0.37404580152671746,10,0,0,0,,
7,270,0.5,3.6666666666666665,1.8888888888888888,0.32,10,0,0,0,,
7,271,0.5,7.222222222222221,3.6666666666666665,0.32653061224489793,10,0,0,0,,
7,272,0.5,10.0,4.555555555555555,0.37404580152671757,10,0,0,0,,
7,273,0.5,18.88888888888889,10.0,0.3076923076923077,10,0,0,0,,
7,274,0.5,63.333333333333336,27.77777777777778,0.3902439024390244,10,0,0,0,,
7,275,0.5,90.0,45.55555555555556,0.3278688524590164,10,0,0,0,,
7,276,0.5,188.88888888888889,90.0,0.35458167330677287,10,0,0,0,,
7,277,0.5,544.4444444444445,277.77777777777777,0.32432432432432434,10,0,0,0,,
7,278,0.5,811.1111111111111,366.66666666666663,0.3773584905660377,10,0,0,0,,
7,279,0.5,2000.0,1000.0,0.3333333333333333,10,0,0,0,,
7,280,0.5,0.002777777777777778,0.001,0.47058823529411764,10,42,11,0,0.007413102413009177,1696.3025545386208
7,281,0.5,0.0054444444444444445,0.001888888888888889,0.48484848484848486,10,30,8,0,0.01191242008027375,1514.5268839839066
7,282,0.5,0.009,0.003666666666666667,0.4210526315789473,10,22,6,0,0.019408858775927792,1678.3044473989537
7,283,0.5,0.01888888888888889,0.007222222222222223,0.4468085106382978,10,17,3,0,0.03235936569296284,1539.486849497963
7,284,0.5,0.05444444444444445,0.01888888888888889,0.4848484848484849,10,10,2,0,0.06668067692136219,1528.3963292715428
7,285,0.5,0.09,0.03666666666666667,0.4210526315789474,10,6,1,0,0.3035356904603069,1503.5991765319402
7,286,0.5,0.18888888888888888,0.07222222222222222,0.44680851063829796,10,2,0,0,0.6691794529686457,903.0979883846902
7,287,0.5,0.4555555555555556,0.18888888888888888,0.4137931034482759,10,0,0,0,,
7,288,0.5,0.8111111111111111,0.2777777777777778,0.48979591836734687,10,0,0,0,,
7,289,0.5,1.8888888888888888,0.6333333333333333,0.4977973568281938,10,0,0,0,,
7,290,0.5,4.555555555555555,1.8888888888888888,0.4137931034482758,10,0,0,0,,
7,291,0.5,8.11111111111111,2.7777777777777777,0.48979591836734687,10,0,0,0,,
7,292,0.5,18.88888888888889,6.333333333333333,0.4977973568281939,10,0,0,0,,
7,293,0.5,27.77777777777778,10.0,0.47058823529411764,10,0,0,0,,
7,294,0.5,72.22222222222223,27.77777777777778,0.4444444444444445,10,0,0,0,,
7,295,0.5,100.0,36.66666666666667,0.4634146341463414,10,0,0,0,,
7,296,0.5,277.77777777777777,100.0,0.47058823529411764,10,0,0,0,,
7,297,0.5,722.2222222222222,277.77777777777777,0.4444444444444444,10,0,0,0,,
7,298,0.5,1000.0,366.66666666666663,0.46341463414634154,10,0,0,0,,
7,299,0.5,3000.0,1000.0,0.5,10,0,0,0,,
7,300,0.5,0.003666666666666667,0.001,0.5714285714285715,10,37,10,0,0.0075162289401820605,1630.5774816482399
7,301,0.5,0.007222222222222223,0.001888888888888889,0.5853658536585367,10,29,7,0,0.012078138351067799,1504.5444663736212
7,302,0.5,0.01888888888888889,0.0054444444444444445,0.5525114155251142,10,19,4,0,0.026668586645214806,1269.308830654872
7,303,0.5,0.027777777777777776,0.009,0.5105740181268882,10,12,2,0,0.038547835766577165,1133.4292555735433
7,304,0.5,0.07222222222222222,0.01888888888888889,0.5853658536585367,10,10,2,0,0.06792036326171844,865.6378515085468
7,305,0.5,0.1,0.027777777777777776,0.5652173913043479,10,7,1,0,0.09036494737223014,1212.8023093104316
7,306,0.5,0.2777777777777778,0.0811111111111111,0.5479876160990712,10,2,0,0,0.7082054703135423,566.8131912053979
7,307,0.5,0.6333333333333333,0.18888888888888888,0.5405405405405406,10,0,0,0,,
7,308,0.5,1.0,0.2777777777777778,0.5652173913043479,10,0,0,0,,
7,309,0.5,2.7777777777777777,0.8111111111111111,0.5479876160990712,10,0,0,0,,
7,310,0.5,3.6666666666666665,1.0,0.5714285714285715,10,0,0,0,,
7,311,0.5,9.0,2.7777777777777777,0.5283018867924528,10,0,0,0,,
7,312,0.5,27.77777777777778,7.222222222222221,0.5873015873015873,10,0,0,0,,
7,313,0.5,36.66666666666667,10.0,0.5714285714285715,10,0,0,0,,
7,314,0.5,90.0,27.77777777777778,0.5283018867924528,10,0,0,0,,
7,315,0.5,188.88888888888889,54.44444444444444,0.5525114155251143,10,0,0,0,,
7,316,0.5,277.77777777777777,90.0,0.5105740181268882,10,0,0,0,,
7,317,0.5,722.2222222222222,188.88888888888889,0.5853658536585366,10,0,0,0,,
7,318,0.5,2000.0,544.4444444444445,0.572052401746725,10,0,0,0,,
7,319,0.5,3000.0,900.0,0.5384615384615384,10,0,0,0,,
7,320,0.5,0.004555555555555556,0.001,0.64,10,32,10,0,0.007550922276654342,1608.3207362803344
7,321,0.5,0.01,0.001888888888888889,0.6822429906542055,10,24,7,0,0.01224616199265049,1347.5362658925985
7,322,0.5,0.027777777777777776,0.006333333333333334,0.6286644951140065,10,14,3,0,0.03006076302628232,1641.0939885755429
7,323,0.5,0.04555555555555556,0.00811111111111111,0.6977225672877847,10,11,2,0,0.03647539469256077,1245.863200207225
7,324,0.5,0.0811111111111111,0.01888888888888889,0.6222222222222222,10,8,1,0,0.06823386941416697,895.5402881963129
7,325,0.5,0.18888888888888888,0.04555555555555556,0.6113744075829383,10,4,0,0,0.33715810540360236,1358.687766244712
7,326,0.5,0.3666666666666667,0.0811111111111111,0.6377171215880892,10,2,0,0,0.7028018679119412,639.3007872142904
7,327,0.5,0.5444444444444445,0.1,0.6896551724137931,10,0,0,0,,
7,328,0.5,1.8888888888888888,0.3666666666666667,0.6748768472906403,10,0,0,0,,
7,329,0.5,3.6666666666666665,0.7222222222222222,0.6708860759493671,10,0,0,0,,
7,330,0.5,4.555555555555555,0.9,0.670061099796334,10,0,0,0,,
7,331,0.5,9.0,1.8888888888888888,0.6530612244897959,10,0,0,0,,
7,332,0.5,27.77777777777778,5.444444444444445,0.6722408026755854,10,0,0,0,,
7,333,0.5,45.55555555555556,8.11111111111111,0.6977225672877846,10,0,0,0,,
7,334,0.5,81.11111111111111,18.88888888888889,0.6222222222222222,10,0,0,0,,
7,335,0.5,188.88888888888889,45.55555555555556,0.6113744075829383,10,0,0,0,,
7,336,0.5,366.66666666666663,81.11111111111111,0.6377171215880894,10,0,0,0,,
7,337,0.5,455.55555555555554,100.0,0.64,10,0,0,0,,
7,338,0.5,1000.0,188.88888888888889,0.6822429906542056,10,0,0,0,,
7,339,0.5,3000.0,722.2222222222222,0.6119402985074627,10,0,0,0,,
7,340,0.5,0.006333333333333334,0.001,0.7272727272727273,10,32,9,0,0.007620790100254122,1539.1988685222082
7,341,0.5,0.03666666666666667,0.004555555555555556,0.7789757412398922,10,14,4,0,0.02387811282913178,1452.8502991332814
7,342,0.5,0.05444444444444445,0.006333333333333334,0.7915904936014624,10,11,2,0,0.03047894989627983,1145.502768089376
7,343,0.5,0.06333333333333332,0.009,0.7511520737327189,10,11,2,0,0.03962780342554394,1226.3329201082518
7,344,0.5,0.09,0.01,0.8,10,12,2,0,0.043052661049171055,1375.6111082562106
7,345,0.5,0.3666666666666667,0.06333333333333332,0.7054263565891472,10,2,0,0,0.6115410273515677,1007.0718510569666
7,346,0.5,0.5444444444444445,0.0811111111111111,0.7406749555950266,10,2,0,0,0.6955970647098065,661.4516665047386
7,347,0.5,0.7222222222222222,0.0811111111111111,0.7980636237897648,10,2,0,0,0.6907938625750499,607.4322796239386
7,348,0.5,2.7777777777777777,0.3666666666666667,0.7667844522968198,10,0,0,0,,
7,349,0.5,4.555555555555555,0.6333333333333333,0.7558886509635975,10,0,0,0,,
7,350,0.5,6.333333333333333,0.7222222222222222,0.795275590551181,10,0,0,0,,
7,351,0.5,7.222222222222221,1.0,0.7567567567567567,10,0,0,0,,
7,352,0.5,36.66666666666667,4.555555555555555,0.7789757412398921,10,0,0,0,,
7,353,0.5,54.44444444444444,6.333333333333333,0.7915904936014625,10,0,0,0,,
7,354,0.5,63.333333333333336,9.0,0.7511520737327189,10,0,0,0,,
7,355,0.5,90.0,10.0,0.8,10,0,0,0,,
7,356,0.5,366.66666666666663,63.333333333333336,0.7054263565891473,10,0,0,0,,
7,357,0.5,544.4444444444445,81.11111111111111,0.7406749555950267,10,0,0,0,,
7,358,0.5,722.2222222222222,81.11111111111111,0.7980636237897649,10,0,0,0,,
7,359,0.5,3000.0,455.55555555555554,0.7363344051446945,10,0,0,0,,
7,360,0.5,0.009,0.001,0.8000000000000002,10,28,9,0,0.007655966069112569,1655.3401235420904
7,361,0.5,0.04555555555555556,0.003666666666666667,0.8510158013544019,10,16,4,0,0.02032357010936221,1438.3659580003655
7,362,0.5,0.07222222222222222,0.0054444444444444445,0.8597997138769671,10,15,3,0,0.027415741719278835,1193.4521724092951
7,363,0.5,0.09,0.006333333333333334,0.8685121107266437,10,10,2,0,0.030619634336906787,1160.0379162656939
7,364,0.5,0.18888888888888888,0.01,0.8994413407821228,10,11,1,0,0.04325138310350088,1285.2855246690401
7,365,0.5,0.5444444444444445,0.04555555555555556,0.8455743879472692,10,4,0,0,0.32515010006671113,1279.1910481393961
7,366,0.5,0.8111111111111111,0.04555555555555556,0.8936446173800259,10,4,0,0,0.3215476984656438,819.670225322016
7,367,0.5,0.9,0.09,0.8181818181818182,10,2,0,0,0.7286190793862575,485.92825845428706
7,368,0.5,2.7777777777777777,0.2777777777777778,0.8181818181818182,10,0,0,0,,
7,369,0.5,6.333333333333333,0.4555555555555556,0.8657937806873977,10,0,0,0,,
7,370,0.5,8.11111111111111,0.7222222222222222,0.8364779874213837,10,0,0,0,,
7,371,0.5,10.0,0.7222222222222222,0.8652849740932644,10,0,0,0,,
7,372,0.5,45.55555555555556,2.7777777777777777,0.8850574712643677,10,0,0,0,,
7,373,0.5,72.22222222222223,4.555555555555555,0.8813314037626627,10,0,0,0,,
7,374,0.5,90.0,5.444444444444445,0.8859138533178115,10,0,0,0,,
7,375,0.5,100.0,10.0,0.8181818181818182,10,0,0,0,,
7,376,0.5,544.4444444444445,36.66666666666667,0.8738049713193117,10,0,0,0,,
7,377,0.5,722.2222222222222,72.22222222222223,0.8181818181818182,10,0,0,0,,
7,378,0.5,900.0,81.11111111111111,0.8346545866364666,10,0,0,0,,
7,379,0.5,3000.0,277.77777777777777,0.8305084745762712,10,0,0,0,,
7,380,0.5,0.027777777777777776,0.001,0.9305019305019304,10,23,7,0,0.007726805850957022,1372.4648522364166
7,381,0.5,0.4555555555555556,0.003666666666666667,0.9840309702395356,10,13,3,0,0.020417379446695295,1357.355541753895
7,382,0.5,0.9,0.003666666666666667,0.9918849133161194,10,12,3,0,0.020417379446695295,1329.6850862965446
7,383,0.5,2.7777777777777777,0.0811111111111111,0.94325689856199,10,2,0,0,0.671581054036024,702.5228253845687
7,384,0.5,5.444444444444445,0.09,0.9674764103593656,10,2,0,0,0.7040026684456303,550.2923136630359
7,385,0.5,8.11111111111111,0.04555555555555556,0.98882985969214,10,5,0,0,0.3077384923282188,1264.047871795679
7,386,0.5,18.88888888888889,0.006333333333333334,0.9993296365336328,10,9,1,0,0.03076096814740708,981.9819323555647
7,387,0.5,36.66666666666667,0.01888888888888889,0.998970227458582,10,8,0,0,0.06982324040771712,1085.3882270189397
7,388,0.5,54.44444444444444,0.027777777777777776,0.9989801121876594,10,5,0,0,0.22848565710473648,944.5945856612382
7,389,0.5,72.22222222222223,0.027777777777777776,0.9992310649750098,10,6,0,0,0.22848565710473648,1478.0051823070326
7,390,0.5,90.0,0.009,0.9998000199980002,10,10,0,0,0.03999447497610974,1233.8445386469152
7,391,0.5,188.88888888888889,0.0054444444444444445,0.9999423546027204,10,12,1,0,0.02754228703338166,1648.5291187638568
7,392,0.5,277.77777777777777,1.0,0.9928258270227183,10,0,0,0,,
7,393,0.5,455.55555555555554,0.03666666666666667,0.9998390373457745,10,5,0,0,0.266310873915944,1097.8563064286934
7,394,0.5,544.4444444444445,7.222222222222221,0.9738167170191341,10,0,0,0,,
7,395,0.5,722.2222222222222,0.06333333333333332,0.9998246307631483,10,4,0,0,0.3641761174116077,1519.1145400534426
7,396,0.5,811.1111111111111,8.11111111111111,0.9801980198019803,10,0,0,0,,
7,397,0.5,1000.0,0.04555555555555556,0.9999088930393171,10,5,0,0,0.30113408939292863,1539.5326527555942
7,398,0.5,2000.0,5.444444444444445,0.9945703363067206,10,0,0,0,,
7,399,0.5,3000.0,100.0,0.9354838709677419,10,0,0,0,,
8,0,0.6,0.001,0.027777777777777776,-0.9305019305019304,10,42,10,0,0.011587773561551261,1647.4688918551446
8,1,0.6,0.001888888888888889,0.7222222222222222,-0.9947828755562373,10,25,7,0,0.016069412530128772,1561.7339885526012
8,2,0.6,0.002777777777777778,54.44444444444444,-0.9998979643895719,10,21,6,0,0.01137627285823431,1581.2367954753522
8,3,0.6,0.004555555555555556,0.1,-0.9128586609989372,10,14,3,0,0.03451437393358565,1340.7355251581205
8,4,0.6,0.0054444444444444445,45.55555555555556,-0.9997610041726721,10,14,4,0,0.019498445997580455,1634.3932258968964
8,5,0.6,0.007222222222222223,0.5444444444444445,-0.9738167170191339,10,13,3,0,0.0446683592150963,1280.8785139833763
8,6,0.6,0.00811111111111111,90.0,-0.999819769329431,10,13,4,0,0.022803420720004186,1674.5953617022285
8,7,0.6,0.01,2.7777777777777777,-0.9928258270227184,10,10,2,0,0.0485288500162121,1567.8521223568912
8,8,0.6,0.01888888888888889,722.2222222222222,-0.9999476936757038,10,7,2,0,0.026915348039269166,1533.7648467787662
8,9,0.6,0.03666666666666667,90.0,-0.999185517011588,10,5,2,0,0.0707945784384138,1312.7482886190141
8,10,0.6,0.05444444444444445,81.11111111111111,-0.998658434749278,10,3,1,0,0.09727472237769651,1315.973512253826
8,11,0.6,0.07222222222222222,100.0,-0.9985565980125465,10,3,1,0,0.11501000667111408,1156.9477744017734
8,12,0.6,0.09,188.88888888888889,-0.9990475126557345,10,2,1,0,0.1180120080053369,701.260896349134
8,13,0.6,0.18888888888888888,633.3333333333333,-0.9994036866197801,10,2,1,0,0.15583722481654436,1167.6095477468668
8,14,0.6,0.4555555555555556,45.55555555555556,-0.9801980198019802,10,0,0,0,,
8,15,0.6,0.7222222222222222,36.66666666666667,-0.9613670133729569,10,0,0,0,,
8,16,0.6,1.0,45.55555555555556,-0.9570405727923628,10,0,0,0,,
8,17,0.6,3.6666666666666665,544.4444444444445,-0.9866207176160553,10,0,0,0,,
8,18,0.6,8.11111111111111,900.0,-0.9821363024593173,10,0,0,0,,
8,19,0.6,100.0,3000.0,-0.9354838709677419,10,0,0,0,,
8,20,0.6,0.001,0.009,-0.8000000000000002,10,44,12,0,0.011324003632355566,1640.5984424668131
8,21,0.6,0.003666666666666667,0.05444444444444445,-0.8738049713193117,10,19,3,0,0.029648313895243424,1501.3672835796397
8,22,0.6,0.0054444444444444445,0.0811111111111111,-0.8741976893453145,10,12,1,0,0.03944573020752785,1343.6577619142276
8,23,0.6,0.007222222222222223,0.09,-0.8514285714285713,10,11,1,0,0.04808393484497285,1389.740730461688
8,24,0.6,0.01,0.18888888888888888,-0.8994413407821228,10,11,2,0,0.06025595860743581,1654.0902664183548
8,25,0.6,0.04555555555555556,0.5444444444444445,-0.8455743879472692,10,1,0,0,0.7988659106070714,412.44786279333033
8,26,0.6,0.06333333333333332,0.6333333333333333,-0.8181818181818181,10,1,0,0,0.9465643762508338,190.94770957835516
8,27,0.6,0.0811111111111111,0.9,-0.8346545866364665,10,0,0,0,,
8,28,0.6,0.2777777777777778,2.7777777777777777,-0.8181818181818182,10,0,0,0,,
8,29,0.6,0.4555555555555556,7.222222222222221,-0.8813314037626627,10,0,0,0,,
8,30,0.6,0.6333333333333333,9.0,-0.8685121107266437,10,0,0,0,,
8,31,0.6,0.9,9.0,-0.8181818181818181,10,0,0,0,,
8,32,0.6,3.6666666666666665,36.66666666666667,-0.8181818181818183,10,0,0,0,,
8,33,0.6,5.444444444444445,63.333333333333336,-0.8416801292407108,10,0,0,0,,
8,34,0.6,7.222222222222221,72.22222222222223,-0.818181818181818,10,0,0,0,,
8,35,0.6,10.0,100.0,-0.8181818181818182,10,0,0,0,,
8,36,0.6,36.66666666666667,633.3333333333333,-0.8905472636815921,10,0,0,0,,
8,37,0.6,54.44444444444444,900.0,-0.8859138533178114,10,0,0,0,,
8,38,0.6,72.22222222222223,1000.0,-0.8652849740932643,10,0,0,0,,
8,39,0.6,277.77777777777777,3000.0,-0.8305084745762712,10,0,0,0,,
8,40,0.6,0.001,0.006333333333333334,-0.7272727272727273,10,40,12,0,0.011015393095414156,1635.1864008009627
8,41,0.6,0.004555555555555556,0.027777777777777776,-0.718213058419244,10,21,4,0,0.03341950400261143,1520.587463450184
8,42,0.6,0.006333333333333334,0.05444444444444445,-0.7915904936014624,10,18,3,0,0.04345102241715714,1586.7037389031166
8,43,0.6,0.00811111111111111,0.07222222222222222,-0.7980636237897648,10,15,2,0,0.05199959965335162,1461.9111372167886
8,44,0.6,0.01,0.0811111111111111,-0.7804878048780489,10,10,1,0,0.06025595860743581,1017.5182508105689
8,45,0.6,0.05444444444444445,0.3666666666666667,-0.7414248021108178,10,1,0,0,0.8805203468979319,188.68677086441085
8,46,0.6,0.07222222222222222,0.5444444444444445,-0.7657657657657659,10,0,0,0,,
8,47,0.6,0.09,0.6333333333333333,-0.751152073732719,10,0,0,0,,
8,48,0.6,0.3666666666666667,2.7777777777777777,-0.7667844522968198,10,0,0,0,,
8,49,0.6,0.6333333333333333,4.555555555555555,-0.7558886509635975,10,0,0,0,,
8,50,0.6,0.8111111111111111,5.444444444444445,-0.7406749555950267,10,0,0,0,,
8,51,0.6,1.0,6.333333333333333,-0.7272727272727273,10,0,0,0,,
8,52,0.6,4.555555555555555,36.66666666666667,-0.7789757412398921,10,0,0,0,,
8,53,0.6,7.222222222222221,45.55555555555556,-0.7263157894736842,10,0,0,0,,
8,54,0.6,9.0,54.44444444444444,-0.7162872154115587,10,0,0,0,,
8,55,0.6,10.0,81.11111111111111,-0.7804878048780488,10,0,0,0,,
8,56,0.6,54.44444444444444,455.55555555555554,-0.7864923747276688,10,0,0,0,,
8,57,0.6,72.22222222222223,633.3333333333333,-0.7952755905511812,10,0,0,0,,
8,58,0.6,90.0,722.2222222222222,-0.7783857729138167,10,0,0,0,,
8,59,0.6,455.55555555555554,3000.0,-0.7363344051446945,10,0,0,0,,
8,60,0.6,0.001,0.004555555555555556,-0.64,10,46,13,0,0.010568175092136586,1651.9970836881023
8,61,0.6,0.001888888888888889,0.01,-0.6822429906542055,10,34,9,0,0.017298163592151014,1567.934793141473
8,62,0.6,0.006333333333333334,0.027777777777777776,-0.6286644951140065,10,20,4,0,0.040926065973001094,1159.8398997700897
8,63,0.6,0.009,0.03666666666666667,-0.6058394160583941,10,16,2,0,0.05223961889991197,1559.8324151435406
8,64,0.6,0.01888888888888889,0.0811111111111111,-0.6222222222222222,10,7,0,0,0.08994975815300356,1263.0126562230387
8,65,0.6,0.04555555555555556,0.18888888888888888,-0.6113744075829383,10,1,0,0,0.7898599066044029,176.63122474478305
8,66,0.6,0.0811111111111111,0.3666666666666667,-0.6377171215880892,10,0,0,0,,
8,67,0.6,0.1,0.5444444444444445,-0.6896551724137931,10,0,0,0,,
8,68,0.6,0.3666666666666667,1.8888888888888888,-0.6748768472906403,10,0,0,0,,
8,69,0.6,0.7222222222222222,3.6666666666666665,-0.6708860759493671,10,0,0,0,,
8,70,0.6,0.9,4.555555555555555,-0.670061099796334,10,0,0,0,,
8,71,0.6,1.8888888888888888,9.0,-0.6530612244897959,10,0,0,0,,
8,72,0.6,5.444444444444445,27.77777777777778,-0.6722408026755854,10,0,0,0,,
8,73,0.6,9.0,36.66666666666667,-0.6058394160583942,10,0,0,0,,
8,74,0.6,18.88888888888889,81.11111111111111,-0.6222222222222222,10,0,0,0,,
8,75,0.6,45.55555555555556,188.88888888888889,-0.6113744075829383,10,0,0,0,,
8,76,0.6,81.11111111111111,366.66666666666663,-0.6377171215880894,10,0,0,0,,
8,77,0.6,100.0,455.55555555555554,-0.64,10,0,0,0,,
8,78,0.6,188.88888888888889,1000.0,-0.6822429906542056,10,0,0,0,,
8,79,0.6,722.2222222222222,3000.0,-0.6119402985074627,10,0,0,0,,
8,80,0.6,0.001,0.003666666666666667,-0.5714285714285715,10,43,13,0,0.010139113857366799,1631.9687120497354
8,81,0.6,0.001888888888888889,0.007222222222222223,-0.5853658536585367,10,33,9,0,0.016368165214278085,1563.8100854629863
8,82,0.6,0.0054444444444444445,0.01888888888888889,-0.5525114155251142,10,22,5,0,0.03499451670283573,1431.0229690612825
8,83,0.6,0.009,0.027777777777777776,-0.5105740181268882,10,15,1,0,0.049431068698683536,1316.9848264770478
8,84,0.6,0.01888888888888889,0.07222222222222222,-0.5853658536585367,10,8,0,0,0.08871560120379608,1190.2203167249058
8,85,0.6,0.05444444444444445,0.18888888888888888,-0.5525114155251141,10,0,0,0,,
8,86,0.6,0.09,0.2777777777777778,-0.5105740181268883,10,0,0,0,,
8,87,0.6,0.18888888888888888,0.6333333333333333,-0.5405405405405406,10,0,0,0,,
8,88,0.6,0.2777777777777778,1.0,-0.5652173913043479,10,0,0,0,,
8,89,0.6,0.8111111111111111,2.7777777777777777,-0.5479876160990712,10,0,0,0,,
8,90,0.6,1.8888888888888888,6.333333333333333,-0.5405405405405406,10,0,0,0,,
8,91,0.6,2.7777777777777777,10.0,-0.5652173913043478,10,0,0,0,,
8,92,0.6,8.11111111111111,27.77777777777778,-0.5479876160990713,10,0,0,0,,
8,93,0.6,10.0,36.66666666666667,-0.5714285714285715,10,0,0,0,,
8,94,0.6,27.77777777777778,90.0,-0.5283018867924528,10,0,0,0,,
8,95,0.6,72.22222222222223,277.77777777777777,-0.5873015873015872,10,0,0,0,,
8,96,0.6,100.0,366.66666666666663,-0.5714285714285714,10,0,0,0,,
8,97,0.6,277.77777777777777,900.0,-0.5283018867924527,10,0,0,0,,
8,98,0.6,633.3333333333333,2000.0,-0.518987341772152,10,0,0,0,,
8,99,0.6,1000.0,3000.0,-0.5,10,0,0,0,,
8,100,0.6,0.001,0.002777777777777778,-0.47058823529411764,10,41,14,0,0.009418895965228418,1657.9848906052327
8,101,0.6,0.001888888888888889,0.0054444444444444445,-0.48484848484848486,10,35,10,0,0.015275660582380732,1610.4043530566908
8,102,0.6,0.003666666666666667,0.009,-0.4210526315789473,10,23,6,0,0.02387811282913178,1517.413858543456
8,103,0.6,0.007222222222222223,0.01888888888888889,-0.4468085106382978,10,19,2,0,0.040179081084894,1629.4053786440932
8,104,0.6,0.01888888888888889,0.05444444444444445,-0.4848484848484849,10,9,0,0,0.08356030182312484,1419.9601144484202
8,105,0.6,0.027777777777777776,0.0811111111111111,-0.4897959183673469,10,4,0,0,0.366577718478986,1248.0195138584606
8,106,0.6,0.06333333333333332,0.18888888888888888,-0.4977973568281938,10,0,0,0,,
8,107,0.6,0.18888888888888888,0.4555555555555556,-0.4137931034482759,10,0,0,0,,
8,108,0.6,0.2777777777777778,0.8111111111111111,-0.48979591836734687,10,0,0,0,,
8,109,0.6,0.6333333333333333,1.8888888888888888,-0.4977973568281938,10,0,0,0,,
8,110,0.6,1.0,2.7777777777777777,-0.47058823529411764,10,0,0,0,,
8,111,0.6,2.7777777777777777,7.222222222222221,-0.44444444444444436,10,0,0,0,,
8,112,0.6,3.6666666666666665,10.0,-0.46341463414634154,10,0,0,0,,
8,113,0.6,10.0,27.77777777777778,-0.47058823529411764,10,0,0,0,,
8,114,0.6,27.77777777777778,72.22222222222223,-0.4444444444444445,10,0,0,0,,
8,115,0.6,36.66666666666667,90.0,-0.4210526315789473,10,0,0,0,,
8,116,0.6,72.22222222222223,188.88888888888889,-0.4468085106382979,10,0,0,0,,
8,117,0.6,188.88888888888889,544.4444444444445,-0.4848484848484848,10,0,0,0,,
8,118,0.6,366.66666666666663,900.0,-0.42105263157894746,10,0,0,0,,
8,119,0.6,811.1111111111111,2000.0,-0.42292490118577075,10,0,0,0,,
8,120,0.6,0.001,0.001888888888888889,-0.3076923076923077,10,39,14,0,0.008279421637123344,1481.2931420571617
8,121,0.6,0.002777777777777778,0.006333333333333334,-0.39024390243902446,10,29,8,0,0.018967059212111465,1435.698435648713
8,122,0.6,0.004555555555555556,0.009,-0.3278688524590163,10,22,6,0,0.02606153549998895,1534.8615078574644
8,123,0.6,0.009,0.01888888888888889,-0.354581673306773,10,17,3,0,0.04405548635065534,1287.9701046060723
8,124,0.6,0.027777777777777776,0.05444444444444445,-0.3243243243243244,10,7,0,0,0.32695130086724483,1153.9083657296526
8,125,0.6,0.03666666666666667,0.0811111111111111,-0.3773584905660377,10,4,0,0,0.39479653102068046,1100.3328495087042
8,126,0.6,0.0811111111111111,0.18888888888888888,-0.39917695473251025,10,0,0,0,,
8,127,0.6,0.18888888888888888,0.3666666666666667,-0.32000000000000006,10,0,0,0,,
8,128,0.6,0.3666666666666667,0.7222222222222222,-0.3265306122448979,10,0,0,0,,
8,129,0.6,0.4555555555555556,1.0,-0.37404580152671746,10,0,0,0,,
8,130,0.6,1.8888888888888888,3.6666666666666665,-0.32,10,0,0,0,,
8,131,0.6,3.6666666666666665,7.222222222222221,-0.32653061224489793,10,0,0,0,,
8,132,0.6,4.555555555555555,10.0,-0.37404580152671757,10,0,0,0,,
8,133,0.6,10.0,18.88888888888889,-0.3076923076923077,10,0,0,0,,
8,134,0.6,27.77777777777778,63.333333333333336,-0.3902439024390244,10,0,0,0,,
8,135,0.6,45.55555555555556,90.0,-0.3278688524590164,10,0,0,0,,
8,136,0.6,90.0,188.88888888888889,-0.35458167330677287,10,0,0,0,,
8,137,0.6,277.77777777777777,544.4444444444445,-0.32432432432432434,10,0,0,0,,
8,138,0.6,366.66666666666663,811.1111111111111,-0.3773584905660377,10,0,0,0,,
8,139,0.6,1000.0,2000.0,-0.3333333333333333,10,0,0,0,,
8,140,0.6,0.002777777777777778,0.004555555555555556,-0.2424242424242424,10,32,9,0,0.016672472125510627,1493.9539874529967
8,141,0.6,0.004555555555555556,0.007222222222222223,-0.22641509433962265,10,27,7,0,0.02376840286624876,1512.0151148160978
8,142,0.6,0.0054444444444444445,0.009,-0.2461538461538461,10,22,4,0,0.027669416454115126,1529.5214309792636
8,143,0.6,0.006333333333333334,0.01,-0.2244897959183673,10,24,4,0,0.03033891184194272,1574.699715393476
8,144,0.6,0.03666666666666667,0.06333333333333332,-0.2666666666666666,10,5,0,0,0.362374916611074,1573.304518562108
8,145,0.6,0.05444444444444445,0.09,-0.24615384615384614,10,2,0,0,0.6859906604402934,557.0919859947255
8,146,0.6,0.06333333333333332,0.1,-0.22448979591836743,10,2,0,0,0.7280186791194129,403.43922405851396
8,147,0.6,0.3666666666666667,0.6333333333333333,-0.2666666666666666,10,0,0,0,,
8,148,0.6,0.4555555555555556,0.8111111111111111,-0.2807017543859649,10,0,0,0,,
8,149,0.6,0.5444444444444445,1.0,-0.29496402877697836,10,0,0,0,,
8,150,0.6,3.6666666666666665,6.333333333333333,-0.26666666666666666,10,0,0,0,,
8,151,0.6,4.555555555555555,8.11111111111111,-0.2807017543859649,10,0,0,0,,
8,152,0.6,5.444444444444445,10.0,-0.2949640287769784,10,0,0,0,,
8,153,0.6,27.77777777777778,45.55555555555556,-0.2424242424242424,10,0,0,0,,
8,154,0.6,45.55555555555556,72.22222222222223,-0.22641509433962267,10,0,0,0,,
8,155,0.6,54.44444444444444,100.0,-0.2949640287769784,10,0,0,0,,
8,156,0.6,277.77777777777777,455.55555555555554,-0.24242424242424243,10,0,0,0,,
8,157,0.6,455.55555555555554,722.2222222222222,-0.2264150943396226,10,0,0,0,,
8,158,0.6,544.4444444444445,900.0,-0.24615384615384617,10,0,0,0,,
8,159,0.6,2000.0,3000.0,-0.2,10,0,0,0,,
8,160,0.6,0.001888888888888889,0.002777777777777778,-0.19047619047619047,10,38,11,0,0.01191242008027375,1691.2549774367715
8,161,0.6,0.003666666666666667,0.0054444444444444445,-0.19512195121951215,10,29,8,0,0.01967886289706845,1472.410756661041
8,162,0.6,0.006333333333333334,0.00811111111111111,-0.123076923076923,10,24,5,0,0.02754228703338166,1548.1739854415343
8,163,0.6,0.00811111111111111,0.01,-0.1042944785276074,10,24,4,0,0.03235936569296284,1563.5521982207708
8,164,0.6,0.03666666666666667,0.04555555555555556,-0.10810810810810813,10,8,1,0,0.314342895263509,1127.0037716451334
8,165,0.6,0.05444444444444445,0.0811111111111111,-0.1967213114754098,10,2,0,0,0.6553702468312208,724.4929404445945
8,166,0.6,0.07222222222222222,0.1,-0.16129032258064524,10,2,0,0,0.7352234823215477,373.5219115680375
8,167,0.6,0.3666666666666667,0.4555555555555556,-0.10810810810810811,10,0,0,0,,
8,168,0.6,0.5444444444444445,0.7222222222222222,-0.1403508771929824,10,0,0,0,,
8,169,0.6,0.7222222222222222,0.9,-0.10958904109589043,10,0,0,0,,
8,170,0.6,2.7777777777777777,3.6666666666666665,-0.13793103448275862,10,0,0,0,,
8,171,0.6,5.444444444444445,7.222222222222221,-0.1403508771929824,10,0,0,0,,
8,172,0.6,6.333333333333333,9.0,-0.1739130434782609,10,0,0,0,,
8,173,0.6,18.88888888888889,27.77777777777778,-0.19047619047619047,10,0,0,0,,
8,174,0.6,45.55555555555556,63.333333333333336,-0.163265306122449,10,0,0,0,,
8,175,0.6,63.333333333333336,90.0,-0.17391304347826084,10,0,0,0,,
8,176,0.6,81.11111111111111,100.0,-0.10429447852760734,10,0,0,0,,
8,177,0.6,366.66666666666663,544.4444444444445,-0.19512195121951226,10,0,0,0,,
8,178,0.6,633.3333333333333,811.1111111111111,-0.12307692307692313,10,0,0,0,,
8,179,0.6,811.1111111111111,1000.0,-0.10429447852760737,10,0,0,0,,
8,180,0.6,0.001,0.001,0.0,10,49,16,0,0.006081350012787176,1714.0023583769225
8,181,0.6,0.004555555555555556,0.0054444444444444445,-0.08888888888888886,10,28,7,0,0.020796966871036958,1452.4569122924552
8,182,0.6,0.007222222222222223,0.007222222222222223,0.0,10,25,5,0,0.02654605561975539,1525.0634888409952
8,183,0.6,0.009,0.01,-0.05263157894736847,10,20,4,0,0.03326595532940047,1531.8934545027546
8,184,0.6,0.04555555555555556,0.04555555555555556,0.0,10,8,1,0,0.10480320213475651,1518.2397679483613
8,185,0.6,0.06333333333333332,0.07222222222222222,-0.0655737704918033,10,2,0,0,0.6253502334889927,853.5924401787973
8,186,0.6,0.09,0.09,0.0,10,2,0,0,0.7046030687124749,434.53974396007476
8,187,0.6,0.4555555555555556,0.4555555555555556,0.0,10,0,0,0,,
8,188,0.6,0.6333333333333333,0.7222222222222222,-0.06557377049180328,10,0,0,0,,
8,189,0.6,0.9,0.9,0.0,10,0,0,0,,
8,190,0.6,3.6666666666666665,3.6666666666666665,0.0,10,0,0,0,,
8,191,0.6,6.333333333333333,6.333333333333333,0.0,10,0,0,0,,
8,192,0.6,8.11111111111111,9.0,-0.05194805194805197,10,0,0,0,,
8,193,0.6,36.66666666666667,36.66666666666667,0.0,10,0,0,0,,
8,194,0.6,63.333333333333336,63.333333333333336,0.0,10,0,0,0,,
8,195,0.6,81.11111111111111,90.0,-0.05194805194805193,10,0,0,0,,
8,196,0.6,277.77777777777777,277.77777777777777,0.0,10,0,0,0,,
8,197,0.6,544.4444444444445,633.3333333333333,-0.07547169811320747,10,0,0,0,,
8,198,0.6,811.1111111111111,811.1111111111111,0.0,10,0,0,0,,
8,199,0.6,3000.0,3000.0,0.0,10,0,0,0,,
8,200,0.6,0.0054444444444444445,0.004555555555555556,0.08888888888888886,10,28,7,0,0.019408858775927792,1588.0470081495212
8,201,0.6,0.006333333333333334,0.0054444444444444445,0.0754716981132076,10,27,7,0,0.022080047330188993,1521.783291378311
8,202,0.6,0.00811111111111111,0.007222222222222223,0.057971014492753555,10,22,5,0,0.027164392688390836,1589.8657596063756
8,203,0.6,0.01,0.009,0.05263157894736847,10,21,4,0,0.031915378551007616,1630.0877746182623
8,204,0.6,0.06333333333333332,0.05444444444444445,0.07547169811320745,10,5,0,0,0.35156771180787194,1005.6293085388976
8,205,0.6,0.0811111111111111,0.07222222222222222,0.05797101449275364,10,2,0,0,0.6283522348232154,936.818220372282
8,206,0.6,0.1,0.09,0.05263157894736847,10,2,0,0,0.705803869246164,456.7680928562953
8,207,0.6,0.5444444444444445,0.4555555555555556,0.0888888888888889,10,0,0,0,,
8,208,0.6,0.7222222222222222,0.6333333333333333,0.06557377049180328,10,0,0,0,,
8,209,0.6,0.9,0.8111111111111111,0.05194805194805195,10,0,0,0,,
8,210,0.6,5.444444444444445,4.555555555555555,0.08888888888888893,10,0,0,0,,
8,211,0.6,7.222222222222221,6.333333333333333,0.06557377049180325,10,0,0,0,,
8,212,0.6,9.0,8.11111111111111,0.05194805194805197,10,0,0,0,,
8,213,0.6,10.0,9.0,0.05263157894736842,10,0,0,0,,
8,214,0.6,63.333333333333336,54.44444444444444,0.07547169811320759,10,0,0,0,,
8,215,0.6,81.11111111111111,72.22222222222223,0.057971014492753596,10,0,0,0,,
8,216,0.6,100.0,90.0,0.05263157894736842,10,0,0,0,,
8,217,0.6,633.3333333333333,544.4444444444445,0.07547169811320747,10,0,0,0,,
8,218,0.6,811.1111111111111,722.2222222222222,0.057971014492753645,10,0,0,0,,
8,219,0.6,1000.0,900.0,0.05263157894736842,10,0,0,0,,
8,220,0.6,0.002777777777777778,0.001888888888888889,0.19047619047619047,10,42,10,0,0.01032761405761398,1647.3294083552635
8,221,0.6,0.0054444444444444445,0.003666666666666667,0.19512195121951215,10,30,8,0,0.016982436524617443,1637.6392963811172
8,222,0.6,0.00811111111111111,0.006333333333333334,0.123076923076923,10,23,5,0,0.025118864315095794,1531.0021881877162
8,223,0.6,0.01,0.00811111111111111,0.1042944785276074,10,21,4,0,0.03006076302628232,1622.3677432610957
8,224,0.6,0.05444444444444445,0.03666666666666667,0.19512195121951223,10,6,1,0,0.28372248165443625,947.54022691129
8,225,0.6,0.0811111111111111,0.05444444444444445,0.1967213114754098,10,4,0,0,0.35276851234156104,1217.3671556561785
8,226,0.6,0.1,0.07222222222222222,0.16129032258064524,10,2,0,0,0.6289526350900599,929.4752074417418
8,227,0.6,0.4555555555555556,0.3666666666666667,0.10810810810810811,10,0,0,0,,
8,228,0.6,0.8111111111111111,0.5444444444444445,0.19672131147540978,10,0,0,0,,
8,229,0.6,1.0,0.7222222222222222,0.16129032258064516,10,0,0,0,,
8,230,0.6,3.6666666666666665,2.7777777777777777,0.13793103448275862,10,0,0,0,,
8,231,0.6,7.222222222222221,5.444444444444445,0.1403508771929824,10,0,0,0,,
8,232,0.6,9.0,7.222222222222221,0.10958904109589046,10,0,0,0,,
8,233,0.6,36.66666666666667,27.77777777777778,0.13793103448275865,10,0,0,0,,
8,234,0.6,72.22222222222223,54.44444444444444,0.1403508771929825,10,0,0,0,,
8,235,0.6,90.0,63.333333333333336,0.17391304347826084,10,0,0,0,,
8,236,0.6,277.77777777777777,188.88888888888889,0.1904761904761905,10,0,0,0,,
8,237,0.6,633.3333333333333,455.55555555555554,0.16326530612244894,10,0,0,0,,
8,238,0.6,900.0,633.3333333333333,0.17391304347826092,10,0,0,0,,
8,239,0.6,3000.0,2000.0,0.2,10,0,0,0,,
8,240,0.6,0.004555555555555556,0.002777777777777778,0.2424242424242424,10,31,8,0,0.013995873225726178,1574.7434615714365
8,241,0.6,0.007222222222222223,0.004555555555555556,0.22641509433962265,10,28,7,0,0.020137242498623895,1577.7406273467666
8,242,0.6,0.009,0.0054444444444444445,0.2461538461538461,10,24,6,0,0.023120647901755942,1588.8529221822585
8,243,0.6,0.01,0.006333333333333334,0.2244897959183673,10,23,5,0,0.025822601906345957,1533.6558920273887
8,244,0.6,0.06333333333333332,0.03666666666666667,0.2666666666666666,10,6,1,0,0.28372248165443625,1111.4327377195773
8,245,0.6,0.0811111111111111,0.04555555555555556,0.2807017543859649,10,5,0,0,0.3191460973982655,1376.6210674444426
8,246,0.6,0.1,0.05444444444444445,0.2949640287769784,10,4,0,0,0.35216811207471643,1322.5183330017894
8,247,0.6,0.6333333333333333,0.3666666666666667,0.2666666666666666,10,0,0,0,,
8,248,0.6,0.8111111111111111,0.4555555555555556,0.2807017543859649,10,0,0,0,,
8,249,0.6,1.0,0.5444444444444445,0.29496402877697836,10,0,0,0,,
8,250,0.6,4.555555555555555,2.7777777777777777,0.24242424242424243,10,0,0,0,,
8,251,0.6,7.222222222222221,4.555555555555555,0.22641509433962262,10,0,0,0,,
8,252,0.6,9.0,5.444444444444445,0.24615384615384614,10,0,0,0,,
8,253,0.6,45.55555555555556,27.77777777777778,0.2424242424242424,10,0,0,0,,
8,254,0.6,72.22222222222223,45.55555555555556,0.22641509433962267,10,0,0,0,,
8,255,0.6,90.0,54.44444444444444,0.24615384615384614,10,0,0,0,,
8,256,0.6,100.0,63.333333333333336,0.22448979591836732,10,0,0,0,,
8,257,0.6,633.3333333333333,366.66666666666663,0.26666666666666666,10,0,0,0,,
8,258,0.6,811.1111111111111,455.55555555555554,0.28070175438596495,10,0,0,0,,
8,259,0.6,1000.0,633.3333333333333,0.2244897959183674,10,0,0,0,,
8,260,0.6,0.001888888888888889,0.001,0.3076923076923077,10,49,13,0,0.006576578373554205,1605.5367531357608
8,261,0.6,0.006333333333333334,0.002777777777777778,0.39024390243902446,10,31,8,0,0.014321878992735439,1622.7992773387946
8,262,0.6,0.009,0.004555555555555556,0.3278688524590163,10,23,6,0,0.020606299132700005,1578.780504516955
8,263,0.6,0.01888888888888889,0.009,0.354581673306773,10,17,3,0,0.034355794789987466,1497.6857292145028
8,264,0.6,0.05444444444444445,0.027777777777777776,0.3243243243243244,10,8,1,0,0.07943282347242814,782.6410310852647
8,265,0.6,0.0811111111111111,0.03666666666666667,0.3773584905660377,10,8,1,0,0.0986279485631211,1158.2385616777822
8,266,0.6,0.18888888888888888,0.0811111111111111,0.39917695473251025,10,2,0,0,0.6649766511007338,649.8534859814745
8,267,0.6,0.3666666666666667,0.18888888888888888,0.32000000000000006,10,0,0,0,,
8,268,0.6,0.7222222222222222,0.3666666666666667,0.3265306122448979,10,0,0,0,,
8,269,0.6,1.0,0.4555555555555556,0.37404580152671746,10,0,0,0,,
8,270,0.6,3.6666666666666665,1.8888888888888888,0.32,10,0,0,0,,
8,271,0.6,7.222222222222221,3.6666666666666665,0.32653061224489793,10,0,0,0,,
8,272,0.6,10.0,4.555555555555555,0.37404580152671757,10,0,0,0,,
8,273,0.6,18.88888888888889,10.0,0.3076923076923077,10,0,0,0,,
8,274,0.6,63.333333333333336,27.77777777777778,0.3902439024390244,10,0,0,0,,
8,275,0.6,90.0,45.55555555555556,0.3278688524590164,10,0,0,0,,
8,276,0.6,188.88888888888889,90.0,0.35458167330677287,10,0,0,0,,
8,277,0.6,544.4444444444445,277.77777777777777,0.32432432432432434,10,0,0,0,,
8,278,0.6,811.1111111111111,366.66666666666663,0.3773584905660377,10,0,0,0,,
8,279,0.6,2000.0,1000.0,0.3333333333333333,10,0,0,0,,
8,280,0.6,0.002777777777777778,0.001,0.47058823529411764,10,43,12,0,0.006760829753919818,1687.8443101558146
8,281,0.6,0.0054444444444444445,0.001888888888888889,0.48484848484848486,10,33,9,0,0.010914403364487572,1634.5552521302393
8,282,0.6,0.009,0.003666666666666667,0.4210526315789473,10,27,7,0,0.01778279410038923,1605.365939889541
8,283,0.6,0.01888888888888889,0.007222222222222223,0.4468085106382978,10,20,4,0,0.02951209226666387,1571.2731117999563
8,284,0.6,0.05444444444444445,0.01888888888888889,0.4848484848484849,10,11,2,0,0.061094202490557206,1434.633640866533
8,285,0.6,0.09,0.03666666666666667,0.4210526315789474,10,8,1,0,0.28192128085390256,1664.9373442611345
8,286,0.6,0.18888888888888888,0.07222222222222222,0.44680851063829796,10,2,0,0,0.623549032688459,844.2323262594797
8,287,0.6,0.4555555555555556,0.18888888888888888,0.4137931034482759,10,0,0,0,,
8,288,0.6,0.8111111111111111,0.2777777777777778,0.48979591836734687,10,0,0,0,,
8,289,0.6,1.8888888888888888,0.6333333333333333,0.4977973568281938,10,0,0,0,,
8,290,0.6,4.555555555555555,1.8888888888888888,0.4137931034482758,10,0,0,0,,
8,291,0.6,8.11111111111111,2.7777777777777777,0.48979591836734687,10,0,0,0,,
8,292,0.6,18.88888888888889,6.333333333333333,0.4977973568281939,10,0,0,0,,
8,293,0.6,27.77777777777778,10.0,0.47058823529411764,10,0,0,0,,
8,294,0.6,72.22222222222223,27.77777777777778,0.4444444444444445,10,0,0,0,,
8,295,0.6,100.0,36.66666666666667,0.4634146341463414,10,0,0,0,,
8,296,0.6,277.77777777777777,100.0,0.47058823529411764,10,0,0,0,,
8,297,0.6,722.2222222222222,277.77777777777777,0.4444444444444444,10,0,0,0,,
8,298,0.6,1000.0,366.66666666666663,0.46341463414634154,10,0,0,0,,
8,299,0.6,3000.0,1000.0,0.5,10,0,0,0,,
8,300,0.6,0.003666666666666667,0.001,0.5714285714285715,10,38,11,0,0.006823386941416697,1502.92875254944
8,301,0.6,0.007222222222222223,0.001888888888888889,0.5853658536585367,10,28,8,0,0.011015393095414156,1565.854068948029
8,302,0.6,0.01888888888888889,0.0054444444444444445,0.5525114155251142,10,19,4,0,0.024210290467361777,1374.5550031867458
8,303,0.6,0.027777777777777776,0.009,0.5105740181268882,10,15,3,0,0.035156044052829835,1614.8957853779002
8,304,0.6,0.07222222222222222,0.01888888888888889,0.5853658536585367,10,12,2,0,0.06165950018614822,1394.8454257497403
8,305,0.6,0.1,0.027777777777777776,0.5652173913043479,10,7,1,0,0.2392928619079386,1027.1921412985796
8,306,0.6,0.2777777777777778,0.0811111111111111,0.5479876160990712,10,2,0,0,0.6595730486991327,621.6571571678023
8,307,0.6,0.6333333333333333,0.18888888888888888,0.5405405405405406,10,0,0,0,,
8,308,0.6,1.0,0.2777777777777778,0.5652173913043479,10,0,0,0,,
8,309,0.6,2.7777777777777777,0.8111111111111111,0.5479876160990712,10,0,0,0,,
8,310,0.6,3.6666666666666665,1.0,0.5714285714285715,10,0,0,0,,
8,311,0.6,9.0,2.7777777777777777,0.5283018867924528,10,0,0,0,,
8,312,0.6,27.77777777777778,7.222222222222221,0.5873015873015873,10,0,0,0,,
8,313,0.6,36.66666666666667,10.0,0.5714285714285715,10,0,0,0,,
8,314,0.6,90.0,27.77777777777778,0.5283018867924528,10,0,0,0,,
8,315,0.6,188.88888888888889,54.44444444444444,0.5525114155251143,10,0,0,0,,
8,316,0.6,277.77777777777777,90.0,0.5105740181268882,10,0,0,0,,
8,317,0.6,722.2222222222222,188.88888888888889,0.5853658536585366,10,0,0,0,,
8,318,0.6,2000.0,544.4444444444445,0.572052401746725,10,0,0,0,,
8,319,0.6,3000.0,900.0,0.5384615384615384,10,0,0,0,,
8,320,0.6,0.004555555555555556,0.001,0.64,10,36,11,0,0.006886522963442762,1622.1276261154926
8,321,0.6,0.01,0.001888888888888889,0.6822429906542055,10,28,8,0,0.011117317272815919,1661.6422537035928
8,322,0.6,0.027777777777777776,0.006333333333333334,0.6286644951140065,10,17,3,0,0.027289777828080404,1570.7092708497603
8,323,0.6,0.04555555555555556,0.00811111111111111,0.6977225672877847,10,13,3,0,0.03311311214825911,1261.448082794249
8,324,0.6,0.0811111111111111,0.01888888888888889,0.6222222222222222,10,11,2,0,0.06194410750767818,1575.9898905515888
8,325,0.6,0.18888888888888888,0.04555555555555556,0.6113744075829383,10,5,0,0,0.3125416944629753,1397.3191301162717
8,326,0.6,0.3666666666666667,0.0811111111111111,0.6377171215880892,10,2,0,0,0.6559706470980653,601.068274736602
8,327,0.6,0.5444444444444445,0.1,0.6896551724137931,10,1,0,0,0.97238158772515,334.18663993582146
8,328,0.6,1.8888888888888888,0.3666666666666667,0.6748768472906403,10,0,0,0,,
8,329,0.6,3.6666666666666665,0.7222222222222222,0.6708860759493671,10,0,0,0,,
8,330,0.6,4.555555555555555,0.9,0.670061099796334,10,0,0,0,,
8,331,0.6,9.0,1.8888888888888888,0.6530612244897959,10,0,0,0,,
8,332,0.6,27.77777777777778,5.444444444444445,0.6722408026755854,10,0,0,0,,
8,333,0.6,45.55555555555556,8.11111111111111,0.6977225672877846,10,0,0,0,,
8,334,0.6,81.11111111111111,18.88888888888889,0.6222222222222222,10,0,0,0,,
8,335,0.6,188.88888888888889,45.55555555555556,0.6113744075829383,10,0,0,0,,
8,336,0.6,366.66666666666663,81.11111111111111,0.6377171215880894,10,0,0,0,,
8,337,0.6,455.55555555555554,100.0,0.64,10,0,0,0,,
8,338,0.6,1000.0,188.88888888888889,0.6822429906542056,10,0,0,0,,
8,339,0.6,3000.0,722.2222222222222,0.6119402985074627,10,0,0,0,,
8,340,0.6,0.006333333333333334,0.001,0.7272727272727273,10,31,10,0,0.006918309709189363,1632.3591913785513
8,341,0.6,0.03666666666666667,0.004555555555555556,0.7789757412398922,10,16,4,0,0.02157744409152667,1388.4789732197391
8,342,0.6,0.05444444444444445,0.006333333333333334,0.7915904936014624,10,17,3,0,0.027669416454115126,1429.2826584402276
8,343,0.6,0.06333333333333332,0.009,0.7511520737327189,10,12,2,0,0.03580964371026362,1162.066052084419
8,344,0.6,0.09,0.01,0.8,10,12,2,0,0.03890451449942805,1326.6501671039439
8,345,0.6,0.3666666666666667,0.06333333333333332,0.7054263565891472,10,3,0,0,0.571314209472982,1362.7073873484599
8,346,0.6,0.5444444444444445,0.0811111111111111,0.7406749555950266,10,2,0,0,0.6499666444296197,700.2767328867698
8,347,0.6,0.7222222222222222,0.0811111111111111,0.7980636237897648,10,2,0,0,0.6457638425617077,665.0230103488564
8,348,0.6,2.7777777777777777,0.3666666666666667,0.7667844522968198,10,0,0,0,,
8,349,0.6,4.555555555555555,0.6333333333333333,0.7558886509635975,10,0,0,0,,
8,350,0.6,6.333333333333333,0.7222222222222222,0.795275590551181,10,0,0,0,,
8,351,0.6,7.222222222222221,1.0,0.7567567567567567,10,0,0,0,,
8,352,0.6,36.66666666666667,4.555555555555555,0.7789757412398921,10,0,0,0,,
8,353,0.6,54.44444444444444,6.333333333333333,0.7915904936014625,10,0,0,0,,
8,354,0.6,63.333333333333336,9.0,0.7511520737327189,10,0,0,0,,
8,355,0.6,90.0,10.0,0.8,10,0,0,0,,
8,356,0.6,366.66666666666663,63.333333333333336,0.7054263565891473,10,0,0,0,,
8,357,0.6,544.4444444444445,81.11111111111111,0.7406749555950267,10,0,0,0,,
8,358,0.6,722.2222222222222,81.11111111111111,0.7980636237897649,10,0,0,0,,
8,359,0.6,3000.0,455.55555555555554,0.7363344051446945,10,0,0,0,,
8,360,0.6,0.009,0.001,0.8000000000000002,10,29,10,0,0.006950243175887969,1581.8150711510236
8,361,0.6,0.04555555555555556,0.003666666666666667,0.8510158013544019,10,20,4,0,0.018450154191794736,1607.8538243366509
8,362,0.6,0.07222222222222222,0.0054444444444444445,0.8597997138769671,10,15,3,0,0.024774220576332863,1229.4121840426762
8,363,0.6,0.09,0.006333333333333334,0.8685121107266437,10,17,3,0,0.027797132677592883,1378.6548830755348
8,364,0.6,0.18888888888888888,0.01,0.8994413407821228,10,10,1,0,0.039084089579240214,1005.0895508482145
8,365,0.6,0.5444444444444445,0.04555555555555556,0.8455743879472692,10,5,0,0,0.3023348899266177,1545.9388322859363
8,366,0.6,0.8111111111111111,0.04555555555555556,0.8936446173800259,10,5,0,0,0.29933288859239493,1379.2558765321646
8,367,0.6,0.9,0.09,0.8181818181818182,10,2,0,0,0.681187458305537,474.79972213887964
8,368,0.6,2.7777777777777777,0.2777777777777778,0.8181818181818182,10,0,0,0,,
8,369,0.6,6.333333333333333,0.4555555555555556,0.8657937806873977,10,0,0,0,,
8,370,0.6,8.11111111111111,0.7222222222222222,0.8364779874213837,10,0,0,0,,
8,371,0.6,10.0,0.7222222222222222,0.8652849740932644,10,0,0,0,,
8,372,0.6,45.55555555555556,2.7777777777777777,0.8850574712643677,10,0,0,0,,
8,373,0.6,72.22222222222223,4.555555555555555,0.8813314037626627,10,0,0,0,,
8,374,0.6,90.0,5.444444444444445,0.8859138533178115,10,0,0,0,,
8,375,0.6,100.0,10.0,0.8181818181818182,10,0,0,0,,
8,376,0.6,544.4444444444445,36.66666666666667,0.8738049713193117,10,0,0,0,,
8,377,0.6,722.2222222222222,72.22222222222223,0.8181818181818182,10,0,0,0,,
8,378,0.6,900.0,81.11111111111111,0.8346545866364666,10,0,0,0,,
8,379,0.6,3000.0,277.77777777777777,0.8305084745762712,10,0,0,0,,
8,380,0.6,0.027777777777777776,0.001,0.9305019305019304,10,24,8,0,0.006982324040771718,1628.813529114342
8,381,0.6,0.4555555555555556,0.003666666666666667,0.9840309702395356,10,17,3,0,0.018450154191794736,1648.702105898569
8,382,0.6,0.9,0.003666666666666667,0.9918849133161194,10,18,3,0,0.018450154191794736,1632.5478471055835
8,383,0.6,2.7777777777777777,0.0811111111111111,0.94325689856199,10,2,0,0,0.6307538358905936,823.1303451344756
8,384,0.6,5.444444444444445,0.09,0.9674764103593656,10,2,0,0,0.661974649766511,544.322357703174
8,385,0.6,8.11111111111111,0.04555555555555556,0.98882985969214,10,5,0,0,0.2885256837891928,1460.4739286653714
8,386,0.6,18.88888888888889,0.006333333333333334,0.9993296365336328,10,15,1,0,0.027797132677592883,1561.3078412867635
8,387,0.6,36.66666666666667,0.01888888888888889,0.998970227458582,10,10,0,0,0.06309573444801936,1624.7551777548224
8,388,0.6,54.44444444444444,0.027777777777777776,0.9989801121876594,10,8,0,0,0.08394599865193973,997.3317776435051
8,389,0.6,72.22222222222223,0.027777777777777776,0.9992310649750098,10,8,0,0,0.08394599865193973,910.7244995821094
8,390,0.6,90.0,0.009,0.9998000199980002,10,10,1,0,0.03614098626396135,1079.4131205082658
8,391,0.6,188.88888888888889,0.0054444444444444445,0.9999423546027204,10,13,1,0,0.024888573182823902,1339.7794612849236
8,392,0.6,277.77777777777777,1.0,0.9928258270227183,10,0,0,0,,
8,393,0.6,455.55555555555554,0.03666666666666667,0.9998390373457745,10,5,0,0,0.2507004669779853,1337.123318830009
8,394,0.6,544.4444444444445,7.222222222222221,0.9738167170191341,10,0,0,0,,
8,395,0.6,722.2222222222222,0.06333333333333332,0.9998246307631483,10,4,0,0,0.34136090727151436,1439.5286796242901
8,396,0.6,811.1111111111111,8.11111111111111,0.9801980198019803,10,0,0,0,,
8,397,0.6,1000.0,0.04555555555555556,0.9999088930393171,10,5,0,0,0.28312208138759176,1132.1134489285773
8,398,0.6,2000.0,5.444444444444445,0.9945703363067206,10,0,0,0,,
8,399,0.6,3000.0,100.0,0.9354838709677419,10,0,0,0,,
9,0,0.7,0.001,0.027777777777777776,-0.9305019305019304,10,40,10,0,0.011803206356517298,1616.342842000209
9,1,0.7,0.001888888888888889,0.7222222222222222,-0.9947828755562373,10,25,7,0,0.01614358556826487,1559.5011295708637
9,2,0.7,0.002777777777777778,54.44444444444444,-0.9998979643895719,10,21,6,0,0.01096478196143185,1577.61696845343
9,3,0.7,0.004555555555555556,0.1,-0.9128586609989372,10,14,3,0,0.03499451670283573,1059.0465810276853
9,4,0.7,0.0054444444444444445,45.55555555555556,-0.9997610041726721,10,14,4,0,0.018879913490962946,1634.2053068650957
9,5,0.7,0.007222222222222223,0.5444444444444445,-0.9738167170191339,10,12,3,0,0.04487453899331323,1256.9692185325798
9,6,0.7,0.00811111111111111,90.0,-0.999819769329431,10,13,4,0,0.022080047330188993,1669.6966091263766
9,7,0.7,0.01,2.7777777777777777,-0.9928258270227184,10,11,3,0,0.04808393484497285,1550.7273962154934
9,8,0.7,0.01888888888888889,722.2222222222222,-0.9999476936757038,10,7,2,0,0.025822601906345957,1537.8444865319495
9,9,0.7,0.03666666666666667,90.0,-0.999185517011588,10,5,2,0,0.06823386941416697,1319.1042575386614
9,10,0.7,0.05444444444444445,81.11111111111111,-0.998658434749278,10,3,1,0,0.09375620069258803,1154.1820633324114
9,11,0.7,0.07222222222222222,100.0,-0.9985565980125465,10,3,1,0,0.11080720480320214,714.3471457730677
9,12,0.7,0.09,188.88888888888889,-0.9990475126557345,10,2,1,0,0.1132088058705804,852.6266744792268
9,13,0.7,0.18888888888888888,633.3333333333333,-0.9994036866197801,10,2,1,0,0.14983322214809874,1279.9780156788634
9,14,0.7,0.4555555555555556,45.55555555555556,-0.9801980198019802,10,0,0,0,,
9,15,0.7,0.7222222222222222,36.66666666666667,-0.9613670133729569,10,0,0,0,,
9,16,0.7,1.0,45.55555555555556,-0.9570405727923628,10,0,0,0,,
9,17,0.7,3.6666666666666665,544.4444444444445,-0.9866207176160553,10,0,0,0,,
9,18,0.7,8.11111111111111,900.0,-0.9821363024593173,10,0,0,0,,
9,19,0.7,100.0,3000.0,-0.9354838709677419,10,0,0,0,,
9,20,0.7,0.001,0.009,-0.8000000000000002,10,43,12,0,0.01148153621496883,1511.402081150147
9,21,0.7,0.003666666666666667,0.05444444444444445,-0.8738049713193117,10,21,2,0,0.03006076302628232,1340.657094443907
9,22,0.7,0.0054444444444444445,0.0811111111111111,-0.8741976893453145,10,15,2,0,0.03999447497610974,1601.7955182515043
9,23,0.7,0.007222222222222223,0.09,-0.8514285714285713,10,13,2,0,0.048752849010338654,1392.3725405485377
9,24,0.7,0.01,0.18888888888888888,-0.8994413407821228,10,9,1,0,0.060813500127871824,1632.3267440304328
9,25,0.7,0.04555555555555556,0.5444444444444445,-0.8455743879472692,10,2,0,0,0.5172781854569712,384.1351979504695
9,26,0.7,0.06333333333333332,0.6333333333333333,-0.8181818181818181,10,1,0,0,0.9465643762508338,182.0106363925232
9,27,0.7,0.0811111111111111,0.9,-0.8346545866364665,10,0,0,0,,
9,28,0.7,0.2777777777777778,2.7777777777777777,-0.8181818181818182,10,0,0,0,,
9,29,0.7,0.4555555555555556,7.222222222222221,-0.8813314037626627,10,0,0,0,,
9,30,0.7,0.6333333333333333,9.0,-0.8685121107266437,10,0,0,0,,
9,31,0.7,0.9,9.0,-0.8181818181818181,10,0,0,0,,
9,32,0.7,3.6666666666666665,36.66666666666667,-0.8181818181818183,10,0,0,0,,
9,33,0.7,5.444444444444445,63.333333333333336,-0.8416801292407108,10,0,0,0,,
9,34,0.7,7.222222222222221,72.22222222222223,-0.818181818181818,10,0,0,0,,
9,35,0.7,10.0,100.0,-0.8181818181818182,10,0,0,0,,
9,36,0.7,36.66666666666667,633.3333333333333,-0.8905472636815921,10,0,0,0,,
9,37,0.7,54.44444444444444,900.0,-0.8859138533178114,10,0,0,0,,
9,38,0.7,72.22222222222223,1000.0,-0.8652849740932643,10,0,0,0,,
9,39,0.7,277.77777777777777,3000.0,-0.8305084745762712,10,0,0,0,,
9,40,0.7,0.001,0.006333333333333334,-0.7272727272727273,10,47,13,0,0.011117317272815919,1679.0442468454612
9,41,0.7,0.004555555555555556,0.027777777777777776,-0.718213058419244,10,23,5,0,0.03357376142429549,1219.7994066322346
9,42,0.7,0.006333333333333334,0.05444444444444445,-0.7915904936014624,10,16,2,0,0.04385306977749856,1591.5378216614042
9,43,0.7,0.00811111111111111,0.07222222222222222,-0.7980636237897648,10,15,3,0,0.052480746024977286,1471.073192557114
9,44,0.7,0.01,0.0811111111111111,-0.7804878048780489,10,12,0,0,0.06053408747539136,1283.159897753345
9,45,0.7,0.05444444444444445,0.3666666666666667,-0.7414248021108178,10,1,0,0,0.8799199466310873,165.03216565720763
9,46,0.7,0.07222222222222222,0.5444444444444445,-0.7657657657657659,10,0,0,0,,
9,47,0.7,0.09,0.6333333333333333,-0.751152073732719,10,0,0,0,,
9,48,0.7,0.3666666666666667,2.7777777777777777,-0.7667844522968198,10,0,0,0,,
9,49,0.7,0.6333333333333333,4.555555555555555,-0.7558886509635975,10,0,0,0,,
9,50,0.7,0.8111111111111111,5.444444444444445,-0.7406749555950267,10,0,0,0,,
9,51,0.7,1.0,6.333333333333333,-0.7272727272727273,10,0,0,0,,
9,52,0.7,4.555555555555555,36.66666666666667,-0.7789757412398921,10,0,0,0,,
9,53,0.7,7.222222222222221,45.55555555555556,-0.7263157894736842,10,0,0,0,,
9,54,0.7,9.0,54.44444444444444,-0.7162872154115587,10,0,0,0,,
9,55,0.7,10.0,81.11111111111111,-0.7804878048780488,10,0,0,0,,
9,56,0.7,54.44444444444444,455.55555555555554,-0.7864923747276688,10,0,0,0,,
9,57,0.7,72.22222222222223,633.3333333333333,-0.7952755905511812,10,0,0,0,,
9,58,0.7,90.0,722.2222222222222,-0.7783857729138167,10,0,0,0,,
9,59,0.7,455.55555555555554,3000.0,-0.7363344051446945,10,0,0,0,,
9,60,0.7,0.001,0.004555555555555556,-0.64,10,42,13,0,0.010519618738232235,1634.165511599484
9,61,0.7,0.001888888888888889,0.01,-0.6822429906542055,10,34,9,0,0.017298163592151014,1539.2595005137994
9,62,0.7,0.006333333333333334,0.027777777777777776,-0.6286644951140065,10,19,3,0,0.04073802778041126,1441.382351642409
9,63,0.7,0.009,0.03666666666666667,-0.6058394160583941,10,17,2,0,0.051760683195056764,1569.497480999712
9,64,0.7,0.01888888888888889,0.0811111111111111,-0.6222222222222222,10,9,0,0,0.08953647655495937,1376.46833152681
9,65,0.7,0.04555555555555556,0.18888888888888888,-0.6113744075829383,10,0,0,0,,
9,66,0.7,0.0811111111111111,0.3666666666666667,-0.6377171215880892,10,0,0,0,,
9,67,0.7,0.1,0.5444444444444445,-0.6896551724137931,10,0,0,0,,
9,68,0.7,0.3666666666666667,1.8888888888888888,-0.6748768472906403,10,0,0,0,,
9,69,0.7,0.7222222222222222,3.6666666666666665,-0.6708860759493671,10,0,0,0,,
9,70,0.7,0.9,4.555555555555555,-0.670061099796334,10,0,0,0,,
9,71,0.7,1.8888888888888888,9.0,-0.6530612244897959,10,0,0,0,,
9,72,0.7,5.444444444444445,27.77777777777778,-0.6722408026755854,10,0,0,0,,
9,73,0.7,9.0,36.66666666666667,-0.6058394160583942,10,0,0,0,,
9,74,0.7,18.88888888888889,81.11111111111111,-0.6222222222222222,10,0,0,0,,
9,75,0.7,45.55555555555556,188.88888888888889,-0.6113744075829383,10,0,0,0,,
9,76,0.7,81.11111111111111,366.66666666666663,-0.6377171215880894,10,0,0,0,,
9,77,0.7,100.0,455.55555555555554,-0.64,10,0,0,0,,
9,78,0.7,188.88888888888889,1000.0,-0.6822429906542056,10,0,0,0,,
9,79,0.7,722.2222222222222,3000.0,-0.6119402985074627,10,0,0,0,,
9,80,0.7,0.001,0.003666666666666667,-0.5714285714285715,10,42,14,0,0.010046157902783957,1573.7594172989607
9,81,0.7,0.001888888888888889,0.007222222222222223,-0.5853658536585367,10,38,10,0,0.0162181009735893,1603.3272701473893
9,82,0.7,0.0054444444444444445,0.01888888888888889,-0.5525114155251142,10,21,3,0,0.034673685045253165,1584.1448970572221
9,83,0.7,0.009,0.027777777777777776,-0.5105740181268882,10,19,2,0,0.0485288500162121,1598.3673699896215
9,84,0.7,0.01888888888888889,0.07222222222222222,-0.5853658536585367,10,9,0,0,0.08790225168308842,1372.7928943005536
9,85,0.7,0.05444444444444445,0.18888888888888888,-0.5525114155251141,10,0,0,0,,
9,86,0.7,0.09,0.2777777777777778,-0.5105740181268883,10,0,0,0,,
9,87,0.7,0.18888888888888888,0.6333333333333333,-0.5405405405405406,10,0,0,0,,
9,88,0.7,0.2777777777777778,1.0,-0.5652173913043479,10,0,0,0,,
9,89,0.7,0.8111111111111111,2.7777777777777777,-0.5479876160990712,10,0,0,0,,
9,90,0.7,1.8888888888888888,6.333333333333333,-0.5405405405405406,10,0,0,0,,
9,91,0.7,2.7777777777777777,10.0,-0.5652173913043478,10,0,0,0,,
9,92,0.7,8.11111111111111,27.77777777777778,-0.5479876160990713,10,0,0,0,,
9,93,0.7,10.0,36.66666666666667,-0.5714285714285715,10,0,0,0,,
9,94,0.7,27.77777777777778,90.0,-0.5283018867924528,10,0,0,0,,
9,95,0.7,72.22222222222223,277.77777777777777,-0.5873015873015872,10,0,0,0,,
9,96,0.7,100.0,366.66666666666663,-0.5714285714285714,10,0,0,0,,
9,97,0.7,277.77777777777777,900.0,-0.5283018867924527,10,0,0,0,,
9,98,0.7,633.3333333333333,2000.0,-0.518987341772152,10,0,0,0,,
9,99,0.7,1000.0,3000.0,-0.5,10,0,0,0,,
9,100,0.7,0.001,0.002777777777777778,-0.47058823529411764,10,41,14,0,0.00924698173938223,1631.7748424501601
9,101,0.7,0.001888888888888889,0.0054444444444444445,-0.48484848484848486,10,34,10,0,0.01499684835502374,1584.5296088490918
9,102,0.7,0.003666666666666667,0.009,-0.4210526315789473,10,27,5,0,0.02333458062281002,1621.0859851079995
9,103,0.7,0.007222222222222223,0.01888888888888889,-0.4468085106382978,10,21,5,0,0.03926449353995997,1382.676300148388
9,104,0.7,0.01888888888888889,0.05444444444444445,-0.4848484848484849,10,10,0,0,0.29092728485657104,1580.8354943487504
9,105,0.7,0.027777777777777776,0.0811111111111111,-0.4897959183673469,10,4,0,0,0.35817211474316213,1570.1733657019483
9,106,0.7,0.06333333333333332,0.18888888888888888,-0.4977973568281938,10,0,0,0,,
9,107,0.7,0.18888888888888888,0.4555555555555556,-0.4137931034482759,10,0,0,0,,
9,108,0.7,0.2777777777777778,0.8111111111111111,-0.48979591836734687,10,0,0,0,,
9,109,0.7,0.6333333333333333,1.8888888888888888,-0.4977973568281938,10,0,0,0,,
9,110,0.7,1.0,2.7777777777777777,-0.47058823529411764,10,0,0,0,,
9,111,0.7,2.7777777777777777,7.222222222222221,-0.44444444444444436,10,0,0,0,,
9,112,0.7,3.6666666666666665,10.0,-0.46341463414634154,10,0,0,0,,
9,113,0.7,10.0,27.77777777777778,-0.47058823529411764,10,0,0,0,,
9,114,0.7,27.77777777777778,72.22222222222223,-0.4444444444444445,10,0,0,0,,
9,115,0.7,36.66666666666667,90.0,-0.4210526315789473,10,0,0,0,,
9,116,0.7,72.22222222222223,188.88888888888889,-0.4468085106382979,10,0,0,0,,
9,117,0.7,188.88888888888889,544.4444444444445,-0.4848484848484848,10,0,0,0,,
9,118,0.7,366.66666666666663,900.0,-0.42105263157894746,10,0,0,0,,
9,119,0.7,811.1111111111111,2000.0,-0.42292490118577075,10,0,0,0,,
9,120,0.7,0.001,0.001888888888888889,-0.3076923076923077,10,40,15,0,0.007979946872679769,1603.4147393312319
9,121,0.7,0.002777777777777778,0.006333333333333334,-0.39024390243902446,10,29,9,0,0.018450154191794736,1658.5279462172502
9,122,0.7,0.004555555555555556,0.009,-0.3278688524590163,10,25,5,0,0.025118864315095794,1431.3183636114393
9,123,0.7,0.009,0.01888888888888889,-0.354581673306773,10,19,4,0,0.04265795188015926,1654.5828712523785
9,124,0.7,0.027777777777777776,0.05444444444444445,-0.3243243243243244,10,8,0,0,0.3137424949966644,1606.3639884833076
9,125,0.7,0.03666666666666667,0.0811111111111111,-0.3773584905660377,10,5,0,0,0.3815877251501001,863.062618447074
9,126,0.7,0.0811111111111111,0.18888888888888888,-0.39917695473251025,10,0,0,0,,
9,127,0.7,0.18888888888888888,0.3666666666666667,-0.32000000000000006,10,0,0,0,,
9,128,0.7,0.3666666666666667,0.7222222222222222,-0.3265306122448979,10,0,0,0,,
9,129,0.7,0.4555555555555556,1.0,-0.37404580152671746,10,0,0,0,,
9,130,0.7,1.8888888888888888,3.6666666666666665,-0.32,10,0,0,0,,
9,131,0.7,3.6666666666666665,7.222222222222221,-0.32653061224489793,10,0,0,0,,
9,132,0.7,4.555555555555555,10.0,-0.37404580152671757,10,0,0,0,,
9,133,0.7,10.0,18.88888888888889,-0.3076923076923077,10,0,0,0,,
9,134,0.7,27.77777777777778,63.333333333333336,-0.3902439024390244,10,0,0,0,,
9,135,0.7,45.55555555555556,90.0,-0.3278688524590164,10,0,0,0,,
9,136,0.7,90.0,188.88888888888889,-0.35458167330677287,10,0,0,0,,
9,137,0.7,277.77777777777777,544.4444444444445,-0.32432432432432434,10,0,0,0,,
9,138,0.7,366.66666666666663,811.1111111111111,-0.3773584905660377,10,0,0,0,,
9,139,0.7,1000.0,2000.0,-0.3333333333333333,10,0,0,0,,
9,140,0.7,0.002777777777777778,0.004555555555555556,-0.2424242424242424,10,30,9,0,0.015995580286146695,1561.7307215415815
9,141,0.7,0.004555555555555556,0.007222222222222223,-0.22641509433962265,10,29,7,0,0.022803420720004186,1595.5135313700514
9,142,0.7,0.0054444444444444445,0.009,-0.2461538461538461,10,27,6,0,0.02654605561975539,1507.7726109985397
9,143,0.7,0.006333333333333334,0.01,-0.2244897959183673,10,26,4,0,0.028973435877013242,1507.6572670430096
9,144,0.7,0.03666666666666667,0.06333333333333332,-0.2666666666666666,10,6,1,0,0.34616410940627085,1084.9419151190789
9,145,0.7,0.05444444444444445,0.09,-0.24615384615384614,10,2,0,0,0.6529686457638425,478.48819347129967
9,146,0.7,0.06333333333333332,0.1,-0.22448979591836743,10,1,0,0,0.9237491661107404,339.73394635034
9,147,0.7,0.3666666666666667,0.6333333333333333,-0.2666666666666666,10,0,0,0,,
9,148,0.7,0.4555555555555556,0.8111111111111111,-0.2807017543859649,10,0,0,0,,
9,149,0.7,0.5444444444444445,1.0,-0.29496402877697836,10,0,0,0,,
9,150,0.7,3.6666666666666665,6.333333333333333,-0.26666666666666666,10,0,0,0,,
9,151,0.7,4.555555555555555,8.11111111111111,-0.2807017543859649,10,0,0,0,,
9,152,0.7,5.444444444444445,10.0,-0.2949640287769784,10,0,0,0,,
9,153,0.7,27.77777777777778,45.55555555555556,-0.2424242424242424,10,0,0,0,,
9,154,0.7,45.55555555555556,72.22222222222223,-0.22641509433962267,10,0,0,0,,
9,155,0.7,54.44444444444444,100.0,-0.2949640287769784,10,0,0,0,,
9,156,0.7,277.77777777777777,455.55555555555554,-0.24242424242424243,10,0,0,0,,
9,157,0.7,455.55555555555554,722.2222222222222,-0.2264150943396226,10,0,0,0,,
9,158,0.7,544.4444444444445,900.0,-0.24615384615384617,10,0,0,0,,
9,159,0.7,2000.0,3000.0,-0.2,10,0,0,0,,
9,160,0.7,0.001888888888888889,0.002777777777777778,-0.19047619047619047,10,39,12,1,0.01137627285823431,8101.103856169364
9,161,0.7,0.003666666666666667,0.0054444444444444445,-0.19512195121951215,10,33,8,0,0.018706821403658015,1560.9903271267328
9,162,0.7,0.006333333333333334,0.00811111111111111,-0.123076923076923,10,27,5,0,0.02606153549998895,1522.974259890498
9,163,0.7,0.00811111111111111,0.01,-0.1042944785276074,10,24,5,0,0.03076096814740708,1523.5549382921888
9,164,0.7,0.03666666666666667,0.04555555555555556,-0.10810810810810813,10,8,1,0,0.29693128752501663,1211.317881872706
9,165,0.7,0.05444444444444445,0.0811111111111111,-0.1967213114754098,10,2,0,0,0.6217478318879253,678.0148593652059
9,166,0.7,0.07222222222222222,0.1,-0.16129032258064524,10,2,0,0,0.696197464976651,346.3431220183318
9,167,0.7,0.3666666666666667,0.4555555555555556,-0.10810810810810811,10,0,0,0,,
9,168,0.7,0.5444444444444445,0.7222222222222222,-0.1403508771929824,10,0,0,0,,
9,169,0.7,0.7222222222222222,0.9,-0.10958904109589043,10,0,0,0,,
9,170,0.7,2.7777777777777777,3.6666666666666665,-0.13793103448275862,10,0,0,0,,
9,171,0.7,5.444444444444445,7.222222222222221,-0.1403508771929824,10,0,0,0,,
9,172,0.7,6.333333333333333,9.0,-0.1739130434782609,10,0,0,0,,
9,173,0.7,18.88888888888889,27.77777777777778,-0.19047619047619047,10,0,0,0,,
9,174,0.7,45.55555555555556,63.333333333333336,-0.163265306122449,10,0,0,0,,
9,175,0.7,63.333333333333336,90.0,-0.17391304347826084,10,0,0,0,,
9,176,0.7,81.11111111111111,100.0,-0.10429447852760734,10,0,0,0,,
9,177,0.7,366.66666666666663,544.4444444444445,-0.19512195121951226,10,0,0,0,,
9,178,0.7,633.3333333333333,811.1111111111111,-0.12307692307692313,10,0,0,0,,
9,179,0.7,811.1111111111111,1000.0,-0.10429447852760737,10,0,0,0,,
9,180,0.7,0.001,0.001,0.0,10,50,17,0,0.005701642722807478,1661.4837367824136
9,181,0.7,0.004555555555555556,0.0054444444444444445,-0.08888888888888886,10,31,8,0,0.01967886289706845,1650.9864494231665
9,182,0.7,0.007222222222222223,0.007222222222222223,0.0,10,26,5,0,0.025003453616964322,1648.0807736828754
9,183,0.7,0.009,0.01,-0.05263157894736847,10,23,5,0,0.031332857243155855,1578.7165652358808
9,184,0.7,0.04555555555555556,0.04555555555555556,0.0,10,8,2,0,0.29933288859239493,1504.2952177676789
9,185,0.7,0.06333333333333332,0.07222222222222222,-0.0655737704918033,10,3,0,0,0.5893262174783188,1574.279989102772
9,186,0.7,0.09,0.09,0.0,10,2,0,0,0.6631754503002001,459.1477202867472
9,187,0.7,0.4555555555555556,0.4555555555555556,0.0,10,0,0,0,,
9,188,0.7,0.6333333333333333,0.7222222222222222,-0.06557377049180328,10,0,0,0,,
9,189,0.7,0.9,0.9,0.0,10,0,0,0,,
9,190,0.7,3.6666666666666665,3.6666666666666665,0.0,10,0,0,0,,
9,191,0.7,6.333333333333333,6.333333333333333,0.0,10,0,0,0,,
9,192,0.7,8.11111111111111,9.0,-0.05194805194805197,10,0,0,0,,
9,193,0.7,36.66666666666667,36.66666666666667,0.0,10,0,0,0,,
9,194,0.7,63.333333333333336,63.333333333333336,0.0,10,0,0,0,,
9,195,0.7,81.11111111111111,90.0,-0.05194805194805193,10,0,0,0,,
9,196,0.7,277.77777777777777,277.77777777777777,0.0,10,0,0,0,,
9,197,0.7,544.4444444444445,633.3333333333333,-0.07547169811320747,10,0,0,0,,
9,198,0.7,811.1111111111111,811.1111111111111,0.0,10,0,0,0,,
9,199,0.7,3000.0,3000.0,0.0,10,0,0,0,,
9,200,0.7,0.0054444444444444445,0.004555555555555556,0.08888888888888886,10,34,8,0,0.018197008586099843,1587.0310407064721
9,201,0.7,0.006333333333333334,0.0054444444444444445,0.0754716981132076,10,28,7,0,0.020701413487910415,1502.4992046411755
9,202,0.7,0.00811111111111111,0.007222222222222223,0.057971014492753555,10,25,5,0,0.025468302525850417,1411.7353066841495
9,203,0.7,0.01,0.009,0.05263157894736847,10,22,5,0,0.02992264636608189,1494.477594959172
9,204,0.7,0.06333333333333332,0.05444444444444445,0.07547169811320745,10,6,0,0,0.33055370246831217,1455.1088799951688
9,205,0.7,0.0811111111111111,0.07222222222222222,0.05797101449275364,10,3,0,0,0.590527018012008,1233.759210696572
9,206,0.7,0.1,0.09,0.05263157894736847,10,2,0,0,0.6637758505670447,454.2721767785791
9,207,0.7,0.5444444444444445,0.4555555555555556,0.0888888888888889,10,0,0,0,,
9,208,0.7,0.7222222222222222,0.6333333333333333,0.06557377049180328,10,0,0,0,,
9,209,0.7,0.9,0.8111111111111111,0.05194805194805195,10,0,0,0,,
9,210,0.7,5.444444444444445,4.555555555555555,0.08888888888888893,10,0,0,0,,
9,211,0.7,7.222222222222221,6.333333333333333,0.06557377049180325,10,0,0,0,,
9,212,0.7,9.0,8.11111111111111,0.05194805194805197,10,0,0,0,,
9,213,0.7,10.0,9.0,0.05263157894736842,10,0,0,0,,
9,214,0.7,63.333333333333336,54.44444444444444,0.07547169811320759,10,0,0,0,,
9,215,0.7,81.11111111111111,72.22222222222223,0.057971014492753596,10,0,0,0,,
9,216,0.7,100.0,90.0,0.05263157894736842,10,0,0,0,,
9,217,0.7,633.3333333333333,544.4444444444445,0.07547169811320747,10,0,0,0,,
9,218,0.7,811.1111111111111,722.2222222222222,0.057971014492753645,10,0,0,0,,
9,219,0.7,1000.0,900.0,0.05263157894736842,10,0,0,0,,
9,220,0.7,0.002777777777777778,0.001888888888888889,0.19047619047619047,10,43,11,0,0.009638290236239706,1618.6886384395812
9,221,0.7,0.0054444444444444445,0.003666666666666667,0.19512195121951215,10,32,8,0,0.01584893192461114,1457.3945447123772
9,222,0.7,0.00811111111111111,0.006333333333333334,0.123076923076923,10,24,5,0,0.023442288153199226,1372.8375495980151
9,223,0.7,0.01,0.00811111111111111,0.1042944785276074,10,24,5,0,0.028054336379517132,1514.4283119350741
9,224,0.7,0.05444444444444445,0.03666666666666667,0.19512195121951223,10,9,2,0,0.266310873915944,1298.7999978654316
9,225,0.7,0.0811111111111111,0.05444444444444445,0.1967213114754098,10,7,1,0,0.33055370246831217,1526.3236001912614
9,226,0.7,0.1,0.07222222222222222,0.16129032258064524,10,3,0,0,0.590527018012008,1458.9337058103508
9,227,0.7,0.4555555555555556,0.3666666666666667,0.10810810810810811,10,0,0,0,,
9,228,0.7,0.8111111111111111,0.5444444444444445,0.19672131147540978,10,0,0,0,,
9,229,0.7,1.0,0.7222222222222222,0.16129032258064516,10,0,0,0,,
9,230,0.7,3.6666666666666665,2.7777777777777777,0.13793103448275862,10,0,0,0,,
9,231,0.7,7.222222222222221,5.444444444444445,0.1403508771929824,10,0,0,0,,
9,232,0.7,9.0,7.222222222222221,0.10958904109589046,10,0,0,0,,
9,233,0.7,36.66666666666667,27.77777777777778,0.13793103448275865,10,0,0,0,,
9,234,0.7,72.22222222222223,54.44444444444444,0.1403508771929825,10,0,0,0,,
9,235,0.7,90.0,63.333333333333336,0.17391304347826084,10,0,0,0,,
9,236,0.7,277.77777777777777,188.88888888888889,0.1904761904761905,10,0,0,0,,
9,237,0.7,633.3333333333333,455.55555555555554,0.16326530612244894,10,0,0,0,,
9,238,0.7,900.0,633.3333333333333,0.17391304347826092,10,0,0,0,,
9,239,0.7,3000.0,2000.0,0.2,10,0,0,0,,
9,240,0.7,0.004555555555555556,0.002777777777777778,0.2424242424242424,10,35,9,0,0.0130016957803329,1615.9480335575001
9,241,0.7,0.007222222222222223,0.004555555555555556,0.22641509433962265,10,29,7,0,0.018706821403658015,1500.4017288478333
9,242,0.7,0.009,0.0054444444444444445,0.2461538461538461,10,25,6,0,0.02147830474130533,1583.6176701647726
9,243,0.7,0.01,0.006333333333333334,0.2244897959183673,10,25,5,0,0.023988329190194897,1439.458683541492
9,244,0.7,0.06333333333333332,0.03666666666666667,0.2666666666666666,10,8,1,0,0.2657104736490994,1593.9435024981492
9,245,0.7,0.0811111111111111,0.04555555555555556,0.2807017543859649,10,6,1,0,0.2987324883255503,1487.32909044493
9,246,0.7,0.1,0.05444444444444445,0.2949640287769784,10,5,1,0,0.3293529019346231,1389.2446880780294
9,247,0.7,0.6333333333333333,0.3666666666666667,0.2666666666666666,10,0,0,0,,
9,248,0.7,0.8111111111111111,0.4555555555555556,0.2807017543859649,10,0,0,0,,
9,249,0.7,1.0,0.5444444444444445,0.29496402877697836,10,0,0,0,,
9,250,0.7,4.555555555555555,2.7777777777777777,0.24242424242424243,10,0,0,0,,
9,251,0.7,7.222222222222221,4.555555555555555,0.22641509433962262,10,0,0,0,,
9,252,0.7,9.0,5.444444444444445,0.24615384615384614,10,0,0,0,,
9,253,0.7,45.55555555555556,27.77777777777778,0.2424242424242424,10,0,0,0,,
9,254,0.7,72.22222222222223,45.55555555555556,0.22641509433962267,10,0,0,0,,
9,255,0.7,90.0,54.44444444444444,0.24615384615384614,10,0,0,0,,
9,256,0.7,100.0,63.333333333333336,0.22448979591836732,10,0,0,0,,
9,257,0.7,633.3333333333333,366.66666666666663,0.26666666666666666,10,0,0,0,,
9,258,0.7,811.1111111111111,455.55555555555554,0.28070175438596495,10,0,0,0,,
9,259,0.7,1000.0,633.3333333333333,0.2244897959183674,10,0,0,0,,
9,260,0.7,0.001888888888888889,0.001,0.3076923076923077,10,52,14,0,0.0061094202490557204,1622.7575836883138
9,261,0.7,0.006333333333333334,0.002777777777777778,0.39024390243902446,10,34,8,0,0.013304544179780914,1647.8955826232625
9,262,0.7,0.009,0.004555555555555556,0.3278688524590163,10,27,7,0,0.019054607179632484,1631.037061191966
9,263,0.7,0.01888888888888889,0.009,0.354581673306773,10,19,4,0,0.031768740706497725,1482.6441780895075
9,264,0.7,0.05444444444444445,0.027777777777777776,0.3243243243243244,10,9,2,0,0.0734513868157115,955.8049393018339
9,265,0.7,0.0811111111111111,0.03666666666666667,0.3773584905660377,10,10,1,0,0.09120108393559097,1555.578358666092
9,266,0.7,0.18888888888888888,0.0811111111111111,0.39917695473251025,10,2,0,0,0.6241494329553035,619.8084957054872
9,267,0.7,0.3666666666666667,0.18888888888888888,0.32000000000000006,10,0,0,0,,
9,268,0.7,0.7222222222222222,0.3666666666666667,0.3265306122448979,10,0,0,0,,
9,269,0.7,1.0,0.4555555555555556,0.37404580152671746,10,0,0,0,,
9,270,0.7,3.6666666666666665,1.8888888888888888,0.32,10,0,0,0,,
9,271,0.7,7.222222222222221,3.6666666666666665,0.32653061224489793,10,0,0,0,,
9,272,0.7,10.0,4.555555555555555,0.37404580152671757,10,0,0,0,,
9,273,0.7,18.88888888888889,10.0,0.3076923076923077,10,0,0,0,,
9,274,0.7,63.333333333333336,27.77777777777778,0.3902439024390244,10,0,0,0,,
9,275,0.7,90.0,45.55555555555556,0.3278688524590164,10,0,0,0,,
9,276,0.7,188.88888888888889,90.0,0.35458167330677287,10,0,0,0,,
9,277,0.7,544.4444444444445,277.77777777777777,0.32432432432432434,10,0,0,0,,
9,278,0.7,811.1111111111111,366.66666666666663,0.3773584905660377,10,0,0,0,,
9,279,0.7,2000.0,1000.0,0.3333333333333333,10,0,0,0,,
9,280,0.7,0.002777777777777778,0.001,0.47058823529411764,10,46,13,0,0.006223002851691595,1588.767751600475
9,281,0.7,0.0054444444444444445,0.001888888888888889,0.48484848484848486,10,37,10,0,0.010046157902783957,1634.5174237615338
9,282,0.7,0.009,0.003666666666666667,0.4210526315789473,10,27,7,0,0.016368165214278085,1380.4192575416992
9,283,0.7,0.01888888888888889,0.007222222222222223,0.4468085106382978,10,19,4,0,0.027289777828080404,1588.3454478110298
9,284,0.7,0.05444444444444445,0.01888888888888889,0.4848484848484849,10,12,2,0,0.05623413251903491,1134.2559749863642
9,285,0.7,0.09,0.03666666666666667,0.4210526315789474,10,8,1,0,0.26330887258172114,1326.3248644197504
9,286,0.7,0.18888888888888888,0.07222222222222222,0.44680851063829796,10,3,0,0,0.5851234156104069,1053.9988025211237
9,287,0.7,0.4555555555555556,0.18888888888888888,0.4137931034482759,10,0,0,0,,
9,288,0.7,0.8111111111111111,0.2777777777777778,0.48979591836734687,10,0,0,0,,
9,289,0.7,1.8888888888888888,0.6333333333333333,0.4977973568281938,10,0,0,0,,
9,290,0.7,4.555555555555555,1.8888888888888888,0.4137931034482758,10,0,0,0,,
9,291,0.7,8.11111111111111,2.7777777777777777,0.48979591836734687,10,0,0,0,,
9,292,0.7,18.88888888888889,6.333333333333333,0.4977973568281939,10,0,0,0,,
9,293,0.7,27.77777777777778,10.0,0.47058823529411764,10,0,0,0,,
9,294,0.7,72.22222222222223,27.77777777777778,0.4444444444444445,10,0,0,0,,
9,295,0.7,100.0,36.66666666666667,0.4634146341463414,10,0,0,0,,
9,296,0.7,277.77777777777777,100.0,0.47058823529411764,10,0,0,0,,
9,297,0.7,722.2222222222222,277.77777777777777,0.4444444444444444,10,0,0,0,,
9,298,0.7,1000.0,366.66666666666663,0.46341463414634154,10,0,0,0,,
9,299,0.7,3000.0,1000.0,0.5,10,0,0,0,,
9,300,0.7,0.003666666666666667,0.001,0.5714285714285715,10,40,12,0,0.0062805835881331795,1603.4195376527173
9,301,0.7,0.007222222222222223,0.001888888888888889,0.5853658536585367,10,36,9,0,0.010139113857366799,1680.261678658001
9,302,0.7,0.01888888888888889,0.0054444444444444445,0.5525114155251142,10,20,5,0,0.02228435149270303,1316.3098070547503
9,303,0.7,0.027777777777777776,0.009,0.5105740181268882,10,18,3,0,0.03235936569296284,1527.1569259889297
9,304,0.7,0.07222222222222222,0.01888888888888889,0.5853658536585367,10,12,2,0,0.056754460540854715,1263.596548730657
9,305,0.7,0.1,0.027777777777777776,0.5652173913043479,10,9,1,0,0.07550922276654341,1344.5664226524943
9,306,0.7,0.2777777777777778,0.0811111111111111,0.5479876160990712,10,2,0,0,0.619346230820547,577.8217959532984
9,307,0.7,0.6333333333333333,0.18888888888888888,0.5405405405405406,10,0,0,0,,
9,308,0.7,1.0,0.2777777777777778,0.5652173913043479,10,0,0,0,,
9,309,0.7,2.7777777777777777,0.8111111111111111,0.5479876160990712,10,0,0,0,,
9,310,0.7,3.6666666666666665,1.0,0.5714285714285715,10,0,0,0,,
9,311,0.7,9.0,2.7777777777777777,0.5283018867924528,10,0,0,0,,
9,312,0.7,27.77777777777778,7.222222222222221,0.5873015873015873,10,0,0,0,,
9,313,0.7,36.66666666666667,10.0,0.5714285714285715,10,0,0,0,,
9,314,0.7,90.0,27.77777777777778,0.5283018867924528,10,0,0,0,,
9,315,0.7,188.88888888888889,54.44444444444444,0.5525114155251143,10,0,0,0,,
9,316,0.7,277.77777777777777,90.0,0.5105740181268882,10,0,0,0,,
9,317,0.7,722.2222222222222,188.88888888888889,0.5853658536585366,10,0,0,0,,
9,318,0.7,2000.0,544.4444444444445,0.572052401746725,10,0,0,0,,
9,319,0.7,3000.0,900.0,0.5384615384615384,10,0,0,0,,
9,320,0.7,0.004555555555555556,0.001,0.64,10,36,12,0,0.00630957344480193,1612.5235697777916
9,321,0.7,0.01,0.001888888888888889,0.6822429906542055,10,30,9,0,0.010185913880541169,1585.2108158070344
9,322,0.7,0.027777777777777776,0.006333333333333334,0.6286644951140065,10,18,4,0,0.025118864315095794,1558.6633679200202
9,323,0.7,0.04555555555555556,0.00811111111111111,0.6977225672877847,10,16,2,0,0.03033891184194272,1476.5131946699348
9,324,0.7,0.0811111111111111,0.01888888888888889,0.6222222222222222,10,12,2,0,0.05701642722807478,1548.2162651527797
9,325,0.7,0.18888888888888888,0.04555555555555556,0.6113744075829383,10,5,0,0,0.29272848565710474,1500.4400488745873
9,326,0.7,0.3666666666666667,0.0811111111111111,0.6377171215880892,10,2,0,0,0.6163442294863242,549.7938165515816
9,327,0.7,0.5444444444444445,0.1,0.6896551724137931,10,1,0,0,0.9165443629086056,339.8526789526821
9,328,0.7,1.8888888888888888,0.3666666666666667,0.6748768472906403,10,0,0,0,,
9,329,0.7,3.6666666666666665,0.7222222222222222,0.6708860759493671,10,0,0,0,,
9,330,0.7,4.555555555555555,0.9,0.670061099796334,10,0,0,0,,
9,331,0.7,9.0,1.8888888888888888,0.6530612244897959,10,0,0,0,,
9,332,0.7,27.77777777777778,5.444444444444445,0.6722408026755854,10,0,0,0,,
9,333,0.7,45.55555555555556,8.11111111111111,0.6977225672877846,10,0,0,0,,
9,334,0.7,81.11111111111111,18.88888888888889,0.6222222222222222,10,0,0,0,,
9,335,0.7,188.88888888888889,45.55555555555556,0.6113744075829383,10,0,0,0,,
9,336,0.7,366.66666666666663,81.11111111111111,0.6377171215880894,10,0,0,0,,
9,337,0.7,455.55555555555554,100.0,0.64,10,0,0,0,,
9,338,0.7,1000.0,188.88888888888889,0.6822429906542056,10,0,0,0,,
9,339,0.7,3000.0,722.2222222222222,0.6119402985074627,10,0,0,0,,
9,340,0.7,0.006333333333333334,0.001,0.7272727272727273,10,35,11,0,0.006367955209079162,1621.2540748714443
9,341,0.7,0.03666666666666667,0.004555555555555556,0.7789757412398922,10,22,5,0,0.019860949173573717,1578.045215401172
9,342,0.7,0.05444444444444445,0.006333333333333334,0.7915904936014624,10,17,3,0,0.02535128630497907,1342.2381397359618
9,343,0.7,0.06333333333333332,0.009,0.7511520737327189,10,17,3,0,0.03296097121774579,1359.1307228209998
9,344,0.7,0.09,0.01,0.8,10,14,3,0,0.03564511334262443,1635.9643572710208
9,345,0.7,0.3666666666666667,0.06333333333333332,0.7054263565891472,10,3,0,0,0.5370913942628419,1484.32848192041
9,346,0.7,0.5444444444444445,0.0811111111111111,0.7406749555950266,10,2,0,0,0.6115410273515677,539.190919465846
9,347,0.7,0.7222222222222222,0.0811111111111111,0.7980636237897648,10,2,0,0,0.6085390260173449,648.0664496077017
9,348,0.7,2.7777777777777777,0.3666666666666667,0.7667844522968198,10,0,0,0,,
9,349,0.7,4.555555555555555,0.6333333333333333,0.7558886509635975,10,0,0,0,,
9,350,0.7,6.333333333333333,0.7222222222222222,0.795275590551181,10,0,0,0,,
9,351,0.7,7.222222222222221,1.0,0.7567567567567567,10,0,0,0,,
9,352,0.7,36.66666666666667,4.555555555555555,0.7789757412398921,10,0,0,0,,
9,353,0.7,54.44444444444444,6.333333333333333,0.7915904936014625,10,0,0,0,,
9,354,0.7,63.333333333333336,9.0,0.7511520737327189,10,0,0,0,,
9,355,0.7,90.0,10.0,0.8,10,0,0,0,,
9,356,0.7,366.66666666666663,63.333333333333336,0.7054263565891473,10,0,0,0,,
9,357,0.7,544.4444444444445,81.11111111111111,0.7406749555950267,10,0,0,0,,
9,358,0.7,722.2222222222222,81.11111111111111,0.7980636237897649,10,0,0,0,,
9,359,0.7,3000.0,455.55555555555554,0.7363344051446945,10,0,0,0,,
9,360,0.7,0.009,0.001,0.8000000000000002,10,33,11,0,0.006367955209079162,1655.6765284738906
9,361,0.7,0.04555555555555556,0.003666666666666667,0.8510158013544019,10,19,5,0,0.01690440931643265,1367.187607351233
9,362,0.7,0.07222222222222222,0.0054444444444444445,0.8597997138769671,10,16,4,0,0.022698648518838214,1348.437382340593
9,363,0.7,0.09,0.006333333333333334,0.8685121107266437,10,16,3,0,0.025468302525850417,1296.2094128377164
9,364,0.7,0.18888888888888888,0.01,0.8994413407821228,10,15,2,0,0.03580964371026362,1633.3069866211044
9,365,0.7,0.5444444444444445,0.04555555555555556,0.8455743879472692,10,5,0,0,0.28372248165443625,1485.2462117798782
9,366,0.7,0.8111111111111111,0.04555555555555556,0.8936446173800259,10,5,0,0,0.28132088058705806,982.9630376414196
9,367,0.7,0.9,0.09,0.8181818181818182,10,2,0,0,0.6415610406937958,481.2296408094707
9,368,0.7,2.7777777777777777,0.2777777777777778,0.8181818181818182,10,0,0,0,,
9,369,0.7,6.333333333333333,0.4555555555555556,0.8657937806873977,10,0,0,0,,
9,370,0.7,8.11111111111111,0.7222222222222222,0.8364779874213837,10,0,0,0,,
9,371,0.7,10.0,0.7222222222222222,0.8652849740932644,10,0,0,0,,
9,372,0.7,45.55555555555556,2.7777777777777777,0.8850574712643677,10,0,0,0,,
9,373,0.7,72.22222222222223,4.555555555555555,0.8813314037626627,10,0,0,0,,
9,374,0.7,90.0,5.444444444444445,0.8859138533178115,10,0,0,0,,
9,375,0.7,100.0,10.0,0.8181818181818182,10,0,0,0,,
9,376,0.7,544.4444444444445,36.66666666666667,0.8738049713193117,10,0,0,0,,
9,377,0.7,722.2222222222222,72.22222222222223,0.8181818181818182,10,0,0,0,,
9,378,0.7,900.0,81.11111111111111,0.8346545866364666,10,0,0,0,,
9,379,0.7,3000.0,277.77777777777777,0.8305084745762712,10,0,0,0,,
9,380,0.7,0.027777777777777776,0.001,0.9305019305019304,10,27,9,0,0.006397348354826482,1644.7140941949658
9,381,0.7,0.4555555555555556,0.003666666666666667,0.9840309702395356,10,19,4,0,0.016982436524617443,1383.3467719818582
9,382,0.7,0.9,0.003666666666666667,0.9918849133161194,10,17,4,0,0.016982436524617443,1388.6653747660298
9,383,0.7,2.7777777777777777,0.0811111111111111,0.94325689856199,10,2,0,0,0.595930620413609,707.4325159209313
9,384,0.7,5.444444444444445,0.09,0.9674764103593656,10,2,0,0,0.6265510340226818,562.2340378586414
9,385,0.7,8.11111111111111,0.04555555555555556,0.98882985969214,10,6,0,0,0.1114076050700467,1377.1167397975753
9,386,0.7,18.88888888888889,0.006333333333333334,0.9993296365336328,10,13,2,0,0.025468302525850417,1182.4601053403744
9,387,0.7,36.66666666666667,0.01888888888888889,0.998970227458582,10,12,0,0,0.05780960474057181,1533.9549117396632
9,388,0.7,54.44444444444444,0.027777777777777776,0.9989801121876594,10,10,0,0,0.07691304402866098,1232.8385840562764
9,389,0.7,72.22222222222223,0.027777777777777776,0.9992310649750098,10,10,0,0,0.07691304402866098,1632.027914906029
9,390,0.7,90.0,0.009,0.9998000199980002,10,16,1,0,0.03311311214825911,1646.1073149017698
9,391,0.7,188.88888888888889,0.0054444444444444445,0.9999423546027204,10,15,2,0,0.022803420720004186,1216.0911388308646
9,392,0.7,277.77777777777777,1.0,0.9928258270227183,10,0,0,0,,
9,393,0.7,455.55555555555554,0.03666666666666667,0.9998390373457745,10,7,0,0,0.23689126084056036,1246.1992510564435
9,394,0.7,544.4444444444445,7.222222222222221,0.9738167170191341,10,0,0,0,,
9,395,0.7,722.2222222222222,0.06333333333333332,0.9998246307631483,10,4,0,0,0.3227484989993329,1253.8651365128505
9,396,0.7,811.1111111111111,8.11111111111111,0.9801980198019803,10,0,0,0,,
9,397,0.7,1000.0,0.04555555555555556,0.9999088930393171,10,5,0,0,0.2675116744496331,1449.9305230764198
9,398,0.7,2000.0,5.444444444444445,0.9945703363067206,10,0,0,0,,
9,399,0.7,3000.0,100.0,0.9354838709677419,10,0,0,0,,
10,0,0.8,0.001,0.027777777777777776,-0.9305019305019304,10,41,10,0,0.012022644346174132,1618.5400133695064
10,1,0.8,0.001888888888888889,0.7222222222222222,-0.9947828755562373,10,25,7,0,0.01614358556826487,1557.0489641177842
10,2,0.8,0.002777777777777778,54.44444444444444,-0.9998979643895719,10,21,6,0,0.010665961212302578,1574.80873041915
10,3,0.8,0.004555555555555556,0.1,-0.9128586609989372,10,15,3,0,0.035481338923357565,1144.194616712291
10,4,0.8,0.0054444444444444445,45.55555555555556,-0.9997610041726721,10,14,4,0,0.018365383433483474,1634.0709307761479
10,5,0.8,0.007222222222222223,0.5444444444444445,-0.9738167170191339,10,13,3,0,0.045081670454146,1241.9001237109048
10,6,0.8,0.00811111111111111,90.0,-0.999819769329431,10,13,4,0,0.021379620895022326,1667.4260200350184
10,7,0.8,0.01,2.7777777777777777,-0.9928258270227184,10,11,3,0,0.04786300923226385,1540.12548529117
10,8,0.8,0.01888888888888889,722.2222222222222,-0.9999476936757038,10,7,2,0,0.024888573182823902,1539.5928860676436
10,9,0.8,0.03666666666666667,90.0,-0.999185517011588,10,5,2,0,0.06606934480075957,1433.9041458734123
10,10,0.8,0.05444444444444445,81.11111111111111,-0.998658434749278,10,3,1,0,0.09120108393559097,1265.3543625534658
10,11,0.8,0.07222222222222222,100.0,-0.9985565980125465,10,3,1,0,0.10780520346897933,1495.0039376480065
10,12,0.8,0.09,188.88888888888889,-0.9990475126557345,10,2,1,0,0.11020680453635757,766.1568746775056
10,13,0.8,0.18888888888888888,633.3333333333333,-0.9994036866197801,10,2,1,0,0.14442961974649765,866.5781128786587
10,14,0.8,0.4555555555555556,45.55555555555556,-0.9801980198019802,10,0,0,0,,
10,15,0.8,0.7222222222222222,36.66666666666667,-0.9613670133729569,10,0,0,0,,
10,16,0.8,1.0,45.55555555555556,-0.9570405727923628,10,0,0,0,,
10,17,0.8,3.6666666666666665,544.4444444444445,-0.9866207176160553,10,0,0,0,,
10,18,0.8,8.11111111111111,900.0,-0.9821363024593173,10,0,0,0,,
10,19,0.8,100.0,3000.0,-0.9354838709677419,10,0,0,0,,
10,20,0.8,0.001,0.009,-0.8000000000000002,10,49,13,0,0.01164126029410491,1614.417790721701
10,21,0.8,0.003666666666666667,0.05444444444444445,-0.8738049713193117,10,22,4,0,0.03047894989627983,1446.9535175845097
10,22,0.8,0.0054444444444444445,0.0811111111111111,-0.8741976893453145,10,15,3,0,0.04036453929676048,1591.309558990153
10,23,0.8,0.007222222222222223,0.09,-0.8514285714285713,10,14,3,0,0.04920395356814511,1057.9328109327112
10,24,0.8,0.01,0.18888888888888888,-0.8994413407821228,10,9,1,0,0.061376200516479455,1622.2533399153087
10,25,0.8,0.04555555555555556,0.5444444444444445,-0.8455743879472692,10,1,0,0,0.7994663108739158,351.7015670094737
10,26,0.8,0.06333333333333332,0.6333333333333333,-0.8181818181818181,10,1,0,0,0.9465643762508338,173.0055260795271
10,27,0.8,0.0811111111111111,0.9,-0.8346545866364665,10,0,0,0,,
10,28,0.8,0.2777777777777778,2.7777777777777777,-0.8181818181818182,10,0,0,0,,
10,29,0.8,0.4555555555555556,7.222222222222221,-0.8813314037626627,10,0,0,0,,
10,30,0.8,0.6333333333333333,9.0,-0.8685121107266437,10,0,0,0,,
10,31,0.8,0.9,9.0,-0.8181818181818181,10,0,0,0,,
10,32,0.8,3.6666666666666665,36.66666666666667,-0.8181818181818183,10,0,0,0,,
10,33,0.8,5.444444444444445,63.333333333333336,-0.8416801292407108,10,0,0,0,,
10,34,0.8,7.222222222222221,72.22222222222223,-0.818181818181818,10,0,0,0,,
10,35,0.8,10.0,100.0,-0.8181818181818182,10,0,0,0,,
10,36,0.8,36.66666666666667,633.3333333333333,-0.8905472636815921,10,0,0,0,,
10,37,0.8,54.44444444444444,900.0,-0.8859138533178114,10,0,0,0,,
10,38,0.8,72.22222222222223,1000.0,-0.8652849740932643,10,0,0,0,,
10,39,0.8,277.77777777777777,3000.0,-0.8305084745762712,10,0,0,0,,
10,40,0.8,0.001,0.006333333333333334,-0.7272727272727273,10,47,13,0,0.011168632477805612,1476.8814021429478
10,41,0.8,0.004555555555555556,0.027777777777777776,-0.718213058419244,10,23,3,0,0.03372873086588689,1642.3638787416257
10,42,0.8,0.006333333333333334,0.05444444444444445,-0.7915904936014624,10,21,2,0,0.044258837236262644,1608.9883120852473
10,43,0.8,0.00811111111111111,0.07222222222222222,-0.7980636237897648,10,15,1,0,0.05272298614228227,930.3575421767631
10,44,0.8,0.01,0.0811111111111111,-0.7804878048780489,10,11,1,0,0.061094202490557206,1461.873261500373
10,45,0.8,0.05444444444444445,0.3666666666666667,-0.7414248021108178,10,0,0,0,,
10,46,0.8,0.07222222222222222,0.5444444444444445,-0.7657657657657659,10,0,0,0,,
10,47,0.8,0.09,0.6333333333333333,-0.751152073732719,10,0,0,0,,
10,48,0.8,0.3666666666666667,2.7777777777777777,-0.7667844522968198,10,0,0,0,,
10,49,0.8,0.6333333333333333,4.555555555555555,-0.7558886509635975,10,0,0,0,,
10,50,0.8,0.8111111111111111,5.444444444444445,-0.7406749555950267,10,0,0,0,,
10,51,0.8,1.0,6.333333333333333,-0.7272727272727273,10,0,0,0,,
10,52,0.8,4.555555555555555,36.66666666666667,-0.7789757412398921,10,0,0,0,,
10,53,0.8,7.222222222222221,45.55555555555556,-0.7263157894736842,10,0,0,0,,
10,54,0.8,9.0,54.44444444444444,-0.7162872154115587,10,0,0,0,,
10,55,0.8,10.0,81.11111111111111,-0.7804878048780488,10,0,0,0,,
10,56,0.8,54.44444444444444,455.55555555555554,-0.7864923747276688,10,0,0,0,,
10,57,0.8,72.22222222222223,633.3333333333333,-0.7952755905511812,10,0,0,0,,
10,58,0.8,90.0,722.2222222222222,-0.7783857729138167,10,0,0,0,,
10,59,0.8,455.55555555555554,3000.0,-0.7363344051446945,10,0,0,0,,
10,60,0.8,0.001,0.004555555555555556,-0.64,10,48,14,0,0.010471285480508996,1602.3996558233798
10,61,0.8,0.001888888888888889,0.01,-0.6822429906542055,10,40,10,0,0.017298163592151014,1462.524945344156
10,62,0.8,0.006333333333333334,0.027777777777777776,-0.6286644951140065,10,18,4,0,0.04036453929676048,1275.9754841695244
10,63,0.8,0.009,0.03666666666666667,-0.6058394160583941,10,17,1,0,0.05128613839913648,1262.1448519982073
10,64,0.8,0.01888888888888889,0.0811111111111111,-0.6222222222222222,10,5,0,0,0.31194129419613076,1412.3201277487806
10,65,0.8,0.04555555555555556,0.18888888888888888,-0.6113744075829383,10,1,0,0,0.7772515010006671,105.15049190245237
10,66,0.8,0.0811111111111111,0.3666666666666667,-0.6377171215880892,10,0,0,0,,
10,67,0.8,0.1,0.5444444444444445,-0.6896551724137931,10,0,0,0,,
10,68,0.8,0.3666666666666667,1.8888888888888888,-0.6748768472906403,10,0,0,0,,
10,69,0.8,0.7222222222222222,3.6666666666666665,-0.6708860759493671,10,0,0,0,,
10,70,0.8,0.9,4.555555555555555,-0.670061099796334,10,0,0,0,,
10,71,0.8,1.8888888888888888,9.0,-0.6530612244897959,10,0,0,0,,
10,72,0.8,5.444444444444445,27.77777777777778,-0.6722408026755854,10,0,0,0,,
10,73,0.8,9.0,36.66666666666667,-0.6058394160583942,10,0,0,0,,
10,74,0.8,18.88888888888889,81.11111111111111,-0.6222222222222222,10,0,0,0,,
10,75,0.8,45.55555555555556,188.88888888888889,-0.6113744075829383,10,0,0,0,,
10,76,0.8,81.11111111111111,366.66666666666663,-0.6377171215880894,10,0,0,0,,
10,77,0.8,100.0,455.55555555555554,-0.64,10,0,0,0,,
10,78,0.8,188.88888888888889,1000.0,-0.6822429906542056,10,0,0,0,,
10,79,0.8,722.2222222222222,3000.0,-0.6119402985074627,10,0,0,0,,
10,80,0.8,0.001,0.003666666666666667,-0.5714285714285715,10,51,14,0,0.009908319448927675,1602.1336305478444
10,81,0.8,0.001888888888888889,0.007222222222222223,-0.5853658536585367,10,39,10,0,0.016069412530128772,1656.7107241638496
10,82,0.8,0.0054444444444444445,0.01888888888888889,-0.5525114155251142,10,24,3,0,0.034197944251370904,1365.3501473815618
10,83,0.8,0.009,0.027777777777777776,-0.5105740181268882,10,18,3,0,0.04764309868054156,1522.850591177088
10,84,0.8,0.01888888888888889,0.07222222222222222,-0.5853658536585367,10,8,0,0,0.304736490993996,1578.0026704082475
10,85,0.8,0.05444444444444445,0.18888888888888888,-0.5525114155251141,10,0,0,0,,
10,86,0.8,0.09,0.2777777777777778,-0.5105740181268883,10,0,0,0,,
10,87,0.8,0.18888888888888888,0.6333333333333333,-0.5405405405405406,10,0,0,0,,
10,88,0.8,0.2777777777777778,1.0,-0.5652173913043479,10,0,0,0,,
10,89,0.8,0.8111111111111111,2.7777777777777777,-0.5479876160990712,10,0,0,0,,
10,90,0.8,1.8888888888888888,6.333333333333333,-0.5405405405405406,10,0,0,0,,
10,91,0.8,2.7777777777777777,10.0,-0.5652173913043478,10,0,0,0,,
10,92,0.8,8.11111111111111,27.77777777777778,-0.5479876160990713,10,0,0,0,,
10,93,0.8,10.0,36.66666666666667,-0.5714285714285715,10,0,0,0,,
10,94,0.8,27.77777777777778,90.0,-0.5283018867924528,10,0,0,0,,
10,95,0.8,72.22222222222223,277.77777777777777,-0.5873015873015872,10,0,0,0,,
10,96,0.8,100.0,366.66666666666663,-0.5714285714285714,10,0,0,0,,
10,97,0.8,277.77777777777777,900.0,-0.5283018867924527,10,0,0,0,,
10,98,0.8,633.3333333333333,2000.0,-0.518987341772152,10,0,0,0,,
10,99,0.8,1000.0,3000.0,-0.5,10,0,0,0,,
10,100,0.8,0.001,0.002777777777777778,-0.47058823529411764,10,48,15,0,0.009036494737223014,1653.3395674046956
10,101,0.8,0.001888888888888889,0.0054444444444444445,-0.48484848484848486,10,39,11,0,0.014723125024327193,1605.9195771498573
10,102,0.8,0.003666666666666667,0.009,-0.4210526315789473,10,29,6,0,0.022698648518838214,1566.107771661446
10,103,0.8,0.007222222222222223,0.01888888888888889,-0.4468085106382978,10,22,4,0,0.03837072454922788,1434.6396837435036
10,104,0.8,0.01888888888888889,0.05444444444444445,-0.4848484848484849,10,12,1,0,0.28312208138759176,1464.5682306890508
10,105,0.8,0.027777777777777776,0.0811111111111111,-0.4897959183673469,10,6,0,0,0.34916611074049364,1548.1442621616231
10,106,0.8,0.06333333333333332,0.18888888888888888,-0.4977973568281938,10,0,0,0,,
10,107,0.8,0.18888888888888888,0.4555555555555556,-0.4137931034482759,10,0,0,0,,
10,108,0.8,0.2777777777777778,0.8111111111111111,-0.48979591836734687,10,0,0,0,,
10,109,0.8,0.6333333333333333,1.8888888888888888,-0.4977973568281938,10,0,0,0,,
10,110,0.8,1.0,2.7777777777777777,-0.47058823529411764,10,0,0,0,,
10,111,0.8,2.7777777777777777,7.222222222222221,-0.44444444444444436,10,0,0,0,,
10,112,0.8,3.6666666666666665,10.0,-0.46341463414634154,10,0,0,0,,
10,113,0.8,10.0,27.77777777777778,-0.47058823529411764,10,0,0,0,,
10,114,0.8,27.77777777777778,72.22222222222223,-0.4444444444444445,10,0,0,0,,
10,115,0.8,36.66666666666667,90.0,-0.4210526315789473,10,0,0,0,,
10,116,0.8,72.22222222222223,188.88888888888889,-0.4468085106382979,10,0,0,0,,
10,117,0.8,188.88888888888889,544.4444444444445,-0.4848484848484848,10,0,0,0,,
10,118,0.8,366.66666666666663,900.0,-0.42105263157894746,10,0,0,0,,
10,119,0.8,811.1111111111111,2000.0,-0.42292490118577075,10,0,0,0,,
10,120,0.8,0.001,0.001888888888888889,-0.3076923076923077,10,43,16,0,0.0076913044028660985,1664.8436624909064
10,121,0.8,0.002777777777777778,0.006333333333333334,-0.39024390243902446,10,33,8,0,0.017864875748520515,1605.9849254722685
10,122,0.8,0.004555555555555556,0.009,-0.3278688524590163,10,27,6,0,0.024210290467361777,1562.8766280040368
10,123,0.8,0.009,0.01888888888888889,-0.354581673306773,10,19,3,0,0.041304750199016145,1328.5106574352487
10,124,0.8,0.027777777777777776,0.05444444444444445,-0.3243243243243244,10,9,0,0,0.30113408939292863,1299.3601760474633
10,125,0.8,0.03666666666666667,0.0811111111111111,-0.3773584905660377,10,5,0,0,0.3677785190126751,1544.3670162583437
10,126,0.8,0.0811111111111111,0.18888888888888888,-0.39917695473251025,10,0,0,0,,
10,127,0.8,0.18888888888888888,0.3666666666666667,-0.32000000000000006,10,0,0,0,,
10,128,0.8,0.3666666666666667,0.7222222222222222,-0.3265306122448979,10,0,0,0,,
10,129,0.8,0.4555555555555556,1.0,-0.37404580152671746,10,0,0,0,,
10,130,0.8,1.8888888888888888,3.6666666666666665,-0.32,10,0,0,0,,
10,131,0.8,3.6666666666666665,7.222222222222221,-0.32653061224489793,10,0,0,0,,
10,132,0.8,4.555555555555555,10.0,-0.37404580152671757,10,0,0,0,,
10,133,0.8,10.0,18.88888888888889,-0.3076923076923077,10,0,0,0,,
10,134,0.8,27.77777777777778,63.333333333333336,-0.3902439024390244,10,0,0,0,,
10,135,0.8,45.55555555555556,90.0,-0.3278688524590164,10,0,0,0,,
10,136,0.8,90.0,188.88888888888889,-0.35458167330677287,10,0,0,0,,
10,137,0.8,277.77777777777777,544.4444444444445,-0.32432432432432434,10,0,0,0,,
10,138,0.8,366.66666666666663,811.1111111111111,-0.3773584905660377,10,0,0,0,,
10,139,0.8,1000.0,2000.0,-0.3333333333333333,10,0,0,0,,
10,140,0.8,0.002777777777777778,0.004555555555555556,-0.2424242424242424,10,32,10,0,0.015346169827992941,1373.5894734172887
10,141,0.8,0.004555555555555556,0.007222222222222223,-0.22641509433962265,10,29,7,0,0.02177709772353159,1570.621113274914
10,142,0.8,0.0054444444444444445,0.009,-0.2461538461538461,10,27,6,0,0.025468302525850417,1575.4681429818513
10,143,0.8,0.006333333333333334,0.01,-0.2244897959183673,10,26,6,0,0.027797132677592883,1446.9605324634608
10,144,0.8,0.03666666666666667,0.06333333333333332,-0.2666666666666666,10,5,1,0,0.33055370246831217,1295.7914700533947
10,145,0.8,0.05444444444444445,0.09,-0.24615384615384614,10,2,0,0,0.6205470313542361,458.76681674498064
10,146,0.8,0.06333333333333332,0.1,-0.22448979591836743,10,2,0,0,0.6571714476317544,338.5656701658444
10,147,0.8,0.3666666666666667,0.6333333333333333,-0.2666666666666666,10,0,0,0,,
10,148,0.8,0.4555555555555556,0.8111111111111111,-0.2807017543859649,10,0,0,0,,
10,149,0.8,0.5444444444444445,1.0,-0.29496402877697836,10,0,0,0,,
10,150,0.8,3.6666666666666665,6.333333333333333,-0.26666666666666666,10,0,0,0,,
10,151,0.8,4.555555555555555,8.11111111111111,-0.2807017543859649,10,0,0,0,,
10,152,0.8,5.444444444444445,10.0,-0.2949640287769784,10,0,0,0,,
10,153,0.8,27.77777777777778,45.55555555555556,-0.2424242424242424,10,0,0,0,,
10,154,0.8,45.55555555555556,72.22222222222223,-0.22641509433962267,10,0,0,0,,
10,155,0.8,54.44444444444444,100.0,-0.2949640287769784,10,0,0,0,,
10,156,0.8,277.77777777777777,455.55555555555554,-0.24242424242424243,10,0,0,0,,
10,157,0.8,455.55555555555554,722.2222222222222,-0.2264150943396226,10,0,0,0,,
10,158,0.8,544.4444444444445,900.0,-0.24615384615384617,10,0,0,0,,
10,159,0.8,2000.0,3000.0,-0.2,10,0,0,0,,
10,160,0.8,0.001888888888888889,0.002777777777777778,-0.19047619047619047,10,40,12,0,0.010864256236170655,1617.6127042629475
10,161,0.8,0.003666666666666667,0.0054444444444444445,-0.19512195121951215,10,33,8,0,0.017947336268325266,1615.6448216446
10,162,0.8,0.006333333333333334,0.00811111111111111,-0.123076923076923,10,31,6,0,0.024774220576332863,1534.224470826225
10,163,0.8,0.00811111111111111,0.01,-0.1042944785276074,10,25,5,0,0.02924152377843337,1503.5219157811239
10,164,0.8,0.03666666666666667,0.04555555555555556,-0.10810810810810813,10,9,1,0,0.28132088058705806,1344.8114485647438
10,165,0.8,0.05444444444444445,0.0811111111111111,-0.1967213114754098,10,3,0,0,0.5899266177451634,1399.4531450292786
10,166,0.8,0.07222222222222222,0.1,-0.16129032258064524,10,2,0,0,0.6601734489659773,343.5408085725152
10,167,0.8,0.3666666666666667,0.4555555555555556,-0.10810810810810811,10,0,0,0,,
10,168,0.8,0.5444444444444445,0.7222222222222222,-0.1403508771929824,10,0,0,0,,
10,169,0.8,0.7222222222222222,0.9,-0.10958904109589043,10,0,0,0,,
10,170,0.8,2.7777777777777777,3.6666666666666665,-0.13793103448275862,10,0,0,0,,
10,171,0.8,5.444444444444445,7.222222222222221,-0.1403508771929824,10,0,0,0,,
10,172,0.8,6.333333333333333,9.0,-0.1739130434782609,10,0,0,0,,
10,173,0.8,18.88888888888889,27.77777777777778,-0.19047619047619047,10,0,0,0,,
10,174,0.8,45.55555555555556,63.333333333333336,-0.163265306122449,10,0,0,0,,
10,175,0.8,63.333333333333336,90.0,-0.17391304347826084,10,0,0,0,,
10,176,0.8,81.11111111111111,100.0,-0.10429447852760734,10,0,0,0,,
10,177,0.8,366.66666666666663,544.4444444444445,-0.19512195121951226,10,0,0,0,,
10,178,0.8,633.3333333333333,811.1111111111111,-0.12307692307692313,10,0,0,0,,
10,179,0.8,811.1111111111111,1000.0,-0.10429447852760737,10,0,0,0,,
10,180,0.8,0.001,0.001,0.0,10,54,18,0,0.005395106225151279,1638.3334519644682
10,181,0.8,0.004555555555555556,0.0054444444444444445,-0.08888888888888886,10,37,8,0,0.018620871366628676,1468.9770226760738
10,182,0.8,0.007222222222222223,0.007222222222222223,0.0,10,29,6,0,0.023659196974857587,1560.8792279060822
10,183,0.8,0.009,0.01,-0.05263157894736847,10,25,5,0,0.029648313895243424,1613.902342165782
10,184,0.8,0.04555555555555556,0.04555555555555556,0.0,10,9,2,0,0.28252168112074716,1434.811384224669
10,185,0.8,0.06333333333333332,0.07222222222222222,-0.0655737704918033,10,3,0,0,0.5569046030687125,1428.923362338174
10,186,0.8,0.09,0.09,0.0,10,2,0,0,0.6265510340226818,438.18215933296057
10,187,0.8,0.4555555555555556,0.4555555555555556,0.0,10,0,0,0,,
10,188,0.8,0.6333333333333333,0.7222222222222222,-0.06557377049180328,10,0,0,0,,
10,189,0.8,0.9,0.9,0.0,10,0,0,0,,
10,190,0.8,3.6666666666666665,3.6666666666666665,0.0,10,0,0,0,,
10,191,0.8,6.333333333333333,6.333333333333333,0.0,10,0,0,0,,
10,192,0.8,8.11111111111111,9.0,-0.05194805194805197,10,0,0,0,,
10,193,0.8,36.66666666666667,36.66666666666667,0.0,10,0,0,0,,
10,194,0.8,63.333333333333336,63.333333333333336,0.0,10,0,0,0,,
10,195,0.8,81.11111111111111,90.0,-0.05194805194805193,10,0,0,0,,
10,196,0.8,277.77777777777777,277.77777777777777,0.0,10,0,0,0,,
10,197,0.8,544.4444444444445,633.3333333333333,-0.07547169811320747,10,0,0,0,,
10,198,0.8,811.1111111111111,811.1111111111111,0.0,10,0,0,0,,
10,199,0.8,3000.0,3000.0,0.0,10,0,0,0,,
10,200,0.8,0.0054444444444444445,0.004555555555555556,0.08888888888888886,10,33,8,0,0.017139573075084253,1563.9719939940014
10,201,0.8,0.006333333333333334,0.0054444444444444445,0.0754716981132076,10,30,7,0,0.019498445997580455,1627.491093363014
10,202,0.8,0.00811111111111111,0.007222222222222223,0.057971014492753555,10,27,6,0,0.023988329190194897,1593.9846594223927
10,203,0.8,0.01,0.009,0.05263157894736847,10,24,5,0,0.02818382931264455,1579.8775373183385
10,204,0.8,0.06333333333333332,0.05444444444444445,0.07547169811320745,10,7,0,0,0.3113408939292862,1262.4046823630886
10,205,0.8,0.0811111111111111,0.07222222222222222,0.05797101449275364,10,4,0,0,0.3635757171447631,821.5835690292868
10,206,0.8,0.1,0.09,0.05263157894736847,10,2,0,0,0.6265510340226818,449.41867563138163
10,207,0.8,0.5444444444444445,0.4555555555555556,0.0888888888888889,10,0,0,0,,
10,208,0.8,0.7222222222222222,0.6333333333333333,0.06557377049180328,10,0,0,0,,
10,209,0.8,0.9,0.8111111111111111,0.05194805194805195,10,0,0,0,,
10,210,0.8,5.444444444444445,4.555555555555555,0.08888888888888893,10,0,0,0,,
10,211,0.8,7.222222222222221,6.333333333333333,0.06557377049180325,10,0,0,0,,
10,212,0.8,9.0,8.11111111111111,0.05194805194805197,10,0,0,0,,
10,213,0.8,10.0,9.0,0.05263157894736842,10,0,0,0,,
10,214,0.8,63.333333333333336,54.44444444444444,0.07547169811320759,10,0,0,0,,
10,215,0.8,81.11111111111111,72.22222222222223,0.057971014492753596,10,0,0,0,,
10,216,0.8,100.0,90.0,0.05263157894736842,10,0,0,0,,
10,217,0.8,633.3333333333333,544.4444444444445,0.07547169811320747,10,0,0,0,,
10,218,0.8,811.1111111111111,722.2222222222222,0.057971014492753645,10,0,0,0,,
10,219,0.8,1000.0,900.0,0.05263157894736842,10,0,0,0,,
10,220,0.8,0.002777777777777778,0.001888888888888889,0.19047619047619047,10,49,12,0,0.009036494737223014,1595.2517684921008
10,221,0.8,0.0054444444444444445,0.003666666666666667,0.19512195121951215,10,38,9,0,0.014859356422870075,1628.1588182737667
10,222,0.8,0.00811111111111111,0.006333333333333334,0.123076923076923,10,31,6,0,0.022080047330188993,1569.7707965577679
10,223,0.8,0.01,0.00811111111111111,0.1042944785276074,10,25,5,0,0.026424087573219474,1578.2199781964669
10,224,0.8,0.05444444444444445,0.03666666666666667,0.19512195121951223,10,10,2,0,0.2507004669779853,1255.2600411516937
10,225,0.8,0.0811111111111111,0.05444444444444445,0.1967213114754098,10,7,1,0,0.3107404936624416,1505.7410491436867
10,226,0.8,0.1,0.07222222222222222,0.16129032258064524,10,3,0,0,0.5569046030687125,1154.3289809600878
10,227,0.8,0.4555555555555556,0.3666666666666667,0.10810810810810811,10,0,0,0,,
10,228,0.8,0.8111111111111111,0.5444444444444445,0.19672131147540978,10,0,0,0,,
10,229,0.8,1.0,0.7222222222222222,0.16129032258064516,10,0,0,0,,
10,230,0.8,3.6666666666666665,2.7777777777777777,0.13793103448275862,10,0,0,0,,
10,231,0.8,7.222222222222221,5.444444444444445,0.1403508771929824,10,0,0,0,,
10,232,0.8,9.0,7.222222222222221,0.10958904109589046,10,0,0,0,,
10,233,0.8,36.66666666666667,27.77777777777778,0.13793103448275865,10,0,0,0,,
10,234,0.8,72.22222222222223,54.44444444444444,0.1403508771929825,10,0,0,0,,
10,235,0.8,90.0,63.333333333333336,0.17391304347826084,10,0,0,0,,
10,236,0.8,277.77777777777777,188.88888888888889,0.1904761904761905,10,0,0,0,,
10,237,0.8,633.3333333333333,455.55555555555554,0.16326530612244894,10,0,0,0,,
10,238,0.8,900.0,633.3333333333333,0.17391304347826092,10,0,0,0,,
10,239,0.8,3000.0,2000.0,0.2,10,0,0,0,,
10,240,0.8,0.004555555555555556,0.002777777777777778,0.2424242424242424,10,38,9,0,0.012133888504649774,1655.238997859296
10,241,0.8,0.007222222222222223,0.004555555555555556,0.22641509433962265,10,30,7,0,0.01753880501841762,1587.391720327989
10,242,0.8,0.009,0.0054444444444444445,0.2461538461538461,10,29,7,0,0.020137242498623895,1598.2523681487764
10,243,0.8,0.01,0.006333333333333334,0.2244897959183673,10,27,5,0,0.022490546058357805,1589.8558047968809
10,244,0.8,0.06333333333333332,0.03666666666666667,0.2666666666666666,10,9,2,0,0.25010006671114077,819.3733599209829
10,245,0.8,0.0811111111111111,0.04555555555555556,0.2807017543859649,10,7,1,0,0.28132088058705806,1052.9501243253887
10,246,0.8,0.1,0.05444444444444445,0.2949640287769784,10,5,0,0,0.31014009339559706,1558.3095518291752
10,247,0.8,0.6333333333333333,0.3666666666666667,0.2666666666666666,10,0,0,0,,
10,248,0.8,0.8111111111111111,0.4555555555555556,0.2807017543859649,10,0,0,0,,
10,249,0.8,1.0,0.5444444444444445,0.29496402877697836,10,0,0,0,,
10,250,0.8,4.555555555555555,2.7777777777777777,0.24242424242424243,10,0,0,0,,
10,251,0.8,7.222222222222221,4.555555555555555,0.22641509433962262,10,0,0,0,,
10,252,0.8,9.0,5.444444444444445,0.24615384615384614,10,0,0,0,,
10,253,0.8,45.55555555555556,27.77777777777778,0.2424242424242424,10,0,0,0,,
10,254,0.8,72.22222222222223,45.55555555555556,0.22641509433962267,10,0,0,0,,
10,255,0.8,90.0,54.44444444444444,0.24615384615384614,10,0,0,0,,
10,256,0.8,100.0,63.333333333333336,0.22448979591836732,10,0,0,0,,
10,257,0.8,633.3333333333333,366.66666666666663,0.26666666666666666,10,0,0,0,,
10,258,0.8,811.1111111111111,455.55555555555554,0.28070175438596495,10,0,0,0,,
10,259,0.8,1000.0,633.3333333333333,0.2244897959183674,10,0,0,0,,
10,260,0.8,0.001888888888888889,0.001,0.3076923076923077,10,51,15,0,0.005701642722807478,1622.6482308020982
10,261,0.8,0.006333333333333334,0.002777777777777778,0.39024390243902446,10,34,9,0,0.012359474334445108,1579.929829165613
10,262,0.8,0.009,0.004555555555555556,0.3278688524590163,10,29,7,0,0.01778279410038923,1533.9002895010829
10,263,0.8,0.01888888888888889,0.009,0.354581673306773,10,21,4,0,0.029648313895243424,1438.2242487448168
10,264,0.8,0.05444444444444445,0.027777777777777776,0.3243243243243244,10,10,1,0,0.06854882264526613,1577.93988867758
10,265,0.8,0.0811111111111111,0.03666666666666667,0.3773584905660377,10,8,0,0,0.08511380382023767,1065.1182334055532
10,266,0.8,0.18888888888888888,0.0811111111111111,0.39917695473251025,10,3,0,0,0.5887258172114743,1460.4497275547628
10,267,0.8,0.3666666666666667,0.18888888888888888,0.32000000000000006,10,0,0,0,,
10,268,0.8,0.7222222222222222,0.3666666666666667,0.3265306122448979,10,0,0,0,,
10,269,0.8,1.0,0.4555555555555556,0.37404580152671746,10,0,0,0,,
10,270,0.8,3.6666666666666665,1.8888888888888888,0.32,10,0,0,0,,
10,271,0.8,7.222222222222221,3.6666666666666665,0.32653061224489793,10,0,0,0,,
10,272,0.8,10.0,4.555555555555555,0.37404580152671757,10,0,0,0,,
10,273,0.8,18.88888888888889,10.0,0.3076923076923077,10,0,0,0,,
10,274,0.8,63.333333333333336,27.77777777777778,0.3902439024390244,10,0,0,0,,
10,275,0.8,90.0,45.55555555555556,0.3278688524590164,10,0,0,0,,
10,276,0.8,188.88888888888889,90.0,0.35458167330677287,10,0,0,0,,
10,277,0.8,544.4444444444445,277.77777777777777,0.32432432432432434,10,0,0,0,,
10,278,0.8,811.1111111111111,366.66666666666663,0.3773584905660377,10,0,0,0,,
10,279,0.8,2000.0,1000.0,0.3333333333333333,10,0,0,0,,
10,280,0.8,0.002777777777777778,0.001,0.47058823529411764,10,52,14,0,0.005807644175213123,1591.7356422304981
10,281,0.8,0.0054444444444444445,0.001888888888888889,0.48484848484848486,10,42,10,0,0.009332543007969905,1548.4572490290789
10,282,0.8,0.009,0.003666666666666667,0.4210526315789473,10,29,8,0,0.015275660582380732,1516.4434454762793
10,283,0.8,0.01888888888888889,0.007222222222222223,0.4468085106382978,10,21,4,0,0.025468302525850417,1523.6963234529335
10,284,0.8,0.05444444444444445,0.01888888888888889,0.4848484848484849,10,13,2,0,0.05223961889991197,1449.8675909882486
10,285,0.8,0.09,0.03666666666666667,0.4210526315789474,10,8,1,0,0.2476984656437625,856.8853043741024
10,286,0.8,0.18888888888888888,0.07222222222222222,0.44680851063829796,10,3,0,0,0.552101400933956,1464.886093887346
10,287,0.8,0.4555555555555556,0.18888888888888888,0.4137931034482759,10,0,0,0,,
10,288,0.8,0.8111111111111111,0.2777777777777778,0.48979591836734687,10,0,0,0,,
10,289,0.8,1.8888888888888888,0.6333333333333333,0.4977973568281938,10,0,0,0,,
10,290,0.8,4.555555555555555,1.8888888888888888,0.4137931034482758,10,0,0,0,,
10,291,0.8,8.11111111111111,2.7777777777777777,0.48979591836734687,10,0,0,0,,
10,292,0.8,18.88888888888889,6.333333333333333,0.4977973568281939,10,0,0,0,,
10,293,0.8,27.77777777777778,10.0,0.47058823529411764,10,0,0,0,,
10,294,0.8,72.22222222222223,27.77777777777778,0.4444444444444445,10,0,0,0,,
10,295,0.8,100.0,36.66666666666667,0.4634146341463414,10,0,0,0,,
10,296,0.8,277.77777777777777,100.0,0.47058823529411764,10,0,0,0,,
10,297,0.8,722.2222222222222,277.77777777777777,0.4444444444444444,10,0,0,0,,
10,298,0.8,1000.0,366.66666666666663,0.46341463414634154,10,0,0,0,,
10,299,0.8,3000.0,1000.0,0.5,10,0,0,0,,
10,300,0.8,0.003666666666666667,0.001,0.5714285714285715,10,45,13,0,0.005834451042737447,1635.0592719089468
10,301,0.8,0.007222222222222223,0.001888888888888889,0.5853658536585367,10,34,9,0,0.009418895965228418,1587.0399844614174
10,302,0.8,0.01888888888888889,0.0054444444444444445,0.5525114155251142,10,23,5,0,0.020796966871036958,1574.7825281928924
10,303,0.8,0.027777777777777776,0.009,0.5105740181268882,10,17,2,0,0.03006076302628232,1344.331094456775
10,304,0.8,0.07222222222222222,0.01888888888888889,0.5853658536585367,10,12,2,0,0.05272298614228227,1168.4594749765986
10,305,0.8,0.1,0.027777777777777776,0.5652173913043479,10,11,2,0,0.07014552984199714,1513.1272608766817
10,306,0.8,0.2777777777777778,0.0811111111111111,0.5479876160990712,10,3,0,0,0.5845230153435623,1513.3907268883606
10,307,0.8,0.6333333333333333,0.18888888888888888,0.5405405405405406,10,0,0,0,,
10,308,0.8,1.0,0.2777777777777778,0.5652173913043479,10,0,0,0,,
10,309,0.8,2.7777777777777777,0.8111111111111111,0.5479876160990712,10,0,0,0,,
10,310,0.8,3.6666666666666665,1.0,0.5714285714285715,10,0,0,0,,
10,311,0.8,9.0,2.7777777777777777,0.5283018867924528,10,0,0,0,,
10,312,0.8,27.77777777777778,7.222222222222221,0.5873015873015873,10,0,0,0,,
10,313,0.8,36.66666666666667,10.0,0.5714285714285715,10,0,0,0,,
10,314,0.8,90.0,27.77777777777778,0.5283018867924528,10,0,0,0,,
10,315,0.8,188.88888888888889,54.44444444444444,0.5525114155251143,10,0,0,0,,
10,316,0.8,277.77777777777777,90.0,0.5105740181268882,10,0,0,0,,
10,317,0.8,722.2222222222222,188.88888888888889,0.5853658536585366,10,0,0,0,,
10,318,0.8,2000.0,544.4444444444445,0.572052401746725,10,0,0,0,,
10,319,0.8,3000.0,900.0,0.5384615384615384,10,0,0,0,,
10,320,0.8,0.004555555555555556,0.001,0.64,10,43,13,0,0.005861381645140285,1527.3612672217002
10,321,0.8,0.01,0.001888888888888889,0.6822429906542055,10,33,9,0,0.009462371613657929,1564.4356435692464
10,322,0.8,0.027777777777777776,0.006333333333333334,0.6286644951140065,10,20,4,0,0.02333458062281002,1469.8901743249073
10,323,0.8,0.04555555555555556,0.00811111111111111,0.6977225672877847,10,17,3,0,0.02818382931264455,1317.8367975238334
10,324,0.8,0.0811111111111111,0.01888888888888889,0.6222222222222222,10,11,2,0,0.05272298614228227,1230.6987007821117
10,325,0.8,0.18888888888888888,0.04555555555555556,0.6113744075829383,10,5,0,0,0.27531687791861237,1166.3407639634381
10,326,0.8,0.3666666666666667,0.0811111111111111,0.6377171215880892,10,3,0,0,0.5821214142761841,1110.3241181564458
10,327,0.8,0.5444444444444445,0.1,0.6896551724137931,10,2,0,0,0.6487658438959306,334.1761955952631
10,328,0.8,1.8888888888888888,0.3666666666666667,0.6748768472906403,10,0,0,0,,
10,329,0.8,3.6666666666666665,0.7222222222222222,0.6708860759493671,10,0,0,0,,
10,330,0.8,4.555555555555555,0.9,0.670061099796334,10,0,0,0,,
10,331,0.8,9.0,1.8888888888888888,0.6530612244897959,10,0,0,0,,
10,332,0.8,27.77777777777778,5.444444444444445,0.6722408026755854,10,0,0,0,,
10,333,0.8,45.55555555555556,8.11111111111111,0.6977225672877846,10,0,0,0,,
10,334,0.8,81.11111111111111,18.88888888888889,0.6222222222222222,10,0,0,0,,
10,335,0.8,188.88888888888889,45.55555555555556,0.6113744075829383,10,0,0,0,,
10,336,0.8,366.66666666666663,81.11111111111111,0.6377171215880894,10,0,0,0,,
10,337,0.8,455.55555555555554,100.0,0.64,10,0,0,0,,
10,338,0.8,1000.0,188.88888888888889,0.6822429906542056,10,0,0,0,,
10,339,0.8,3000.0,722.2222222222222,0.6119402985074627,10,0,0,0,,
10,340,0.8,0.006333333333333334,0.001,0.7272727272727273,10,38,12,0,0.00588843655355589,1610.077612905714
10,341,0.8,0.03666666666666667,0.004555555555555556,0.7789757412398922,10,20,5,0,0.018365383433483474,1417.0915946494576
10,342,0.8,0.05444444444444445,0.006333333333333334,0.7915904936014624,10,21,4,0,0.023550492838960088,1490.918728336806
10,343,0.8,0.06333333333333332,0.009,0.7511520737327189,10,17,3,0,0.03047894989627983,1512.7882760715438
10,344,0.8,0.09,0.01,0.8,10,18,3,0,0.03311311214825911,1598.7800152645716
10,345,0.8,0.3666666666666667,0.06333333333333332,0.7054263565891472,10,4,0,0,0.3275517011340894,1224.6170684780643
10,346,0.8,0.5444444444444445,0.0811111111111111,0.7406749555950266,10,3,0,0,0.5785190126751167,758.3282593092453
10,347,0.8,0.7222222222222222,0.0811111111111111,0.7980636237897648,10,3,0,0,0.575517011340894,1479.8250438283007
10,348,0.8,2.7777777777777777,0.3666666666666667,0.7667844522968198,10,0,0,0,,
10,349,0.8,4.555555555555555,0.6333333333333333,0.7558886509635975,10,0,0,0,,
10,350,0.8,6.333333333333333,0.7222222222222222,0.795275590551181,10,0,0,0,,
10,351,0.8,7.222222222222221,1.0,0.7567567567567567,10,0,0,0,,
10,352,0.8,36.66666666666667,4.555555555555555,0.7789757412398921,10,0,0,0,,
10,353,0.8,54.44444444444444,6.333333333333333,0.7915904936014625,10,0,0,0,,
10,354,0.8,63.333333333333336,9.0,0.7511520737327189,10,0,0,0,,
10,355,0.8,90.0,10.0,0.8,10,0,0,0,,
10,356,0.8,366.66666666666663,63.333333333333336,0.7054263565891473,10,0,0,0,,
10,357,0.8,544.4444444444445,81.11111111111111,0.7406749555950267,10,0,0,0,,
10,358,0.8,722.2222222222222,81.11111111111111,0.7980636237897649,10,0,0,0,,
10,359,0.8,3000.0,455.55555555555554,0.7363344051446945,10,0,0,0,,
10,360,0.8,0.009,0.001,0.8000000000000002,10,39,12,0,0.005915616341754743,1620.5348667011344
10,361,0.8,0.04555555555555556,0.003666666666666667,0.8510158013544019,10,25,5,0,0.015631476426409538,1531.350295327256
10,362,0.8,0.07222222222222222,0.0054444444444444445,0.8597997138769671,10,21,5,0,0.021086281499332886,1509.8141477788552
10,363,0.8,0.09,0.006333333333333334,0.8685121107266437,10,19,4,0,0.023550492838960088,1535.8467327884166
10,364,0.8,0.18888888888888888,0.01,0.8994413407821228,10,16,2,0,0.03311311214825911,1443.246802779724
10,365,0.8,0.5444444444444445,0.04555555555555556,0.8455743879472692,10,4,0,0,0.2681120747164777,1108.17182392183
10,366,0.8,0.8111111111111111,0.04555555555555556,0.8936446173800259,10,5,0,0,0.2657104736490994,1412.5043522369901
10,367,0.8,0.9,0.09,0.8181818181818182,10,2,0,0,0.6073382254836557,467.465484018963
10,368,0.8,2.7777777777777777,0.2777777777777778,0.8181818181818182,10,0,0,0,,
10,369,0.8,6.333333333333333,0.4555555555555556,0.8657937806873977,10,0,0,0,,
10,370,0.8,8.11111111111111,0.7222222222222222,0.8364779874213837,10,0,0,0,,
10,371,0.8,10.0,0.7222222222222222,0.8652849740932644,10,0,0,0,,
10,372,0.8,45.55555555555556,2.7777777777777777,0.8850574712643677,10,0,0,0,,
10,373,0.8,72.22222222222223,4.555555555555555,0.8813314037626627,10,0,0,0,,
10,374,0.8,90.0,5.444444444444445,0.8859138533178115,10,0,0,0,,
10,375,0.8,100.0,10.0,0.8181818181818182,10,0,0,0,,
10,376,0.8,544.4444444444445,36.66666666666667,0.8738049713193117,10,0,0,0,,
10,377,0.8,722.2222222222222,72.22222222222223,0.8181818181818182,10,0,0,0,,
10,378,0.8,900.0,81.11111111111111,0.8346545866364666,10,0,0,0,,
10,379,0.8,3000.0,277.77777777777777,0.8305084745762712,10,0,0,0,,
10,380,0.8,0.027777777777777776,0.001,0.9305019305019304,10,31,10,0,0.005915616341754743,1648.9813835898192
10,381,0.8,0.4555555555555556,0.003666666666666667,0.9840309702395356,10,23,5,0,0.01570362804333553,1609.772290174046
10,382,0.8,0.9,0.003666666666666667,0.9918849133161194,10,24,4,0,0.01570362804333553,1615.7937520434295
10,383,0.8,2.7777777777777777,0.0811111111111111,0.94325689856199,10,3,0,0,0.5659106070713809,1479.52722617656
10,384,0.8,5.444444444444445,0.09,0.9674764103593656,10,2,0,0,0.5953302201467645,551.5689762011862
10,385,0.8,8.11111111111111,0.04555555555555556,0.98882985969214,10,7,0,0,0.2579052701801201,1076.459875914364
10,386,0.8,18.88888888888889,0.006333333333333334,0.9993296365336328,10,19,2,0,0.023659196974857587,1633.424040254286
10,387,0.8,36.66666666666667,0.01888888888888889,0.998970227458582,10,11,1,0,0.05345643593969719,1284.219014547146
10,388,0.8,54.44444444444444,0.027777777777777776,0.9989801121876594,10,9,0,0,0.07112135136533289,1522.5704832309286
10,389,0.8,72.22222222222223,0.027777777777777776,0.9992310649750098,10,9,0,0,0.07112135136533289,1232.3236409874726
10,390,0.8,90.0,0.009,0.9998000199980002,10,14,1,0,0.03076096814740708,1398.9055427254673
10,391,0.8,188.88888888888889,0.0054444444444444445,0.9999423546027204,10,18,3,0,0.021086281499332886,1539.7613860469799
10,392,0.8,277.77777777777777,1.0,0.9928258270227183,10,0,0,0,,
10,393,0.8,455.55555555555554,0.03666666666666667,0.9998390373457745,10,7,0,0,0.22548365577051369,996.6793834860139
10,394,0.8,544.4444444444445,7.222222222222221,0.9738167170191341,10,0,0,0,,
10,395,0.8,722.2222222222222,0.06333333333333332,0.9998246307631483,10,4,0,0,0.3065376917945297,1355.8787441995012
10,396,0.8,811.1111111111111,8.11111111111111,0.9801980198019803,10,0,0,0,,
10,397,0.8,1000.0,0.04555555555555556,0.9999088930393171,10,7,0,0,0.2543028685790527,1369.2643211580244
10,398,0.8,2000.0,5.444444444444445,0.9945703363067206,10,0,0,0,,
10,399,0.8,3000.0,100.0,0.9354838709677419,10,0,0,0,,
11,0,0.9,0.001,0.027777777777777776,-0.9305019305019304,10,39,9,0,0.01224616199265049,1546.2090719615587
11,1,0.9,0.001888888888888889,0.7222222222222222,-0.9947828755562373,10,25,7,0,0.0162181009735893,1554.4256430537941
11,2,0.9,0.002777777777777778,54.44444444444444,-0.9998979643895719,10,21,6,0,0.010423174293933047,1572.582785421056
11,3,0.9,0.004555555555555556,0.1,-0.9128586609989372,10,17,4,0,0.03597493351557424,1446.872327135697
11,4,0.9,0.0054444444444444445,45.55555555555556,-0.9997610041726721,10,14,4,0,0.017947336268325266,1633.9840291389828
11,5,0.9,0.007222222222222223,0.5444444444444445,-0.9738167170191339,10,13,3,0,0.04528975799036209,1232.7153747196064
11,6,0.9,0.00811111111111111,90.0,-0.999819769329431,10,13,4,0,0.020892961308540386,1666.1672245018572
11,7,0.9,0.01,2.7777777777777777,-0.9928258270227184,10,11,3,0,0.04742419852602448,1533.6428699392252
11,8,0.9,0.01888888888888889,722.2222222222222,-0.9999476936757038,10,7,2,0,0.024210290467361777,1540.4098854551569
11,9,0.9,0.03666666666666667,90.0,-0.999185517011588,10,5,2,0,0.06456542290346556,1453.024738812168
11,10,0.9,0.05444444444444445,81.11111111111111,-0.998658434749278,10,3,1,0,0.08871560120379608,653.4202091095473
11,11,0.9,0.07222222222222222,100.0,-0.9985565980125465,10,3,1,0,0.10480320213475651,735.1040957693127
11,12,0.9,0.09,188.88888888888889,-0.9990475126557345,10,2,1,0,0.10720480320213477,933.8920060738903
11,13,0.9,0.18888888888888888,633.3333333333333,-0.9994036866197801,10,2,1,0,0.14022681787858574,740.8290632307569
11,14,0.9,0.4555555555555556,45.55555555555556,-0.9801980198019802,10,0,0,0,,
11,15,0.9,0.7222222222222222,36.66666666666667,-0.9613670133729569,10,0,0,0,,
11,16,0.9,1.0,45.55555555555556,-0.9570405727923628,10,0,0,0,,
11,17,0.9,3.6666666666666665,544.4444444444445,-0.9866207176160553,10,0,0,0,,
11,18,0.9,8.11111111111111,900.0,-0.9821363024593173,10,0,0,0,,
11,19,0.9,100.0,3000.0,-0.9354838709677419,10,0,0,0,,
11,20,0.9,0.001,0.009,-0.8000000000000002,10,54,13,0,0.011748975549395291,1586.2052479919732
11,21,0.9,0.003666666666666667,0.05444444444444445,-0.8738049713193117,10,24,4,0,0.03090295432513592,1518.7856902382969
11,22,0.9,0.0054444444444444445,0.0811111111111111,-0.8741976893453145,10,17,3,0,0.04073802778041126,1402.4263696234273
11,23,0.9,0.007222222222222223,0.09,-0.8514285714285713,10,14,2,0,0.04965923214503363,1408.1531411373317
11,24,0.9,0.01,0.18888888888888888,-0.8994413407821228,10,10,1,0,0.06194410750767818,1617.495743330495
11,25,0.9,0.04555555555555556,0.5444444444444445,-0.8455743879472692,10,1,0,0,0.7994663108739158,339.4870363363904
11,26,0.9,0.06333333333333332,0.6333333333333333,-0.8181818181818181,10,1,0,0,0.9465643762508338,163.68261730775987
11,27,0.9,0.0811111111111111,0.9,-0.8346545866364665,10,0,0,0,,
11,28,0.9,0.2777777777777778,2.7777777777777777,-0.8181818181818182,10,0,0,0,,
11,29,0.9,0.4555555555555556,7.222222222222221,-0.8813314037626627,10,0,0,0,,
11,30,0.9,0.6333333333333333,9.0,-0.8685121107266437,10,0,0,0,,
11,31,0.9,0.9,9.0,-0.8181818181818181,10,0,0,0,,
11,32,0.9,3.6666666666666665,36.66666666666667,-0.8181818181818183,10,0,0,0,,
11,33,0.9,5.444444444444445,63.333333333333336,-0.8416801292407108,10,0,0,0,,
11,34,0.9,7.222222222222221,72.22222222222223,-0.818181818181818,10,0,0,0,,
11,35,0.9,10.0,100.0,-0.8181818181818182,10,0,0,0,,
11,36,0.9,36.66666666666667,633.3333333333333,-0.8905472636815921,10,0,0,0,,
11,37,0.9,54.44444444444444,900.0,-0.8859138533178114,10,0,0,0,,
11,38,0.9,72.22222222222223,1000.0,-0.8652849740932643,10,0,0,0,,
11,39,0.9,277.77777777777777,3000.0,-0.8305084745762712,10,0,0,0,,
11,40,0.9,0.001,0.006333333333333334,-0.7272727272727273,10,53,14,0,0.011168632477805612,1554.986439060269
11,41,0.9,0.004555555555555556,0.027777777777777776,-0.718213058419244,10,26,5,0,0.03372873086588689,1397.3708886290221
11,42,0.9,0.006333333333333334,0.05444444444444445,-0.7915904936014624,10,18,2,0,0.044463126746910886,1529.4869031037097
11,43,0.9,0.00811111111111111,0.07222222222222222,-0.7980636237897648,10,15,2,0,0.053210825926679424,1462.4052457364282
11,44,0.9,0.01,0.0811111111111111,-0.7804878048780489,10,10,0,0,0.061094202490557206,1456.3069339667227
11,45,0.9,0.05444444444444445,0.3666666666666667,-0.7414248021108178,10,1,0,0,0.8775183455637091,121.88760063487496
11,46,0.9,0.07222222222222222,0.5444444444444445,-0.7657657657657659,10,0,0,0,,
11,47,0.9,0.09,0.6333333333333333,-0.751152073732719,10,0,0,0,,
11,48,0.9,0.3666666666666667,2.7777777777777777,-0.7667844522968198,10,0,0,0,,
11,49,0.9,0.6333333333333333,4.555555555555555,-0.7558886509635975,10,0,0,0,,
11,50,0.9,0.8111111111111111,5.444444444444445,-0.7406749555950267,10,0,0,0,,
11,51,0.9,1.0,6.333333333333333,-0.7272727272727273,10,0,0,0,,
11,52,0.9,4.555555555555555,36.66666666666667,-0.7789757412398921,10,0,0,0,,
11,53,0.9,7.222222222222221,45.55555555555556,-0.7263157894736842,10,0,0,0,,
11,54,0.9,9.0,54.44444444444444,-0.7162872154115587,10,0,0,0,,
11,55,0.9,10.0,81.11111111111111,-0.7804878048780488,10,0,0,0,,
11,56,0.9,54.44444444444444,455.55555555555554,-0.7864923747276688,10,0,0,0,,
11,57,0.9,72.22222222222223,633.3333333333333,-0.7952755905511812,10,0,0,0,,
11,58,0.9,90.0,722.2222222222222,-0.7783857729138167,10,0,0,0,,
11,59,0.9,455.55555555555554,3000.0,-0.7363344051446945,10,0,0,0,,
11,60,0.9,0.001,0.004555555555555556,-0.64,10,47,14,0,0.010423174293933047,1561.2186358471831
11,61,0.9,0.001888888888888889,0.01,-0.6822429906542055,10,39,9,0,0.017218685749860078,1590.8037789096516
11,62,0.9,0.006333333333333334,0.027777777777777776,-0.6286644951140065,10,19,3,0,0.03999447497610974,1646.7801503117316
11,63,0.9,0.009,0.03666666666666667,-0.6058394160583941,10,17,1,0,0.050815944256056046,1545.9841367264
11,64,0.9,0.01888888888888889,0.0811111111111111,-0.6222222222222222,10,6,1,0,0.3077384923282188,1496.7789029986725
11,65,0.9,0.04555555555555556,0.18888888888888888,-0.6113744075829383,10,0,0,0,,
11,66,0.9,0.0811111111111111,0.3666666666666667,-0.6377171215880892,10,0,0,0,,
11,67,0.9,0.1,0.5444444444444445,-0.6896551724137931,10,0,0,0,,
11,68,0.9,0.3666666666666667,1.8888888888888888,-0.6748768472906403,10,0,0,0,,
11,69,0.9,0.7222222222222222,3.6666666666666665,-0.6708860759493671,10,0,0,0,,
11,70,0.9,0.9,4.555555555555555,-0.670061099796334,10,0,0,0,,
11,71,0.9,1.8888888888888888,9.0,-0.6530612244897959,10,0,0,0,,
11,72,0.9,5.444444444444445,27.77777777777778,-0.6722408026755854,10,0,0,0,,
11,73,0.9,9.0,36.66666666666667,-0.6058394160583942,10,0,0,0,,
11,74,0.9,18.88888888888889,81.11111111111111,-0.6222222222222222,10,0,0,0,,
11,75,0.9,45.55555555555556,188.88888888888889,-0.6113744075829383,10,0,0,0,,
11,76,0.9,81.11111111111111,366.66666666666663,-0.6377171215880894,10,0,0,0,,
11,77,0.9,100.0,455.55555555555554,-0.64,10,0,0,0,,
11,78,0.9,188.88888888888889,1000.0,-0.6822429906542056,10,0,0,0,,
11,79,0.9,722.2222222222222,3000.0,-0.6119402985074627,10,0,0,0,,
11,80,0.9,0.001,0.003666666666666667,-0.5714285714285715,10,49,15,0,0.009772372209558112,1596.7572622187902
11,81,0.9,0.001888888888888889,0.007222222222222223,-0.5853658536585367,10,42,10,0,0.01584893192461114,1713.553706606723
11,82,0.9,0.0054444444444444445,0.01888888888888889,-0.5525114155251142,10,24,5,0,0.03357376142429549,1489.90566978188
11,83,0.9,0.009,0.027777777777777776,-0.5105740181268882,10,21,3,0,0.046773514128719815,1509.1738436687986
11,84,0.9,0.01888888888888889,0.07222222222222222,-0.5853658536585367,10,10,0,0,0.08550667128846832,1524.072692401801
11,85,0.9,0.05444444444444445,0.18888888888888888,-0.5525114155251141,10,0,0,0,,
11,86,0.9,0.09,0.2777777777777778,-0.5105740181268883,10,0,0,0,,
11,87,0.9,0.18888888888888888,0.6333333333333333,-0.5405405405405406,10,0,0,0,,
11,88,0.9,0.2777777777777778,1.0,-0.5652173913043479,10,0,0,0,,
11,89,0.9,0.8111111111111111,2.7777777777777777,-0.5479876160990712,10,0,0,0,,
11,90,0.9,1.8888888888888888,6.333333333333333,-0.5405405405405406,10,0,0,0,,
11,91,0.9,2.7777777777777777,10.0,-0.5652173913043478,10,0,0,0,,
11,92,0.9,8.11111111111111,27.77777777777778,-0.5479876160990713,10,0,0,0,,
11,93,0.9,10.0,36.66666666666667,-0.5714285714285715,10,0,0,0,,
11,94,0.9,27.77777777777778,90.0,-0.5283018867924528,10,0,0,0,,
11,95,0.9,72.22222222222223,277.77777777777777,-0.5873015873015872,10,0,0,0,,
11,96,0.9,100.0,366.66666666666663,-0.5714285714285714,10,0,0,0,,
11,97,0.9,277.77777777777777,900.0,-0.5283018867924527,10,0,0,0,,
11,98,0.9,633.3333333333333,2000.0,-0.518987341772152,10,0,0,0,,
11,99,0.9,1000.0,3000.0,-0.5,10,0,0,0,,
11,100,0.9,0.001,0.002777777777777778,-0.47058823529411764,10,49,15,0,0.008830799004185623,1579.1982009606031
11,101,0.9,0.001888888888888889,0.0054444444444444445,-0.48484848484848486,10,41,11,0,0.014387985782558451,1645.0794160509345
11,102,0.9,0.003666666666666667,0.009,-0.4210526315789473,10,32,6,0,0.021978598727848252,1657.2826927281355
11,103,0.9,0.007222222222222223,0.01888888888888889,-0.4468085106382978,10,25,5,0,0.03732501577957206,1464.5423422979866
11,104,0.9,0.01888888888888889,0.05444444444444445,-0.4848484848484849,10,12,1,0,0.2747164776517679,1324.7178883238248
11,105,0.9,0.027777777777777776,0.0811111111111111,-0.4897959183673469,10,7,1,0,0.33955970647098066,1243.84219970944
11,106,0.9,0.06333333333333332,0.18888888888888888,-0.4977973568281938,10,0,0,0,,
11,107,0.9,0.18888888888888888,0.4555555555555556,-0.4137931034482759,10,0,0,0,,
11,108,0.9,0.2777777777777778,0.8111111111111111,-0.48979591836734687,10,0,0,0,,
11,109,0.9,0.6333333333333333,1.8888888888888888,-0.4977973568281938,10,0,0,0,,
11,110,0.9,1.0,2.7777777777777777,-0.47058823529411764,10,0,0,0,,
11,111,0.9,2.7777777777777777,7.222222222222221,-0.44444444444444436,10,0,0,0,,
11,112,0.9,3.6666666666666665,10.0,-0.46341463414634154,10,0,0,0,,
11,113,0.9,10.0,27.77777777777778,-0.47058823529411764,10,0,0,0,,
11,114,0.9,27.77777777777778,72.22222222222223,-0.4444444444444445,10,0,0,0,,
11,115,0.9,36.66666666666667,90.0,-0.4210526315789473,10,0,0,0,,
11,116,0.9,72.22222222222223,188.88888888888889,-0.4468085106382979,10,0,0,0,,
11,117,0.9,188.88888888888889,544.4444444444445,-0.4848484848484848,10,0,0,0,,
11,118,0.9,366.66666666666663,900.0,-0.42105263157894746,10,0,0,0,,
11,119,0.9,811.1111111111111,2000.0,-0.42292490118577075,10,0,0,0,,
11,120,0.9,0.001,0.001888888888888889,-0.3076923076923077,10,45,17,0,0.007379042301291015,1591.1210599734868
11,121,0.9,0.002777777777777778,0.006333333333333334,-0.39024390243902446,10,35,9,0,0.017378008287493762,1640.653056026968
11,122,0.9,0.004555555555555556,0.009,-0.3278688524590163,10,28,6,0,0.023442288153199226,1536.7260260069465
11,123,0.9,0.009,0.01888888888888889,-0.354581673306773,10,22,2,0,0.03999447497610974,1631.4206143585072
11,124,0.9,0.027777777777777776,0.05444444444444445,-0.3243243243243244,10,9,1,0,0.2885256837891928,1291.4728388482415
11,125,0.9,0.03666666666666667,0.0811111111111111,-0.3773584905660377,10,5,0,0,0.35396931287525013,1320.3461717295693
11,126,0.9,0.0811111111111111,0.18888888888888888,-0.39917695473251025,10,0,0,0,,
11,127,0.9,0.18888888888888888,0.3666666666666667,-0.32000000000000006,10,0,0,0,,
11,128,0.9,0.3666666666666667,0.7222222222222222,-0.3265306122448979,10,0,0,0,,
11,129,0.9,0.4555555555555556,1.0,-0.37404580152671746,10,0,0,0,,
11,130,0.9,1.8888888888888888,3.6666666666666665,-0.32,10,0,0,0,,
11,131,0.9,3.6666666666666665,7.222222222222221,-0.32653061224489793,10,0,0,0,,
11,132,0.9,4.555555555555555,10.0,-0.37404580152671757,10,0,0,0,,
11,133,0.9,10.0,18.88888888888889,-0.3076923076923077,10,0,0,0,,
11,134,0.9,27.77777777777778,63.333333333333336,-0.3902439024390244,10,0,0,0,,
11,135,0.9,45.55555555555556,90.0,-0.3278688524590164,10,0,0,0,,
11,136,0.9,90.0,188.88888888888889,-0.35458167330677287,10,0,0,0,,
11,137,0.9,277.77777777777777,544.4444444444445,-0.32432432432432434,10,0,0,0,,
11,138,0.9,366.66666666666663,811.1111111111111,-0.3773584905660377,10,0,0,0,,
11,139,0.9,1000.0,2000.0,-0.3333333333333333,10,0,0,0,,
11,140,0.9,0.002777777777777778,0.004555555555555556,-0.2424242424242424,10,35,10,0,0.014723125024327193,1586.649380766196
11,141,0.9,0.004555555555555556,0.007222222222222223,-0.22641509433962265,10,30,6,0,0.020892961308540386,1625.7783814211148
11,142,0.9,0.0054444444444444445,0.009,-0.2461538461538461,10,26,6,0,0.024434305526939714,1543.5071223325035
11,143,0.9,0.006333333333333334,0.01,-0.2244897959183673,10,24,5,0,0.026668586645214806,1641.3187329644666
11,144,0.9,0.03666666666666667,0.06333333333333332,-0.2666666666666666,10,8,1,0,0.3155436957971981,884.8029530406693
11,145,0.9,0.05444444444444445,0.09,-0.24615384615384614,10,3,0,0,0.590527018012008,1387.2270989061656
11,146,0.9,0.06333333333333332,0.1,-0.22448979591836743,10,2,0,0,0.6253502334889927,323.7732405225436
11,147,0.9,0.3666666666666667,0.6333333333333333,-0.2666666666666666,10,0,0,0,,
11,148,0.9,0.4555555555555556,0.8111111111111111,-0.2807017543859649,10,0,0,0,,
11,149,0.9,0.5444444444444445,1.0,-0.29496402877697836,10,0,0,0,,
11,150,0.9,3.6666666666666665,6.333333333333333,-0.26666666666666666,10,0,0,0,,
11,151,0.9,4.555555555555555,8.11111111111111,-0.2807017543859649,10,0,0,0,,
11,152,0.9,5.444444444444445,10.0,-0.2949640287769784,10,0,0,0,,
11,153,0.9,27.77777777777778,45.55555555555556,-0.2424242424242424,10,0,0,0,,
11,154,0.9,45.55555555555556,72.22222222222223,-0.22641509433962267,10,0,0,0,,
11,155,0.9,54.44444444444444,100.0,-0.2949640287769784,10,0,0,0,,
11,156,0.9,277.77777777777777,455.55555555555554,-0.24242424242424243,10,0,0,0,,
11,157,0.9,455.55555555555554,722.2222222222222,-0.2264150943396226,10,0,0,0,,
11,158,0.9,544.4444444444445,900.0,-0.24615384615384617,10,0,0,0,,
11,159,0.9,2000.0,3000.0,-0.2,10,0,0,0,,
11,160,0.9,0.001888888888888889,0.002777777777777778,-0.19047619047619047,10,42,13,0,0.010375284158180127,1654.170062093973
11,161,0.9,0.003666666666666667,0.0054444444444444445,-0.19512195121951215,10,35,9,0,0.017139573075084253,1609.756279786122
11,162,0.9,0.006333333333333334,0.00811111111111111,-0.123076923076923,10,31,6,0,0.023659196974857587,1597.3791566494415
11,163,0.9,0.00811111111111111,0.01,-0.1042944785276074,10,26,5,0,0.027797132677592883,1611.380469365289
11,164,0.9,0.03666666666666667,0.04555555555555556,-0.10810810810810813,10,10,1,0,0.2669112741827885,1194.130148913422
11,165,0.9,0.05444444444444445,0.0811111111111111,-0.1967213114754098,10,4,0,0,0.5605070046697799,1368.6089865272693
11,166,0.9,0.07222222222222222,0.1,-0.16129032258064524,10,3,0,0,0.6265510340226818,321.4770696447292
11,167,0.9,0.3666666666666667,0.4555555555555556,-0.10810810810810811,10,0,0,0,,
11,168,0.9,0.5444444444444445,0.7222222222222222,-0.1403508771929824,10,0,0,0,,
11,169,0.9,0.7222222222222222,0.9,-0.10958904109589043,10,0,0,0,,
11,170,0.9,2.7777777777777777,3.6666666666666665,-0.13793103448275862,10,0,0,0,,
11,171,0.9,5.444444444444445,7.222222222222221,-0.1403508771929824,10,0,0,0,,
11,172,0.9,6.333333333333333,9.0,-0.1739130434782609,10,0,0,0,,
11,173,0.9,18.88888888888889,27.77777777777778,-0.19047619047619047,10,0,0,0,,
11,174,0.9,45.55555555555556,63.333333333333336,-0.163265306122449,10,0,0,0,,
11,175,0.9,63.333333333333336,90.0,-0.17391304347826084,10,0,0,0,,
11,176,0.9,81.11111111111111,100.0,-0.10429447852760734,10,0,0,0,,
11,177,0.9,366.66666666666663,544.4444444444445,-0.19512195121951226,10,0,0,0,,
11,178,0.9,633.3333333333333,811.1111111111111,-0.12307692307692313,10,0,0,0,,
11,179,0.9,811.1111111111111,1000.0,-0.10429447852760737,10,0,0,0,,
11,180,0.9,0.001,0.001,0.0,10,53,19,0,0.005105049999754065,1669.6054434737193
11,181,0.9,0.004555555555555556,0.0054444444444444445,-0.08888888888888886,10,38,9,0,0.01770108958317422,1601.8594686464533
11,182,0.9,0.007222222222222223,0.007222222222222223,0.0,10,30,6,0,0.0223872113856834,1568.6512373607097
11,183,0.9,0.009,0.01,-0.05263157894736847,10,27,5,0,0.02818382931264455,1633.9618291558436
11,184,0.9,0.04555555555555556,0.04555555555555556,0.0,10,9,2,0,0.2675116744496331,1324.9334313217814
11,185,0.9,0.06333333333333332,0.07222222222222222,-0.0655737704918033,10,4,0,0,0.34376250833889255,956.5103304259649
11,186,0.9,0.09,0.09,0.0,10,3,0,0,0.5935290193462308,1436.9990805384607
11,187,0.9,0.4555555555555556,0.4555555555555556,0.0,10,0,0,0,,
11,188,0.9,0.6333333333333333,0.7222222222222222,-0.06557377049180328,10,0,0,0,,
11,189,0.9,0.9,0.9,0.0,10,0,0,0,,
11,190,0.9,3.6666666666666665,3.6666666666666665,0.0,10,0,0,0,,
11,191,0.9,6.333333333333333,6.333333333333333,0.0,10,0,0,0,,
11,192,0.9,8.11111111111111,9.0,-0.05194805194805197,10,0,0,0,,
11,193,0.9,36.66666666666667,36.66666666666667,0.0,10,0,0,0,,
11,194,0.9,63.333333333333336,63.333333333333336,0.0,10,0,0,0,,
11,195,0.9,81.11111111111111,90.0,-0.05194805194805193,10,0,0,0,,
11,196,0.9,277.77777777777777,277.77777777777777,0.0,10,0,0,0,,
11,197,0.9,544.4444444444445,633.3333333333333,-0.07547169811320747,10,0,0,0,,
11,198,0.9,811.1111111111111,811.1111111111111,0.0,10,0,0,0,,
11,199,0.9,3000.0,3000.0,0.0,10,0,0,0,,
11,200,0.9,0.0054444444444444445,0.004555555555555556,0.08888888888888886,10,37,9,0,0.01614358556826487,1620.8138712820123
11,201,0.9,0.006333333333333334,0.0054444444444444445,0.0754716981132076,10,34,8,0,0.018450154191794736,1545.1628681713628
11,202,0.9,0.00811111111111111,0.007222222222222223,0.057971014492753555,10,29,6,0,0.022698648518838214,1589.0115995686156
11,203,0.9,0.01,0.009,0.05263157894736847,10,25,5,0,0.026668586645214806,1521.9836155908586
11,204,0.9,0.06333333333333332,0.05444444444444445,0.07547169811320745,10,7,0,0,0.29452968645763844,1340.8557998601275
11,205,0.9,0.0811111111111111,0.07222222222222222,0.05797101449275364,10,4,0,0,0.34376250833889255,1401.353186719135
11,206,0.9,0.1,0.09,0.05263157894736847,10,3,0,0,0.5935290193462308,1136.1325006210102
11,207,0.9,0.5444444444444445,0.4555555555555556,0.0888888888888889,10,0,0,0,,
11,208,0.9,0.7222222222222222,0.6333333333333333,0.06557377049180328,10,0,0,0,,
11,209,0.9,0.9,0.8111111111111111,0.05194805194805195,10,0,0,0,,
11,210,0.9,5.444444444444445,4.555555555555555,0.08888888888888893,10,0,0,0,,
11,211,0.9,7.222222222222221,6.333333333333333,0.06557377049180325,10,0,0,0,,
11,212,0.9,9.0,8.11111111111111,0.05194805194805197,10,0,0,0,,
11,213,0.9,10.0,9.0,0.05263157894736842,10,0,0,0,,
11,214,0.9,63.333333333333336,54.44444444444444,0.07547169811320759,10,0,0,0,,
11,215,0.9,81.11111111111111,72.22222222222223,0.057971014492753596,10,0,0,0,,
11,216,0.9,100.0,90.0,0.05263157894736842,10,0,0,0,,
11,217,0.9,633.3333333333333,544.4444444444445,0.07547169811320747,10,0,0,0,,
11,218,0.9,811.1111111111111,722.2222222222222,0.057971014492753645,10,0,0,0,,
11,219,0.9,1000.0,900.0,0.05263157894736842,10,0,0,0,,
11,220,0.9,0.002777777777777778,0.001888888888888889,0.19047619047619047,10,51,13,0,0.008511380382023759,1611.1141064048545
11,221,0.9,0.0054444444444444445,0.003666666666666667,0.19512195121951215,10,39,9,0,0.013995873225726178,1593.9753541058285
11,222,0.9,0.00811111111111111,0.006333333333333334,0.123076923076923,10,31,6,0,0.020796966871036958,1542.0209403483466
11,223,0.9,0.01,0.00811111111111111,0.1042944785276074,10,26,5,0,0.024888573182823902,1642.0282149450652
11,224,0.9,0.05444444444444445,0.03666666666666667,0.19512195121951223,10,10,2,0,0.23689126084056036,1172.9022861976864
11,225,0.9,0.0811111111111111,0.05444444444444445,0.1967213114754098,10,6,0,0,0.29392928619079384,1321.2191941598687
11,226,0.9,0.1,0.07222222222222222,0.16129032258064524,10,5,0,0,0.34376250833889255,1182.3785215752355
11,227,0.9,0.4555555555555556,0.3666666666666667,0.10810810810810811,10,0,0,0,,
11,228,0.9,0.8111111111111111,0.5444444444444445,0.19672131147540978,10,0,0,0,,
11,229,0.9,1.0,0.7222222222222222,0.16129032258064516,10,0,0,0,,
11,230,0.9,3.6666666666666665,2.7777777777777777,0.13793103448275862,10,0,0,0,,
11,231,0.9,7.222222222222221,5.444444444444445,0.1403508771929824,10,0,0,0,,
11,232,0.9,9.0,7.222222222222221,0.10958904109589046,10,0,0,0,,
11,233,0.9,36.66666666666667,27.77777777777778,0.13793103448275865,10,0,0,0,,
11,234,0.9,72.22222222222223,54.44444444444444,0.1403508771929825,10,0,0,0,,
11,235,0.9,90.0,63.333333333333336,0.17391304347826084,10,0,0,0,,
11,236,0.9,277.77777777777777,188.88888888888889,0.1904761904761905,10,0,0,0,,
11,237,0.9,633.3333333333333,455.55555555555554,0.16326530612244894,10,0,0,0,,
11,238,0.9,900.0,633.3333333333333,0.17391304347826092,10,0,0,0,,
11,239,0.9,3000.0,2000.0,0.2,10,0,0,0,,
11,240,0.9,0.004555555555555556,0.002777777777777778,0.2424242424242424,10,40,10,0,0.011428783347897712,1572.2226398682546
11,241,0.9,0.007222222222222223,0.004555555555555556,0.22641509433962265,10,36,8,0,0.01651961798229015,1567.8207550249151
11,242,0.9,0.009,0.0054444444444444445,0.2461538461538461,10,31,7,0,0.018879913490962946,1670.1813255557277
11,243,0.9,0.01,0.006333333333333334,0.2244897959183673,10,30,6,0,0.021086281499332886,1567.193153457081
11,244,0.9,0.06333333333333332,0.03666666666666667,0.2666666666666666,10,11,2,0,0.23629086057371582,1581.104146492821
11,245,0.9,0.0811111111111111,0.04555555555555556,0.2807017543859649,10,10,2,0,0.2657104736490994,1541.9527648510038
11,246,0.9,0.1,0.05444444444444445,0.2949640287769784,10,8,1,0,0.29272848565710474,1451.4753046000146
11,247,0.9,0.6333333333333333,0.3666666666666667,0.2666666666666666,10,0,0,0,,
11,248,0.9,0.8111111111111111,0.4555555555555556,0.2807017543859649,10,0,0,0,,
11,249,0.9,1.0,0.5444444444444445,0.29496402877697836,10,0,0,0,,
11,250,0.9,4.555555555555555,2.7777777777777777,0.24242424242424243,10,0,0,0,,
11,251,0.9,7.222222222222221,4.555555555555555,0.22641509433962262,10,0,0,0,,
11,252,0.9,9.0,5.444444444444445,0.24615384615384614,10,0,0,0,,
11,253,0.9,45.55555555555556,27.77777777777778,0.2424242424242424,10,0,0,0,,
11,254,0.9,72.22222222222223,45.55555555555556,0.22641509433962267,10,0,0,0,,
11,255,0.9,90.0,54.44444444444444,0.24615384615384614,10,0,0,0,,
11,256,0.9,100.0,63.333333333333336,0.22448979591836732,10,0,0,0,,
11,257,0.9,633.3333333333333,366.66666666666663,0.26666666666666666,10,0,0,0,,
11,258,0.9,811.1111111111111,455.55555555555554,0.28070175438596495,10,0,0,0,,
11,259,0.9,1000.0,633.3333333333333,0.2244897959183674,10,0,0,0,,
11,260,0.9,0.001888888888888889,0.001,0.3076923076923077,10,57,16,0,0.005370317963702527,1615.0915519147657
11,261,0.9,0.006333333333333334,0.002777777777777778,0.39024390243902446,10,41,9,0,0.011587773561551261,1561.5419531933546
11,262,0.9,0.009,0.004555555555555556,0.3278688524590163,10,32,8,0,0.016672472125510627,1425.3021739069914
11,263,0.9,0.01888888888888889,0.009,0.354581673306773,10,21,4,0,0.027797132677592883,1567.037131198932
11,264,0.9,0.05444444444444445,0.027777777777777776,0.3243243243243244,10,13,2,0,0.064268771731702,1602.343108136782
11,265,0.9,0.0811111111111111,0.03666666666666667,0.3773584905660377,10,7,0,0,0.2350900600400267,1045.4728982557608
11,266,0.9,0.18888888888888888,0.0811111111111111,0.39917695473251025,10,3,0,0,0.557505003335557,786.7349598577697
11,267,0.9,0.3666666666666667,0.18888888888888888,0.32000000000000006,10,0,0,0,,
11,268,0.9,0.7222222222222222,0.3666666666666667,0.3265306122448979,10,0,0,0,,
11,269,0.9,1.0,0.4555555555555556,0.37404580152671746,10,0,0,0,,
11,270,0.9,3.6666666666666665,1.8888888888888888,0.32,10,0,0,0,,
11,271,0.9,7.222222222222221,3.6666666666666665,0.32653061224489793,10,0,0,0,,
11,272,0.9,10.0,4.555555555555555,0.37404580152671757,10,0,0,0,,
11,273,0.9,18.88888888888889,10.0,0.3076923076923077,10,0,0,0,,
11,274,0.9,63.333333333333336,27.77777777777778,0.3902439024390244,10,0,0,0,,
11,275,0.9,90.0,45.55555555555556,0.3278688524590164,10,0,0,0,,
11,276,0.9,188.88888888888889,90.0,0.35458167330677287,10,0,0,0,,
11,277,0.9,544.4444444444445,277.77777777777777,0.32432432432432434,10,0,0,0,,
11,278,0.9,811.1111111111111,366.66666666666663,0.3773584905660377,10,0,0,0,,
11,279,0.9,2000.0,1000.0,0.3333333333333333,10,0,0,0,,
11,280,0.9,0.002777777777777778,0.001,0.47058823529411764,10,52,15,0,0.005445026528424209,1666.098952558594
11,281,0.9,0.0054444444444444445,0.001888888888888889,0.48484848484848486,10,42,11,0,0.008749837752274364,1553.0909692392472
11,282,0.9,0.009,0.003666666666666667,0.4210526315789473,10,32,8,0,0.014321878992735439,1458.267674191524
11,283,0.9,0.01888888888888889,0.007222222222222223,0.4468085106382978,10,22,5,0,0.02376840286624876,1567.0083351906703
11,284,0.9,0.05444444444444445,0.01888888888888889,0.4848484848484849,10,13,2,0,0.04897788193684462,1213.7565451613934
11,285,0.9,0.09,0.03666666666666667,0.4210526315789474,10,8,1,0,0.23448965977318212,1002.1770915326624
11,286,0.9,0.18888888888888888,0.07222222222222222,0.44680851063829796,10,4,0,0,0.33955970647098066,1375.5616916866304
11,287,0.9,0.4555555555555556,0.18888888888888888,0.4137931034482759,10,0,0,0,,
11,288,0.9,0.8111111111111111,0.2777777777777778,0.48979591836734687,10,0,0,0,,
11,289,0.9,1.8888888888888888,0.6333333333333333,0.4977973568281938,10,0,0,0,,
11,290,0.9,4.555555555555555,1.8888888888888888,0.4137931034482758,10,0,0,0,,
11,291,0.9,8.11111111111111,2.7777777777777777,0.48979591836734687,10,0,0,0,,
11,292,0.9,18.88888888888889,6.333333333333333,0.4977973568281939,10,0,0,0,,
11,293,0.9,27.77777777777778,10.0,0.47058823529411764,10,0,0,0,,
11,294,0.9,72.22222222222223,27.77777777777778,0.4444444444444445,10,0,0,0,,
11,295,0.9,100.0,36.66666666666667,0.4634146341463414,10,0,0,0,,
11,296,0.9,277.77777777777777,100.0,0.47058823529411764,10,0,0,0,,
11,297,0.9,722.2222222222222,277.77777777777777,0.4444444444444444,10,0,0,0,,
11,298,0.9,1000.0,366.66666666666663,0.46341463414634154,10,0,0,0,,
11,299,0.9,3000.0,1000.0,0.5,10,0,0,0,,
11,300,0.9,0.003666666666666667,0.001,0.5714285714285715,10,47,14,0,0.005470159628939716,1640.9493095777539
11,301,0.9,0.007222222222222223,0.001888888888888889,0.5853658536585367,10,38,10,0,0.008790225168308843,1556.2921519005608
11,302,0.9,0.01888888888888889,0.0054444444444444445,0.5525114155251142,10,22,6,0,0.019408858775927792,1358.6613134536058
11,303,0.9,0.027777777777777776,0.009,0.5105740181268882,10,18,3,0,0.02818382931264455,1332.9456646169838
11,304,0.9,0.07222222222222222,0.01888888888888889,0.5853658536585367,10,13,2,0,0.04920395356814511,1494.2887774047174
11,305,0.9,0.1,0.027777777777777776,0.5652173913043479,10,14,2,0,0.06546361740672747,1369.3640680312124
11,306,0.9,0.2777777777777778,0.0811111111111111,0.5479876160990712,10,3,0,0,0.5545030020013342,1442.8064770892863
11,307,0.9,0.6333333333333333,0.18888888888888888,0.5405405405405406,10,0,0,0,,
11,308,0.9,1.0,0.2777777777777778,0.5652173913043479,10,0,0,0,,
11,309,0.9,2.7777777777777777,0.8111111111111111,0.5479876160990712,10,0,0,0,,
11,310,0.9,3.6666666666666665,1.0,0.5714285714285715,10,0,0,0,,
11,311,0.9,9.0,2.7777777777777777,0.5283018867924528,10,0,0,0,,
11,312,0.9,27.77777777777778,7.222222222222221,0.5873015873015873,10,0,0,0,,
11,313,0.9,36.66666666666667,10.0,0.5714285714285715,10,0,0,0,,
11,314,0.9,90.0,27.77777777777778,0.5283018867924528,10,0,0,0,,
11,315,0.9,188.88888888888889,54.44444444444444,0.5525114155251143,10,0,0,0,,
11,316,0.9,277.77777777777777,90.0,0.5105740181268882,10,0,0,0,,
11,317,0.9,722.2222222222222,188.88888888888889,0.5853658536585366,10,0,0,0,,
11,318,0.9,2000.0,544.4444444444445,0.572052401746725,10,0,0,0,,
11,319,0.9,3000.0,900.0,0.5384615384615384,10,0,0,0,,
11,320,0.9,0.004555555555555556,0.001,0.64,10,42,14,0,0.005495408738576248,1538.2558661061487
11,321,0.9,0.01,0.001888888888888889,0.6822429906542055,10,34,10,0,0.008830799004185623,1505.5069932192457
11,322,0.9,0.027777777777777776,0.006333333333333334,0.6286644951140065,10,23,3,0,0.02177709772353159,1587.9516500812188
11,323,0.9,0.04555555555555556,0.00811111111111111,0.6977225672877847,10,21,4,0,0.026302679918953815,1326.1538073606816
11,324,0.9,0.0811111111111111,0.01888888888888889,0.6222222222222222,10,13,2,0,0.049431068698683536,1339.7947863057227
11,325,0.9,0.18888888888888888,0.04555555555555556,0.6113744075829383,10,7,1,0,0.2609072715143429,845.2072046623044
11,326,0.9,0.3666666666666667,0.0811111111111111,0.6377171215880892,10,3,0,0,0.552101400933956,1467.551762361108
11,327,0.9,0.5444444444444445,0.1,0.6896551724137931,10,2,0,0,0.6151434289526351,345.9876963270249
11,328,0.9,1.8888888888888888,0.3666666666666667,0.6748768472906403,10,0,0,0,,
11,329,0.9,3.6666666666666665,0.7222222222222222,0.6708860759493671,10,0,0,0,,
11,330,0.9,4.555555555555555,0.9,0.670061099796334,10,0,0,0,,
11,331,0.9,9.0,1.8888888888888888,0.6530612244897959,10,0,0,0,,
11,332,0.9,27.77777777777778,5.444444444444445,0.6722408026755854,10,0,0,0,,
11,333,0.9,45.55555555555556,8.11111111111111,0.6977225672877846,10,0,0,0,,
11,334,0.9,81.11111111111111,18.88888888888889,0.6222222222222222,10,0,0,0,,
11,335,0.9,188.88888888888889,45.55555555555556,0.6113744075829383,10,0,0,0,,
11,336,0.9,366.66666666666663,81.11111111111111,0.6377171215880894,10,0,0,0,,
11,337,0.9,455.55555555555554,100.0,0.64,10,0,0,0,,
11,338,0.9,1000.0,188.88888888888889,0.6822429906542056,10,0,0,0,,
11,339,0.9,3000.0,722.2222222222222,0.6119402985074627,10,0,0,0,,
11,340,0.9,0.006333333333333334,0.001,0.7272727272727273,10,41,13,0,0.005495408738576248,1624.5707983882412
11,341,0.9,0.03666666666666667,0.004555555555555556,0.7789757412398922,10,25,6,0,0.017139573075084253,1626.3412840755097
11,342,0.9,0.05444444444444445,0.006333333333333334,0.7915904936014624,10,18,3,0,0.021978598727848252,1321.7685138998968
11,343,0.9,0.06333333333333332,0.009,0.7511520737327189,10,16,3,0,0.028444611074479167,1194.469513478117
11,344,0.9,0.09,0.01,0.8,10,17,3,0,0.03090295432513592,1394.9961055446784
11,345,0.9,0.3666666666666667,0.06333333333333332,0.7054263565891472,10,5,0,0,0.31014009339559706,1304.9095339602497
11,346,0.9,0.5444444444444445,0.0811111111111111,0.7406749555950266,10,3,0,0,0.5490993995997331,1330.7648657175585
11,347,0.9,0.7222222222222222,0.0811111111111111,0.7980636237897648,10,3,0,0,0.5466977985323549,921.2710409578202
11,348,0.9,2.7777777777777777,0.3666666666666667,0.7667844522968198,10,0,0,0,,
11,349,0.9,4.555555555555555,0.6333333333333333,0.7558886509635975,10,0,0,0,,
11,350,0.9,6.333333333333333,0.7222222222222222,0.795275590551181,10,0,0,0,,
11,351,0.9,7.222222222222221,1.0,0.7567567567567567,10,0,0,0,,
11,352,0.9,36.66666666666667,4.555555555555555,0.7789757412398921,10,0,0,0,,
11,353,0.9,54.44444444444444,6.333333333333333,0.7915904936014625,10,0,0,0,,
11,354,0.9,63.333333333333336,9.0,0.7511520737327189,10,0,0,0,,
11,355,0.9,90.0,10.0,0.8,10,0,0,0,,
11,356,0.9,366.66666666666663,63.333333333333336,0.7054263565891473,10,0,0,0,,
11,357,0.9,544.4444444444445,81.11111111111111,0.7406749555950267,10,0,0,0,,
11,358,0.9,722.2222222222222,81.11111111111111,0.7980636237897649,10,0,0,0,,
11,359,0.9,3000.0,455.55555555555554,0.7363344051446945,10,0,0,0,,
11,360,0.9,0.009,0.001,0.8000000000000002,10,41,13,0,0.005520774392807574,1612.427701790568
11,361,0.9,0.04555555555555556,0.003666666666666667,0.8510158013544019,10,25,6,0,0.01458814260275349,1567.0536346802826
11,362,0.9,0.07222222222222222,0.0054444444444444445,0.8597997138769671,10,21,5,0,0.01958844673505991,1316.1133986488728
11,363,0.9,0.09,0.006333333333333334,0.8685121107266437,10,22,4,0,0.021978598727848252,1475.8700499643298
11,364,0.9,0.18888888888888888,0.01,0.8994413407821228,10,17,2,0,0.03090295432513592,1324.3263754171685
11,365,0.9,0.5444444444444445,0.04555555555555556,0.8455743879472692,10,6,0,0,0.2543028685790527,872.278258329988
11,366,0.9,0.8111111111111111,0.04555555555555556,0.8936446173800259,10,7,0,0,0.252501667778519,1553.9955807348676
11,367,0.9,0.9,0.09,0.8181818181818182,10,3,0,0,0.5773182121414276,1262.2794536121282
11,368,0.9,2.7777777777777777,0.2777777777777778,0.8181818181818182,10,0,0,0,,
11,369,0.9,6.333333333333333,0.4555555555555556,0.8657937806873977,10,0,0,0,,
11,370,0.9,8.11111111111111,0.7222222222222222,0.8364779874213837,10,0,0,0,,
11,371,0.9,10.0,0.7222222222222222,0.8652849740932644,10,0,0,0,,
11,372,0.9,45.55555555555556,2.7777777777777777,0.8850574712643677,10,0,0,0,,
11,373,0.9,72.22222222222223,4.555555555555555,0.8813314037626627,10,0,0,0,,
11,374,0.9,90.0,5.444444444444445,0.8859138533178115,10,0,0,0,,
11,375,0.9,100.0,10.0,0.8181818181818182,10,0,0,0,,
11,376,0.9,544.4444444444445,36.66666666666667,0.8738049713193117,10,0,0,0,,
11,377,0.9,722.2222222222222,72.22222222222223,0.8181818181818182,10,0,0,0,,
11,378,0.9,900.0,81.11111111111111,0.8346545866364666,10,0,0,0,,
11,379,0.9,3000.0,277.77777777777777,0.8305084745762712,10,0,0,0,,
11,380,0.9,0.027777777777777776,0.001,0.9305019305019304,10,32,11,0,0.005520774392807574,1616.6390005312853
11,381,0.9,0.4555555555555556,0.003666666666666667,0.9840309702395356,10,24,5,0,0.014655478409559114,1425.819937355215
11,382,0.9,0.9,0.003666666666666667,0.9918849133161194,10,24,4,0,0.014655478409559114,1432.6689480892871
11,383,0.9,2.7777777777777777,0.0811111111111111,0.94325689856199,10,3,0,0,0.5388925950633756,1459.340089394848
11,384,0.9,5.444444444444445,0.09,0.9674764103593656,10,3,0,0,0.5671114076050701,1431.0953532349097
11,385,0.9,8.11111111111111,0.04555555555555556,0.98882985969214,10,7,0,0,0.24589726484322882,974.665352341373
11,386,0.9,18.88888888888889,0.006333333333333334,0.9993296365336328,10,18,2,0,0.021978598727848252,1484.198318108441
11,387,0.9,36.66666666666667,0.01888888888888889,0.998970227458582,10,12,1,0,0.049888448746001214,1105.260681297742
11,388,0.9,54.44444444444444,0.027777777777777776,0.9989801121876594,10,10,0,0,0.0663743070401909,1396.5136059708473
11,389,0.9,72.22222222222223,0.027777777777777776,0.9992310649750098,10,10,0,0,0.0663743070401909,1519.753739289971
11,390,0.9,90.0,0.009,0.9998000199980002,10,17,2,0,0.028575905433749466,1435.6360742558275
11,391,0.9,188.88888888888889,0.0054444444444444445,0.9999423546027204,10,18,4,0,0.01967886289706845,1362.3492514991237
11,392,0.9,277.77777777777777,1.0,0.9928258270227183,10,0,0,0,,
11,393,0.9,455.55555555555554,0.03666666666666667,0.9998390373457745,10,9,0,0,0.2152768512341561,1558.3648836422567
11,394,0.9,544.4444444444445,7.222222222222221,0.9738167170191341,10,0,0,0,,
11,395,0.9,722.2222222222222,0.06333333333333332,0.9998246307631483,10,5,0,0,0.29212808539026014,1574.2813727917853
11,396,0.9,811.1111111111111,8.11111111111111,0.9801980198019803,10,0,0,0,,
11,397,0.9,1000.0,0.04555555555555556,0.9999088930393171,10,8,0,0,0.242895263509006,1512.2027472632485
11,398,0.9,2000.0,5.444444444444445,0.9945703363067206,10,0,0,0,,
11,399,0.9,3000.0,100.0,0.9354838709677419,10,0,0,0,,
12,0,1.0,0.001,0.027777777777777776,-0.9305019305019304,10,46,10,0,0.012473835142429432,1524.8365791761787
12,1,1.0,0.001888888888888889,0.7222222222222222,-0.9947828755562373,10,25,7,0,0.0162181009735893,1551.7139944829928
12,2,1.0,0.002777777777777778,54.44444444444444,-0.9998979643895719,10,21,6,0,0.010232929922807547,1570.7870354063484
12,3,1.0,0.004555555555555556,0.1,-0.9128586609989372,10,16,4,0,0.03630780547701014,1430.2417426831228
12,4,1.0,0.0054444444444444445,45.55555555555556,-0.9997610041726721,10,14,4,0,0.017619760464116292,1633.9290282487302
12,5,1.0,0.007222222222222223,0.5444444444444445,-0.9738167170191339,10,12,3,0,0.04549880601500485,1227.2936759005577
12,6,1.0,0.00811111111111111,90.0,-0.999819769329431,10,13,4,0,0.020417379446695295,1665.3719491031445
12,7,1.0,0.01,2.7777777777777777,-0.9928258270227184,10,11,3,0,0.047206304126359046,1529.6527444861179
12,8,1.0,0.01888888888888889,722.2222222222222,-0.9999476936757038,10,7,2,0,0.023659196974857587,1540.803836063417
12,9,1.0,0.03666666666666667,90.0,-0.999185517011588,10,5,2,0,0.06309573444801936,1450.1755500461204
12,10,1.0,0.05444444444444445,81.11111111111111,-0.998658434749278,10,3,1,0,0.08709635899560805,1225.5238652200414
12,11,1.0,0.07222222222222222,100.0,-0.9985565980125465,10,3,1,0,0.10240160106737825,1416.290072412114
12,12,1.0,0.09,188.88888888888889,-0.9990475126557345,10,2,1,0,0.10480320213475651,936.2298012555603
12,13,1.0,0.18888888888888888,633.3333333333333,-0.9994036866197801,10,2,1,0,0.13662441627751834,1232.3601877293538
12,14,1.0,0.4555555555555556,45.55555555555556,-0.9801980198019802,10,0,0,0,,
12,15,1.0,0.7222222222222222,36.66666666666667,-0.9613670133729569,10,0,0,0,,
12,16,1.0,1.0,45.55555555555556,-0.9570405727923628,10,0,0,0,,
12,17,1.0,3.6666666666666665,544.4444444444445,-0.9866207176160553,10,0,0,0,,
12,18,1.0,8.11111111111111,900.0,-0.9821363024593173,10,0,0,0,,
12,19,1.0,100.0,3000.0,-0.9354838709677419,10,0,0,0,,
12,20,1.0,0.001,0.009,-0.8000000000000002,10,52,13,0,0.011803206356517298,1607.6150907040292
12,21,1.0,0.003666666666666667,0.05444444444444445,-0.8738049713193117,10,25,4,0,0.031188895840939385,1468.0936497546895
12,22,1.0,0.0054444444444444445,0.0811111111111111,-0.8741976893453145,10,20,2,0,0.04111497211045221,1619.0897831435193
12,23,1.0,0.007222222222222223,0.09,-0.8514285714285713,10,14,1,0,0.05011872336272725,1404.8120291691073
12,24,1.0,0.01,0.18888888888888888,-0.8994413407821228,10,11,1,0,0.06251726927756862,1632.5162528949716
12,25,1.0,0.04555555555555556,0.5444444444444445,-0.8455743879472692,10,1,0,0,0.7994663108739158,318.09129723930977
12,26,1.0,0.06333333333333332,0.6333333333333333,-0.8181818181818181,10,1,0,0,0.9465643762508338,152.53838281573775
12,27,1.0,0.0811111111111111,0.9,-0.8346545866364665,10,0,0,0,,
12,28,1.0,0.2777777777777778,2.7777777777777777,-0.8181818181818182,10,0,0,0,,
12,29,1.0,0.4555555555555556,7.222222222222221,-0.8813314037626627,10,0,0,0,,
12,30,1.0,0.6333333333333333,9.0,-0.8685121107266437,10,0,0,0,,
12,31,1.0,0.9,9.0,-0.8181818181818181,10,0,0,0,,
12,32,1.0,3.6666666666666665,36.66666666666667,-0.8181818181818183,10,0,0,0,,
12,33,1.0,5.444444444444445,63.333333333333336,-0.8416801292407108,10,0,0,0,,
12,34,1.0,7.222222222222221,72.22222222222223,-0.818181818181818,10,0,0,0,,
12,35,1.0,10.0,100.0,-0.8181818181818182,10,0,0,0,,
12,36,1.0,36.66666666666667,633.3333333333333,-0.8905472636815921,10,0,0,0,,
12,37,1.0,54.44444444444444,900.0,-0.8859138533178114,10,0,0,0,,
12,38,1.0,72.22222222222223,1000.0,-0.8652849740932643,10,0,0,0,,
12,39,1.0,277.77777777777777,3000.0,-0.8305084745762712,10,0,0,0,,
12,40,1.0,0.001,0.006333333333333334,-0.7272727272727273,10,54,14,0,0.011168632477805612,1645.3156665323506
12,41,1.0,0.004555555555555556,0.027777777777777776,-0.718213058419244,10,27,5,0,0.03357376142429549,1515.0482964413345
12,42,1.0,0.006333333333333334,0.05444444444444445,-0.7915904936014624,10,17,3,0,0.0446683592150963,1573.7882510903419
12,43,1.0,0.00811111111111111,0.07222222222222222,-0.7980636237897648,10,13,2,0,0.05345643593969719,1185.4707687356008
12,44,1.0,0.01,0.0811111111111111,-0.7804878048780489,10,13,1,0,0.061376200516479455,1219.3309494312864
12,45,1.0,0.05444444444444445,0.3666666666666667,-0.7414248021108178,10,0,0,0,,
12,46,1.0,0.07222222222222222,0.5444444444444445,-0.7657657657657659,10,0,0,0,,
12,47,1.0,0.09,0.6333333333333333,-0.751152073732719,10,0,0,0,,
12,48,1.0,0.3666666666666667,2.7777777777777777,-0.7667844522968198,10,0,0,0,,
12,49,1.0,0.6333333333333333,4.555555555555555,-0.7558886509635975,10,0,0,0,,
12,50,1.0,0.8111111111111111,5.444444444444445,-0.7406749555950267,10,0,0,0,,
12,51,1.0,1.0,6.333333333333333,-0.7272727272727273,10,0,0,0,,
12,52,1.0,4.555555555555555,36.66666666666667,-0.7789757412398921,10,0,0,0,,
12,53,1.0,7.222222222222221,45.55555555555556,-0.7263157894736842,10,0,0,0,,
12,54,1.0,9.0,54.44444444444444,-0.7162872154115587,10,0,0,0,,
12,55,1.0,10.0,81.11111111111111,-0.7804878048780488,10,0,0,0,,
12,56,1.0,54.44444444444444,455.55555555555554,-0.7864923747276688,10,0,0,0,,
12,57,1.0,72.22222222222223,633.3333333333333,-0.7952755905511812,10,0,0,0,,
12,58,1.0,90.0,722.2222222222222,-0.7783857729138167,10,0,0,0,,
12,59,1.0,455.55555555555554,3000.0,-0.7363344051446945,10,0,0,0,,
12,60,1.0,0.001,0.004555555555555556,-0.64,10,57,15,1,0.01032761405761398,2642.617810395569
12,61,1.0,0.001888888888888889,0.01,-0.6822429906542055,10,38,10,0,0.017139573075084253,1566.5332513485878
12,62,1.0,0.006333333333333334,0.027777777777777776,-0.6286644951140065,10,23,4,0,0.03962780342554394,1484.0815876446584
12,63,1.0,0.009,0.03666666666666667,-0.6058394160583941,10,20,2,0,0.05011872336272725,1550.1708859762036
12,64,1.0,0.01888888888888889,0.0811111111111111,-0.6222222222222222,10,7,0,0,0.3029352901934623,1465.5447569030935
12,65,1.0,0.04555555555555556,0.18888888888888888,-0.6113744075829383,10,0,0,0,,
12,66,1.0,0.0811111111111111,0.3666666666666667,-0.6377171215880892,10,0,0,0,,
12,67,1.0,0.1,0.5444444444444445,-0.6896551724137931,10,0,0,0,,
12,68,1.0,0.3666666666666667,1.8888888888888888,-0.6748768472906403,10,0,0,0,,
12,69,1.0,0.7222222222222222,3.6666666666666665,-0.6708860759493671,10,0,0,0,,
12,70,1.0,0.9,4.555555555555555,-0.670061099796334,10,0,0,0,,
12,71,1.0,1.8888888888888888,9.0,-0.6530612244897959,10,0,0,0,,
12,72,1.0,5.444444444444445,27.77777777777778,-0.6722408026755854,10,0,0,0,,
12,73,1.0,9.0,36.66666666666667,-0.6058394160583942,10,0,0,0,,
12,74,1.0,18.88888888888889,81.11111111111111,-0.6222222222222222,10,0,0,0,,
12,75,1.0,45.55555555555556,188.88888888888889,-0.6113744075829383,10,0,0,0,,
12,76,1.0,81.11111111111111,366.66666666666663,-0.6377171215880894,10,0,0,0,,
12,77,1.0,100.0,455.55555555555554,-0.64,10,0,0,0,,
12,78,1.0,188.88888888888889,1000.0,-0.6822429906542056,10,0,0,0,,
12,79,1.0,722.2222222222222,3000.0,-0.6119402985074627,10,0,0,0,,
12,80,1.0,0.001,0.003666666666666667,-0.5714285714285715,10,54,15,0,0.009594006315159337,1639.0382589239452
12,81,1.0,0.001888888888888889,0.007222222222222223,-0.5853658536585367,10,45,11,0,0.015631476426409538,1507.1249095842206
12,82,1.0,0.0054444444444444445,0.01888888888888889,-0.5525114155251142,10,26,5,0,0.03296097121774579,1628.8677319129893
12,83,1.0,0.009,0.027777777777777776,-0.5105740181268882,10,20,2,0,0.04570881896148752,1415.9275619396374
12,84,1.0,0.01888888888888889,0.07222222222222222,-0.5853658536585367,10,11,1,0,0.08433347577642757,1446.71739198388
12,85,1.0,0.05444444444444445,0.18888888888888888,-0.5525114155251141,10,0,0,0,,
12,86,1.0,0.09,0.2777777777777778,-0.5105740181268883,10,0,0,0,,
12,87,1.0,0.18888888888888888,0.6333333333333333,-0.5405405405405406,10,0,0,0,,
12,88,1.0,0.2777777777777778,1.0,-0.5652173913043479,10,0,0,0,,
12,89,1.0,0.8111111111111111,2.7777777777777777,-0.5479876160990712,10,0,0,0,,
12,90,1.0,1.8888888888888888,6.333333333333333,-0.5405405405405406,10,0,0,0,,
12,91,1.0,2.7777777777777777,10.0,-0.5652173913043478,10,0,0,0,,
12,92,1.0,8.11111111111111,27.77777777777778,-0.5479876160990713,10,0,0,0,,
12,93,1.0,10.0,36.66666666666667,-0.5714285714285715,10,0,0,0,,
12,94,1.0,27.77777777777778,90.0,-0.5283018867924528,10,0,0,0,,
12,95,1.0,72.22222222222223,277.77777777777777,-0.5873015873015872,10,0,0,0,,
12,96,1.0,100.0,366.66666666666663,-0.5714285714285714,10,0,0,0,,
12,97,1.0,277.77777777777777,900.0,-0.5283018867924527,10,0,0,0,,
12,98,1.0,633.3333333333333,2000.0,-0.518987341772152,10,0,0,0,,
12,99,1.0,1000.0,3000.0,-0.5,10,0,0,0,,
12,100,1.0,0.001,0.002777777777777778,-0.47058823529411764,10,53,16,0,0.008590135215053961,1576.1523023706382
12,101,1.0,0.001888888888888889,0.0054444444444444445,-0.48484848484848486,10,46,11,0,0.014060475241299143,1641.3604977916275
12,102,1.0,0.003666666666666667,0.009,-0.4210526315789473,10,35,6,0,0.021379620895022326,1583.4600858371168
12,103,1.0,0.007222222222222223,0.01888888888888889,-0.4468085106382978,10,23,5,0,0.03630780547701014,1565.2186854942554
12,104,1.0,0.01888888888888889,0.05444444444444445,-0.4848484848484849,10,14,1,0,0.07691304402866098,1456.9353910191862
12,105,1.0,0.027777777777777776,0.0811111111111111,-0.4897959183673469,10,9,1,0,0.3293529019346231,798.839823753442
12,106,1.0,0.06333333333333332,0.18888888888888888,-0.4977973568281938,10,0,0,0,,
12,107,1.0,0.18888888888888888,0.4555555555555556,-0.4137931034482759,10,0,0,0,,
12,108,1.0,0.2777777777777778,0.8111111111111111,-0.48979591836734687,10,0,0,0,,
12,109,1.0,0.6333333333333333,1.8888888888888888,-0.4977973568281938,10,0,0,0,,
12,110,1.0,1.0,2.7777777777777777,-0.47058823529411764,10,0,0,0,,
12,111,1.0,2.7777777777777777,7.222222222222221,-0.44444444444444436,10,0,0,0,,
12,112,1.0,3.6666666666666665,10.0,-0.46341463414634154,10,0,0,0,,
12,113,1.0,10.0,27.77777777777778,-0.47058823529411764,10,0,0,0,,
12,114,1.0,27.77777777777778,72.22222222222223,-0.4444444444444445,10,0,0,0,,
12,115,1.0,36.66666666666667,90.0,-0.4210526315789473,10,0,0,0,,
12,116,1.0,72.22222222222223,188.88888888888889,-0.4468085106382979,10,0,0,0,,
12,117,1.0,188.88888888888889,544.4444444444445,-0.4848484848484848,10,0,0,0,,
12,118,1.0,366.66666666666663,900.0,-0.42105263157894746,10,0,0,0,,
12,119,1.0,811.1111111111111,2000.0,-0.42292490118577075,10,0,0,0,,
12,120,1.0,0.001,0.001888888888888889,-0.3076923076923077,10,47,17,0,0.007112135136533295,1633.136250702326
12,121,1.0,0.002777777777777778,0.006333333333333334,-0.39024390243902446,10,38,10,1,0.016826740610704674,3070.75508482763
12,122,1.0,0.004555555555555556,0.009,-0.3278688524590163,10,30,7,0,0.022594357702209782,1489.0608888348056
12,123,1.0,0.009,0.01888888888888889,-0.354581673306773,10,24,3,0,0.038547835766577165,1393.761013726406
12,124,1.0,0.027777777777777776,0.05444444444444445,-0.3243243243243244,10,10,1,0,0.2765176784523015,1361.3993613075374
12,125,1.0,0.03666666666666667,0.0811111111111111,-0.3773584905660377,10,5,0,0,0.3401601067378252,790.1117408387826
12,126,1.0,0.0811111111111111,0.18888888888888888,-0.39917695473251025,10,0,0,0,,
12,127,1.0,0.18888888888888888,0.3666666666666667,-0.32000000000000006,10,0,0,0,,
12,128,1.0,0.3666666666666667,0.7222222222222222,-0.3265306122448979,10,0,0,0,,
12,129,1.0,0.4555555555555556,1.0,-0.37404580152671746,10,0,0,0,,
12,130,1.0,1.8888888888888888,3.6666666666666665,-0.32,10,0,0,0,,
12,131,1.0,3.6666666666666665,7.222222222222221,-0.32653061224489793,10,0,0,0,,
12,132,1.0,4.555555555555555,10.0,-0.37404580152671757,10,0,0,0,,
12,133,1.0,10.0,18.88888888888889,-0.3076923076923077,10,0,0,0,,
12,134,1.0,27.77777777777778,63.333333333333336,-0.3902439024390244,10,0,0,0,,
12,135,1.0,45.55555555555556,90.0,-0.3278688524590164,10,0,0,0,,
12,136,1.0,90.0,188.88888888888889,-0.35458167330677287,10,0,0,0,,
12,137,1.0,277.77777777777777,544.4444444444445,-0.32432432432432434,10,0,0,0,,
12,138,1.0,366.66666666666663,811.1111111111111,-0.3773584905660377,10,0,0,0,,
12,139,1.0,1000.0,2000.0,-0.3333333333333333,10,0,0,0,,
12,140,1.0,0.002777777777777778,0.004555555555555556,-0.2424242424242424,10,35,11,0,0.01412537544622754,1589.8830720144372
12,141,1.0,0.004555555555555556,0.007222222222222223,-0.22641509433962265,10,29,6,0,0.020044720273651614,1447.3303645864612
12,142,1.0,0.0054444444444444445,0.009,-0.2461538461538461,10,28,6,0,0.023442288153199226,1597.4311305714582
12,143,1.0,0.006333333333333334,0.01,-0.2244897959183673,10,27,6,0,0.025468302525850417,1598.3349569601173
12,144,1.0,0.03666666666666667,0.06333333333333332,-0.2666666666666666,10,8,1,0,0.3017344896597732,1469.6142065740428
12,145,1.0,0.05444444444444445,0.09,-0.24615384615384614,10,4,0,0,0.5629086057371581,1042.3808899562098
12,146,1.0,0.06333333333333332,0.1,-0.22448979591836743,10,3,0,0,0.5953302201467645,769.4242998536936
12,147,1.0,0.3666666666666667,0.6333333333333333,-0.2666666666666666,10,0,0,0,,
12,148,1.0,0.4555555555555556,0.8111111111111111,-0.2807017543859649,10,0,0,0,,
12,149,1.0,0.5444444444444445,1.0,-0.29496402877697836,10,0,0,0,,
12,150,1.0,3.6666666666666665,6.333333333333333,-0.26666666666666666,10,0,0,0,,
12,151,1.0,4.555555555555555,8.11111111111111,-0.2807017543859649,10,0,0,0,,
12,152,1.0,5.444444444444445,10.0,-0.2949640287769784,10,0,0,0,,
12,153,1.0,27.77777777777778,45.55555555555556,-0.2424242424242424,10,0,0,0,,
12,154,1.0,45.55555555555556,72.22222222222223,-0.22641509433962267,10,0,0,0,,
12,155,1.0,54.44444444444444,100.0,-0.2949640287769784,10,0,0,0,,
12,156,1.0,277.77777777777777,455.55555555555554,-0.24242424242424243,10,0,0,0,,
12,157,1.0,455.55555555555554,722.2222222222222,-0.2264150943396226,10,0,0,0,,
12,158,1.0,544.4444444444445,900.0,-0.24615384615384617,10,0,0,0,,
12,159,1.0,2000.0,3000.0,-0.2,10,0,0,0,,
12,160,1.0,0.001888888888888889,0.002777777777777778,-0.19047619047619047,10,44,13,1,0.009954054173515275,7133.959519351478
12,161,1.0,0.003666666666666667,0.0054444444444444445,-0.19512195121951215,10,36,10,0,0.016368165214278085,1635.2490787818133
12,162,1.0,0.006333333333333334,0.00811111111111111,-0.123076923076923,10,34,6,0,0.022594357702209782,1633.1711000663845
12,163,1.0,0.00811111111111111,0.01,-0.1042944785276074,10,30,6,0,0.02654605561975539,1567.4315556438828
12,164,1.0,0.03666666666666667,0.04555555555555556,-0.10810810810810813,10,11,2,0,0.2543028685790527,1249.5711974622614
12,165,1.0,0.05444444444444445,0.0811111111111111,-0.1967213114754098,10,5,0,0,0.5334889926617745,1376.9264024685301
12,166,1.0,0.07222222222222222,0.1,-0.16129032258064524,10,3,0,0,0.595930620413609,963.8045027534257
12,167,1.0,0.3666666666666667,0.4555555555555556,-0.10810810810810811,10,0,0,0,,
12,168,1.0,0.5444444444444445,0.7222222222222222,-0.1403508771929824,10,0,0,0,,
12,169,1.0,0.7222222222222222,0.9,-0.10958904109589043,10,0,0,0,,
12,170,1.0,2.7777777777777777,3.6666666666666665,-0.13793103448275862,10,0,0,0,,
12,171,1.0,5.444444444444445,7.222222222222221,-0.1403508771929824,10,0,0,0,,
12,172,1.0,6.333333333333333,9.0,-0.1739130434782609,10,0,0,0,,
12,173,1.0,18.88888888888889,27.77777777777778,-0.19047619047619047,10,0,0,0,,
12,174,1.0,45.55555555555556,63.333333333333336,-0.163265306122449,10,0,0,0,,
12,175,1.0,63.333333333333336,90.0,-0.17391304347826084,10,0,0,0,,
12,176,1.0,81.11111111111111,100.0,-0.10429447852760734,10,0,0,0,,
12,177,1.0,366.66666666666663,544.4444444444445,-0.19512195121951226,10,0,0,0,,
12,178,1.0,633.3333333333333,811.1111111111111,-0.12307692307692313,10,0,0,0,,
12,179,1.0,811.1111111111111,1000.0,-0.10429447852760737,10,0,0,0,,
12,180,1.0,0.001,0.001,0.0,10,58,20,0,0.00485288500162121,1744.6638019153975
12,181,1.0,0.004555555555555556,0.0054444444444444445,-0.08888888888888886,10,41,9,0,0.01690440931643265,1630.2989206898428
12,182,1.0,0.007222222222222223,0.007222222222222223,0.0,10,33,6,0,0.02128139045982711,1512.81732808591
12,183,1.0,0.009,0.01,-0.05263157894736847,10,30,6,0,0.026791683248190316,1568.5002776823949
12,184,1.0,0.04555555555555556,0.04555555555555556,0.0,10,10,2,0,0.2543028685790527,1149.4554593198486
12,185,1.0,0.06333333333333332,0.07222222222222222,-0.0655737704918033,10,8,1,0,0.32695130086724483,1551.4001438209775
12,186,1.0,0.09,0.09,0.0,10,3,0,0,0.5641094062708472,1220.8074231837631
12,187,1.0,0.4555555555555556,0.4555555555555556,0.0,10,0,0,0,,
12,188,1.0,0.6333333333333333,0.7222222222222222,-0.06557377049180328,10,0,0,0,,
12,189,1.0,0.9,0.9,0.0,10,0,0,0,,
12,190,1.0,3.6666666666666665,3.6666666666666665,0.0,10,0,0,0,,
12,191,1.0,6.333333333333333,6.333333333333333,0.0,10,0,0,0,,
12,192,1.0,8.11111111111111,9.0,-0.05194805194805197,10,0,0,0,,
12,193,1.0,36.66666666666667,36.66666666666667,0.0,10,0,0,0,,
12,194,1.0,63.333333333333336,63.333333333333336,0.0,10,0,0,0,,
12,195,1.0,81.11111111111111,90.0,-0.05194805194805193,10,0,0,0,,
12,196,1.0,277.77777777777777,277.77777777777777,0.0,10,0,0,0,,
12,197,1.0,544.4444444444445,633.3333333333333,-0.07547169811320747,10,0,0,0,,
12,198,1.0,811.1111111111111,811.1111111111111,0.0,10,0,0,0,,
12,199,1.0,3000.0,3000.0,0.0,10,0,0,0,,
12,200,1.0,0.0054444444444444445,0.004555555555555556,0.08888888888888886,10,42,9,0,0.015346169827992941,1514.8030048713688
12,201,1.0,0.006333333333333334,0.0054444444444444445,0.0754716981132076,10,35,8,0,0.017458221529205037,1495.3185584075677
12,202,1.0,0.00811111111111111,0.007222222222222223,0.057971014492753555,10,29,6,0,0.02147830474130533,1325.9765134046033
12,203,1.0,0.01,0.009,0.05263157894736847,10,30,6,0,0.02535128630497907,1598.6924755048133
12,204,1.0,0.06333333333333332,0.05444444444444445,0.07547169811320745,10,8,0,0,0.2801200800533689,1326.9558385441487
12,205,1.0,0.0811111111111111,0.07222222222222222,0.05797101449275364,10,4,0,0,0.5016677785190127,1288.0516725292814
12,206,1.0,0.1,0.09,0.05263157894736847,10,3,0,0,0.5635090060040027,742.9601365225224
12,207,1.0,0.5444444444444445,0.4555555555555556,0.0888888888888889,10,0,0,0,,
12,208,1.0,0.7222222222222222,0.6333333333333333,0.06557377049180328,10,0,0,0,,
12,209,1.0,0.9,0.8111111111111111,0.05194805194805195,10,0,0,0,,
12,210,1.0,5.444444444444445,4.555555555555555,0.08888888888888893,10,0,0,0,,
12,211,1.0,7.222222222222221,6.333333333333333,0.06557377049180325,10,0,0,0,,
12,212,1.0,9.0,8.11111111111111,0.05194805194805197,10,0,0,0,,
12,213,1.0,10.0,9.0,0.05263157894736842,10,0,0,0,,
12,214,1.0,63.333333333333336,54.44444444444444,0.07547169811320759,10,0,0,0,,
12,215,1.0,81.11111111111111,72.22222222222223,0.057971014492753596,10,0,0,0,,
12,216,1.0,100.0,90.0,0.05263157894736842,10,0,0,0,,
12,217,1.0,633.3333333333333,544.4444444444445,0.07547169811320747,10,0,0,0,,
12,218,1.0,811.1111111111111,722.2222222222222,0.057971014492753645,10,0,0,0,,
12,219,1.0,1000.0,900.0,0.05263157894736842,10,0,0,0,,
12,220,1.0,0.002777777777777778,0.001888888888888889,0.19047619047619047,10,49,13,0,0.008053784411990669,1602.1801176003744
12,221,1.0,0.0054444444444444445,0.003666666666666667,0.19512195121951215,10,42,10,0,0.013182567385564075,1568.107137687571
12,222,1.0,0.00811111111111111,0.006333333333333334,0.123076923076923,10,33,7,0,0.01967886289706845,1601.0592513905142
12,223,1.0,0.01,0.00811111111111111,0.1042944785276074,10,29,6,0,0.023659196974857587,1437.7375675446178
12,224,1.0,0.05444444444444445,0.03666666666666667,0.19512195121951223,10,12,2,0,0.2248832555036691,1208.711583954811
12,225,1.0,0.0811111111111111,0.05444444444444445,0.1967213114754098,10,8,1,0,0.27891927951967976,1365.2974436586687
12,226,1.0,0.1,0.07222222222222222,0.16129032258064524,10,4,0,0,0.5004669779853236,1603.967903176789
12,227,1.0,0.4555555555555556,0.3666666666666667,0.10810810810810811,10,0,0,0,,
12,228,1.0,0.8111111111111111,0.5444444444444445,0.19672131147540978,10,0,0,0,,
12,229,1.0,1.0,0.7222222222222222,0.16129032258064516,10,0,0,0,,
12,230,1.0,3.6666666666666665,2.7777777777777777,0.13793103448275862,10,0,0,0,,
12,231,1.0,7.222222222222221,5.444444444444445,0.1403508771929824,10,0,0,0,,
12,232,1.0,9.0,7.222222222222221,0.10958904109589046,10,0,0,0,,
12,233,1.0,36.66666666666667,27.77777777777778,0.13793103448275865,10,0,0,0,,
12,234,1.0,72.22222222222223,54.44444444444444,0.1403508771929825,10,0,0,0,,
12,235,1.0,90.0,63.333333333333336,0.17391304347826084,10,0,0,0,,
12,236,1.0,277.77777777777777,188.88888888888889,0.1904761904761905,10,0,0,0,,
12,237,1.0,633.3333333333333,455.55555555555554,0.16326530612244894,10,0,0,0,,
12,238,1.0,900.0,633.3333333333333,0.17391304347826092,10,0,0,0,,
12,239,1.0,3000.0,2000.0,0.2,10,0,0,0,,
12,240,1.0,0.004555555555555556,0.002777777777777778,0.2424242424242424,10,45,11,0,0.010814339512979387,1557.708695868909
12,241,1.0,0.007222222222222223,0.004555555555555556,0.22641509433962265,10,34,8,0,0.01555965631605075,1620.5645232035329
12,242,1.0,0.009,0.0054444444444444445,0.2461538461538461,10,37,8,0,0.017864875748520515,1562.545608253648
12,243,1.0,0.01,0.006333333333333334,0.2244897959183673,10,30,6,0,0.01995262314968881,1603.278916071928
12,244,1.0,0.06333333333333332,0.03666666666666667,0.2666666666666666,10,11,2,0,0.22428285523682456,1514.0773625339764
12,245,1.0,0.0811111111111111,0.04555555555555556,0.2807017543859649,10,10,1,0,0.252501667778519,1474.7124582182005
12,246,1.0,0.1,0.05444444444444445,0.2949640287769784,10,7,0,0,0.27771847898599067,1624.4718411878803
12,247,1.0,0.6333333333333333,0.3666666666666667,0.2666666666666666,10,0,0,0,,
12,248,1.0,0.8111111111111111,0.4555555555555556,0.2807017543859649,10,0,0,0,,
12,249,1.0,1.0,0.5444444444444445,0.29496402877697836,10,0,0,0,,
12,250,1.0,4.555555555555555,2.7777777777777777,0.24242424242424243,10,0,0,0,,
12,251,1.0,7.222222222222221,4.555555555555555,0.22641509433962262,10,0,0,0,,
12,252,1.0,9.0,5.444444444444445,0.24615384615384614,10,0,0,0,,
12,253,1.0,45.55555555555556,27.77777777777778,0.2424242424242424,10,0,0,0,,
12,254,1.0,72.22222222222223,45.55555555555556,0.22641509433962267,10,0,0,0,,
12,255,1.0,90.0,54.44444444444444,0.24615384615384614,10,0,0,0,,
12,256,1.0,100.0,63.333333333333336,0.22448979591836732,10,0,0,0,,
12,257,1.0,633.3333333333333,366.66666666666663,0.26666666666666666,10,0,0,0,,
12,258,1.0,811.1111111111111,455.55555555555554,0.28070175438596495,10,0,0,0,,
12,259,1.0,1000.0,633.3333333333333,0.2244897959183674,10,0,0,0,,
12,260,1.0,0.001888888888888889,0.001,0.3076923076923077,10,56,17,0,0.005058246620031137,1568.3940611292705
12,261,1.0,0.006333333333333334,0.002777777777777778,0.39024390243902446,10,38,10,0,0.010914403364487572,1467.9629553041234
12,262,1.0,0.009,0.004555555555555556,0.3278688524590163,10,34,8,0,0.015776112696993486,1626.0843210796393
12,263,1.0,0.01888888888888889,0.009,0.354581673306773,10,25,5,0,0.026181830082189862,1609.5108393211697
12,264,1.0,0.05444444444444445,0.027777777777777776,0.3243243243243244,10,12,1,0,0.060813500127871824,1545.6408372666347
12,265,1.0,0.0811111111111111,0.03666666666666667,0.3773584905660377,10,11,2,0,0.2230820547031354,1322.455917315467
12,266,1.0,0.18888888888888888,0.0811111111111111,0.39917695473251025,10,3,0,0,0.5292861907938625,774.0398919285506
12,267,1.0,0.3666666666666667,0.18888888888888888,0.32000000000000006,10,0,0,0,,
12,268,1.0,0.7222222222222222,0.3666666666666667,0.3265306122448979,10,0,0,0,,
12,269,1.0,1.0,0.4555555555555556,0.37404580152671746,10,0,0,0,,
12,270,1.0,3.6666666666666665,1.8888888888888888,0.32,10,0,0,0,,
12,271,1.0,7.222222222222221,3.6666666666666665,0.32653061224489793,10,0,0,0,,
12,272,1.0,10.0,4.555555555555555,0.37404580152671757,10,0,0,0,,
12,273,1.0,18.88888888888889,10.0,0.3076923076923077,10,0,0,0,,
12,274,1.0,63.333333333333336,27.77777777777778,0.3902439024390244,10,0,0,0,,
12,275,1.0,90.0,45.55555555555556,0.3278688524590164,10,0,0,0,,
12,276,1.0,188.88888888888889,90.0,0.35458167330677287,10,0,0,0,,
12,277,1.0,544.4444444444445,277.77777777777777,0.32432432432432434,10,0,0,0,,
12,278,1.0,811.1111111111111,366.66666666666663,0.3773584905660377,10,0,0,0,,
12,279,1.0,2000.0,1000.0,0.3333333333333333,10,0,0,0,,
12,280,1.0,0.002777777777777778,0.001,0.47058823529411764,10,56,16,0,0.005105049999754065,1532.5892280941441
12,281,1.0,0.0054444444444444445,0.001888888888888889,0.48484848484848486,10,46,12,0,0.008241381150130029,1585.1886877301554
12,282,1.0,0.009,0.003666666666666667,0.4210526315789473,10,37,9,0,0.013489628825916533,1537.8759292778093
12,283,1.0,0.01888888888888889,0.007222222222222223,0.4468085106382978,10,25,5,0,0.0223872113856834,1583.3970746420098
12,284,1.0,0.05444444444444445,0.01888888888888889,0.4848484848484849,10,14,2,0,0.04613175745603795,1395.4425335640624
12,285,1.0,0.09,0.03666666666666667,0.4210526315789474,10,9,1,0,0.22248165443629087,1595.2821300289338
12,286,1.0,0.18888888888888888,0.07222222222222222,0.44680851063829796,10,5,0,0,0.4974649766511007,1353.2961785397404
12,287,1.0,0.4555555555555556,0.18888888888888888,0.4137931034482759,10,0,0,0,,
12,288,1.0,0.8111111111111111,0.2777777777777778,0.48979591836734687,10,0,0,0,,
12,289,1.0,1.8888888888888888,0.6333333333333333,0.4977973568281938,10,0,0,0,,
12,290,1.0,4.555555555555555,1.8888888888888888,0.4137931034482758,10,0,0,0,,
12,291,1.0,8.11111111111111,2.7777777777777777,0.48979591836734687,10,0,0,0,,
12,292,1.0,18.88888888888889,6.333333333333333,0.4977973568281939,10,0,0,0,,
12,293,1.0,27.77777777777778,10.0,0.47058823529411764,10,0,0,0,,
12,294,1.0,72.22222222222223,27.77777777777778,0.4444444444444445,10,0,0,0,,
12,295,1.0,100.0,36.66666666666667,0.4634146341463414,10,0,0,0,,
12,296,1.0,277.77777777777777,100.0,0.47058823529411764,10,0,0,0,,
12,297,1.0,722.2222222222222,277.77777777777777,0.4444444444444444,10,0,0,0,,
12,298,1.0,1000.0,366.66666666666663,0.46341463414634154,10,0,0,0,,
12,299,1.0,3000.0,1000.0,0.5,10,0,0,0,,
12,300,1.0,0.003666666666666667,0.001,0.5714285714285715,10,54,15,0,0.0051522864458175615,1641.0535349882846
12,301,1.0,0.007222222222222223,0.001888888888888889,0.5853658536585367,10,41,11,0,0.008279421637123344,1663.0451359948336
12,302,1.0,0.01888888888888889,0.0054444444444444445,0.5525114155251142,10,29,7,0,0.018281002161427428,1618.2960766500362
12,303,1.0,0.027777777777777776,0.009,0.5105740181268882,10,24,4,0,0.02654605561975539,1617.2251090454195
12,304,1.0,0.07222222222222222,0.01888888888888889,0.5853658536585367,10,14,3,0,0.046344691973628796,924.4176022219835
12,305,1.0,0.1,0.027777777777777776,0.5652173913043479,10,12,2,0,0.06165950018614822,1373.4663190637982
12,306,1.0,0.2777777777777778,0.0811111111111111,0.5479876160990712,10,3,0,0,0.5268845897264843,1267.6798809048364
12,307,1.0,0.6333333333333333,0.18888888888888888,0.5405405405405406,10,0,0,0,,
12,308,1.0,1.0,0.2777777777777778,0.5652173913043479,10,0,0,0,,
12,309,1.0,2.7777777777777777,0.8111111111111111,0.5479876160990712,10,0,0,0,,
12,310,1.0,3.6666666666666665,1.0,0.5714285714285715,10,0,0,0,,
12,311,1.0,9.0,2.7777777777777777,0.5283018867924528,10,0,0,0,,
12,312,1.0,27.77777777777778,7.222222222222221,0.5873015873015873,10,0,0,0,,
12,313,1.0,36.66666666666667,10.0,0.5714285714285715,10,0,0,0,,
12,314,1.0,90.0,27.77777777777778,0.5283018867924528,10,0,0,0,,
12,315,1.0,188.88888888888889,54.44444444444444,0.5525114155251143,10,0,0,0,,
12,316,1.0,277.77777777777777,90.0,0.5105740181268882,10,0,0,0,,
12,317,1.0,722.2222222222222,188.88888888888889,0.5853658536585366,10,0,0,0,,
12,318,1.0,2000.0,544.4444444444445,0.572052401746725,10,0,0,0,,
12,319,1.0,3000.0,900.0,0.5384615384615384,10,0,0,0,,
12,320,1.0,0.004555555555555556,0.001,0.64,10,48,15,0,0.0051522864458175615,1593.8651054584018
12,321,1.0,0.01,0.001888888888888889,0.6822429906542055,10,39,11,0,0.008317637711026709,1556.179439551734
12,322,1.0,0.027777777777777776,0.006333333333333334,0.6286644951140065,10,23,5,0,0.020511621788255645,1347.5511812676757
12,323,1.0,0.04555555555555556,0.00811111111111111,0.6977225672877847,10,22,4,0,0.024774220576332863,1563.3270784145466
12,324,1.0,0.0811111111111111,0.01888888888888889,0.6222222222222222,10,14,2,0,0.046344691973628796,1090.0555621517146
12,325,1.0,0.18888888888888888,0.04555555555555556,0.6113744075829383,10,9,1,0,0.2476984656437625,1428.3750751600644
12,326,1.0,0.3666666666666667,0.0811111111111111,0.6377171215880892,10,3,0,0,0.5250833889259506,927.9281178525808
12,327,1.0,0.5444444444444445,0.1,0.6896551724137931,10,3,0,0,0.5857238158772515,798.6173384731142
12,328,1.0,1.8888888888888888,0.3666666666666667,0.6748768472906403,10,0,0,0,,
12,329,1.0,3.6666666666666665,0.7222222222222222,0.6708860759493671,10,0,0,0,,
12,330,1.0,4.555555555555555,0.9,0.670061099796334,10,0,0,0,,
12,331,1.0,9.0,1.8888888888888888,0.6530612244897959,10,0,0,0,,
12,332,1.0,27.77777777777778,5.444444444444445,0.6722408026755854,10,0,0,0,,
12,333,1.0,45.55555555555556,8.11111111111111,0.6977225672877846,10,0,0,0,,
12,334,1.0,81.11111111111111,18.88888888888889,0.6222222222222222,10,0,0,0,,
12,335,1.0,188.88888888888889,45.55555555555556,0.6113744075829383,10,0,0,0,,
12,336,1.0,366.66666666666663,81.11111111111111,0.6377171215880894,10,0,0,0,,
12,337,1.0,455.55555555555554,100.0,0.64,10,0,0,0,,
12,338,1.0,1000.0,188.88888888888889,0.6822429906542056,10,0,0,0,,
12,339,1.0,3000.0,722.2222222222222,0.6119402985074627,10,0,0,0,,
12,340,1.0,0.006333333333333334,0.001,0.7272727272727273,10,44,14,0,0.005176068319505676,1522.7780919014626
12,341,1.0,0.03666666666666667,0.004555555555555556,0.7789757412398922,10,29,5,0,0.016069412530128772,1523.566087895089
12,342,1.0,0.05444444444444445,0.006333333333333334,0.7915904936014624,10,21,4,0,0.020606299132700005,1419.4288142144544
12,343,1.0,0.06333333333333332,0.009,0.7511520737327189,10,21,3,0,0.026791683248190316,1529.2617964945812
12,344,1.0,0.09,0.01,0.8,10,22,4,0,0.028973435877013242,1575.492110485882
12,345,1.0,0.3666666666666667,0.06333333333333332,0.7054263565891472,10,5,0,0,0.29452968645763844,1515.1371228543633
12,346,1.0,0.5444444444444445,0.0811111111111111,0.7406749555950266,10,4,0,0,0.33655770513675787,740.9150358016152
12,347,1.0,0.7222222222222222,0.0811111111111111,0.7980636237897648,10,3,0,0,0.5208805870580386,1269.777995552061
12,348,1.0,2.7777777777777777,0.3666666666666667,0.7667844522968198,10,0,0,0,,
12,349,1.0,4.555555555555555,0.6333333333333333,0.7558886509635975,10,0,0,0,,
12,350,1.0,6.333333333333333,0.7222222222222222,0.795275590551181,10,0,0,0,,
12,351,1.0,7.222222222222221,1.0,0.7567567567567567,10,0,0,0,,
12,352,1.0,36.66666666666667,4.555555555555555,0.7789757412398921,10,0,0,0,,
12,353,1.0,54.44444444444444,6.333333333333333,0.7915904936014625,10,0,0,0,,
12,354,1.0,63.333333333333336,9.0,0.7511520737327189,10,0,0,0,,
12,355,1.0,90.0,10.0,0.8,10,0,0,0,,
12,356,1.0,366.66666666666663,63.333333333333336,0.7054263565891473,10,0,0,0,,
12,357,1.0,544.4444444444445,81.11111111111111,0.7406749555950267,10,0,0,0,,
12,358,1.0,722.2222222222222,81.11111111111111,0.7980636237897649,10,0,0,0,,
12,359,1.0,3000.0,455.55555555555554,0.7363344051446945,10,0,0,0,,
12,360,1.0,0.009,0.001,0.8000000000000002,10,45,14,0,0.005176068319505676,1800.421400126635
12,361,1.0,0.04555555555555556,0.003666666666666667,0.8510158013544019,10,29,7,0,0.01374041975012515,1603.998905507653
12,362,1.0,0.07222222222222222,0.0054444444444444445,0.8597997138769671,10,25,6,0,0.018450154191794736,1606.3552685437323
12,363,1.0,0.09,0.006333333333333334,0.8685121107266437,10,21,4,0,0.020606299132700005,1453.9082121934132
12,364,1.0,0.18888888888888888,0.01,0.8994413407821228,10,20,3,0,0.029107171180666053,1595.621923960638
12,365,1.0,0.5444444444444445,0.04555555555555556,0.8455743879472692,10,8,0,0,0.24229486324216143,1460.1773430041087
12,366,1.0,0.8111111111111111,0.04555555555555556,0.8936446173800259,10,8,0,0,0.24049366244162776,1403.8319534864079
12,367,1.0,0.9,0.09,0.8181818181818182,10,3,0,0,0.5496997998665777,1255.5746169980034
12,368,1.0,2.7777777777777777,0.2777777777777778,0.8181818181818182,10,0,0,0,,
12,369,1.0,6.333333333333333,0.4555555555555556,0.8657937806873977,10,0,0,0,,
12,370,1.0,8.11111111111111,0.7222222222222222,0.8364779874213837,10,0,0,0,,
12,371,1.0,10.0,0.7222222222222222,0.8652849740932644,10,0,0,0,,
12,372,1.0,45.55555555555556,2.7777777777777777,0.8850574712643677,10,0,0,0,,
12,373,1.0,72.22222222222223,4.555555555555555,0.8813314037626627,10,0,0,0,,
12,374,1.0,90.0,5.444444444444445,0.8859138533178115,10,0,0,0,,
12,375,1.0,100.0,10.0,0.8181818181818182,10,0,0,0,,
12,376,1.0,544.4444444444445,36.66666666666667,0.8738049713193117,10,0,0,0,,
12,377,1.0,722.2222222222222,72.22222222222223,0.8181818181818182,10,0,0,0,,
12,378,1.0,900.0,81.11111111111111,0.8346545866364666,10,0,0,0,,
12,379,1.0,3000.0,277.77777777777777,0.8305084745762712,10,0,0,0,,
12,380,1.0,0.027777777777777776,0.001,0.9305019305019304,10,36,12,0,0.005199959965335162,1594.9679453919157
12,381,1.0,0.4555555555555556,0.003666666666666667,0.9840309702395356,10,29,5,0,0.01374041975012515,1647.491159292092
12,382,1.0,0.9,0.003666666666666667,0.9918849133161194,10,29,6,0,0.01374041975012515,1589.5439681667656
12,383,1.0,2.7777777777777777,0.0811111111111111,0.94325689856199,10,3,0,0,0.514876584389593,1325.3939884505269
12,384,1.0,5.444444444444445,0.09,0.9674764103593656,10,3,0,0,0.5418945963975984,1285.4045027005975
12,385,1.0,8.11111111111111,0.04555555555555556,0.98882985969214,10,8,0,0,0.2350900600400267,1231.6623074101797
12,386,1.0,18.88888888888889,0.006333333333333334,0.9993296365336328,10,20,3,0,0.020701413487910415,1329.2246494235976
12,387,1.0,36.66666666666667,0.01888888888888889,0.998970227458582,10,15,1,0,0.046773514128719815,1629.5024754071344
12,388,1.0,54.44444444444444,0.027777777777777776,0.9989801121876594,10,10,0,0,0.062230028516915954,1312.7345936427287
12,389,1.0,72.22222222222223,0.027777777777777776,0.9992310649750098,10,10,0,0,0.062230028516915954,1469.572449525271
12,390,1.0,90.0,0.009,0.9998000199980002,10,21,2,0,0.026915348039269166,1459.5804364465394
12,391,1.0,188.88888888888889,0.0054444444444444445,0.9999423546027204,10,25,4,0,0.018450154191794736,1568.4749697514815
12,392,1.0,277.77777777777777,1.0,0.9928258270227183,10,0,0,0,,
12,393,1.0,455.55555555555554,0.03666666666666667,0.9998390373457745,10,11,0,0,0.07655966069112562,1500.692077444221
12,394,1.0,544.4444444444445,7.222222222222221,0.9738167170191341,10,0,0,0,,
12,395,1.0,722.2222222222222,0.06333333333333332,0.9998246307631483,10,6,0,0,0.27891927951967976,1513.1312656923715
12,396,1.0,811.1111111111111,8.11111111111111,0.9801980198019803,10,0,0,0,,
12,397,1.0,1000.0,0.04555555555555556,0.9999088930393171,10,8,0,0,0.23208805870580387,1230.1773472463071
12,398,1.0,2000.0,5.444444444444445,0.9945703363067206,10,0,0,0,,
12,399,1.0,3000.0,100.0,0.9354838709677419,10,0,0,0,,
13,0,1.1,0.001,0.027777777777777776,-0.9305019305019304,10,49,10,0,0.01264736347471151,1631.8832023394418
13,1,1.1,0.001888888888888889,0.7222222222222222,-0.9947828755562373,10,25,7,0,0.01629296032639723,1549.0431771747456
13,2,1.1,0.002777777777777778,54.44444444444444,-0.9998979643895719,10,22,6,0,0.010046157902783957,1569.31710873134
13,3,1.1,0.004555555555555556,0.1,-0.9128586609989372,10,18,4,0,0.03664375746478333,1582.9000720336678
13,4,1.1,0.0054444444444444445,45.55555555555556,-0.9997610041726721,10,14,4,0,0.017298163592151014,1633.8938221821093
13,5,1.1,0.007222222222222223,0.5444444444444445,-0.9738167170191339,10,12,3,0,0.04570881896148752,1224.323484539997
13,6,1.1,0.00811111111111111,90.0,-0.999819769329431,10,13,4,0,0.020044720273651614,1664.820825931932
13,7,1.1,0.01,2.7777777777777777,-0.9928258270227184,10,11,3,0,0.046773514128719815,1527.1533648998463
13,8,1.1,0.01888888888888889,722.2222222222222,-0.9999476936757038,10,7,2,0,0.023120647901755942,1540.9875128312897
13,9,1.1,0.03666666666666667,90.0,-0.999185517011588,10,5,2,0,0.06194410750767818,1442.2757715616872
13,10,1.1,0.05444444444444445,81.11111111111111,-0.998658434749278,10,3,1,0,0.08550667128846832,1310.7659484823716
13,11,1.1,0.07222222222222222,100.0,-0.9985565980125465,10,3,1,0,0.10060040026684457,1510.372835396398
13,12,1.1,0.09,188.88888888888889,-0.9990475126557345,10,2,1,0,0.10240160106737825,829.055315390011
13,13,1.1,0.18888888888888888,633.3333333333333,-0.9994036866197801,10,2,1,0,0.1342228152101401,1468.800647856618
13,14,1.1,0.4555555555555556,45.55555555555556,-0.9801980198019802,10,0,0,0,,
13,15,1.1,0.7222222222222222,36.66666666666667,-0.9613670133729569,10,0,0,0,,
13,16,1.1,1.0,45.55555555555556,-0.9570405727923628,10,0,0,0,,
13,17,1.1,3.6666666666666665,544.4444444444445,-0.9866207176160553,10,0,0,0,,
13,18,1.1,8.11111111111111,900.0,-0.9821363024593173,10,0,0,0,,
13,19,1.1,100.0,3000.0,-0.9354838709677419,10,0,0,0,,
13,20,1.1,0.001,0.009,-0.8000000000000002,10,51,14,0,0.011857687481671597,1622.4245950856434
13,21,1.1,0.003666666666666667,0.05444444444444445,-0.8738049713193117,10,24,3,0,0.031477483141013174,1208.376366761183
13,22,1.1,0.0054444444444444445,0.0811111111111111,-0.8741976893453145,10,19,2,0,0.041495404263436286,1631.1705922204283
13,23,1.1,0.007222222222222223,0.09,-0.8514285714285713,10,16,2,0,0.05035006087879047,1581.0551639676937
13,24,1.1,0.01,0.18888888888888888,-0.8994413407821228,10,11,1,0,0.0628058358813318,1647.8169398697485
13,25,1.1,0.04555555555555556,0.5444444444444445,-0.8455743879472692,10,1,0,0,0.7988659106070714,303.8336158001111
13,26,1.1,0.06333333333333332,0.6333333333333333,-0.8181818181818181,10,1,0,0,0.9459639759839893,142.3558075446325
13,27,1.1,0.0811111111111111,0.9,-0.8346545866364665,10,0,0,0,,
13,28,1.1,0.2777777777777778,2.7777777777777777,-0.8181818181818182,10,0,0,0,,
13,29,1.1,0.4555555555555556,7.222222222222221,-0.8813314037626627,10,0,0,0,,
13,30,1.1,0.6333333333333333,9.0,-0.8685121107266437,10,0,0,0,,
13,31,1.1,0.9,9.0,-0.8181818181818181,10,0,0,0,,
13,32,1.1,3.6666666666666665,36.66666666666667,-0.8181818181818183,10,0,0,0,,
13,33,1.1,5.444444444444445,63.333333333333336,-0.8416801292407108,10,0,0,0,,
13,34,1.1,7.222222222222221,72.22222222222223,-0.818181818181818,10,0,0,0,,
13,35,1.1,10.0,100.0,-0.8181818181818182,10,0,0,0,,
13,36,1.1,36.66666666666667,633.3333333333333,-0.8905472636815921,10,0,0,0,,
13,37,1.1,54.44444444444444,900.0,-0.8859138533178114,10,0,0,0,,
13,38,1.1,72.22222222222223,1000.0,-0.8652849740932643,10,0,0,0,,
13,39,1.1,277.77777777777777,3000.0,-0.8305084745762712,10,0,0,0,,
13,40,1.1,0.001,0.006333333333333334,-0.7272727272727273,10,50,14,0,0.011168632477805612,1633.0339745142442
13,41,1.1,0.004555555555555556,0.027777777777777776,-0.718213058419244,10,28,5,0,0.03341950400261143,1526.5191434903809
13,42,1.1,0.006333333333333334,0.05444444444444445,-0.7915904936014624,10,19,3,0,0.0446683592150963,1437.5191148325596
13,43,1.1,0.00811111111111111,0.07222222222222222,-0.7980636237897648,10,17,3,0,0.05345643593969719,1305.3760501330876
13,44,1.1,0.01,0.0811111111111111,-0.7804878048780489,10,16,2,0,0.061376200516479455,1601.7851018966694
13,45,1.1,0.05444444444444445,0.3666666666666667,-0.7414248021108178,10,0,0,0,,
13,46,1.1,0.07222222222222222,0.5444444444444445,-0.7657657657657659,10,0,0,0,,
13,47,1.1,0.09,0.6333333333333333,-0.751152073732719,10,0,0,0,,
13,48,1.1,0.3666666666666667,2.7777777777777777,-0.7667844522968198,10,0,0,0,,
13,49,1.1,0.6333333333333333,4.555555555555555,-0.7558886509635975,10,0,0,0,,
13,50,1.1,0.8111111111111111,5.444444444444445,-0.7406749555950267,10,0,0,0,,
13,51,1.1,1.0,6.333333333333333,-0.7272727272727273,10,0,0,0,,
13,52,1.1,4.555555555555555,36.66666666666667,-0.7789757412398921,10,0,0,0,,
13,53,1.1,7.222222222222221,45.55555555555556,-0.7263157894736842,10,0,0,0,,
13,54,1.1,9.0,54.44444444444444,-0.7162872154115587,10,0,0,0,,
13,55,1.1,10.0,81.11111111111111,-0.7804878048780488,10,0,0,0,,
13,56,1.1,54.44444444444444,455.55555555555554,-0.7864923747276688,10,0,0,0,,
13,57,1.1,72.22222222222223,633.3333333333333,-0.7952755905511812,10,0,0,0,,
13,58,1.1,90.0,722.2222222222222,-0.7783857729138167,10,0,0,0,,
13,59,1.1,455.55555555555554,3000.0,-0.7363344051446945,10,0,0,0,,
13,60,1.1,0.001,0.004555555555555556,-0.64,10,57,15,0,0.010185913880541169,1585.8930076791742
13,61,1.1,0.001888888888888889,0.01,-0.6822429906542055,10,41,11,0,0.017060823890031242,1651.4805748095978
13,62,1.1,0.006333333333333334,0.027777777777777776,-0.6286644951140065,10,24,4,0,0.039084089579240214,1590.717218348141
13,63,1.1,0.009,0.03666666666666667,-0.6058394160583941,10,22,3,0,0.049431068698683536,1315.811570790539
13,64,1.1,0.01888888888888889,0.0811111111111111,-0.6222222222222222,10,9,1,0,0.29693128752501663,1600.3850951157574
13,65,1.1,0.04555555555555556,0.18888888888888888,-0.6113744075829383,10,0,0,0,,
13,66,1.1,0.0811111111111111,0.3666666666666667,-0.6377171215880892,10,0,0,0,,
13,67,1.1,0.1,0.5444444444444445,-0.6896551724137931,10,0,0,0,,
13,68,1.1,0.3666666666666667,1.8888888888888888,-0.6748768472906403,10,0,0,0,,
13,69,1.1,0.7222222222222222,3.6666666666666665,-0.6708860759493671,10,0,0,0,,
13,70,1.1,0.9,4.555555555555555,-0.670061099796334,10,0,0,0,,
13,71,1.1,1.8888888888888888,9.0,-0.6530612244897959,10,0,0,0,,
13,72,1.1,5.444444444444445,27.77777777777778,-0.6722408026755854,10,0,0,0,,
13,73,1.1,9.0,36.66666666666667,-0.6058394160583942,10,0,0,0,,
13,74,1.1,18.88888888888889,81.11111111111111,-0.6222222222222222,10,0,0,0,,
13,75,1.1,45.55555555555556,188.88888888888889,-0.6113744075829383,10,0,0,0,,
13,76,1.1,81.11111111111111,366.66666666666663,-0.6377171215880894,10,0,0,0,,
13,77,1.1,100.0,455.55555555555554,-0.64,10,0,0,0,,
13,78,1.1,188.88888888888889,1000.0,-0.6822429906542056,10,0,0,0,,
13,79,1.1,722.2222222222222,3000.0,-0.6119402985074627,10,0,0,0,,
13,80,1.1,0.001,0.003666666666666667,-0.5714285714285715,10,56,16,0,0.009418895965228418,1645.362472075972
13,81,1.1,0.001888888888888889,0.007222222222222223,-0.5853658536585367,10,47,11,0,0.015346169827992941,1529.0822909738654
13,82,1.1,0.0054444444444444445,0.01888888888888889,-0.5525114155251142,10,27,5,0,0.03235936569296284,1433.484354794478
13,83,1.1,0.009,0.027777777777777776,-0.5105740181268882,10,22,2,0,0.0446683592150963,1585.8256313862478
13,84,1.1,0.01888888888888889,0.07222222222222222,-0.5853658536585367,10,11,1,0,0.2867244829886591,1499.1483807597754
13,85,1.1,0.05444444444444445,0.18888888888888888,-0.5525114155251141,10,0,0,0,,
13,86,1.1,0.09,0.2777777777777778,-0.5105740181268883,10,0,0,0,,
13,87,1.1,0.18888888888888888,0.6333333333333333,-0.5405405405405406,10,0,0,0,,
13,88,1.1,0.2777777777777778,1.0,-0.5652173913043479,10,0,0,0,,
13,89,1.1,0.8111111111111111,2.7777777777777777,-0.5479876160990712,10,0,0,0,,
13,90,1.1,1.8888888888888888,6.333333333333333,-0.5405405405405406,10,0,0,0,,
13,91,1.1,2.7777777777777777,10.0,-0.5652173913043478,10,0,0,0,,
13,92,1.1,8.11111111111111,27.77777777777778,-0.5479876160990713,10,0,0,0,,
13,93,1.1,10.0,36.66666666666667,-0.5714285714285715,10,0,0,0,,
13,94,1.1,27.77777777777778,90.0,-0.5283018867924528,10,0,0,0,,
13,95,1.1,72.22222222222223,277.77777777777777,-0.5873015873015872,10,0,0,0,,
13,96,1.1,100.0,366.66666666666663,-0.5714285714285714,10,0,0,0,,
13,97,1.1,277.77777777777777,900.0,-0.5283018867924527,10,0,0,0,,
13,98,1.1,633.3333333333333,2000.0,-0.518987341772152,10,0,0,0,,
13,99,1.1,1000.0,3000.0,-0.5,10,0,0,0,,
13,100,1.1,0.001,0.002777777777777778,-0.47058823529411764,10,56,17,0,0.008394599865193973,1660.6311051680225
13,101,1.1,0.001888888888888889,0.0054444444444444445,-0.48484848484848486,10,45,12,0,0.013677288255958495,1620.3432557262142
13,102,1.1,0.003666666666666667,0.009,-0.4210526315789473,10,40,7,0,0.020701413487910415,1595.0148756969538
13,103,1.1,0.007222222222222223,0.01888888888888889,-0.4468085106382978,10,24,5,0,0.0353183169791957,1174.7469873806715
13,104,1.1,0.01888888888888889,0.05444444444444445,-0.4848484848484849,10,11,1,0,0.2573048699132755,1157.6626665872946
13,105,1.1,0.027777777777777776,0.0811111111111111,-0.4897959183673469,10,10,1,0,0.31854569713142095,1575.540836507935
13,106,1.1,0.06333333333333332,0.18888888888888888,-0.4977973568281938,10,0,0,0,,
13,107,1.1,0.18888888888888888,0.4555555555555556,-0.4137931034482759,10,0,0,0,,
13,108,1.1,0.2777777777777778,0.8111111111111111,-0.48979591836734687,10,0,0,0,,
13,109,1.1,0.6333333333333333,1.8888888888888888,-0.4977973568281938,10,0,0,0,,
13,110,1.1,1.0,2.7777777777777777,-0.47058823529411764,10,0,0,0,,
13,111,1.1,2.7777777777777777,7.222222222222221,-0.44444444444444436,10,0,0,0,,
13,112,1.1,3.6666666666666665,10.0,-0.46341463414634154,10,0,0,0,,
13,113,1.1,10.0,27.77777777777778,-0.47058823529411764,10,0,0,0,,
13,114,1.1,27.77777777777778,72.22222222222223,-0.4444444444444445,10,0,0,0,,
13,115,1.1,36.66666666666667,90.0,-0.4210526315789473,10,0,0,0,,
13,116,1.1,72.22222222222223,188.88888888888889,-0.4468085106382979,10,0,0,0,,
13,117,1.1,188.88888888888889,544.4444444444445,-0.4848484848484848,10,0,0,0,,
13,118,1.1,366.66666666666663,900.0,-0.42105263157894746,10,0,0,0,,
13,119,1.1,811.1111111111111,2000.0,-0.42292490118577075,10,0,0,0,,
13,120,1.1,0.001,0.001888888888888889,-0.3076923076923077,10,52,18,0,0.006854882264526621,1583.208112262727
13,121,1.1,0.002777777777777778,0.006333333333333334,-0.39024390243902446,10,40,10,0,0.01629296032639723,1600.052182635105
13,122,1.1,0.004555555555555556,0.009,-0.3278688524590163,10,29,7,0,0.02177709772353159,1572.0028809817152
13,123,1.1,0.009,0.01888888888888889,-0.354581673306773,10,21,4,0,0.03732501577957206,1245.654830120036
13,124,1.1,0.027777777777777776,0.05444444444444445,-0.3243243243243244,10,10,1,0,0.2645096731154103,1549.9898788288458
13,125,1.1,0.03666666666666667,0.0811111111111111,-0.3773584905660377,10,8,1,0,0.5058705803869246,1215.4825283274754
13,126,1.1,0.0811111111111111,0.18888888888888888,-0.39917695473251025,10,0,0,0,,
13,127,1.1,0.18888888888888888,0.3666666666666667,-0.32000000000000006,10,0,0,0,,
13,128,1.1,0.3666666666666667,0.7222222222222222,-0.3265306122448979,10,0,0,0,,
13,129,1.1,0.4555555555555556,1.0,-0.37404580152671746,10,0,0,0,,
13,130,1.1,1.8888888888888888,3.6666666666666665,-0.32,10,0,0,0,,
13,131,1.1,3.6666666666666665,7.222222222222221,-0.32653061224489793,10,0,0,0,,
13,132,1.1,4.555555555555555,10.0,-0.37404580152671757,10,0,0,0,,
13,133,1.1,10.0,18.88888888888889,-0.3076923076923077,10,0,0,0,,
13,134,1.1,27.77777777777778,63.333333333333336,-0.3902439024390244,10,0,0,0,,
13,135,1.1,45.55555555555556,90.0,-0.3278688524590164,10,0,0,0,,
13,136,1.1,90.0,188.88888888888889,-0.35458167330677287,10,0,0,0,,
13,137,1.1,277.77777777777777,544.4444444444445,-0.32432432432432434,10,0,0,0,,
13,138,1.1,366.66666666666663,811.1111111111111,-0.3773584905660377,10,0,0,0,,
13,139,1.1,1000.0,2000.0,-0.3333333333333333,10,0,0,0,,
13,140,1.1,0.002777777777777778,0.004555555555555556,-0.2424242424242424,10,40,11,0,0.013551894123510363,1512.8558060850264
13,141,1.1,0.004555555555555556,0.007222222222222223,-0.22641509433962265,10,31,8,0,0.019230917289101594,1534.0944784861824
13,142,1.1,0.0054444444444444445,0.009,-0.2461538461538461,10,28,7,0,0.022490546058357805,1587.188099253103
13,143,1.1,0.006333333333333334,0.01,-0.2244897959183673,10,27,7,0,0.02454708915685031,1642.6446013419218
13,144,1.1,0.03666666666666667,0.06333333333333332,-0.2666666666666666,10,8,1,0,0.2885256837891928,1072.6490278336914
13,145,1.1,0.05444444444444445,0.09,-0.24615384615384614,10,4,0,0,0.5370913942628419,725.6341586073964
13,146,1.1,0.06333333333333332,0.1,-0.22448979591836743,10,3,0,0,0.5677118078719146,1187.0676717817398
13,147,1.1,0.3666666666666667,0.6333333333333333,-0.2666666666666666,10,0,0,0,,
13,148,1.1,0.4555555555555556,0.8111111111111111,-0.2807017543859649,10,0,0,0,,
13,149,1.1,0.5444444444444445,1.0,-0.29496402877697836,10,0,0,0,,
13,150,1.1,3.6666666666666665,6.333333333333333,-0.26666666666666666,10,0,0,0,,
13,151,1.1,4.555555555555555,8.11111111111111,-0.2807017543859649,10,0,0,0,,
13,152,1.1,5.444444444444445,10.0,-0.2949640287769784,10,0,0,0,,
13,153,1.1,27.77777777777778,45.55555555555556,-0.2424242424242424,10,0,0,0,,
13,154,1.1,45.55555555555556,72.22222222222223,-0.22641509433962267,10,0,0,0,,
13,155,1.1,54.44444444444444,100.0,-0.2949640287769784,10,0,0,0,,
13,156,1.1,277.77777777777777,455.55555555555554,-0.24242424242424243,10,0,0,0,,
13,157,1.1,455.55555555555554,722.2222222222222,-0.2264150943396226,10,0,0,0,,
13,158,1.1,544.4444444444445,900.0,-0.24615384615384617,10,0,0,0,,
13,159,1.1,2000.0,3000.0,-0.2,10,0,0,0,,
13,160,1.1,0.001888888888888889,0.002777777777777778,-0.19047619047619047,10,42,14,0,0.00950604793656281,1539.4865909064454
13,161,1.1,0.003666666666666667,0.0054444444444444445,-0.19512195121951215,10,37,10,0,0.01570362804333553,1607.0669141236044
13,162,1.1,0.006333333333333334,0.00811111111111111,-0.123076923076923,10,33,7,0,0.02157744409152667,1597.2894627853227
13,163,1.1,0.00811111111111111,0.01,-0.1042944785276074,10,32,6,0,0.02535128630497907,1532.777574883304
13,164,1.1,0.03666666666666667,0.04555555555555556,-0.10810810810810813,10,13,2,0,0.24229486324216143,1595.9498630053668
13,165,1.1,0.05444444444444445,0.0811111111111111,-0.1967213114754098,10,6,0,0,0.5082721814543029,1611.3457133864238
13,166,1.1,0.07222222222222222,0.1,-0.16129032258064524,10,4,0,0,0.5677118078719146,1165.3513858736794
13,167,1.1,0.3666666666666667,0.4555555555555556,-0.10810810810810811,10,0,0,0,,
13,168,1.1,0.5444444444444445,0.7222222222222222,-0.1403508771929824,10,0,0,0,,
13,169,1.1,0.7222222222222222,0.9,-0.10958904109589043,10,0,0,0,,
13,170,1.1,2.7777777777777777,3.6666666666666665,-0.13793103448275862,10,0,0,0,,
13,171,1.1,5.444444444444445,7.222222222222221,-0.1403508771929824,10,0,0,0,,
13,172,1.1,6.333333333333333,9.0,-0.1739130434782609,10,0,0,0,,
13,173,1.1,18.88888888888889,27.77777777777778,-0.19047619047619047,10,0,0,0,,
13,174,1.1,45.55555555555556,63.333333333333336,-0.163265306122449,10,0,0,0,,
13,175,1.1,63.333333333333336,90.0,-0.17391304347826084,10,0,0,0,,
13,176,1.1,81.11111111111111,100.0,-0.10429447852760734,10,0,0,0,,
13,177,1.1,366.66666666666663,544.4444444444445,-0.19512195121951226,10,0,0,0,,
13,178,1.1,633.3333333333333,811.1111111111111,-0.12307692307692313,10,0,0,0,,
13,179,1.1,811.1111111111111,1000.0,-0.10429447852760737,10,0,0,0,,
13,180,1.1,0.001,0.001,0.0,10,58,21,0,0.0046131757456037955,1697.6677906512905
13,181,1.1,0.004555555555555556,0.0054444444444444445,-0.08888888888888886,10,40,9,0,0.01614358556826487,1642.4109283413372
13,182,1.1,0.007222222222222223,0.007222222222222223,0.0,10,35,7,0,0.020230191786782717,1512.7629276175787
13,183,1.1,0.009,0.01,-0.05263157894736847,10,32,6,0,0.02558585886905645,1636.2279863569333
13,184,1.1,0.04555555555555556,0.04555555555555556,0.0,10,11,2,0,0.24229486324216143,1613.9807216301926
13,185,1.1,0.06333333333333332,0.07222222222222222,-0.0655737704918033,10,7,1,0,0.4782521681120747,1554.6985557091348
13,186,1.1,0.09,0.09,0.0,10,3,0,0,0.5370913942628419,1211.2168451369268
13,187,1.1,0.4555555555555556,0.4555555555555556,0.0,10,0,0,0,,
13,188,1.1,0.6333333333333333,0.7222222222222222,-0.06557377049180328,10,0,0,0,,
13,189,1.1,0.9,0.9,0.0,10,0,0,0,,
13,190,1.1,3.6666666666666665,3.6666666666666665,0.0,10,0,0,0,,
13,191,1.1,6.333333333333333,6.333333333333333,0.0,10,0,0,0,,
13,192,1.1,8.11111111111111,9.0,-0.05194805194805197,10,0,0,0,,
13,193,1.1,36.66666666666667,36.66666666666667,0.0,10,0,0,0,,
13,194,1.1,63.333333333333336,63.333333333333336,0.0,10,0,0,0,,
13,195,1.1,81.11111111111111,90.0,-0.05194805194805193,10,0,0,0,,
13,196,1.1,277.77777777777777,277.77777777777777,0.0,10,0,0,0,,
13,197,1.1,544.4444444444445,633.3333333333333,-0.07547169811320747,10,0,0,0,,
13,198,1.1,811.1111111111111,811.1111111111111,0.0,10,0,0,0,,
13,199,1.1,3000.0,3000.0,0.0,10,0,0,0,,
13,200,1.1,0.0054444444444444445,0.004555555555555556,0.08888888888888886,10,43,10,0,0.01458814260275349,1596.962208591831
13,201,1.1,0.006333333333333334,0.0054444444444444445,0.0754716981132076,10,40,9,0,0.016595869074375613,1586.9166767132504
13,202,1.1,0.00811111111111111,0.007222222222222223,0.057971014492753555,10,34,7,0,0.020417379446695295,1543.6964271993268
13,203,1.1,0.01,0.009,0.05263157894736847,10,31,6,0,0.024099054286865956,1514.8965262243576
13,204,1.1,0.06333333333333332,0.05444444444444445,0.07547169811320745,10,9,1,0,0.266310873915944,1533.8562011724368
13,205,1.1,0.0811111111111111,0.07222222222222222,0.05797101449275364,10,5,0,0,0.4776517678452301,1454.1018232711126
13,206,1.1,0.1,0.09,0.05263157894736847,10,3,0,0,0.5364909939959973,1323.3894494899073
13,207,1.1,0.5444444444444445,0.4555555555555556,0.0888888888888889,10,0,0,0,,
13,208,1.1,0.7222222222222222,0.6333333333333333,0.06557377049180328,10,0,0,0,,
13,209,1.1,0.9,0.8111111111111111,0.05194805194805195,10,0,0,0,,
13,210,1.1,5.444444444444445,4.555555555555555,0.08888888888888893,10,0,0,0,,
13,211,1.1,7.222222222222221,6.333333333333333,0.06557377049180325,10,0,0,0,,
13,212,1.1,9.0,8.11111111111111,0.05194805194805197,10,0,0,0,,
13,213,1.1,10.0,9.0,0.05263157894736842,10,0,0,0,,
13,214,1.1,63.333333333333336,54.44444444444444,0.07547169811320759,10,0,0,0,,
13,215,1.1,81.11111111111111,72.22222222222223,0.057971014492753596,10,0,0,0,,
13,216,1.1,100.0,90.0,0.05263157894736842,10,0,0,0,,
13,217,1.1,633.3333333333333,544.4444444444445,0.07547169811320747,10,0,0,0,,
13,218,1.1,811.1111111111111,722.2222222222222,0.057971014492753645,10,0,0,0,,
13,219,1.1,1000.0,900.0,0.05263157894736842,10,0,0,0,,
13,220,1.1,0.002777777777777778,0.001888888888888889,0.19047619047619047,10,54,14,0,0.007620790100254122,1638.3629953144055
13,221,1.1,0.0054444444444444445,0.003666666666666667,0.19512195121951215,10,45,10,0,0.012531411749414155,1638.871426519851
13,222,1.1,0.00811111111111111,0.006333333333333334,0.123076923076923,10,34,7,0,0.018706821403658015,1584.1874016521804
13,223,1.1,0.01,0.00811111111111111,0.1042944785276074,10,29,6,0,0.022490546058357805,1469.2732738377276
13,224,1.1,0.05444444444444445,0.03666666666666667,0.19512195121951223,10,12,2,0,0.21407605070046698,1459.6285298922135
13,225,1.1,0.0811111111111111,0.05444444444444445,0.1967213114754098,10,10,1,0,0.2657104736490994,1338.6302155226592
13,226,1.1,0.1,0.07222222222222222,0.16129032258064524,10,6,0,0,0.4770513675783856,1283.8824015984148
13,227,1.1,0.4555555555555556,0.3666666666666667,0.10810810810810811,10,0,0,0,,
13,228,1.1,0.8111111111111111,0.5444444444444445,0.19672131147540978,10,0,0,0,,
13,229,1.1,1.0,0.7222222222222222,0.16129032258064516,10,0,0,0,,
13,230,1.1,3.6666666666666665,2.7777777777777777,0.13793103448275862,10,0,0,0,,
13,231,1.1,7.222222222222221,5.444444444444445,0.1403508771929824,10,0,0,0,,
13,232,1.1,9.0,7.222222222222221,0.10958904109589046,10,0,0,0,,
13,233,1.1,36.66666666666667,27.77777777777778,0.13793103448275865,10,0,0,0,,
13,234,1.1,72.22222222222223,54.44444444444444,0.1403508771929825,10,0,0,0,,
13,235,1.1,90.0,63.333333333333336,0.17391304347826084,10,0,0,0,,
13,236,1.1,277.77777777777777,188.88888888888889,0.1904761904761905,10,0,0,0,,
13,237,1.1,633.3333333333333,455.55555555555554,0.16326530612244894,10,0,0,0,,
13,238,1.1,900.0,633.3333333333333,0.17391304347826092,10,0,0,0,,
13,239,1.1,3000.0,2000.0,0.2,10,0,0,0,,
13,240,1.1,0.004555555555555556,0.002777777777777778,0.2424242424242424,10,50,11,1,0.010232929922807547,5386.762847900838
13,241,1.1,0.007222222222222223,0.004555555555555556,0.22641509433962265,10,42,9,0,0.014791083881682071,1639.1250003480193
13,242,1.1,0.009,0.0054444444444444445,0.2461538461538461,10,35,8,0,0.01690440931643265,1587.3868890503904
13,243,1.1,0.01,0.006333333333333334,0.2244897959183673,10,36,7,0,0.018879913490962946,1569.9313939677204
13,244,1.1,0.06333333333333332,0.03666666666666667,0.2666666666666666,10,12,1,0,0.07046930689671467,1454.487997053453
13,245,1.1,0.0811111111111111,0.04555555555555556,0.2807017543859649,10,10,1,0,0.23989326217478318,1593.533444513815
13,246,1.1,0.1,0.05444444444444445,0.2949640287769784,10,10,1,0,0.2645096731154103,1200.4143571378156
13,247,1.1,0.6333333333333333,0.3666666666666667,0.2666666666666666,10,0,0,0,,
13,248,1.1,0.8111111111111111,0.4555555555555556,0.2807017543859649,10,0,0,0,,
13,249,1.1,1.0,0.5444444444444445,0.29496402877697836,10,0,0,0,,
13,250,1.1,4.555555555555555,2.7777777777777777,0.24242424242424243,10,0,0,0,,
13,251,1.1,7.222222222222221,4.555555555555555,0.22641509433962262,10,0,0,0,,
13,252,1.1,9.0,5.444444444444445,0.24615384615384614,10,0,0,0,,
13,253,1.1,45.55555555555556,27.77777777777778,0.2424242424242424,10,0,0,0,,
13,254,1.1,72.22222222222223,45.55555555555556,0.22641509433962267,10,0,0,0,,
13,255,1.1,90.0,54.44444444444444,0.24615384615384614,10,0,0,0,,
13,256,1.1,100.0,63.333333333333336,0.22448979591836732,10,0,0,0,,
13,257,1.1,633.3333333333333,366.66666666666663,0.26666666666666666,10,0,0,0,,
13,258,1.1,811.1111111111111,455.55555555555554,0.28070175438596495,10,0,0,0,,
13,259,1.1,1000.0,633.3333333333333,0.2244897959183674,10,0,0,0,,
13,260,1.1,0.001888888888888889,0.001,0.3076923076923077,10,67,18,0,0.00478630092322638,1636.4122966242064
13,261,1.1,0.006333333333333334,0.002777777777777778,0.39024390243902446,10,45,11,0,0.01032761405761398,1630.1281542848742
13,262,1.1,0.009,0.004555555555555556,0.3278688524590163,10,36,9,0,0.01492794409578996,1613.8151307015187
13,263,1.1,0.01888888888888889,0.009,0.354581673306773,10,25,5,0,0.024888573182823902,1565.0571271265364
13,264,1.1,0.05444444444444445,0.027777777777777776,0.3243243243243244,10,13,2,0,0.05754399373371572,1250.7331681524915
13,265,1.1,0.0811111111111111,0.03666666666666667,0.3773584905660377,10,12,2,0,0.0707945784384138,1310.9577403708668
13,266,1.1,0.18888888888888888,0.0811111111111111,0.39917695473251025,10,5,0,0,0.3275517011340894,1257.785665293314
13,267,1.1,0.3666666666666667,0.18888888888888888,0.32000000000000006,10,0,0,0,,
13,268,1.1,0.7222222222222222,0.3666666666666667,0.3265306122448979,10,0,0,0,,
13,269,1.1,1.0,0.4555555555555556,0.37404580152671746,10,0,0,0,,
13,270,1.1,3.6666666666666665,1.8888888888888888,0.32,10,0,0,0,,
13,271,1.1,7.222222222222221,3.6666666666666665,0.32653061224489793,10,0,0,0,,
13,272,1.1,10.0,4.555555555555555,0.37404580152671757,10,0,0,0,,
13,273,1.1,18.88888888888889,10.0,0.3076923076923077,10,0,0,0,,
13,274,1.1,63.333333333333336,27.77777777777778,0.3902439024390244,10,0,0,0,,
13,275,1.1,90.0,45.55555555555556,0.3278688524590164,10,0,0,0,,
13,276,1.1,188.88888888888889,90.0,0.35458167330677287,10,0,0,0,,
13,277,1.1,544.4444444444445,277.77777777777777,0.32432432432432434,10,0,0,0,,
13,278,1.1,811.1111111111111,366.66666666666663,0.3773584905660377,10,0,0,0,,
13,279,1.1,2000.0,1000.0,0.3333333333333333,10,0,0,0,,
13,280,1.1,0.002777777777777778,0.001,0.47058823529411764,10,62,17,0,0.004830588020397728,1634.0642526253475
13,281,1.1,0.0054444444444444445,0.001888888888888889,0.48484848484848486,10,47,12,0,0.007798301105232593,1527.0551321870198
13,282,1.1,0.009,0.003666666666666667,0.4210526315789473,10,39,9,0,0.012764388088113435,1624.4315985604435
13,283,1.1,0.01888888888888889,0.007222222222222223,0.4468085106382978,10,28,5,0,0.021183611352485022,1507.6440400137387
13,284,1.1,0.05444444444444445,0.01888888888888889,0.4848484848484849,10,16,3,0,0.04345102241715714,1519.6564636850856
13,285,1.1,0.09,0.03666666666666667,0.4210526315789474,10,12,2,0,0.07112135136533289,1508.2853626838823
13,286,1.1,0.18888888888888888,0.07222222222222222,0.44680851063829796,10,6,0,0,0.3065376917945297,1279.8591070413795
13,287,1.1,0.4555555555555556,0.18888888888888888,0.4137931034482759,10,0,0,0,,
13,288,1.1,0.8111111111111111,0.2777777777777778,0.48979591836734687,10,0,0,0,,
13,289,1.1,1.8888888888888888,0.6333333333333333,0.4977973568281938,10,0,0,0,,
13,290,1.1,4.555555555555555,1.8888888888888888,0.4137931034482758,10,0,0,0,,
13,291,1.1,8.11111111111111,2.7777777777777777,0.48979591836734687,10,0,0,0,,
13,292,1.1,18.88888888888889,6.333333333333333,0.4977973568281939,10,0,0,0,,
13,293,1.1,27.77777777777778,10.0,0.47058823529411764,10,0,0,0,,
13,294,1.1,72.22222222222223,27.77777777777778,0.4444444444444445,10,0,0,0,,
13,295,1.1,100.0,36.66666666666667,0.4634146341463414,10,0,0,0,,
13,296,1.1,277.77777777777777,100.0,0.47058823529411764,10,0,0,0,,
13,297,1.1,722.2222222222222,277.77777777777777,0.4444444444444444,10,0,0,0,,
13,298,1.1,1000.0,366.66666666666663,0.46341463414634154,10,0,0,0,,
13,299,1.1,3000.0,1000.0,0.5,10,0,0,0,,
13,300,1.1,0.003666666666666667,0.001,0.5714285714285715,10,56,16,0,0.00485288500162121,1645.5035181420546
13,301,1.1,0.007222222222222223,0.001888888888888889,0.5853658536585367,10,40,12,0,0.00783429642766212,1609.86894057616
13,302,1.1,0.01888888888888889,0.0054444444444444445,0.5525114155251142,10,29,7,0,0.017218685749860078,1502.6961897012284
13,303,1.1,0.027777777777777776,0.009,0.5105740181268882,10,22,3,0,0.025003453616964322,1504.9452386703947
13,304,1.1,0.07222222222222222,0.01888888888888889,0.5853658536585367,10,16,3,0,0.04365158322401661,1146.0271528135456
13,305,1.1,0.1,0.027777777777777776,0.5652173913043479,10,13,2,0,0.05834451042737448,1332.7059147784976
13,306,1.1,0.2777777777777778,0.0811111111111111,0.5479876160990712,10,4,0,0,0.5022681787858572,1461.2855142201324
13,307,1.1,0.6333333333333333,0.18888888888888888,0.5405405405405406,10,0,0,0,,
13,308,1.1,1.0,0.2777777777777778,0.5652173913043479,10,0,0,0,,
13,309,1.1,2.7777777777777777,0.8111111111111111,0.5479876160990712,10,0,0,0,,
13,310,1.1,3.6666666666666665,1.0,0.5714285714285715,10,0,0,0,,
13,311,1.1,9.0,2.7777777777777777,0.5283018867924528,10,0,0,0,,
13,312,1.1,27.77777777777778,7.222222222222221,0.5873015873015873,10,0,0,0,,
13,313,1.1,36.66666666666667,10.0,0.5714285714285715,10,0,0,0,,
13,314,1.1,90.0,27.77777777777778,0.5283018867924528,10,0,0,0,,
13,315,1.1,188.88888888888889,54.44444444444444,0.5525114155251143,10,0,0,0,,
13,316,1.1,277.77777777777777,90.0,0.5105740181268882,10,0,0,0,,
13,317,1.1,722.2222222222222,188.88888888888889,0.5853658536585366,10,0,0,0,,
13,318,1.1,2000.0,544.4444444444445,0.572052401746725,10,0,0,0,,
13,319,1.1,3000.0,900.0,0.5384615384615384,10,0,0,0,,
13,320,1.1,0.004555555555555556,0.001,0.64,10,53,16,0,0.00487528490103386,1641.3877429885472
13,321,1.1,0.01,0.001888888888888889,0.6822429906542055,10,37,11,0,0.00783429642766212,1531.4602144194594
13,322,1.1,0.027777777777777776,0.006333333333333334,0.6286644951140065,10,28,5,0,0.01931968317016924,1590.785364288992
13,323,1.1,0.04555555555555556,0.00811111111111111,0.6977225672877847,10,21,3,0,0.02333458062281002,1418.7305133954471
13,324,1.1,0.0811111111111111,0.01888888888888889,0.6222222222222222,10,15,3,0,0.04385306977749856,1345.7127013690933
13,325,1.1,0.18888888888888888,0.04555555555555556,0.6113744075829383,10,9,0,0,0.23569046030687124,1397.3261929823811
13,326,1.1,0.3666666666666667,0.0811111111111111,0.6377171215880892,10,5,0,0,0.5010673782521681,1560.7180393728263
13,327,1.1,0.5444444444444445,0.1,0.6896551724137931,10,2,0,0,0.7472314876584389,1216.5407027347399
13,328,1.1,1.8888888888888888,0.3666666666666667,0.6748768472906403,10,0,0,0,,
13,329,1.1,3.6666666666666665,0.7222222222222222,0.6708860759493671,10,0,0,0,,
13,330,1.1,4.555555555555555,0.9,0.670061099796334,10,0,0,0,,
13,331,1.1,9.0,1.8888888888888888,0.6530612244897959,10,0,0,0,,
13,332,1.1,27.77777777777778,5.444444444444445,0.6722408026755854,10,0,0,0,,
13,333,1.1,45.55555555555556,8.11111111111111,0.6977225672877846,10,0,0,0,,
13,334,1.1,81.11111111111111,18.88888888888889,0.6222222222222222,10,0,0,0,,
13,335,1.1,188.88888888888889,45.55555555555556,0.6113744075829383,10,0,0,0,,
13,336,1.1,366.66666666666663,81.11111111111111,0.6377171215880894,10,0,0,0,,
13,337,1.1,455.55555555555554,100.0,0.64,10,0,0,0,,
13,338,1.1,1000.0,188.88888888888889,0.6822429906542056,10,0,0,0,,
13,339,1.1,3000.0,722.2222222222222,0.6119402985074627,10,0,0,0,,
13,340,1.1,0.006333333333333334,0.001,0.7272727272727273,10,51,15,0,0.00487528490103386,1612.6597191009487
13,341,1.1,0.03666666666666667,0.004555555555555556,0.7789757412398922,10,28,7,0,0.015205475297324954,1646.401576519965
13,342,1.1,0.05444444444444445,0.006333333333333334,0.7915904936014624,10,26,5,0,0.019408858775927792,1618.952607489787
13,343,1.1,0.06333333333333332,0.009,0.7511520737327189,10,23,4,0,0.025234807724805755,1513.8973039628243
13,344,1.1,0.09,0.01,0.8,10,24,4,0,0.027289777828080404,1542.6101288077177
13,345,1.1,0.3666666666666667,0.06333333333333332,0.7054263565891472,10,6,0,0,0.28072048032021346,1344.5212372520837
13,346,1.1,0.5444444444444445,0.0811111111111111,0.7406749555950266,10,4,0,0,0.4992661774516344,1191.0049670386522
13,347,1.1,0.7222222222222222,0.0811111111111111,0.7980636237897648,10,4,0,0,0.4974649766511007,1642.851527732504
13,348,1.1,2.7777777777777777,0.3666666666666667,0.7667844522968198,10,0,0,0,,
13,349,1.1,4.555555555555555,0.6333333333333333,0.7558886509635975,10,0,0,0,,
13,350,1.1,6.333333333333333,0.7222222222222222,0.795275590551181,10,0,0,0,,
13,351,1.1,7.222222222222221,1.0,0.7567567567567567,10,0,0,0,,
13,352,1.1,36.66666666666667,4.555555555555555,0.7789757412398921,10,0,0,0,,
13,353,1.1,54.44444444444444,6.333333333333333,0.7915904936014625,10,0,0,0,,
13,354,1.1,63.333333333333336,9.0,0.7511520737327189,10,0,0,0,,
13,355,1.1,90.0,10.0,0.8,10,0,0,0,,
13,356,1.1,366.66666666666663,63.333333333333336,0.7054263565891473,10,0,0,0,,
13,357,1.1,544.4444444444445,81.11111111111111,0.7406749555950267,10,0,0,0,,
13,358,1.1,722.2222222222222,81.11111111111111,0.7980636237897649,10,0,0,0,,
13,359,1.1,3000.0,455.55555555555554,0.7363344051446945,10,0,0,0,,
13,360,1.1,0.009,0.001,0.8000000000000002,10,46,15,0,0.004897788193684461,1721.2389771398787
13,361,1.1,0.04555555555555556,0.003666666666666667,0.8510158013544019,10,30,7,0,0.012941958414499863,1507.2610358248135
13,362,1.1,0.07222222222222222,0.0054444444444444445,0.8597997138769671,10,27,6,0,0.017378008287493762,1496.8548367656686
13,363,1.1,0.09,0.006333333333333334,0.8685121107266437,10,29,5,0,0.019498445997580455,1585.7681377410493
13,364,1.1,0.18888888888888888,0.01,0.8994413407821228,10,24,3,0,0.027415741719278835,1643.9122850313092
13,365,1.1,0.5444444444444445,0.04555555555555556,0.8455743879472692,10,7,0,0,0.2314876584389593,1149.8793022174766
13,366,1.1,0.8111111111111111,0.04555555555555556,0.8936446173800259,10,9,0,0,0.22968645763842563,1285.2234605187225
13,367,1.1,0.9,0.09,0.8181818181818182,10,3,0,0,0.5250833889259506,1261.661992451594
13,368,1.1,2.7777777777777777,0.2777777777777778,0.8181818181818182,10,0,0,0,,
13,369,1.1,6.333333333333333,0.4555555555555556,0.8657937806873977,10,0,0,0,,
13,370,1.1,8.11111111111111,0.7222222222222222,0.8364779874213837,10,0,0,0,,
13,371,1.1,10.0,0.7222222222222222,0.8652849740932644,10,0,0,0,,
13,372,1.1,45.55555555555556,2.7777777777777777,0.8850574712643677,10,0,0,0,,
13,373,1.1,72.22222222222223,4.555555555555555,0.8813314037626627,10,0,0,0,,
13,374,1.1,90.0,5.444444444444445,0.8859138533178115,10,0,0,0,,
13,375,1.1,100.0,10.0,0.8181818181818182,10,0,0,0,,
13,376,1.1,544.4444444444445,36.66666666666667,0.8738049713193117,10,0,0,0,,
13,377,1.1,722.2222222222222,72.22222222222223,0.8181818181818182,10,0,0,0,,
13,378,1.1,900.0,81.11111111111111,0.8346545866364666,10,0,0,0,,
13,379,1.1,3000.0,277.77777777777777,0.8305084745762712,10,0,0,0,,
13,380,1.1,0.027777777777777776,0.001,0.9305019305019304,10,39,13,0,0.004897788193684461,1594.677850504707
13,381,1.1,0.4555555555555556,0.003666666666666667,0.9840309702395356,10,29,6,0,0.012941958414499863,1484.4439310818532
13,382,1.1,0.9,0.003666666666666667,0.9918849133161194,10,30,6,0,0.012941958414499863,1476.5857043839444
13,383,1.1,2.7777777777777777,0.0811111111111111,0.94325689856199,10,4,0,0,0.4926617745163442,1597.1453693288427
13,384,1.1,5.444444444444445,0.09,0.9674764103593656,10,3,0,0,0.5190793862575049,1101.5218750953925
13,385,1.1,8.11111111111111,0.04555555555555556,0.98882985969214,10,10,0,0,0.2248832555036691,1591.6908687850869
13,386,1.1,18.88888888888889,0.006333333333333334,0.9993296365336328,10,26,3,0,0.019498445997580455,1624.836789503842
13,387,1.1,36.66666666666667,0.01888888888888889,0.998970227458582,10,15,1,0,0.04405548635065534,1455.141075177693
13,388,1.1,54.44444444444444,0.027777777777777776,0.9989801121876594,10,14,1,0,0.0588843655355589,1572.4648093985902
13,389,1.1,72.22222222222223,0.027777777777777776,0.9992310649750098,10,13,1,0,0.0588843655355589,1288.4700193249544
13,390,1.1,90.0,0.009,0.9998000199980002,10,22,2,0,0.02535128630497907,1533.8784528348663
13,391,1.1,188.88888888888889,0.0054444444444444445,0.9999423546027204,10,26,5,0,0.017378008287493762,1590.6034329400907
13,392,1.1,277.77777777777777,1.0,0.9928258270227183,10,0,0,0,,
13,393,1.1,455.55555555555554,0.03666666666666667,0.9998390373457745,10,11,0,0,0.07244359600749899,1621.791665096145
13,394,1.1,544.4444444444445,7.222222222222221,0.9738167170191341,10,0,0,0,,
13,395,1.1,722.2222222222222,0.06333333333333332,0.9998246307631483,10,6,0,0,0.2675116744496331,1234.9853497374288
13,396,1.1,811.1111111111111,8.11111111111111,0.9801980198019803,10,0,0,0,,
13,397,1.1,1000.0,0.04555555555555556,0.9999088930393171,10,10,0,0,0.22248165443629087,1411.0821568052856
13,398,1.1,2000.0,5.444444444444445,0.9945703363067206,10,0,0,0,,
13,399,1.1,3000.0,100.0,0.9354838709677419,10,0,0,0,,
14,0,1.2,0.001,0.027777777777777776,-0.9305019305019304,10,47,10,0,0.012823305826560218,1620.5725404073637
14,1,1.2,0.001888888888888889,0.7222222222222222,-0.9947828755562373,10,25,7,0,0.01629296032639723,1546.5957157955745
14,2,1.2,0.002777777777777778,54.44444444444444,-0.9998979643895719,10,23,6,0,0.009908319448927675,1568.099161294722
14,3,1.2,0.004555555555555556,0.1,-0.9128586609989372,10,18,3,0,0.036982817978026626,1647.4075232252796
14,4,1.2,0.0054444444444444445,45.55555555555556,-0.9997610041726721,10,14,4,0,0.017060823890031242,1633.8708268960793
14,5,1.2,0.007222222222222223,0.5444444444444445,-0.9738167170191339,10,11,3,0,0.045919801283686855,1223.465443577096
14,6,1.2,0.00811111111111111,90.0,-0.999819769329431,10,13,4,0,0.01967886289706845,1664.4135737875386
14,7,1.2,0.01,2.7777777777777777,-0.9928258270227184,10,11,3,0,0.04655860935229591,1525.5520451041134
14,8,1.2,0.01888888888888889,722.2222222222222,-0.9999476936757038,10,7,2,0,0.022698648518838214,1541.0600131597937
14,9,1.2,0.03666666666666667,90.0,-0.999185517011588,10,5,2,0,0.061094202490557206,1433.1923782549613
14,10,1.2,0.05444444444444445,81.11111111111111,-0.998658434749278,10,3,1,0,0.08394599865193973,1310.9990307979672
14,11,1.2,0.07222222222222222,100.0,-0.9985565980125465,10,3,1,0,0.09908319448927676,1482.5261532407665
14,12,1.2,0.09,188.88888888888889,-0.9990475126557345,10,2,1,0,0.10060040026684457,906.0807328250805
14,13,1.2,0.18888888888888888,633.3333333333333,-0.9994036866197801,10,2,1,0,0.13182121414276185,730.3098064923495
14,14,1.2,0.4555555555555556,45.55555555555556,-0.9801980198019802,10,0,0,0,,
14,15,1.2,0.7222222222222222,36.66666666666667,-0.9613670133729569,10,0,0,0,,
14,16,1.2,1.0,45.55555555555556,-0.9570405727923628,10,0,0,0,,
14,17,1.2,3.6666666666666665,544.4444444444445,-0.9866207176160553,10,0,0,0,,
14,18,1.2,8.11111111111111,900.0,-0.9821363024593173,10,0,0,0,,
14,19,1.2,100.0,3000.0,-0.9354838709677419,10,0,0,0,,
14,20,1.2,0.001,0.009,-0.8000000000000002,10,55,14,0,0.01191242008027375,1636.3389402051455
14,21,1.2,0.003666666666666667,0.05444444444444445,-0.8738049713193117,10,22,2,0,0.031768740706497725,1453.2909448599075
14,22,1.2,0.0054444444444444445,0.0811111111111111,-0.8741976893453145,10,19,1,0,0.041879356511791824,1377.7791911503384
14,23,1.2,0.007222222222222223,0.09,-0.8514285714285713,10,16,2,0,0.05058246620031143,1552.0397320275335
14,24,1.2,0.01,0.18888888888888888,-0.8994413407821228,10,10,1,0,0.06309573444801936,1658.0530726467994
14,25,1.2,0.04555555555555556,0.5444444444444445,-0.8455743879472692,10,1,0,0,0.7988659106070714,292.9517873871725
14,26,1.2,0.06333333333333332,0.6333333333333333,-0.8181818181818181,10,1,0,0,0.9459639759839893,131.71966193262006
14,27,1.2,0.0811111111111111,0.9,-0.8346545866364665,10,0,0,0,,
14,28,1.2,0.2777777777777778,2.7777777777777777,-0.8181818181818182,10,0,0,0,,
14,29,1.2,0.4555555555555556,7.222222222222221,-0.8813314037626627,10,0,0,0,,
14,30,1.2,0.6333333333333333,9.0,-0.8685121107266437,10,0,0,0,,
14,31,1.2,0.9,9.0,-0.8181818181818181,10,0,0,0,,
14,32,1.2,3.6666666666666665,36.66666666666667,-0.8181818181818183,10,0,0,0,,
14,33,1.2,5.444444444444445,63.333333333333336,-0.8416801292407108,10,0,0,0,,
14,34,1.2,7.222222222222221,72.22222222222223,-0.818181818181818,10,0,0,0,,
14,35,1.2,10.0,100.0,-0.8181818181818182,10,0,0,0,,
14,36,1.2,36.66666666666667,633.3333333333333,-0.8905472636815921,10,0,0,0,,
14,37,1.2,54.44444444444444,900.0,-0.8859138533178114,10,0,0,0,,
14,38,1.2,72.22222222222223,1000.0,-0.8652849740932643,10,0,0,0,,
14,39,1.2,277.77777777777777,3000.0,-0.8305084745762712,10,0,0,0,,
14,40,1.2,0.001,0.006333333333333334,-0.7272727272727273,10,57,15,1,0.011117317272815919,3334.439426023694
14,41,1.2,0.004555555555555556,0.027777777777777776,-0.718213058419244,10,28,4,0,0.03326595532940047,1575.5216690720122
14,42,1.2,0.006333333333333334,0.05444444444444445,-0.7915904936014624,10,20,3,0,0.04487453899331323,1306.3452868508139
14,43,1.2,0.00811111111111111,0.07222222222222222,-0.7980636237897648,10,17,2,0,0.05345643593969719,1422.7412443319283
14,44,1.2,0.01,0.0811111111111111,-0.7804878048780489,10,14,2,0,0.061376200516479455,1506.2618383751287
14,45,1.2,0.05444444444444445,0.3666666666666667,-0.7414248021108178,10,0,0,0,,
14,46,1.2,0.07222222222222222,0.5444444444444445,-0.7657657657657659,10,0,0,0,,
14,47,1.2,0.09,0.6333333333333333,-0.751152073732719,10,0,0,0,,
14,48,1.2,0.3666666666666667,2.7777777777777777,-0.7667844522968198,10,0,0,0,,
14,49,1.2,0.6333333333333333,4.555555555555555,-0.7558886509635975,10,0,0,0,,
14,50,1.2,0.8111111111111111,5.444444444444445,-0.7406749555950267,10,0,0,0,,
14,51,1.2,1.0,6.333333333333333,-0.7272727272727273,10,0,0,0,,
14,52,1.2,4.555555555555555,36.66666666666667,-0.7789757412398921,10,0,0,0,,
14,53,1.2,7.222222222222221,45.55555555555556,-0.7263157894736842,10,0,0,0,,
14,54,1.2,9.0,54.44444444444444,-0.7162872154115587,10,0,0,0,,
14,55,1.2,10.0,81.11111111111111,-0.7804878048780488,10,0,0,0,,
14,56,1.2,54.44444444444444,455.55555555555554,-0.7864923747276688,10,0,0,0,,
14,57,1.2,72.22222222222223,633.3333333333333,-0.7952755905511812,10,0,0,0,,
14,58,1.2,90.0,722.2222222222222,-0.7783857729138167,10,0,0,0,,
14,59,1.2,455.55555555555554,3000.0,-0.7363344051446945,10,0,0,0,,
14,60,1.2,0.001,0.004555555555555556,-0.64,10,58,16,0,0.010046157902783957,1543.1343604685856
14,61,1.2,0.001888888888888889,0.01,-0.6822429906542055,10,46,11,0,0.01690440931643265,1645.4029837377532
14,62,1.2,0.006333333333333334,0.027777777777777776,-0.6286644951140065,10,24,3,0,0.038547835766577165,1483.4003876922359
14,63,1.2,0.009,0.03666666666666667,-0.6058394160583941,10,19,2,0,0.048752849010338654,1617.8073863541879
14,64,1.2,0.01888888888888889,0.0811111111111111,-0.6222222222222222,10,10,0,0,0.29092728485657104,1466.3198745999873
14,65,1.2,0.04555555555555556,0.18888888888888888,-0.6113744075829383,10,0,0,0,,
14,66,1.2,0.0811111111111111,0.3666666666666667,-0.6377171215880892,10,0,0,0,,
14,67,1.2,0.1,0.5444444444444445,-0.6896551724137931,10,0,0,0,,
14,68,1.2,0.3666666666666667,1.8888888888888888,-0.6748768472906403,10,0,0,0,,
14,69,1.2,0.7222222222222222,3.6666666666666665,-0.6708860759493671,10,0,0,0,,
14,70,1.2,0.9,4.555555555555555,-0.670061099796334,10,0,0,0,,
14,71,1.2,1.8888888888888888,9.0,-0.6530612244897959,10,0,0,0,,
14,72,1.2,5.444444444444445,27.77777777777778,-0.6722408026755854,10,0,0,0,,
14,73,1.2,9.0,36.66666666666667,-0.6058394160583942,10,0,0,0,,
14,74,1.2,18.88888888888889,81.11111111111111,-0.6222222222222222,10,0,0,0,,
14,75,1.2,45.55555555555556,188.88888888888889,-0.6113744075829383,10,0,0,0,,
14,76,1.2,81.11111111111111,366.66666666666663,-0.6377171215880894,10,0,0,0,,
14,77,1.2,100.0,455.55555555555554,-0.64,10,0,0,0,,
14,78,1.2,188.88888888888889,1000.0,-0.6822429906542056,10,0,0,0,,
14,79,1.2,722.2222222222222,3000.0,-0.6119402985074627,10,0,0,0,,
14,80,1.2,0.001,0.003666666666666667,-0.5714285714285715,10,67,16,0,0.00924698173938223,1626.1739150150427
14,81,1.2,0.001888888888888889,0.007222222222222223,-0.5853658536585367,10,49,12,0,0.015066070661867418,1452.931918209244
14,82,1.2,0.0054444444444444445,0.01888888888888889,-0.5525114155251142,10,30,6,0,0.03162277660168379,1315.4184741157621
14,83,1.2,0.009,0.027777777777777776,-0.5105740181268882,10,23,3,0,0.04365158322401661,1443.2873046941543
14,84,1.2,0.01888888888888889,0.07222222222222222,-0.5853658536585367,10,11,1,0,0.27951967978652437,1233.5270654835404
14,85,1.2,0.05444444444444445,0.18888888888888888,-0.5525114155251141,10,0,0,0,,
14,86,1.2,0.09,0.2777777777777778,-0.5105740181268883,10,0,0,0,,
14,87,1.2,0.18888888888888888,0.6333333333333333,-0.5405405405405406,10,0,0,0,,
14,88,1.2,0.2777777777777778,1.0,-0.5652173913043479,10,0,0,0,,
14,89,1.2,0.8111111111111111,2.7777777777777777,-0.5479876160990712,10,0,0,0,,
14,90,1.2,1.8888888888888888,6.333333333333333,-0.5405405405405406,10,0,0,0,,
14,91,1.2,2.7777777777777777,10.0,-0.5652173913043478,10,0,0,0,,
14,92,1.2,8.11111111111111,27.77777777777778,-0.5479876160990713,10,0,0,0,,
14,93,1.2,10.0,36.66666666666667,-0.5714285714285715,10,0,0,0,,
14,94,1.2,27.77777777777778,90.0,-0.5283018867924528,10,0,0,0,,
14,95,1.2,72.22222222222223,277.77777777777777,-0.5873015873015872,10,0,0,0,,
14,96,1.2,100.0,366.66666666666663,-0.5714285714285714,10,0,0,0,,
14,97,1.2,277.77777777777777,900.0,-0.5283018867924527,10,0,0,0,,
14,98,1.2,633.3333333333333,2000.0,-0.518987341772152,10,0,0,0,,
14,99,1.2,1000.0,3000.0,-0.5,10,0,0,0,,
14,100,1.2,0.001,0.002777777777777778,-0.47058823529411764,10,57,17,0,0.008165823713585922,1649.8134278401508
14,101,1.2,0.001888888888888889,0.0054444444444444445,-0.48484848484848486,10,49,12,0,0.013304544179780914,1549.3117313939385
14,102,1.2,0.003666666666666667,0.009,-0.4210526315789473,10,36,7,0,0.020137242498623895,1643.5335239759565
14,103,1.2,0.007222222222222223,0.01888888888888889,-0.4468085106382978,10,25,5,0,0.034355794789987466,1456.906193061038
14,104,1.2,0.01888888888888889,0.05444444444444445,-0.4848484848484849,10,15,1,0,0.07311390834834172,1426.7443546116433
14,105,1.2,0.027777777777777776,0.0811111111111111,-0.4897959183673469,10,8,1,0,0.4806537691794529,1520.0851453730377
14,106,1.2,0.06333333333333332,0.18888888888888888,-0.4977973568281938,10,0,0,0,,
14,107,1.2,0.18888888888888888,0.4555555555555556,-0.4137931034482759,10,0,0,0,,
14,108,1.2,0.2777777777777778,0.8111111111111111,-0.48979591836734687,10,0,0,0,,
14,109,1.2,0.6333333333333333,1.8888888888888888,-0.4977973568281938,10,0,0,0,,
14,110,1.2,1.0,2.7777777777777777,-0.47058823529411764,10,0,0,0,,
14,111,1.2,2.7777777777777777,7.222222222222221,-0.44444444444444436,10,0,0,0,,
14,112,1.2,3.6666666666666665,10.0,-0.46341463414634154,10,0,0,0,,
14,113,1.2,10.0,27.77777777777778,-0.47058823529411764,10,0,0,0,,
14,114,1.2,27.77777777777778,72.22222222222223,-0.4444444444444445,10,0,0,0,,
14,115,1.2,36.66666666666667,90.0,-0.4210526315789473,10,0,0,0,,
14,116,1.2,72.22222222222223,188.88888888888889,-0.4468085106382979,10,0,0,0,,
14,117,1.2,188.88888888888889,544.4444444444445,-0.4848484848484848,10,0,0,0,,
14,118,1.2,366.66666666666663,900.0,-0.42105263157894746,10,0,0,0,,
14,119,1.2,811.1111111111111,2000.0,-0.42292490118577075,10,0,0,0,,
14,120,1.2,0.001,0.001888888888888889,-0.3076923076923077,10,54,19,0,0.006606934480075964,1641.8907077335084
14,121,1.2,0.002777777777777778,0.006333333333333334,-0.39024390243902446,10,43,11,0,0.015776112696993486,1545.4061722879114
14,122,1.2,0.004555555555555556,0.009,-0.3278688524590163,10,37,7,0,0.020989398836235244,1519.3156006483564
14,123,1.2,0.009,0.01888888888888889,-0.354581673306773,10,26,4,0,0.03597493351557424,1477.30879289275
14,124,1.2,0.027777777777777776,0.05444444444444445,-0.3243243243243244,10,12,1,0,0.2537024683122081,1606.3163870716191
14,125,1.2,0.03666666666666667,0.0811111111111111,-0.3773584905660377,10,8,1,0,0.4842561707805203,1232.5791769914151
14,126,1.2,0.0811111111111111,0.18888888888888888,-0.39917695473251025,10,0,0,0,,
14,127,1.2,0.18888888888888888,0.3666666666666667,-0.32000000000000006,10,0,0,0,,
14,128,1.2,0.3666666666666667,0.7222222222222222,-0.3265306122448979,10,0,0,0,,
14,129,1.2,0.4555555555555556,1.0,-0.37404580152671746,10,0,0,0,,
14,130,1.2,1.8888888888888888,3.6666666666666665,-0.32,10,0,0,0,,
14,131,1.2,3.6666666666666665,7.222222222222221,-0.32653061224489793,10,0,0,0,,
14,132,1.2,4.555555555555555,10.0,-0.37404580152671757,10,0,0,0,,
14,133,1.2,10.0,18.88888888888889,-0.3076923076923077,10,0,0,0,,
14,134,1.2,27.77777777777778,63.333333333333336,-0.3902439024390244,10,0,0,0,,
14,135,1.2,45.55555555555556,90.0,-0.3278688524590164,10,0,0,0,,
14,136,1.2,90.0,188.88888888888889,-0.35458167330677287,10,0,0,0,,
14,137,1.2,277.77777777777777,544.4444444444445,-0.32432432432432434,10,0,0,0,,
14,138,1.2,366.66666666666663,811.1111111111111,-0.3773584905660377,10,0,0,0,,
14,139,1.2,1000.0,2000.0,-0.3333333333333333,10,0,0,0,,
14,140,1.2,0.002777777777777778,0.004555555555555556,-0.2424242424242424,10,39,12,0,0.013061708881318418,1557.3079316272685
14,141,1.2,0.004555555555555556,0.007222222222222223,-0.22641509433962265,10,33,8,0,0.018450154191794736,1533.23610743508
14,142,1.2,0.0054444444444444445,0.009,-0.2461538461538461,10,30,7,0,0.02157744409152667,1494.4349072530142
14,143,1.2,0.006333333333333334,0.01,-0.2244897959183673,10,26,7,0,0.023550492838960088,1430.4980452839304
14,144,1.2,0.03666666666666667,0.06333333333333332,-0.2666666666666666,10,8,1,0,0.27591727818545697,1153.9872557411468
14,145,1.2,0.05444444444444445,0.09,-0.24615384615384614,10,4,0,0,0.5130753835890594,1231.1712056743484
14,146,1.2,0.06333333333333332,0.1,-0.22448979591836743,10,4,0,0,0.5424949966644429,695.4510378633507
14,147,1.2,0.3666666666666667,0.6333333333333333,-0.2666666666666666,10,0,0,0,,
14,148,1.2,0.4555555555555556,0.8111111111111111,-0.2807017543859649,10,0,0,0,,
14,149,1.2,0.5444444444444445,1.0,-0.29496402877697836,10,0,0,0,,
14,150,1.2,3.6666666666666665,6.333333333333333,-0.26666666666666666,10,0,0,0,,
14,151,1.2,4.555555555555555,8.11111111111111,-0.2807017543859649,10,0,0,0,,
14,152,1.2,5.444444444444445,10.0,-0.2949640287769784,10,0,0,0,,
14,153,1.2,27.77777777777778,45.55555555555556,-0.2424242424242424,10,0,0,0,,
14,154,1.2,45.55555555555556,72.22222222222223,-0.22641509433962267,10,0,0,0,,
14,155,1.2,54.44444444444444,100.0,-0.2949640287769784,10,0,0,0,,
14,156,1.2,277.77777777777777,455.55555555555554,-0.24242424242424243,10,0,0,0,,
14,157,1.2,455.55555555555554,722.2222222222222,-0.2264150943396226,10,0,0,0,,
14,158,1.2,544.4444444444445,900.0,-0.24615384615384617,10,0,0,0,,
14,159,1.2,2000.0,3000.0,-0.2,10,0,0,0,,
14,160,1.2,0.001888888888888889,0.002777777777777778,-0.19047619047619047,10,47,15,0,0.009120108393559097,1589.1966390129182
14,161,1.2,0.003666666666666667,0.0054444444444444445,-0.19512195121951215,10,36,10,0,0.015066070661867418,1533.4857414309063
14,162,1.2,0.006333333333333334,0.00811111111111111,-0.123076923076923,10,36,7,0,0.020606299132700005,1591.4245836463263
14,163,1.2,0.00811111111111111,0.01,-0.1042944785276074,10,30,6,0,0.024210290467361777,1548.934025680689
14,164,1.2,0.03666666666666667,0.04555555555555556,-0.10810810810810813,10,12,2,0,0.2314876584389593,1219.1881065089783
14,165,1.2,0.05444444444444445,0.0811111111111111,-0.1967213114754098,10,6,0,0,0.4854569713142095,1336.5589089139478
14,166,1.2,0.07222222222222222,0.1,-0.16129032258064524,10,3,0,0,0.5424949966644429,663.140479473575
14,167,1.2,0.3666666666666667,0.4555555555555556,-0.10810810810810811,10,0,0,0,,
14,168,1.2,0.5444444444444445,0.7222222222222222,-0.1403508771929824,10,0,0,0,,
14,169,1.2,0.7222222222222222,0.9,-0.10958904109589043,10,0,0,0,,
14,170,1.2,2.7777777777777777,3.6666666666666665,-0.13793103448275862,10,0,0,0,,
14,171,1.2,5.444444444444445,7.222222222222221,-0.1403508771929824,10,0,0,0,,
14,172,1.2,6.333333333333333,9.0,-0.1739130434782609,10,0,0,0,,
14,173,1.2,18.88888888888889,27.77777777777778,-0.19047619047619047,10,0,0,0,,
14,174,1.2,45.55555555555556,63.333333333333336,-0.163265306122449,10,0,0,0,,
14,175,1.2,63.333333333333336,90.0,-0.17391304347826084,10,0,0,0,,
14,176,1.2,81.11111111111111,100.0,-0.10429447852760734,10,0,0,0,,
14,177,1.2,366.66666666666663,544.4444444444445,-0.19512195121951226,10,0,0,0,,
14,178,1.2,633.3333333333333,811.1111111111111,-0.12307692307692313,10,0,0,0,,
14,179,1.2,811.1111111111111,1000.0,-0.10429447852760737,10,0,0,0,,
14,180,1.2,0.001,0.001,0.0,10,54,22,0,0.0044055486350655345,1506.7083289017603
14,181,1.2,0.004555555555555556,0.0054444444444444445,-0.08888888888888886,10,41,10,0,0.0154170045294956,1583.155093437956
14,182,1.2,0.007222222222222223,0.007222222222222223,0.0,10,38,7,0,0.01931968317016924,1579.678472817604
14,183,1.2,0.009,0.01,-0.05263157894736847,10,32,6,0,0.024434305526939714,1492.3875491381739
14,184,1.2,0.04555555555555556,0.04555555555555556,0.0,10,11,2,0,0.23088725817211475,1540.2361157073883
14,185,1.2,0.06333333333333332,0.07222222222222222,-0.0655737704918033,10,5,0,0,0.29753168779186123,1273.4993605594145
14,186,1.2,0.09,0.09,0.0,10,3,0,0,0.5124749833222147,741.2062323500052
14,187,1.2,0.4555555555555556,0.4555555555555556,0.0,10,0,0,0,,
14,188,1.2,0.6333333333333333,0.7222222222222222,-0.06557377049180328,10,0,0,0,,
14,189,1.2,0.9,0.9,0.0,10,0,0,0,,
14,190,1.2,3.6666666666666665,3.6666666666666665,0.0,10,0,0,0,,
14,191,1.2,6.333333333333333,6.333333333333333,0.0,10,0,0,0,,
14,192,1.2,8.11111111111111,9.0,-0.05194805194805197,10,0,0,0,,
14,193,1.2,36.66666666666667,36.66666666666667,0.0,10,0,0,0,,
14,194,1.2,63.333333333333336,63.333333333333336,0.0,10,0,0,0,,
14,195,1.2,81.11111111111111,90.0,-0.05194805194805193,10,0,0,0,,
14,196,1.2,277.77777777777777,277.77777777777777,0.0,10,0,0,0,,
14,197,1.2,544.4444444444445,633.3333333333333,-0.07547169811320747,10,0,0,0,,
14,198,1.2,811.1111111111111,811.1111111111111,0.0,10,0,0,0,,
14,199,1.2,3000.0,3000.0,0.0,10,0,0,0,,
14,200,1.2,0.0054444444444444445,0.004555555555555556,0.08888888888888886,10,45,10,0,0.01386755828871888,1630.8764548160793
14,201,1.2,0.006333333333333334,0.0054444444444444445,0.0754716981132076,10,40,9,0,0.01584893192461114,1601.4331684945353
14,202,1.2,0.00811111111111111,0.007222222222222223,0.057971014492753555,10,37,7,0,0.019498445997580455,1625.619081156722
14,203,1.2,0.01,0.009,0.05263157894736847,10,33,6,0,0.022908676527677724,1638.3796770637477
14,204,1.2,0.06333333333333332,0.05444444444444445,0.07547169811320745,10,8,1,0,0.2543028685790527,1103.665076572089
14,205,1.2,0.0811111111111111,0.07222222222222222,0.05797101449275364,10,5,0,0,0.45603735823882585,1466.6517452593976
14,206,1.2,0.1,0.09,0.05263157894736847,10,3,0,0,0.5124749833222147,1140.1287051859
14,207,1.2,0.5444444444444445,0.4555555555555556,0.0888888888888889,10,0,0,0,,
14,208,1.2,0.7222222222222222,0.6333333333333333,0.06557377049180328,10,0,0,0,,
14,209,1.2,0.9,0.8111111111111111,0.05194805194805195,10,0,0,0,,
14,210,1.2,5.444444444444445,4.555555555555555,0.08888888888888893,10,0,0,0,,
14,211,1.2,7.222222222222221,6.333333333333333,0.06557377049180325,10,0,0,0,,
14,212,1.2,9.0,8.11111111111111,0.05194805194805197,10,0,0,0,,
14,213,1.2,10.0,9.0,0.05263157894736842,10,0,0,0,,
14,214,1.2,63.333333333333336,54.44444444444444,0.07547169811320759,10,0,0,0,,
14,215,1.2,81.11111111111111,72.22222222222223,0.057971014492753596,10,0,0,0,,
14,216,1.2,100.0,90.0,0.05263157894736842,10,0,0,0,,
14,217,1.2,633.3333333333333,544.4444444444445,0.07547169811320747,10,0,0,0,,
14,218,1.2,811.1111111111111,722.2222222222222,0.057971014492753645,10,0,0,0,,
14,219,1.2,1000.0,900.0,0.05263157894736842,10,0,0,0,,
14,220,1.2,0.002777777777777778,0.001888888888888889,0.19047619047619047,10,62,15,0,0.007244359600749906,1605.5095725902493
14,221,1.2,0.0054444444444444445,0.003666666666666667,0.19512195121951215,10,47,11,0,0.01191242008027375,1605.5200603436006
14,222,1.2,0.00811111111111111,0.006333333333333334,0.123076923076923,10,36,7,0,0.01778279410038923,1528.6157853665138
14,223,1.2,0.01,0.00811111111111111,0.1042944785276074,10,31,6,0,0.021379620895022326,1636.2518464312354
14,224,1.2,0.05444444444444445,0.03666666666666667,0.19512195121951223,10,14,2,0,0.0663743070401909,1371.0061316528954
14,225,1.2,0.0811111111111111,0.05444444444444445,0.1967213114754098,10,8,0,0,0.25310206804536356,1253.5091236994665
14,226,1.2,0.1,0.07222222222222222,0.16129032258064524,10,5,0,0,0.45543695797198125,1474.9783447171794
14,227,1.2,0.4555555555555556,0.3666666666666667,0.10810810810810811,10,0,0,0,,
14,228,1.2,0.8111111111111111,0.5444444444444445,0.19672131147540978,10,0,0,0,,
14,229,1.2,1.0,0.7222222222222222,0.16129032258064516,10,0,0,0,,
14,230,1.2,3.6666666666666665,2.7777777777777777,0.13793103448275862,10,0,0,0,,
14,231,1.2,7.222222222222221,5.444444444444445,0.1403508771929824,10,0,0,0,,
14,232,1.2,9.0,7.222222222222221,0.10958904109589046,10,0,0,0,,
14,233,1.2,36.66666666666667,27.77777777777778,0.13793103448275865,10,0,0,0,,
14,234,1.2,72.22222222222223,54.44444444444444,0.1403508771929825,10,0,0,0,,
14,235,1.2,90.0,63.333333333333336,0.17391304347826084,10,0,0,0,,
14,236,1.2,277.77777777777777,188.88888888888889,0.1904761904761905,10,0,0,0,,
14,237,1.2,633.3333333333333,455.55555555555554,0.16326530612244894,10,0,0,0,,
14,238,1.2,900.0,633.3333333333333,0.17391304347826092,10,0,0,0,,
14,239,1.2,3000.0,2000.0,0.2,10,0,0,0,,
14,240,1.2,0.004555555555555556,0.002777777777777778,0.2424242424242424,10,53,12,0,0.00972747223776965,1629.5968084894407
14,241,1.2,0.007222222222222223,0.004555555555555556,0.22641509433962265,10,40,9,1,0.014060475241299143,2875.176825610805
14,242,1.2,0.009,0.0054444444444444445,0.2461538461538461,10,35,9,0,0.016069412530128772,1630.8698401477834
14,243,1.2,0.01,0.006333333333333334,0.2244897959183673,10,36,7,0,0.017947336268325266,1606.5731001599313
14,244,1.2,0.06333333333333332,0.03666666666666667,0.2666666666666666,10,13,2,0,0.06698846094165266,1540.3961705625115
14,245,1.2,0.0811111111111111,0.04555555555555556,0.2807017543859649,10,11,1,0,0.07870457896950984,1446.8657549901197
14,246,1.2,0.1,0.05444444444444445,0.2949640287769784,10,10,1,0,0.252501667778519,1338.1979891836922
14,247,1.2,0.6333333333333333,0.3666666666666667,0.2666666666666666,10,0,0,0,,
14,248,1.2,0.8111111111111111,0.4555555555555556,0.2807017543859649,10,0,0,0,,
14,249,1.2,1.0,0.5444444444444445,0.29496402877697836,10,0,0,0,,
14,250,1.2,4.555555555555555,2.7777777777777777,0.24242424242424243,10,0,0,0,,
14,251,1.2,7.222222222222221,4.555555555555555,0.22641509433962262,10,0,0,0,,
14,252,1.2,9.0,5.444444444444445,0.24615384615384614,10,0,0,0,,
14,253,1.2,45.55555555555556,27.77777777777778,0.2424242424242424,10,0,0,0,,
14,254,1.2,72.22222222222223,45.55555555555556,0.22641509433962267,10,0,0,0,,
14,255,1.2,90.0,54.44444444444444,0.24615384615384614,10,0,0,0,,
14,256,1.2,100.0,63.333333333333336,0.22448979591836732,10,0,0,0,,
14,257,1.2,633.3333333333333,366.66666666666663,0.26666666666666666,10,0,0,0,,
14,258,1.2,811.1111111111111,455.55555555555554,0.28070175438596495,10,0,0,0,,
14,259,1.2,1000.0,633.3333333333333,0.2244897959183674,10,0,0,0,,
14,260,1.2,0.001888888888888889,0.001,0.3076923076923077,10,61,19,0,0.004549880601500489,1639.5037416133473
14,261,1.2,0.006333333333333334,0.002777777777777778,0.39024390243902446,10,46,11,0,0.009817479430199843,1665.0848498359546
14,262,1.2,0.009,0.004555555555555556,0.3278688524590163,10,36,9,0,0.014190575216890926,1474.800562146142
14,263,1.2,0.01888888888888889,0.009,0.354581673306773,10,27,5,0,0.023550492838960088,1407.227575453386
14,264,1.2,0.05444444444444445,0.027777777777777776,0.3243243243243244,10,17,2,0,0.05445026528424215,1556.5944098001958
14,265,1.2,0.0811111111111111,0.03666666666666667,0.3773584905660377,10,14,2,0,0.06729766562843176,1381.7682531842058
14,266,1.2,0.18888888888888888,0.0811111111111111,0.39917695473251025,10,4,0,0,0.4818545697131421,1262.8441043636758
14,267,1.2,0.3666666666666667,0.18888888888888888,0.32000000000000006,10,0,0,0,,
14,268,1.2,0.7222222222222222,0.3666666666666667,0.3265306122448979,10,0,0,0,,
14,269,1.2,1.0,0.4555555555555556,0.37404580152671746,10,0,0,0,,
14,270,1.2,3.6666666666666665,1.8888888888888888,0.32,10,0,0,0,,
14,271,1.2,7.222222222222221,3.6666666666666665,0.32653061224489793,10,0,0,0,,
14,272,1.2,10.0,4.555555555555555,0.37404580152671757,10,0,0,0,,
14,273,1.2,18.88888888888889,10.0,0.3076923076923077,10,0,0,0,,
14,274,1.2,63.333333333333336,27.77777777777778,0.3902439024390244,10,0,0,0,,
14,275,1.2,90.0,45.55555555555556,0.3278688524590164,10,0,0,0,,
14,276,1.2,188.88888888888889,90.0,0.35458167330677287,10,0,0,0,,
14,277,1.2,544.4444444444445,277.77777777777777,0.32432432432432434,10,0,0,0,,
14,278,1.2,811.1111111111111,366.66666666666663,0.3773584905660377,10,0,0,0,,
14,279,1.2,2000.0,1000.0,0.3333333333333333,10,0,0,0,,
14,280,1.2,0.002777777777777778,0.001,0.47058823529411764,10,65,18,0,0.004591980128368685,1651.889004632283
14,281,1.2,0.0054444444444444445,0.001888888888888889,0.48484848484848486,10,47,13,0,0.007379042301291015,1618.935295645793
14,282,1.2,0.009,0.003666666666666667,0.4210526315789473,10,43,10,0,0.012078138351067799,1593.812092389712
14,283,1.2,0.01888888888888889,0.007222222222222223,0.4468085106382978,10,31,6,0,0.020137242498623895,1610.7479379592924
14,284,1.2,0.05444444444444445,0.01888888888888889,0.4848484848484849,10,19,3,0,0.041304750199016145,1519.6474957196613
14,285,1.2,0.09,0.03666666666666667,0.4210526315789474,10,15,2,0,0.06760829753919818,1621.6895197641643
14,286,1.2,0.18888888888888888,0.07222222222222222,0.44680851063829796,10,6,0,0,0.29272848565710474,1318.0808937418901
14,287,1.2,0.4555555555555556,0.18888888888888888,0.4137931034482759,10,0,0,0,,
14,288,1.2,0.8111111111111111,0.2777777777777778,0.48979591836734687,10,0,0,0,,
14,289,1.2,1.8888888888888888,0.6333333333333333,0.4977973568281938,10,0,0,0,,
14,290,1.2,4.555555555555555,1.8888888888888888,0.4137931034482758,10,0,0,0,,
14,291,1.2,8.11111111111111,2.7777777777777777,0.48979591836734687,10,0,0,0,,
14,292,1.2,18.88888888888889,6.333333333333333,0.4977973568281939,10,0,0,0,,
14,293,1.2,27.77777777777778,10.0,0.47058823529411764,10,0,0,0,,
14,294,1.2,72.22222222222223,27.77777777777778,0.4444444444444445,10,0,0,0,,
14,295,1.2,100.0,36.66666666666667,0.4634146341463414,10,0,0,0,,
14,296,1.2,277.77777777777777,100.0,0.47058823529411764,10,0,0,0,,
14,297,1.2,722.2222222222222,277.77777777777777,0.4444444444444444,10,0,0,0,,
14,298,1.2,1000.0,366.66666666666663,0.46341463414634154,10,0,0,0,,
14,299,1.2,3000.0,1000.0,0.5,10,0,0,0,,
14,300,1.2,0.003666666666666667,0.001,0.5714285714285715,10,56,17,0,0.0046131757456037955,1583.9920312042227
14,301,1.2,0.007222222222222223,0.001888888888888889,0.5853658536585367,10,45,12,0,0.007413102413009177,1544.665837978068
14,302,1.2,0.01888888888888889,0.0054444444444444445,0.5525114155251142,10,31,7,0,0.016368165214278085,1473.3366757514477
14,303,1.2,0.027777777777777776,0.009,0.5105740181268882,10,23,5,0,0.02376840286624876,1400.2785133743707
14,304,1.2,0.07222222222222222,0.01888888888888889,0.5853658536585367,10,17,3,0,0.041495404263436286,1183.1078532561057
14,305,1.2,0.1,0.027777777777777776,0.5652173913043479,10,13,1,0,0.05520774392807573,1398.9797326278274
14,306,1.2,0.2777777777777778,0.0811111111111111,0.5479876160990712,10,4,0,0,0.4800533689126084,1498.3253902505323
14,307,1.2,0.6333333333333333,0.18888888888888888,0.5405405405405406,10,0,0,0,,
14,308,1.2,1.0,0.2777777777777778,0.5652173913043479,10,0,0,0,,
14,309,1.2,2.7777777777777777,0.8111111111111111,0.5479876160990712,10,0,0,0,,
14,310,1.2,3.6666666666666665,1.0,0.5714285714285715,10,0,0,0,,
14,311,1.2,9.0,2.7777777777777777,0.5283018867924528,10,0,0,0,,
14,312,1.2,27.77777777777778,7.222222222222221,0.5873015873015873,10,0,0,0,,
14,313,1.2,36.66666666666667,10.0,0.5714285714285715,10,0,0,0,,
14,314,1.2,90.0,27.77777777777778,0.5283018867924528,10,0,0,0,,
14,315,1.2,188.88888888888889,54.44444444444444,0.5525114155251143,10,0,0,0,,
14,316,1.2,277.77777777777777,90.0,0.5105740181268882,10,0,0,0,,
14,317,1.2,722.2222222222222,188.88888888888889,0.5853658536585366,10,0,0,0,,
14,318,1.2,2000.0,544.4444444444445,0.572052401746725,10,0,0,0,,
14,319,1.2,3000.0,900.0,0.5384615384615384,10,0,0,0,,
14,320,1.2,0.004555555555555556,0.001,0.64,10,57,17,0,0.0046131757456037955,1642.4694159410944
14,321,1.2,0.01,0.001888888888888889,0.6822429906542055,10,45,12,0,0.007447319739059889,1354.443838481055
14,322,1.2,0.027777777777777776,0.006333333333333334,0.6286644951140065,10,28,5,0,0.018365383433483474,1498.1099158463473
14,323,1.2,0.04555555555555556,0.00811111111111111,0.6977225672877847,10,24,4,0,0.022080047330188993,1584.5305520683607
14,324,1.2,0.0811111111111111,0.01888888888888889,0.6222222222222222,10,16,2,0,0.041495404263436286,1458.0952023785117
14,325,1.2,0.18888888888888888,0.04555555555555556,0.6113744075829383,10,11,0,0,0.22548365577051369,1530.6754490433927
14,326,1.2,0.3666666666666667,0.0811111111111111,0.6377171215880892,10,4,0,0,0.4788525683789192,1553.5145410857365
14,327,1.2,0.5444444444444445,0.1,0.6896551724137931,10,3,0,0,0.534089392928619,1179.8590350296176
14,328,1.2,1.8888888888888888,0.3666666666666667,0.6748768472906403,10,0,0,0,,
14,329,1.2,3.6666666666666665,0.7222222222222222,0.6708860759493671,10,0,0,0,,
14,330,1.2,4.555555555555555,0.9,0.670061099796334,10,0,0,0,,
14,331,1.2,9.0,1.8888888888888888,0.6530612244897959,10,0,0,0,,
14,332,1.2,27.77777777777778,5.444444444444445,0.6722408026755854,10,0,0,0,,
14,333,1.2,45.55555555555556,8.11111111111111,0.6977225672877846,10,0,0,0,,
14,334,1.2,81.11111111111111,18.88888888888889,0.6222222222222222,10,0,0,0,,
14,335,1.2,188.88888888888889,45.55555555555556,0.6113744075829383,10,0,0,0,,
14,336,1.2,366.66666666666663,81.11111111111111,0.6377171215880894,10,0,0,0,,
14,337,1.2,455.55555555555554,100.0,0.64,10,0,0,0,,
14,338,1.2,1000.0,188.88888888888889,0.6822429906542056,10,0,0,0,,
14,339,1.2,3000.0,722.2222222222222,0.6119402985074627,10,0,0,0,,
14,340,1.2,0.006333333333333334,0.001,0.7272727272727273,10,51,16,0,0.004634469197362879,1631.5166031293948
14,341,1.2,0.03666666666666667,0.004555555555555556,0.7789757412398922,10,30,6,0,0.014387985782558451,1597.8830303892992
14,342,1.2,0.05444444444444445,0.006333333333333334,0.7915904936014624,10,27,5,0,0.018450154191794736,1509.6268043899865
14,343,1.2,0.06333333333333332,0.009,0.7511520737327189,10,23,4,0,0.02387811282913178,1605.678490372981
14,344,1.2,0.09,0.01,0.8,10,23,4,0,0.02594179362118815,1575.1083197161308
14,345,1.2,0.3666666666666667,0.06333333333333332,0.7054263565891472,10,8,0,0,0.2687124749833222,1429.8301514380948
14,346,1.2,0.5444444444444445,0.0811111111111111,0.7406749555950266,10,4,0,0,0.4776517678452301,1097.4859005603664
14,347,1.2,0.7222222222222222,0.0811111111111111,0.7980636237897648,10,4,1,0,0.476450967311541,1539.8439560498775
14,348,1.2,2.7777777777777777,0.3666666666666667,0.7667844522968198,10,0,0,0,,
14,349,1.2,4.555555555555555,0.6333333333333333,0.7558886509635975,10,0,0,0,,
14,350,1.2,6.333333333333333,0.7222222222222222,0.795275590551181,10,0,0,0,,
14,351,1.2,7.222222222222221,1.0,0.7567567567567567,10,0,0,0,,
14,352,1.2,36.66666666666667,4.555555555555555,0.7789757412398921,10,0,0,0,,
14,353,1.2,54.44444444444444,6.333333333333333,0.7915904936014625,10,0,0,0,,
14,354,1.2,63.333333333333336,9.0,0.7511520737327189,10,0,0,0,,
14,355,1.2,90.0,10.0,0.8,10,0,0,0,,
14,356,1.2,366.66666666666663,63.333333333333336,0.7054263565891473,10,0,0,0,,
14,357,1.2,544.4444444444445,81.11111111111111,0.7406749555950267,10,0,0,0,,
14,358,1.2,722.2222222222222,81.11111111111111,0.7980636237897649,10,0,0,0,,
14,359,1.2,3000.0,455.55555555555554,0.7363344051446945,10,0,0,0,,
14,360,1.2,0.009,0.001,0.8000000000000002,10,51,16,0,0.004634469197362879,1644.459313540994
14,361,1.2,0.04555555555555556,0.003666666666666667,0.8510158013544019,10,34,8,0,0.01224616199265049,1659.4281375147657
14,362,1.2,0.07222222222222222,0.0054444444444444445,0.8597997138769671,10,31,7,0,0.016443717232149324,1304.4772763981828
14,363,1.2,0.09,0.006333333333333334,0.8685121107266437,10,30,5,0,0.018450154191794736,1409.8324066064993
14,364,1.2,0.18888888888888888,0.01,0.8994413407821228,10,22,3,0,0.02594179362118815,1509.8648840833905
14,365,1.2,0.5444444444444445,0.04555555555555556,0.8455743879472692,10,11,0,0,0.22128085390260172,1547.4101593804032
14,366,1.2,0.8111111111111111,0.04555555555555556,0.8936446173800259,10,9,0,0,0.22008005336891262,1163.549075732691
14,367,1.2,0.9,0.09,0.8181818181818182,10,3,1,0,0.5028685790527018,1247.726819383033
14,368,1.2,2.7777777777777777,0.2777777777777778,0.8181818181818182,10,0,0,0,,
14,369,1.2,6.333333333333333,0.4555555555555556,0.8657937806873977,10,0,0,0,,
14,370,1.2,8.11111111111111,0.7222222222222222,0.8364779874213837,10,0,0,0,,
14,371,1.2,10.0,0.7222222222222222,0.8652849740932644,10,0,0,0,,
14,372,1.2,45.55555555555556,2.7777777777777777,0.8850574712643677,10,0,0,0,,
14,373,1.2,72.22222222222223,4.555555555555555,0.8813314037626627,10,0,0,0,,
14,374,1.2,90.0,5.444444444444445,0.8859138533178115,10,0,0,0,,
14,375,1.2,100.0,10.0,0.8181818181818182,10,0,0,0,,
14,376,1.2,544.4444444444445,36.66666666666667,0.8738049713193117,10,0,0,0,,
14,377,1.2,722.2222222222222,72.22222222222223,0.8181818181818182,10,0,0,0,,
14,378,1.2,900.0,81.11111111111111,0.8346545866364666,10,0,0,0,,
14,379,1.2,3000.0,277.77777777777777,0.8305084745762712,10,0,0,0,,
14,380,1.2,0.027777777777777776,0.001,0.9305019305019304,10,43,14,0,0.004634469197362879,1651.9933961422041
14,381,1.2,0.4555555555555556,0.003666666666666667,0.9840309702395356,10,36,7,1,0.01224616199265049,2947.917776566654
14,382,1.2,0.9,0.003666666666666667,0.9918849133161194,10,33,7,1,0.01224616199265049,2957.8255835029345
14,383,1.2,2.7777777777777777,0.0811111111111111,0.94325689856199,10,5,0,0,0.472248165443629,1567.3259412377422
14,384,1.2,5.444444444444445,0.09,0.9674764103593656,10,4,0,0,0.4974649766511007,1571.7528047951769
14,385,1.2,8.11111111111111,0.04555555555555556,0.98882985969214,10,9,0,0,0.21587725150100068,1442.66872796716
14,386,1.2,18.88888888888889,0.006333333333333334,0.9993296365336328,10,24,3,0,0.018450154191794736,1453.4901954848858
14,387,1.2,36.66666666666667,0.01888888888888889,0.998970227458582,10,17,1,0,0.04168693834703355,1452.5754842042882
14,388,1.2,54.44444444444444,0.027777777777777776,0.9989801121876594,10,14,1,0,0.055718574893192985,1208.6780142482687
14,389,1.2,72.22222222222223,0.027777777777777776,0.9992310649750098,10,14,1,0,0.055718574893192985,1328.226938768572
14,390,1.2,90.0,0.009,0.9998000199980002,10,22,3,0,0.023988329190194897,1432.1157599441542
14,391,1.2,188.88888888888889,0.0054444444444444445,0.9999423546027204,10,28,5,0,0.01651961798229015,1614.8711621741354
14,392,1.2,277.77777777777777,1.0,0.9928258270227183,10,0,0,0,,
14,393,1.2,455.55555555555554,0.03666666666666667,0.9998390373457745,10,9,0,0,0.19006004002668447,1577.1204561183265
14,394,1.2,544.4444444444445,7.222222222222221,0.9738167170191341,10,0,0,0,,
14,395,1.2,722.2222222222222,0.06333333333333332,0.9998246307631483,10,7,0,0,0.25670446964643095,1285.05123838419
14,396,1.2,811.1111111111111,8.11111111111111,0.9801980198019803,10,0,0,0,,
14,397,1.2,1000.0,0.04555555555555556,0.9999088930393171,10,9,0,0,0.21407605070046698,1350.060181248623
14,398,1.2,2000.0,5.444444444444445,0.9945703363067206,10,0,0,0,,
14,399,1.2,3000.0,100.0,0.9354838709677419,10,0,0,0,,
15,0,1.35,0.001,0.027777777777777776,-0.9305019305019304,10,48,11,0,0.0130016957803329,1556.1864389706025
15,1,1.35,0.001888888888888889,0.7222222222222222,-0.9947828755562373,10,25,7,0,0.016368165214278085,1543.85576640288
15,2,1.35,0.002777777777777778,54.44444444444444,-0.9998979643895719,10,23,6,0,0.009682778562612486,1566.6311830768777
15,3,1.35,0.004555555555555556,0.1,-0.9128586609989372,10,19,3,0,0.03732501577957206,1624.2937366437905
15,4,1.35,0.0054444444444444445,45.55555555555556,-0.9997610041726721,10,14,4,0,0.016672472125510627,1633.8497059686533
15,5,1.35,0.007222222222222223,0.5444444444444445,-0.9738167170191339,10,11,3,0,0.045919801283686855,1223.5187773594407
15,6,1.35,0.00811111111111111,90.0,-0.999819769329431,10,13,4,0,0.01931968317016924,1663.9669866566228
15,7,1.35,0.01,2.7777777777777777,-0.9928258270227184,10,11,3,0,0.046344691973628796,1524.124893556976
15,8,1.35,0.01888888888888889,722.2222222222222,-0.9999476936757038,10,7,2,0,0.022181964198002193,1541.0639852126365
15,9,1.35,0.03666666666666667,90.0,-0.999185517011588,10,5,2,0,0.05970352865838372,1426.4847583629273
15,10,1.35,0.05444444444444445,81.11111111111111,-0.998658434749278,10,3,1,0,0.08241381150130021,1257.1203153014173
15,11,1.35,0.07222222222222222,100.0,-0.9985565980125465,10,3,1,0,0.09682778562612496,1329.361228587668
15,12,1.35,0.09,188.88888888888889,-0.9990475126557345,10,2,1,0,0.0986279485631211,965.9407173937069
15,13,1.35,0.18888888888888888,633.3333333333333,-0.9994036866197801,10,2,1,0,0.12821881254169448,1485.9320630482098
15,14,1.35,0.4555555555555556,45.55555555555556,-0.9801980198019802,10,0,0,0,,
15,15,1.35,0.7222222222222222,36.66666666666667,-0.9613670133729569,10,0,0,0,,
15,16,1.35,1.0,45.55555555555556,-0.9570405727923628,10,0,0,0,,
15,17,1.35,3.6666666666666665,544.4444444444445,-0.9866207176160553,10,0,0,0,,
15,18,1.35,8.11111111111111,900.0,-0.9821363024593173,10,0,0,0,,
15,19,1.35,100.0,3000.0,-0.9354838709677419,10,0,0,0,,
15,20,1.35,0.001,0.009,-0.8000000000000002,10,55,15,0,0.01191242008027375,1556.3023920739756
15,21,1.35,0.003666666666666667,0.05444444444444445,-0.8738049713193117,10,25,4,0,0.032062693245054674,1312.4682928357831
15,22,1.35,0.0054444444444444445,0.0811111111111111,-0.8741976893453145,10,19,3,0,0.04207266283844442,1314.5307669995657
15,23,1.35,0.007222222222222223,0.09,-0.8514285714285713,10,17,3,0,0.050815944256056046,1399.7755110276871
15,24,1.35,0.01,0.18888888888888888,-0.8994413407821228,10,10,1,0,0.06367955209079162,1625.773090283572
15,25,1.35,0.04555555555555556,0.5444444444444445,-0.8455743879472692,10,1,0,0,0.7988659106070714,258.29055334966586
15,26,1.35,0.06333333333333332,0.6333333333333333,-0.8181818181818181,10,1,0,0,0.9453635757171447,114.97868207111294
15,27,1.35,0.0811111111111111,0.9,-0.8346545866364665,10,0,0,0,,
15,28,1.35,0.2777777777777778,2.7777777777777777,-0.8181818181818182,10,0,0,0,,
15,29,1.35,0.4555555555555556,7.222222222222221,-0.8813314037626627,10,0,0,0,,
15,30,1.35,0.6333333333333333,9.0,-0.8685121107266437,10,0,0,0,,
15,31,1.35,0.9,9.0,-0.8181818181818181,10,0,0,0,,
15,32,1.35,3.6666666666666665,36.66666666666667,-0.8181818181818183,10,0,0,0,,
15,33,1.35,5.444444444444445,63.333333333333336,-0.8416801292407108,10,0,0,0,,
15,34,1.35,7.222222222222221,72.22222222222223,-0.818181818181818,10,0,0,0,,
15,35,1.35,10.0,100.0,-0.8181818181818182,10,0,0,0,,
15,36,1.35,36.66666666666667,633.3333333333333,-0.8905472636815921,10,0,0,0,,
15,37,1.35,54.44444444444444,900.0,-0.8859138533178114,10,0,0,0,,
15,38,1.35,72.22222222222223,1000.0,-0.8652849740932643,10,0,0,0,,
15,39,1.35,277.77777777777777,3000.0,-0.8305084745762712,10,0,0,0,,
15,40,1.35,0.001,0.006333333333333334,-0.7272727272727273,10,58,15,0,0.01096478196143185,1618.4624424521198
15,41,1.35,0.004555555555555556,0.027777777777777776,-0.718213058419244,10,28,5,0,0.03296097121774579,1500.7537862458482
15,42,1.35,0.006333333333333334,0.05444444444444445,-0.7915904936014624,10,19,2,0,0.0446683592150963,1427.4357337696522
15,43,1.35,0.00811111111111111,0.07222222222222222,-0.7980636237897648,10,16,2,0,0.05345643593969719,1610.3642763661967
15,44,1.35,0.01,0.0811111111111111,-0.7804878048780489,10,15,2,0,0.061376200516479455,1365.9994069224292
15,45,1.35,0.05444444444444445,0.3666666666666667,-0.7414248021108178,10,0,0,0,,
15,46,1.35,0.07222222222222222,0.5444444444444445,-0.7657657657657659,10,0,0,0,,
15,47,1.35,0.09,0.6333333333333333,-0.751152073732719,10,0,0,0,,
15,48,1.35,0.3666666666666667,2.7777777777777777,-0.7667844522968198,10,0,0,0,,
15,49,1.35,0.6333333333333333,4.555555555555555,-0.7558886509635975,10,0,0,0,,
15,50,1.35,0.8111111111111111,5.444444444444445,-0.7406749555950267,10,0,0,0,,
15,51,1.35,1.0,6.333333333333333,-0.7272727272727273,10,0,0,0,,
15,52,1.35,4.555555555555555,36.66666666666667,-0.7789757412398921,10,0,0,0,,
15,53,1.35,7.222222222222221,45.55555555555556,-0.7263157894736842,10,0,0,0,,
15,54,1.35,9.0,54.44444444444444,-0.7162872154115587,10,0,0,0,,
15,55,1.35,10.0,81.11111111111111,-0.7804878048780488,10,0,0,0,,
15,56,1.35,54.44444444444444,455.55555555555554,-0.7864923747276688,10,0,0,0,,
15,57,1.35,72.22222222222223,633.3333333333333,-0.7952755905511812,10,0,0,0,,
15,58,1.35,90.0,722.2222222222222,-0.7783857729138167,10,0,0,0,,
15,59,1.35,455.55555555555554,3000.0,-0.7363344051446945,10,0,0,0,,
15,60,1.35,0.001,0.004555555555555556,-0.64,10,60,16,0,0.009817479430199843,1583.3568352579491
15,61,1.35,0.001888888888888889,0.01,-0.6822429906542055,10,47,11,0,0.016595869074375613,1490.843357416284
15,62,1.35,0.006333333333333334,0.027777777777777776,-0.6286644951140065,10,25,4,0,0.15763842561707805,1496.9927398809589
15,63,1.35,0.009,0.03666666666666667,-0.6058394160583941,10,20,3,0,0.04742419852602448,1512.7812914422732
15,64,1.35,0.01888888888888889,0.0811111111111111,-0.6222222222222222,10,11,1,0,0.28072048032021346,1326.0924016200188
15,65,1.35,0.04555555555555556,0.18888888888888888,-0.6113744075829383,10,0,0,0,,
15,66,1.35,0.0811111111111111,0.3666666666666667,-0.6377171215880892,10,0,0,0,,
15,67,1.35,0.1,0.5444444444444445,-0.6896551724137931,10,0,0,0,,
15,68,1.35,0.3666666666666667,1.8888888888888888,-0.6748768472906403,10,0,0,0,,
15,69,1.35,0.7222222222222222,3.6666666666666665,-0.6708860759493671,10,0,0,0,,
15,70,1.35,0.9,4.555555555555555,-0.670061099796334,10,0,0,0,,
15,71,1.35,1.8888888888888888,9.0,-0.6530612244897959,10,0,0,0,,
15,72,1.35,5.444444444444445,27.77777777777778,-0.6722408026755854,10,0,0,0,,
15,73,1.35,9.0,36.66666666666667,-0.6058394160583942,10,0,0,0,,
15,74,1.35,18.88888888888889,81.11111111111111,-0.6222222222222222,10,0,0,0,,
15,75,1.35,45.55555555555556,188.88888888888889,-0.6113744075829383,10,0,0,0,,
15,76,1.35,81.11111111111111,366.66666666666663,-0.6377171215880894,10,0,0,0,,
15,77,1.35,100.0,455.55555555555554,-0.64,10,0,0,0,,
15,78,1.35,188.88888888888889,1000.0,-0.6822429906542056,10,0,0,0,,
15,79,1.35,722.2222222222222,3000.0,-0.6119402985074627,10,0,0,0,,
15,80,1.35,0.001,0.003666666666666667,-0.5714285714285715,10,66,17,0,0.008953647655495937,1679.849055142689
15,81,1.35,0.001888888888888889,0.007222222222222223,-0.5853658536585367,10,50,12,0,0.014655478409559114,1536.6844930846962
15,82,1.35,0.0054444444444444445,0.01888888888888889,-0.5525114155251142,10,30,4,0,0.030619634336906787,1555.4385423992092
15,83,1.35,0.009,0.027777777777777776,-0.5105740181268882,10,24,4,0,0.04207266283844442,1526.1534124352627
15,84,1.35,0.01888888888888889,0.07222222222222222,-0.5853658536585367,10,11,1,0,0.2681120747164777,1520.2610720373
15,85,1.35,0.05444444444444445,0.18888888888888888,-0.5525114155251141,10,0,0,0,,
15,86,1.35,0.09,0.2777777777777778,-0.5105740181268883,10,0,0,0,,
15,87,1.35,0.18888888888888888,0.6333333333333333,-0.5405405405405406,10,0,0,0,,
15,88,1.35,0.2777777777777778,1.0,-0.5652173913043479,10,0,0,0,,
15,89,1.35,0.8111111111111111,2.7777777777777777,-0.5479876160990712,10,0,0,0,,
15,90,1.35,1.8888888888888888,6.333333333333333,-0.5405405405405406,10,0,0,0,,
15,91,1.35,2.7777777777777777,10.0,-0.5652173913043478,10,0,0,0,,
15,92,1.35,8.11111111111111,27.77777777777778,-0.5479876160990713,10,0,0,0,,
15,93,1.35,10.0,36.66666666666667,-0.5714285714285715,10,0,0,0,,
15,94,1.35,27.77777777777778,90.0,-0.5283018867924528,10,0,0,0,,
15,95,1.35,72.22222222222223,277.77777777777777,-0.5873015873015872,10,0,0,0,,
15,96,1.35,100.0,366.66666666666663,-0.5714285714285714,10,0,0,0,,
15,97,1.35,277.77777777777777,900.0,-0.5283018867924527,10,0,0,0,,
15,98,1.35,633.3333333333333,2000.0,-0.518987341772152,10,0,0,0,,
15,99,1.35,1000.0,3000.0,-0.5,10,0,0,0,,
15,100,1.35,0.001,0.002777777777777778,-0.47058823529411764,10,67,18,0,0.007798301105232593,1636.536088656334
15,101,1.35,0.001888888888888889,0.0054444444444444445,-0.48484848484848486,10,53,13,0,0.012764388088113435,1573.746741997383
15,102,1.35,0.003666666666666667,0.009,-0.4210526315789473,10,43,8,0,0.019230917289101594,1606.169006537291
15,103,1.35,0.007222222222222223,0.01888888888888889,-0.4468085106382978,10,32,6,0,0.032809529311311904,1494.585214376309
15,104,1.35,0.01888888888888889,0.05444444444444445,-0.4848484848484849,10,14,0,0,0.23569046030687124,1378.015737039668
15,105,1.35,0.027777777777777776,0.0811111111111111,-0.4897959183673469,10,8,0,0,0.29212808539026014,1301.6629275683931
15,106,1.35,0.06333333333333332,0.18888888888888888,-0.4977973568281938,10,0,0,0,,
15,107,1.35,0.18888888888888888,0.4555555555555556,-0.4137931034482759,10,0,0,0,,
15,108,1.35,0.2777777777777778,0.8111111111111111,-0.48979591836734687,10,0,0,0,,
15,109,1.35,0.6333333333333333,1.8888888888888888,-0.4977973568281938,10,0,0,0,,
15,110,1.35,1.0,2.7777777777777777,-0.47058823529411764,10,0,0,0,,
15,111,1.35,2.7777777777777777,7.222222222222221,-0.44444444444444436,10,0,0,0,,
15,112,1.35,3.6666666666666665,10.0,-0.46341463414634154,10,0,0,0,,
15,113,1.35,10.0,27.77777777777778,-0.47058823529411764,10,0,0,0,,
15,114,1.35,27.77777777777778,72.22222222222223,-0.4444444444444445,10,0,0,0,,
15,115,1.35,36.66666666666667,90.0,-0.4210526315789473,10,0,0,0,,
15,116,1.35,72.22222222222223,188.88888888888889,-0.4468085106382979,10,0,0,0,,
15,117,1.35,188.88888888888889,544.4444444444445,-0.4848484848484848,10,0,0,0,,
15,118,1.35,366.66666666666663,900.0,-0.42105263157894746,10,0,0,0,,
15,119,1.35,811.1111111111111,2000.0,-0.42292490118577075,10,0,0,0,,
15,120,1.35,0.001,0.001888888888888889,-0.3076923076923077,10,53,20,0,0.006251726927756862,1627.1679956194441
15,121,1.35,0.002777777777777778,0.006333333333333334,-0.39024390243902446,10,43,11,0,0.01499684835502374,1547.0242807575773
15,122,1.35,0.004555555555555556,0.009,-0.3278688524590163,10,39,7,0,0.01995262314968881,1627.7292467272414
15,123,1.35,0.009,0.01888888888888889,-0.354581673306773,10,26,4,0,0.034197944251370904,1530.5128756399465
15,124,1.35,0.027777777777777776,0.05444444444444445,-0.3243243243243244,10,11,1,0,0.23869246164109406,1447.3676373474618
15,125,1.35,0.03666666666666667,0.0811111111111111,-0.3773584905660377,10,8,1,0,0.295130086724483,1458.8319401496801
15,126,1.35,0.0811111111111111,0.18888888888888888,-0.39917695473251025,10,0,0,0,,
15,127,1.35,0.18888888888888888,0.3666666666666667,-0.32000000000000006,10,0,0,0,,
15,128,1.35,0.3666666666666667,0.7222222222222222,-0.3265306122448979,10,0,0,0,,
15,129,1.35,0.4555555555555556,1.0,-0.37404580152671746,10,0,0,0,,
15,130,1.35,1.8888888888888888,3.6666666666666665,-0.32,10,0,0,0,,
15,131,1.35,3.6666666666666665,7.222222222222221,-0.32653061224489793,10,0,0,0,,
15,132,1.35,4.555555555555555,10.0,-0.37404580152671757,10,0,0,0,,
15,133,1.35,10.0,18.88888888888889,-0.3076923076923077,10,0,0,0,,
15,134,1.35,27.77777777777778,63.333333333333336,-0.3902439024390244,10,0,0,0,,
15,135,1.35,45.55555555555556,90.0,-0.3278688524590164,10,0,0,0,,
15,136,1.35,90.0,188.88888888888889,-0.35458167330677287,10,0,0,0,,
15,137,1.35,277.77777777777777,544.4444444444445,-0.32432432432432434,10,0,0,0,,
15,138,1.35,366.66666666666663,811.1111111111111,-0.3773584905660377,10,0,0,0,,
15,139,1.35,1000.0,2000.0,-0.3333333333333333,10,0,0,0,,
15,140,1.35,0.002777777777777778,0.004555555555555556,-0.2424242424242424,10,40,12,0,0.012302687708123811,1553.7246305625831
15,141,1.35,0.004555555555555556,0.007222222222222223,-0.22641509433962265,10,36,9,0,0.017458221529205037,1530.510644075206
15,142,1.35,0.0054444444444444445,0.009,-0.2461538461538461,10,34,8,0,0.020417379446695295,1562.061394200592
15,143,1.35,0.006333333333333334,0.01,-0.2244897959183673,10,33,7,0,0.022181964198002193,1552.1794188464908
15,144,1.35,0.03666666666666667,0.06333333333333332,-0.2666666666666666,10,8,0,0,0.2591060707138092,1286.0791362541977
15,145,1.35,0.05444444444444445,0.09,-0.24615384615384614,10,6,0,0,0.4806537691794529,1418.1764604965954
15,146,1.35,0.06333333333333332,0.1,-0.22448979591836743,10,4,0,0,0.5082721814543029,1473.5671713923584
15,147,1.35,0.3666666666666667,0.6333333333333333,-0.2666666666666666,10,0,0,0,,
15,148,1.35,0.4555555555555556,0.8111111111111111,-0.2807017543859649,10,0,0,0,,
15,149,1.35,0.5444444444444445,1.0,-0.29496402877697836,10,0,0,0,,
15,150,1.35,3.6666666666666665,6.333333333333333,-0.26666666666666666,10,0,0,0,,
15,151,1.35,4.555555555555555,8.11111111111111,-0.2807017543859649,10,0,0,0,,
15,152,1.35,5.444444444444445,10.0,-0.2949640287769784,10,0,0,0,,
15,153,1.35,27.77777777777778,45.55555555555556,-0.2424242424242424,10,0,0,0,,
15,154,1.35,45.55555555555556,72.22222222222223,-0.22641509433962267,10,0,0,0,,
15,155,1.35,54.44444444444444,100.0,-0.2949640287769784,10,0,0,0,,
15,156,1.35,277.77777777777777,455.55555555555554,-0.24242424242424243,10,0,0,0,,
15,157,1.35,455.55555555555554,722.2222222222222,-0.2264150943396226,10,0,0,0,,
15,158,1.35,544.4444444444445,900.0,-0.24615384615384617,10,0,0,0,,
15,159,1.35,2000.0,3000.0,-0.2,10,0,0,0,,
15,160,1.35,0.001888888888888889,0.002777777777777778,-0.19047619047619047,10,48,15,0,0.008590135215053961,1601.8585350670255
15,161,1.35,0.003666666666666667,0.0054444444444444445,-0.19512195121951215,10,41,11,0,0.014190575216890926,1617.5717878612097
15,162,1.35,0.006333333333333334,0.00811111111111111,-0.123076923076923,10,37,8,0,0.019408858775927792,1592.3843319420785
15,163,1.35,0.00811111111111111,0.01,-0.1042944785276074,10,36,6,0,0.022698648518838214,1519.8786258505884
15,164,1.35,0.03666666666666667,0.04555555555555556,-0.10810810810810813,10,10,1,0,0.21647765176784523,791.9077830137511
15,165,1.35,0.05444444444444445,0.0811111111111111,-0.1967213114754098,10,6,0,0,0.45483655770513676,1455.347585383495
15,166,1.35,0.07222222222222222,0.1,-0.16129032258064524,10,4,0,0,0.5076717811874583,1513.141406494249
15,167,1.35,0.3666666666666667,0.4555555555555556,-0.10810810810810811,10,0,0,0,,
15,168,1.35,0.5444444444444445,0.7222222222222222,-0.1403508771929824,10,0,0,0,,
15,169,1.35,0.7222222222222222,0.9,-0.10958904109589043,10,0,0,0,,
15,170,1.35,2.7777777777777777,3.6666666666666665,-0.13793103448275862,10,0,0,0,,
15,171,1.35,5.444444444444445,7.222222222222221,-0.1403508771929824,10,0,0,0,,
15,172,1.35,6.333333333333333,9.0,-0.1739130434782609,10,0,0,0,,
15,173,1.35,18.88888888888889,27.77777777777778,-0.19047619047619047,10,0,0,0,,
15,174,1.35,45.55555555555556,63.333333333333336,-0.163265306122449,10,0,0,0,,
15,175,1.35,63.333333333333336,90.0,-0.17391304347826084,10,0,0,0,,
15,176,1.35,81.11111111111111,100.0,-0.10429447852760734,10,0,0,0,,
15,177,1.35,366.66666666666663,544.4444444444445,-0.19512195121951226,10,0,0,0,,
15,178,1.35,633.3333333333333,811.1111111111111,-0.12307692307692313,10,0,0,0,,
15,179,1.35,811.1111111111111,1000.0,-0.10429447852760737,10,0,0,0,,
15,180,1.35,0.001,0.001,0.0,10,61,24,0,0.004130475019901615,1627.1433732010246
15,181,1.35,0.004555555555555556,0.0054444444444444445,-0.08888888888888886,10,48,11,1,0.01452111617587742,2651.4286289030442
15,182,1.35,0.007222222222222223,0.007222222222222223,0.0,10,40,8,0,0.018113400926196024,1509.0084441208662
15,183,1.35,0.009,0.01,-0.05263157894736847,10,33,7,0,0.022908676527677724,1417.2965606918567
15,184,1.35,0.04555555555555556,0.04555555555555556,0.0,10,11,2,0,0.21647765176784523,902.4647845800633
15,185,1.35,0.06333333333333332,0.07222222222222222,-0.0655737704918033,10,8,0,0,0.2783188792528352,1605.5352696272873
15,186,1.35,0.09,0.09,0.0,10,4,0,0,0.4800533689126084,1189.289680377654
15,187,1.35,0.4555555555555556,0.4555555555555556,0.0,10,0,0,0,,
15,188,1.35,0.6333333333333333,0.7222222222222222,-0.06557377049180328,10,0,0,0,,
15,189,1.35,0.9,0.9,0.0,10,0,0,0,,
15,190,1.35,3.6666666666666665,3.6666666666666665,0.0,10,0,0,0,,
15,191,1.35,6.333333333333333,6.333333333333333,0.0,10,0,0,0,,
15,192,1.35,8.11111111111111,9.0,-0.05194805194805197,10,0,0,0,,
15,193,1.35,36.66666666666667,36.66666666666667,0.0,10,0,0,0,,
15,194,1.35,63.333333333333336,63.333333333333336,0.0,10,0,0,0,,
15,195,1.35,81.11111111111111,90.0,-0.05194805194805193,10,0,0,0,,
15,196,1.35,277.77777777777777,277.77777777777777,0.0,10,0,0,0,,
15,197,1.35,544.4444444444445,633.3333333333333,-0.07547169811320747,10,0,0,0,,
15,198,1.35,811.1111111111111,811.1111111111111,0.0,10,0,0,0,,
15,199,1.35,3000.0,3000.0,0.0,10,0,0,0,,
15,200,1.35,0.0054444444444444445,0.004555555555555556,0.08888888888888886,10,45,11,0,0.012941958414499863,1603.4843089052085
15,201,1.35,0.006333333333333334,0.0054444444444444445,0.0754716981132076,10,43,10,0,0.014791083881682071,1504.9409296211982
15,202,1.35,0.00811111111111111,0.007222222222222223,0.057971014492753555,10,41,8,0,0.018197008586099843,1552.060107719651
15,203,1.35,0.01,0.009,0.05263157894736847,10,34,7,0,0.02147830474130533,1516.16754493699
15,204,1.35,0.06333333333333332,0.05444444444444445,0.07547169811320745,10,11,1,0,0.2380920613742495,1385.5027229153625
15,205,1.35,0.0811111111111111,0.07222222222222222,0.05797101449275364,10,6,0,0,0.4266177451634423,1606.184782797845
15,206,1.35,0.1,0.09,0.05263157894736847,10,4,0,0,0.4794529686457638,1108.3321793623854
15,207,1.35,0.5444444444444445,0.4555555555555556,0.0888888888888889,10,0,0,0,,
15,208,1.35,0.7222222222222222,0.6333333333333333,0.06557377049180328,10,0,0,0,,
15,209,1.35,0.9,0.8111111111111111,0.05194805194805195,10,0,0,0,,
15,210,1.35,5.444444444444445,4.555555555555555,0.08888888888888893,10,0,0,0,,
15,211,1.35,7.222222222222221,6.333333333333333,0.06557377049180325,10,0,0,0,,
15,212,1.35,9.0,8.11111111111111,0.05194805194805197,10,0,0,0,,
15,213,1.35,10.0,9.0,0.05263157894736842,10,0,0,0,,
15,214,1.35,63.333333333333336,54.44444444444444,0.07547169811320759,10,0,0,0,,
15,215,1.35,81.11111111111111,72.22222222222223,0.057971014492753596,10,0,0,0,,
15,216,1.35,100.0,90.0,0.05263157894736842,10,0,0,0,,
15,217,1.35,633.3333333333333,544.4444444444445,0.07547169811320747,10,0,0,0,,
15,218,1.35,811.1111111111111,722.2222222222222,0.057971014492753645,10,0,0,0,,
15,219,1.35,1000.0,900.0,0.05263157894736842,10,0,0,0,,
15,220,1.35,0.002777777777777778,0.001888888888888889,0.19047619047619047,10,62,16,0,0.006760829753919818,1649.6738440052927
15,221,1.35,0.0054444444444444445,0.003666666666666667,0.19512195121951215,10,51,11,0,0.011117317272815919,1573.3305429242682
15,222,1.35,0.00811111111111111,0.006333333333333334,0.123076923076923,10,43,8,0,0.016595869074375613,1559.3655617673417
15,223,1.35,0.01,0.00811111111111111,0.1042944785276074,10,37,7,0,0.01995262314968881,1561.0045525814044
15,224,1.35,0.05444444444444445,0.03666666666666667,0.19512195121951223,10,15,2,0,0.06194410750767818,1517.651780693534
15,225,1.35,0.0811111111111111,0.05444444444444445,0.1967213114754098,10,11,0,0,0.23689126084056036,1532.5029483211945
15,226,1.35,0.1,0.07222222222222222,0.16129032258064524,10,6,0,0,0.4260173448965977,1600.0109042299423
15,227,1.35,0.4555555555555556,0.3666666666666667,0.10810810810810811,10,0,0,0,,
15,228,1.35,0.8111111111111111,0.5444444444444445,0.19672131147540978,10,0,0,0,,
15,229,1.35,1.0,0.7222222222222222,0.16129032258064516,10,0,0,0,,
15,230,1.35,3.6666666666666665,2.7777777777777777,0.13793103448275862,10,0,0,0,,
15,231,1.35,7.222222222222221,5.444444444444445,0.1403508771929824,10,0,0,0,,
15,232,1.35,9.0,7.222222222222221,0.10958904109589046,10,0,0,0,,
15,233,1.35,36.66666666666667,27.77777777777778,0.13793103448275865,10,0,0,0,,
15,234,1.35,72.22222222222223,54.44444444444444,0.1403508771929825,10,0,0,0,,
15,235,1.35,90.0,63.333333333333336,0.17391304347826084,10,0,0,0,,
15,236,1.35,277.77777777777777,188.88888888888889,0.1904761904761905,10,0,0,0,,
15,237,1.35,633.3333333333333,455.55555555555554,0.16326530612244894,10,0,0,0,,
15,238,1.35,900.0,633.3333333333333,0.17391304347826092,10,0,0,0,,
15,239,1.35,3000.0,2000.0,0.2,10,0,0,0,,
15,240,1.35,0.004555555555555556,0.002777777777777778,0.2424242424242424,10,53,13,0,0.00907820530178186,1678.9260878468128
15,241,1.35,0.007222222222222223,0.004555555555555556,0.22641509433962265,10,42,10,0,0.013121998990192028,1561.32224468256
15,242,1.35,0.009,0.0054444444444444445,0.2461538461538461,10,39,9,0,0.01499684835502374,1565.6071009468046
15,243,1.35,0.01,0.006333333333333334,0.2244897959183673,10,38,8,0,0.016749428760264383,1591.3175053825523
15,244,1.35,0.06333333333333332,0.03666666666666667,0.2666666666666666,10,14,1,0,0.062230028516915954,937.6554182404074
15,245,1.35,0.0811111111111111,0.04555555555555556,0.2807017543859649,10,11,1,0,0.21467645096731153,1095.4398541904611
15,246,1.35,0.1,0.05444444444444445,0.2949640287769784,10,12,1,0,0.23629086057371582,1536.9074327628175
15,247,1.35,0.6333333333333333,0.3666666666666667,0.2666666666666666,10,0,0,0,,
15,248,1.35,0.8111111111111111,0.4555555555555556,0.2807017543859649,10,0,0,0,,
15,249,1.35,1.0,0.5444444444444445,0.29496402877697836,10,0,0,0,,
15,250,1.35,4.555555555555555,2.7777777777777777,0.24242424242424243,10,0,0,0,,
15,251,1.35,7.222222222222221,4.555555555555555,0.22641509433962262,10,0,0,0,,
15,252,1.35,9.0,5.444444444444445,0.24615384615384614,10,0,0,0,,
15,253,1.35,45.55555555555556,27.77777777777778,0.2424242424242424,10,0,0,0,,
15,254,1.35,72.22222222222223,45.55555555555556,0.22641509433962267,10,0,0,0,,
15,255,1.35,90.0,54.44444444444444,0.24615384615384614,10,0,0,0,,
15,256,1.35,100.0,63.333333333333336,0.22448979591836732,10,0,0,0,,
15,257,1.35,633.3333333333333,366.66666666666663,0.26666666666666666,10,0,0,0,,
15,258,1.35,811.1111111111111,455.55555555555554,0.28070175438596495,10,0,0,0,,
15,259,1.35,1000.0,633.3333333333333,0.2244897959183674,10,0,0,0,,
15,260,1.35,0.001888888888888889,0.001,0.3076923076923077,10,71,21,0,0.004226686142656033,1652.7964190268215
15,261,1.35,0.006333333333333334,0.002777777777777778,0.39024390243902446,10,47,12,0,0.009120108393559097,1632.592551412957
15,262,1.35,0.009,0.004555555555555556,0.3278688524590163,10,45,10,0,0.013182567385564075,1618.0940562946507
15,263,1.35,0.01888888888888889,0.009,0.354581673306773,10,32,6,0,0.021978598727848252,1692.3713498531904
15,264,1.35,0.05444444444444445,0.027777777777777776,0.3243243243243244,10,18,3,0,0.050815944256056046,1612.793505378707
15,265,1.35,0.0811111111111111,0.03666666666666667,0.3773584905660377,10,15,2,0,0.06251726927756862,1301.732673453122
15,266,1.35,0.18888888888888888,0.0811111111111111,0.39917695473251025,10,5,0,0,0.29272848565710474,1297.984169826729
15,267,1.35,0.3666666666666667,0.18888888888888888,0.32000000000000006,10,0,0,0,,
15,268,1.35,0.7222222222222222,0.3666666666666667,0.3265306122448979,10,0,0,0,,
15,269,1.35,1.0,0.4555555555555556,0.37404580152671746,10,0,0,0,,
15,270,1.35,3.6666666666666665,1.8888888888888888,0.32,10,0,0,0,,
15,271,1.35,7.222222222222221,3.6666666666666665,0.32653061224489793,10,0,0,0,,
15,272,1.35,10.0,4.555555555555555,0.37404580152671757,10,0,0,0,,
15,273,1.35,18.88888888888889,10.0,0.3076923076923077,10,0,0,0,,
15,274,1.35,63.333333333333336,27.77777777777778,0.3902439024390244,10,0,0,0,,
15,275,1.35,90.0,45.55555555555556,0.3278688524590164,10,0,0,0,,
15,276,1.35,188.88888888888889,90.0,0.35458167330677287,10,0,0,0,,
15,277,1.35,544.4444444444445,277.77777777777777,0.32432432432432434,10,0,0,0,,
15,278,1.35,811.1111111111111,366.66666666666663,0.3773584905660377,10,0,0,0,,
15,279,1.35,2000.0,1000.0,0.3333333333333333,10,0,0,0,,
15,280,1.35,0.002777777777777778,0.001,0.47058823529411764,10,67,20,0,0.004265795188015926,1633.7627974826319
15,281,1.35,0.0054444444444444445,0.001888888888888889,0.48484848484848486,10,52,14,0,0.006854882264526621,1639.597285188506
15,282,1.35,0.009,0.003666666666666667,0.4210526315789473,10,41,11,0,0.011271974561755105,1567.8050805957484
15,283,1.35,0.01888888888888889,0.007222222222222223,0.4468085106382978,10,29,6,0,0.018706821403658015,1428.289550341901
15,284,1.35,0.05444444444444445,0.01888888888888889,0.4848484848484849,10,18,4,0,0.03837072454922788,1140.3858657247083
15,285,1.35,0.09,0.03666666666666667,0.4210526315789474,10,15,2,0,0.0628058358813318,1311.162740494153
15,286,1.35,0.18888888888888888,0.07222222222222222,0.44680851063829796,10,7,0,0,0.2741160773849233,1538.7614799940425
15,287,1.35,0.4555555555555556,0.18888888888888888,0.4137931034482759,10,0,0,0,,
15,288,1.35,0.8111111111111111,0.2777777777777778,0.48979591836734687,10,0,0,0,,
15,289,1.35,1.8888888888888888,0.6333333333333333,0.4977973568281938,10,0,0,0,,
15,290,1.35,4.555555555555555,1.8888888888888888,0.4137931034482758,10,0,0,0,,
15,291,1.35,8.11111111111111,2.7777777777777777,0.48979591836734687,10,0,0,0,,
15,292,1.35,18.88888888888889,6.333333333333333,0.4977973568281939,10,0,0,0,,
15,293,1.35,27.77777777777778,10.0,0.47058823529411764,10,0,0,0,,
15,294,1.35,72.22222222222223,27.77777777777778,0.4444444444444445,10,0,0,0,,
15,295,1.35,100.0,36.66666666666667,0.4634146341463414,10,0,0,0,,
15,296,1.35,277.77777777777777,100.0,0.47058823529411764,10,0,0,0,,
15,297,1.35,722.2222222222222,277.77777777777777,0.4444444444444444,10,0,0,0,,
15,298,1.35,1000.0,366.66666666666663,0.46341463414634154,10,0,0,0,,
15,299,1.35,3000.0,1000.0,0.5,10,0,0,0,,
15,300,1.35,0.003666666666666667,0.001,0.5714285714285715,10,61,19,0,0.004285485203974397,1576.4401682027328
15,301,1.35,0.007222222222222223,0.001888888888888889,0.5853658536585367,10,46,13,0,0.006886522963442762,1547.0385737309346
15,302,1.35,0.01888888888888889,0.0054444444444444445,0.5525114155251142,10,32,8,0,0.015205475297324954,1594.56779116558
15,303,1.35,0.027777777777777776,0.009,0.5105740181268882,10,28,5,0,0.022080047330188993,1600.5409427627742
15,304,1.35,0.07222222222222222,0.01888888888888889,0.5853658536585367,10,20,3,0,0.038547835766577165,1560.3350426970449
15,305,1.35,0.1,0.027777777777777776,0.5652173913043479,10,15,2,0,0.05128613839913648,1434.0779435835427
15,306,1.35,0.2777777777777778,0.0811111111111111,0.5479876160990712,10,4,0,0,0.45063375583722476,1468.8380692624983
15,307,1.35,0.6333333333333333,0.18888888888888888,0.5405405405405406,10,0,0,0,,
15,308,1.35,1.0,0.2777777777777778,0.5652173913043479,10,0,0,0,,
15,309,1.35,2.7777777777777777,0.8111111111111111,0.5479876160990712,10,0,0,0,,
15,310,1.35,3.6666666666666665,1.0,0.5714285714285715,10,0,0,0,,
15,311,1.35,9.0,2.7777777777777777,0.5283018867924528,10,0,0,0,,
15,312,1.35,27.77777777777778,7.222222222222221,0.5873015873015873,10,0,0,0,,
15,313,1.35,36.66666666666667,10.0,0.5714285714285715,10,0,0,0,,
15,314,1.35,90.0,27.77777777777778,0.5283018867924528,10,0,0,0,,
15,315,1.35,188.88888888888889,54.44444444444444,0.5525114155251143,10,0,0,0,,
15,316,1.35,277.77777777777777,90.0,0.5105740181268882,10,0,0,0,,
15,317,1.35,722.2222222222222,188.88888888888889,0.5853658536585366,10,0,0,0,,
15,318,1.35,2000.0,544.4444444444445,0.572052401746725,10,0,0,0,,
15,319,1.35,3000.0,900.0,0.5384615384615384,10,0,0,0,,
15,320,1.35,0.004555555555555556,0.001,0.64,10,64,18,0,0.004285485203974397,1607.2406361474275
15,321,1.35,0.01,0.001888888888888889,0.6822429906542055,10,47,13,0,0.006886522963442762,1551.4049305241563
15,322,1.35,0.027777777777777776,0.006333333333333334,0.6286644951140065,10,34,6,0,0.017060823890031242,1621.5553290650303
15,323,1.35,0.04555555555555556,0.00811111111111111,0.6977225672877847,10,28,5,0,0.020511621788255645,1510.1107954337099
15,324,1.35,0.0811111111111111,0.01888888888888889,0.6222222222222222,10,19,3,0,0.038547835766577165,1437.5865238940924
15,325,1.35,0.18888888888888888,0.04555555555555556,0.6113744075829383,10,11,2,0,0.21167444963308873,1460.652596495968
15,326,1.35,0.3666666666666667,0.0811111111111111,0.6377171215880892,10,4,0,0,0.44943295530353566,1456.1358429977763
15,327,1.35,0.5444444444444445,0.1,0.6896551724137931,10,4,0,0,0.5016677785190127,1621.58660654926
15,328,1.35,1.8888888888888888,0.3666666666666667,0.6748768472906403,10,0,0,0,,
15,329,1.35,3.6666666666666665,0.7222222222222222,0.6708860759493671,10,0,0,0,,
15,330,1.35,4.555555555555555,0.9,0.670061099796334,10,0,0,0,,
15,331,1.35,9.0,1.8888888888888888,0.6530612244897959,10,0,0,0,,
15,332,1.35,27.77777777777778,5.444444444444445,0.6722408026755854,10,0,0,0,,
15,333,1.35,45.55555555555556,8.11111111111111,0.6977225672877846,10,0,0,0,,
15,334,1.35,81.11111111111111,18.88888888888889,0.6222222222222222,10,0,0,0,,
15,335,1.35,188.88888888888889,45.55555555555556,0.6113744075829383,10,0,0,0,,
15,336,1.35,366.66666666666663,81.11111111111111,0.6377171215880894,10,0,0,0,,
15,337,1.35,455.55555555555554,100.0,0.64,10,0,0,0,,
15,338,1.35,1000.0,188.88888888888889,0.6822429906542056,10,0,0,0,,
15,339,1.35,3000.0,722.2222222222222,0.6119402985074627,10,0,0,0,,
15,340,1.35,0.006333333333333334,0.001,0.7272727272727273,10,57,18,0,0.004285485203974397,1655.2794768482943
15,341,1.35,0.03666666666666667,0.004555555555555556,0.7789757412398922,10,37,8,0,0.013365955165464419,1627.9830812504413
15,342,1.35,0.05444444444444445,0.006333333333333334,0.7915904936014624,10,33,5,0,0.017060823890031242,1648.7804273834404
15,343,1.35,0.06333333333333332,0.009,0.7511520737327189,10,29,4,0,0.022181964198002193,1396.1539877656849
15,344,1.35,0.09,0.01,0.8,10,27,5,0,0.023988329190194897,1630.9407623659001
15,345,1.35,0.3666666666666667,0.06333333333333332,0.7054263565891472,10,9,0,0,0.2519012675116744,1465.4487149538668
15,346,1.35,0.5444444444444445,0.0811111111111111,0.7406749555950266,10,6,0,0,0.44823215476984657,1210.3502794300082
15,347,1.35,0.7222222222222222,0.0811111111111111,0.7980636237897648,10,6,0,0,0.44763175450300197,1159.6001881034624
15,348,1.35,2.7777777777777777,0.3666666666666667,0.7667844522968198,10,0,0,0,,
15,349,1.35,4.555555555555555,0.6333333333333333,0.7558886509635975,10,0,0,0,,
15,350,1.35,6.333333333333333,0.7222222222222222,0.795275590551181,10,0,0,0,,
15,351,1.35,7.222222222222221,1.0,0.7567567567567567,10,0,0,0,,
15,352,1.35,36.66666666666667,4.555555555555555,0.7789757412398921,10,0,0,0,,
15,353,1.35,54.44444444444444,6.333333333333333,0.7915904936014625,10,0,0,0,,
15,354,1.35,63.333333333333336,9.0,0.7511520737327189,10,0,0,0,,
15,355,1.35,90.0,10.0,0.8,10,0,0,0,,
15,356,1.35,366.66666666666663,63.333333333333336,0.7054263565891473,10,0,0,0,,
15,357,1.35,544.4444444444445,81.11111111111111,0.7406749555950267,10,0,0,0,,
15,358,1.35,722.2222222222222,81.11111111111111,0.7980636237897649,10,0,0,0,,
15,359,1.35,3000.0,455.55555555555554,0.7363344051446945,10,0,0,0,,
15,360,1.35,0.009,0.001,0.8000000000000002,10,60,17,0,0.00430526610491711,1614.9304898753785
15,361,1.35,0.04555555555555556,0.003666666666666667,0.8510158013544019,10,40,9,0,0.01137627285823431,1488.2787400906088
15,362,1.35,0.07222222222222222,0.0054444444444444445,0.8597997138769671,10,33,7,0,0.015275660582380732,1481.9795140885303
15,363,1.35,0.09,0.006333333333333334,0.8685121107266437,10,33,6,0,0.017060823890031242,1413.7670172479047
15,364,1.35,0.18888888888888888,0.01,0.8994413407821228,10,26,4,0,0.024099054286865956,1643.0551588574842
15,365,1.35,0.5444444444444445,0.04555555555555556,0.8455743879472692,10,9,0,0,0.20807204803202134,1255.6264716371236
15,366,1.35,0.8111111111111111,0.04555555555555556,0.8936446173800259,10,9,0,0,0.20687124749833222,1238.9401249678685
15,367,1.35,0.9,0.09,0.8181818181818182,10,4,0,0,0.472248165443629,1491.4868856503435
15,368,1.35,2.7777777777777777,0.2777777777777778,0.8181818181818182,10,0,0,0,,
15,369,1.35,6.333333333333333,0.4555555555555556,0.8657937806873977,10,0,0,0,,
15,370,1.35,8.11111111111111,0.7222222222222222,0.8364779874213837,10,0,0,0,,
15,371,1.35,10.0,0.7222222222222222,0.8652849740932644,10,0,0,0,,
15,372,1.35,45.55555555555556,2.7777777777777777,0.8850574712643677,10,0,0,0,,
15,373,1.35,72.22222222222223,4.555555555555555,0.8813314037626627,10,0,0,0,,
15,374,1.35,90.0,5.444444444444445,0.8859138533178115,10,0,0,0,,
15,375,1.35,100.0,10.0,0.8181818181818182,10,0,0,0,,
15,376,1.35,544.4444444444445,36.66666666666667,0.8738049713193117,10,0,0,0,,
15,377,1.35,722.2222222222222,72.22222222222223,0.8181818181818182,10,0,0,0,,
15,378,1.35,900.0,81.11111111111111,0.8346545866364666,10,0,0,0,,
15,379,1.35,3000.0,277.77777777777777,0.8305084745762712,10,0,0,0,,
15,380,1.35,0.027777777777777776,0.001,0.9305019305019304,10,52,15,0,0.00430526610491711,1626.843534418592
15,381,1.35,0.4555555555555556,0.003666666666666667,0.9840309702395356,10,40,8,2,0.01137627285823431,2872.188709658002
15,382,1.35,0.9,0.003666666666666667,0.9918849133161194,10,38,8,0,0.01137627285823431,1671.529765305315
15,383,1.35,2.7777777777777777,0.0811111111111111,0.94325689856199,10,5,0,0,0.28252168112074716,1446.2684545974278
15,384,1.35,5.444444444444445,0.09,0.9674764103593656,10,6,0,0,0.12461641094062709,1202.894970963677
15,385,1.35,8.11111111111111,0.04555555555555556,0.98882985969214,10,11,0,0,0.07447319739059889,1442.9512013578842
15,386,1.35,18.88888888888889,0.006333333333333334,0.9993296365336328,10,32,4,0,0.017139573075084253,1641.993537127162
15,387,1.35,36.66666666666667,0.01888888888888889,0.998970227458582,10,17,1,0,0.038725764492161724,1508.7125067636575
15,388,1.35,54.44444444444444,0.027777777777777776,0.9989801121876594,10,15,0,0,0.05152286445817567,1560.2174435558848
15,389,1.35,72.22222222222223,0.027777777777777776,0.9992310649750098,10,15,0,0,0.05152286445817567,1228.157586066524
15,390,1.35,90.0,0.009,0.9998000199980002,10,27,3,0,0.02228435149270303,1522.3569075465598
15,391,1.35,188.88888888888889,0.0054444444444444445,0.9999423546027204,10,31,6,0,0.015275660582380732,1529.0153297081447
15,392,1.35,277.77777777777777,1.0,0.9928258270227183,10,0,0,0,,
15,393,1.35,455.55555555555554,0.03666666666666667,0.9998390373457745,10,12,0,0,0.0633869711256927,1481.2387182676334
15,394,1.35,544.4444444444445,7.222222222222221,0.9738167170191341,10,0,0,0,,
15,395,1.35,722.2222222222222,0.06333333333333332,0.9998246307631483,10,7,0,0,0.24229486324216143,1058.1542948066774
15,396,1.35,811.1111111111111,8.11111111111111,0.9801980198019803,10,0,0,0,,
15,397,1.35,1000.0,0.04555555555555556,0.9999088930393171,10,9,0,0,0.2020680453635757,1489.6924002930118
15,398,1.35,2000.0,5.444444444444445,0.9945703363067206,10,0,0,0,,
15,399,1.35,3000.0,100.0,0.9354838709677419,10,0,0,0,,
16,0,1.5,0.001,0.027777777777777776,-0.9305019305019304,10,51,12,0,0.013243415351946643,1652.0470185491918
16,1,1.5,0.001888888888888889,0.7222222222222222,-0.9947828755562373,10,25,7,0,0.016368165214278085,1542.9691106601076
16,2,1.5,0.002777777777777778,54.44444444444444,-0.9998979643895719,10,23,6,0,0.009549925860214359,1565.4851207760235
16,3,1.5,0.004555555555555556,0.1,-0.9128586609989372,10,21,3,0,0.03767037989839089,1646.0881032590423
16,4,1.5,0.0054444444444444445,45.55555555555556,-0.9997610041726721,10,14,4,0,0.016443717232149324,1633.8374223154522
16,5,1.5,0.007222222222222223,0.5444444444444445,-0.9738167170191339,10,11,3,0,0.04613175745603795,1223.5366027148302
16,6,1.5,0.00811111111111111,90.0,-0.999819769329431,10,13,4,0,0.018967059212111465,1663.6445168325963
16,7,1.5,0.01,2.7777777777777777,-0.9928258270227184,10,11,3,0,0.045919801283686855,1523.336334571674
16,8,1.5,0.01888888888888889,722.2222222222222,-0.9999476936757038,10,7,2,0,0.02167704104819694,1541.0118551101543
16,9,1.5,0.03666666666666667,90.0,-0.999185517011588,10,5,2,0,0.05861381645140291,1412.9242243477852
16,10,1.5,0.05444444444444445,81.11111111111111,-0.998658434749278,10,3,1,0,0.08090958991783821,1168.6788922548392
16,11,1.5,0.07222222222222222,100.0,-0.9985565980125465,10,3,1,0,0.0950604793656282,1011.9920592787412
16,12,1.5,0.09,188.88888888888889,-0.9990475126557345,10,2,1,0,0.09638290236239705,618.2475565464937
16,13,1.5,0.18888888888888888,633.3333333333333,-0.9994036866197801,10,2,1,0,0.1258172114743162,902.355631311707
16,14,1.5,0.4555555555555556,45.55555555555556,-0.9801980198019802,10,0,0,0,,
16,15,1.5,0.7222222222222222,36.66666666666667,-0.9613670133729569,10,0,0,0,,
16,16,1.5,1.0,45.55555555555556,-0.9570405727923628,10,0,0,0,,
16,17,1.5,3.6666666666666665,544.4444444444445,-0.9866207176160553,10,0,0,0,,
16,18,1.5,8.11111111111111,900.0,-0.9821363024593173,10,0,0,0,,
16,19,1.5,100.0,3000.0,-0.9354838709677419,10,0,0,0,,
16,20,1.5,0.001,0.009,-0.8000000000000002,10,61,15,0,0.01191242008027375,1582.3157893729272
16,21,1.5,0.003666666666666667,0.05444444444444445,-0.8738049713193117,10,30,4,0,0.032210687912834345,1477.9413286435165
16,22,1.5,0.0054444444444444445,0.0811111111111111,-0.8741976893453145,10,18,4,0,0.0424619563946313,1461.4920040230872
16,23,1.5,0.007222222222222223,0.09,-0.8514285714285713,10,18,2,0,0.051050499997540646,1421.8082287864117
16,24,1.5,0.01,0.18888888888888888,-0.8994413407821228,10,11,1,0,0.06397348354826482,1398.1607541484334
16,25,1.5,0.04555555555555556,0.5444444444444445,-0.8455743879472692,10,1,0,0,0.7982655103402267,219.59453336701915
16,26,1.5,0.06333333333333332,0.6333333333333333,-0.8181818181818181,10,1,0,0,0.9453635757171447,98.3695434887156
16,27,1.5,0.0811111111111111,0.9,-0.8346545866364665,10,0,0,0,,
16,28,1.5,0.2777777777777778,2.7777777777777777,-0.8181818181818182,10,0,0,0,,
16,29,1.5,0.4555555555555556,7.222222222222221,-0.8813314037626627,10,0,0,0,,
16,30,1.5,0.6333333333333333,9.0,-0.8685121107266437,10,0,0,0,,
16,31,1.5,0.9,9.0,-0.8181818181818181,10,0,0,0,,
16,32,1.5,3.6666666666666665,36.66666666666667,-0.8181818181818183,10,0,0,0,,
16,33,1.5,5.444444444444445,63.333333333333336,-0.8416801292407108,10,0,0,0,,
16,34,1.5,7.222222222222221,72.22222222222223,-0.818181818181818,10,0,0,0,,
16,35,1.5,10.0,100.0,-0.8181818181818182,10,0,0,0,,
16,36,1.5,36.66666666666667,633.3333333333333,-0.8905472636815921,10,0,0,0,,
16,37,1.5,54.44444444444444,900.0,-0.8859138533178114,10,0,0,0,,
16,38,1.5,72.22222222222223,1000.0,-0.8652849740932643,10,0,0,0,,
16,39,1.5,277.77777777777777,3000.0,-0.8305084745762712,10,0,0,0,,
16,40,1.5,0.001,0.006333333333333334,-0.7272727272727273,10,64,16,0,0.010814339512979387,1639.9713792370333
16,41,1.5,0.004555555555555556,0.027777777777777776,-0.718213058419244,10,33,5,0,0.032508729738543435,1437.0669004748656
16,42,1.5,0.006333333333333334,0.05444444444444445,-0.7915904936014624,10,20,1,0,0.0446683592150963,1480.962532263964
16,43,1.5,0.00811111111111111,0.07222222222222222,-0.7980636237897648,10,15,2,0,0.05345643593969719,1441.109233921567
16,44,1.5,0.01,0.0811111111111111,-0.7804878048780489,10,16,2,0,0.060813500127871824,1618.2539392949266
16,45,1.5,0.05444444444444445,0.3666666666666667,-0.7414248021108178,10,0,0,0,,
16,46,1.5,0.07222222222222222,0.5444444444444445,-0.7657657657657659,10,0,0,0,,
16,47,1.5,0.09,0.6333333333333333,-0.751152073732719,10,0,0,0,,
16,48,1.5,0.3666666666666667,2.7777777777777777,-0.7667844522968198,10,0,0,0,,
16,49,1.5,0.6333333333333333,4.555555555555555,-0.7558886509635975,10,0,0,0,,
16,50,1.5,0.8111111111111111,5.444444444444445,-0.7406749555950267,10,0,0,0,,
16,51,1.5,1.0,6.333333333333333,-0.7272727272727273,10,0,0,0,,
16,52,1.5,4.555555555555555,36.66666666666667,-0.7789757412398921,10,0,0,0,,
16,53,1.5,7.222222222222221,45.55555555555556,-0.7263157894736842,10,0,0,0,,
16,54,1.5,9.0,54.44444444444444,-0.7162872154115587,10,0,0,0,,
16,55,1.5,10.0,81.11111111111111,-0.7804878048780488,10,0,0,0,,
16,56,1.5,54.44444444444444,455.55555555555554,-0.7864923747276688,10,0,0,0,,
16,57,1.5,72.22222222222223,633.3333333333333,-0.7952755905511812,10,0,0,0,,
16,58,1.5,90.0,722.2222222222222,-0.7783857729138167,10,0,0,0,,
16,59,1.5,455.55555555555554,3000.0,-0.7363344051446945,10,0,0,0,,
16,60,1.5,0.001,0.004555555555555556,-0.64,10,62,17,1,0.009549925860214359,15294.579482289097
16,61,1.5,0.001888888888888889,0.01,-0.6822429906542055,10,49,11,0,0.01629296032639723,1575.1709318415442
16,62,1.5,0.006333333333333334,0.027777777777777776,-0.6286644951140065,10,27,6,0,0.03664375746478333,1537.2559768957135
16,63,1.5,0.009,0.03666666666666667,-0.6058394160583941,10,23,4,0,0.04613175745603795,1598.40577319627
16,64,1.5,0.01888888888888889,0.0811111111111111,-0.6222222222222222,10,12,1,0,0.2693128752501668,1508.1253283267276
16,65,1.5,0.04555555555555556,0.18888888888888888,-0.6113744075829383,10,0,0,0,,
16,66,1.5,0.0811111111111111,0.3666666666666667,-0.6377171215880892,10,0,0,0,,
16,67,1.5,0.1,0.5444444444444445,-0.6896551724137931,10,0,0,0,,
16,68,1.5,0.3666666666666667,1.8888888888888888,-0.6748768472906403,10,0,0,0,,
16,69,1.5,0.7222222222222222,3.6666666666666665,-0.6708860759493671,10,0,0,0,,
16,70,1.5,0.9,4.555555555555555,-0.670061099796334,10,0,0,0,,
16,71,1.5,1.8888888888888888,9.0,-0.6530612244897959,10,0,0,0,,
16,72,1.5,5.444444444444445,27.77777777777778,-0.6722408026755854,10,0,0,0,,
16,73,1.5,9.0,36.66666666666667,-0.6058394160583942,10,0,0,0,,
16,74,1.5,18.88888888888889,81.11111111111111,-0.6222222222222222,10,0,0,0,,
16,75,1.5,45.55555555555556,188.88888888888889,-0.6113744075829383,10,0,0,0,,
16,76,1.5,81.11111111111111,366.66666666666663,-0.6377171215880894,10,0,0,0,,
16,77,1.5,100.0,455.55555555555554,-0.64,10,0,0,0,,
16,78,1.5,188.88888888888889,1000.0,-0.6822429906542056,10,0,0,0,,
16,79,1.5,722.2222222222222,3000.0,-0.6119402985074627,10,0,0,0,,
16,80,1.5,0.001,0.003666666666666667,-0.5714285714285715,10,70,18,0,0.00866961875758216,1682.5648522136614
16,81,1.5,0.001888888888888889,0.007222222222222223,-0.5853658536585367,10,57,13,0,0.014190575216890926,1516.4618792418999
16,82,1.5,0.0054444444444444445,0.01888888888888889,-0.5525114155251142,10,32,6,0,0.029648313895243424,1571.4566169172904
16,83,1.5,0.009,0.027777777777777776,-0.5105740181268882,10,29,5,0,0.04036453929676048,1576.7814337308052
16,84,1.5,0.01888888888888889,0.07222222222222222,-0.5853658536585367,10,10,1,0,0.2561040693795864,1330.9551692021453
16,85,1.5,0.05444444444444445,0.18888888888888888,-0.5525114155251141,10,0,0,0,,
16,86,1.5,0.09,0.2777777777777778,-0.5105740181268883,10,0,0,0,,
16,87,1.5,0.18888888888888888,0.6333333333333333,-0.5405405405405406,10,0,0,0,,
16,88,1.5,0.2777777777777778,1.0,-0.5652173913043479,10,0,0,0,,
16,89,1.5,0.8111111111111111,2.7777777777777777,-0.5479876160990712,10,0,0,0,,
16,90,1.5,1.8888888888888888,6.333333333333333,-0.5405405405405406,10,0,0,0,,
16,91,1.5,2.7777777777777777,10.0,-0.5652173913043478,10,0,0,0,,
16,92,1.5,8.11111111111111,27.77777777777778,-0.5479876160990713,10,0,0,0,,
16,93,1.5,10.0,36.66666666666667,-0.5714285714285715,10,0,0,0,,
16,94,1.5,27.77777777777778,90.0,-0.5283018867924528,10,0,0,0,,
16,95,1.5,72.22222222222223,277.77777777777777,-0.5873015873015872,10,0,0,0,,
16,96,1.5,100.0,366.66666666666663,-0.5714285714285714,10,0,0,0,,
16,97,1.5,277.77777777777777,900.0,-0.5283018867924527,10,0,0,0,,
16,98,1.5,633.3333333333333,2000.0,-0.518987341772152,10,0,0,0,,
16,99,1.5,1000.0,3000.0,-0.5,10,0,0,0,,
16,100,1.5,0.001,0.002777777777777778,-0.47058823529411764,10,68,19,0,0.007481695005111545,1573.8819759520563
16,101,1.5,0.001888888888888889,0.0054444444444444445,-0.48484848484848486,10,58,14,0,0.01224616199265049,1633.5607957723325
16,102,1.5,0.003666666666666667,0.009,-0.4210526315789473,10,44,8,0,0.018365383433483474,1515.8423817952032
16,103,1.5,0.007222222222222223,0.01888888888888889,-0.4468085106382978,10,31,6,0,0.031477483141013174,1587.2335375012376
16,104,1.5,0.01888888888888889,0.05444444444444445,-0.4848484848484849,10,17,2,0,0.2230820547031354,1302.4833746477964
16,105,1.5,0.027777777777777776,0.0811111111111111,-0.4897959183673469,10,10,0,0,0.2765176784523015,1359.059652563222
16,106,1.5,0.06333333333333332,0.18888888888888888,-0.4977973568281938,10,0,0,0,,
16,107,1.5,0.18888888888888888,0.4555555555555556,-0.4137931034482759,10,0,0,0,,
16,108,1.5,0.2777777777777778,0.8111111111111111,-0.48979591836734687,10,0,0,0,,
16,109,1.5,0.6333333333333333,1.8888888888888888,-0.4977973568281938,10,0,0,0,,
16,110,1.5,1.0,2.7777777777777777,-0.47058823529411764,10,0,0,0,,
16,111,1.5,2.7777777777777777,7.222222222222221,-0.44444444444444436,10,0,0,0,,
16,112,1.5,3.6666666666666665,10.0,-0.46341463414634154,10,0,0,0,,
16,113,1.5,10.0,27.77777777777778,-0.47058823529411764,10,0,0,0,,
16,114,1.5,27.77777777777778,72.22222222222223,-0.4444444444444445,10,0,0,0,,
16,115,1.5,36.66666666666667,90.0,-0.4210526315789473,10,0,0,0,,
16,116,1.5,72.22222222222223,188.88888888888889,-0.4468085106382979,10,0,0,0,,
16,117,1.5,188.88888888888889,544.4444444444445,-0.4848484848484848,10,0,0,0,,
16,118,1.5,366.66666666666663,900.0,-0.42105263157894746,10,0,0,0,,
16,119,1.5,811.1111111111111,2000.0,-0.42292490118577075,10,0,0,0,,
16,120,1.5,0.001,0.001888888888888889,-0.3076923076923077,10,60,21,0,0.005942921586155727,1652.958998674797
16,121,1.5,0.002777777777777778,0.006333333333333334,-0.39024390243902446,10,49,12,0,0.014321878992735439,1575.308621115295
16,122,1.5,0.004555555555555556,0.009,-0.3278688524590163,10,36,8,0,0.018967059212111465,1373.063932090753
16,123,1.5,0.009,0.01888888888888889,-0.354581673306773,10,27,4,0,0.032658783217233596,1570.132174578305
16,124,1.5,0.027777777777777776,0.05444444444444445,-0.3243243243243244,10,15,0,0,0.07211074791828997,1475.926296883867
16,125,1.5,0.03666666666666667,0.0811111111111111,-0.3773584905660377,10,9,0,0,0.27891927951967976,1391.8752046743791
16,126,1.5,0.0811111111111111,0.18888888888888888,-0.39917695473251025,10,0,0,0,,
16,127,1.5,0.18888888888888888,0.3666666666666667,-0.32000000000000006,10,0,0,0,,
16,128,1.5,0.3666666666666667,0.7222222222222222,-0.3265306122448979,10,0,0,0,,
16,129,1.5,0.4555555555555556,1.0,-0.37404580152671746,10,0,0,0,,
16,130,1.5,1.8888888888888888,3.6666666666666665,-0.32,10,0,0,0,,
16,131,1.5,3.6666666666666665,7.222222222222221,-0.32653061224489793,10,0,0,0,,
16,132,1.5,4.555555555555555,10.0,-0.37404580152671757,10,0,0,0,,
16,133,1.5,10.0,18.88888888888889,-0.3076923076923077,10,0,0,0,,
16,134,1.5,27.77777777777778,63.333333333333336,-0.3902439024390244,10,0,0,0,,
16,135,1.5,45.55555555555556,90.0,-0.3278688524590164,10,0,0,0,,
16,136,1.5,90.0,188.88888888888889,-0.35458167330677287,10,0,0,0,,
16,137,1.5,277.77777777777777,544.4444444444445,-0.32432432432432434,10,0,0,0,,
16,138,1.5,366.66666666666663,811.1111111111111,-0.3773584905660377,10,0,0,0,,
16,139,1.5,1000.0,2000.0,-0.3333333333333333,10,0,0,0,,
16,140,1.5,0.002777777777777778,0.004555555555555556,-0.2424242424242424,10,46,13,0,0.01164126029410491,1591.7205827531986
16,141,1.5,0.004555555555555556,0.007222222222222223,-0.22641509433962265,10,40,9,0,0.016443717232149324,1575.6813531369867
16,142,1.5,0.0054444444444444445,0.009,-0.2461538461538461,10,37,7,0,0.01931968317016924,1544.3314178294988
16,143,1.5,0.006333333333333334,0.01,-0.2244897959183673,10,33,7,0,0.020989398836235244,1459.2422592021496
16,144,1.5,0.03666666666666667,0.06333333333333332,-0.2666666666666666,10,10,0,0,0.24409606404269513,1227.4108204772344
16,145,1.5,0.05444444444444445,0.09,-0.24615384615384614,10,6,0,0,0.45183455637091396,1451.9204065451015
16,146,1.5,0.06333333333333332,0.1,-0.22448979591836743,10,6,0,0,0.4776517678452301,1356.2249286834108
16,147,1.5,0.3666666666666667,0.6333333333333333,-0.2666666666666666,10,0,0,0,,
16,148,1.5,0.4555555555555556,0.8111111111111111,-0.2807017543859649,10,0,0,0,,
16,149,1.5,0.5444444444444445,1.0,-0.29496402877697836,10,0,0,0,,
16,150,1.5,3.6666666666666665,6.333333333333333,-0.26666666666666666,10,0,0,0,,
16,151,1.5,4.555555555555555,8.11111111111111,-0.2807017543859649,10,0,0,0,,
16,152,1.5,5.444444444444445,10.0,-0.2949640287769784,10,0,0,0,,
16,153,1.5,27.77777777777778,45.55555555555556,-0.2424242424242424,10,0,0,0,,
16,154,1.5,45.55555555555556,72.22222222222223,-0.22641509433962267,10,0,0,0,,
16,155,1.5,54.44444444444444,100.0,-0.2949640287769784,10,0,0,0,,
16,156,1.5,277.77777777777777,455.55555555555554,-0.24242424242424243,10,0,0,0,,
16,157,1.5,455.55555555555554,722.2222222222222,-0.2264150943396226,10,0,0,0,,
16,158,1.5,544.4444444444445,900.0,-0.24615384615384617,10,0,0,0,,
16,159,1.5,2000.0,3000.0,-0.2,10,0,0,0,,
16,160,1.5,0.001888888888888889,0.002777777777777778,-0.19047619047619047,10,52,16,0,0.008128305161640995,1561.0787112048986
16,161,1.5,0.003666666666666667,0.0054444444444444445,-0.19512195121951215,10,43,12,1,0.013427649611378642,3030.377172166699
16,162,1.5,0.006333333333333334,0.00811111111111111,-0.123076923076923,10,37,7,0,0.018281002161427428,1558.7075678713372
16,163,1.5,0.00811111111111111,0.01,-0.1042944785276074,10,33,4,0,0.02147830474130533,1566.9254312423752
16,164,1.5,0.03666666666666667,0.04555555555555556,-0.10810810810810813,10,14,1,0,0.0663743070401909,1529.4921968652295
16,165,1.5,0.05444444444444445,0.0811111111111111,-0.1967213114754098,10,7,0,0,0.4272181454302868,1315.9170599937806
16,166,1.5,0.07222222222222222,0.1,-0.16129032258064524,10,6,0,0,0.3131420947298199,1386.477567700825
16,167,1.5,0.3666666666666667,0.4555555555555556,-0.10810810810810811,10,0,0,0,,
16,168,1.5,0.5444444444444445,0.7222222222222222,-0.1403508771929824,10,0,0,0,,
16,169,1.5,0.7222222222222222,0.9,-0.10958904109589043,10,0,0,0,,
16,170,1.5,2.7777777777777777,3.6666666666666665,-0.13793103448275862,10,0,0,0,,
16,171,1.5,5.444444444444445,7.222222222222221,-0.1403508771929824,10,0,0,0,,
16,172,1.5,6.333333333333333,9.0,-0.1739130434782609,10,0,0,0,,
16,173,1.5,18.88888888888889,27.77777777777778,-0.19047619047619047,10,0,0,0,,
16,174,1.5,45.55555555555556,63.333333333333336,-0.163265306122449,10,0,0,0,,
16,175,1.5,63.333333333333336,90.0,-0.17391304347826084,10,0,0,0,,
16,176,1.5,81.11111111111111,100.0,-0.10429447852760734,10,0,0,0,,
16,177,1.5,366.66666666666663,544.4444444444445,-0.19512195121951226,10,0,0,0,,
16,178,1.5,633.3333333333333,811.1111111111111,-0.12307692307692313,10,0,0,0,,
16,179,1.5,811.1111111111111,1000.0,-0.10429447852760737,10,0,0,0,,
16,180,1.5,0.001,0.001,0.0,10,65,25,0,0.003890451449942805,1635.577841137368
16,181,1.5,0.004555555555555556,0.0054444444444444445,-0.08888888888888886,10,49,11,1,0.013677288255958495,2299.3020829566813
16,182,1.5,0.007222222222222223,0.007222222222222223,0.0,10,44,8,0,0.017060823890031242,1546.6209634912375
16,183,1.5,0.009,0.01,-0.05263157894736847,10,38,7,0,0.02157744409152667,1379.4059227471007
16,184,1.5,0.04555555555555556,0.04555555555555556,0.0,10,14,2,0,0.20326884589726485,1376.1537630095465
16,185,1.5,0.06333333333333332,0.07222222222222222,-0.0655737704918033,10,9,1,0,0.26150767178118745,1287.1299685497684
16,186,1.5,0.09,0.09,0.0,10,4,0,0,0.45123415610406936,1454.3199769782404
16,187,1.5,0.4555555555555556,0.4555555555555556,0.0,10,0,0,0,,
16,188,1.5,0.6333333333333333,0.7222222222222222,-0.06557377049180328,10,0,0,0,,
16,189,1.5,0.9,0.9,0.0,10,0,0,0,,
16,190,1.5,3.6666666666666665,3.6666666666666665,0.0,10,0,0,0,,
16,191,1.5,6.333333333333333,6.333333333333333,0.0,10,0,0,0,,
16,192,1.5,8.11111111111111,9.0,-0.05194805194805197,10,0,0,0,,
16,193,1.5,36.66666666666667,36.66666666666667,0.0,10,0,0,0,,
16,194,1.5,63.333333333333336,63.333333333333336,0.0,10,0,0,0,,
16,195,1.5,81.11111111111111,90.0,-0.05194805194805193,10,0,0,0,,
16,196,1.5,277.77777777777777,277.77777777777777,0.0,10,0,0,0,,
16,197,1.5,544.4444444444445,633.3333333333333,-0.07547169811320747,10,0,0,0,,
16,198,1.5,811.1111111111111,811.1111111111111,0.0,10,0,0,0,,
16,199,1.5,3000.0,3000.0,0.0,10,0,0,0,,
16,200,1.5,0.0054444444444444445,0.004555555555555556,0.08888888888888886,10,50,11,0,0.012189895989248661,1518.3206924112428
16,201,1.5,0.006333333333333334,0.0054444444444444445,0.0754716981132076,10,47,10,0,0.01386755828871888,1547.7430434428932
16,202,1.5,0.00811111111111111,0.007222222222222223,0.057971014492753555,10,43,8,0,0.017139573075084253,1513.6959765876554
16,203,1.5,0.01,0.009,0.05263157894736847,10,36,7,0,0.020137242498623895,1477.750048149612
16,204,1.5,0.06333333333333332,0.05444444444444445,0.07547169811320745,10,11,1,0,0.22368245496998,1282.1411353051558
16,205,1.5,0.0811111111111111,0.07222222222222222,0.05797101449275364,10,8,0,0,0.2609072715143429,1305.7885833675928
16,206,1.5,0.1,0.09,0.05263157894736847,10,4,0,0,0.45063375583722476,1451.0637040276672
16,207,1.5,0.5444444444444445,0.4555555555555556,0.0888888888888889,10,0,0,0,,
16,208,1.5,0.7222222222222222,0.6333333333333333,0.06557377049180328,10,0,0,0,,
16,209,1.5,0.9,0.8111111111111111,0.05194805194805195,10,0,0,0,,
16,210,1.5,5.444444444444445,4.555555555555555,0.08888888888888893,10,0,0,0,,
16,211,1.5,7.222222222222221,6.333333333333333,0.06557377049180325,10,0,0,0,,
16,212,1.5,9.0,8.11111111111111,0.05194805194805197,10,0,0,0,,
16,213,1.5,10.0,9.0,0.05263157894736842,10,0,0,0,,
16,214,1.5,63.333333333333336,54.44444444444444,0.07547169811320759,10,0,0,0,,
16,215,1.5,81.11111111111111,72.22222222222223,0.057971014492753596,10,0,0,0,,
16,216,1.5,100.0,90.0,0.05263157894736842,10,0,0,0,,
16,217,1.5,633.3333333333333,544.4444444444445,0.07547169811320747,10,0,0,0,,
16,218,1.5,811.1111111111111,722.2222222222222,0.057971014492753645,10,0,0,0,,
16,219,1.5,1000.0,900.0,0.05263157894736842,10,0,0,0,,
16,220,1.5,0.002777777777777778,0.001888888888888889,0.19047619047619047,10,66,17,1,0.00633869711256927,11615.20723808412
16,221,1.5,0.0054444444444444445,0.003666666666666667,0.19512195121951215,10,54,12,0,0.010423174293933047,1620.8754396783952
16,222,1.5,0.00811111111111111,0.006333333333333334,0.123076923076923,10,45,9,0,0.01555965631605075,1603.4042282834998
16,223,1.5,0.01,0.00811111111111111,0.1042944785276074,10,40,8,0,0.018706821403658015,1549.415911360248
16,224,1.5,0.05444444444444445,0.03666666666666667,0.19512195121951223,10,15,1,0,0.05807644175213124,1359.296986432606
16,225,1.5,0.0811111111111111,0.05444444444444445,0.1967213114754098,10,11,0,0,0.2230820547031354,1472.4272745918572
16,226,1.5,0.1,0.07222222222222222,0.16129032258064524,10,7,0,0,0.40080053368912605,1298.912240568025
16,227,1.5,0.4555555555555556,0.3666666666666667,0.10810810810810811,10,0,0,0,,
16,228,1.5,0.8111111111111111,0.5444444444444445,0.19672131147540978,10,0,0,0,,
16,229,1.5,1.0,0.7222222222222222,0.16129032258064516,10,0,0,0,,
16,230,1.5,3.6666666666666665,2.7777777777777777,0.13793103448275862,10,0,0,0,,
16,231,1.5,7.222222222222221,5.444444444444445,0.1403508771929824,10,0,0,0,,
16,232,1.5,9.0,7.222222222222221,0.10958904109589046,10,0,0,0,,
16,233,1.5,36.66666666666667,27.77777777777778,0.13793103448275865,10,0,0,0,,
16,234,1.5,72.22222222222223,54.44444444444444,0.1403508771929825,10,0,0,0,,
16,235,1.5,90.0,63.333333333333336,0.17391304347826084,10,0,0,0,,
16,236,1.5,277.77777777777777,188.88888888888889,0.1904761904761905,10,0,0,0,,
16,237,1.5,633.3333333333333,455.55555555555554,0.16326530612244894,10,0,0,0,,
16,238,1.5,900.0,633.3333333333333,0.17391304347826092,10,0,0,0,,
16,239,1.5,3000.0,2000.0,0.2,10,0,0,0,,
16,240,1.5,0.004555555555555556,0.002777777777777778,0.2424242424242424,10,58,14,0,0.008472274141405963,1550.941560828087
16,241,1.5,0.007222222222222223,0.004555555555555556,0.22641509433962265,10,48,11,0,0.01224616199265049,1594.617698218718
16,242,1.5,0.009,0.0054444444444444445,0.2461538461538461,10,43,10,1,0.014060475241299143,2195.46582957737
16,243,1.5,0.01,0.006333333333333334,0.2244897959183673,10,40,8,0,0.01570362804333553,1607.5550435126318
16,244,1.5,0.06333333333333332,0.03666666666666667,0.2666666666666666,10,17,2,0,0.05834451042737448,1556.1675792627307
16,245,1.5,0.0811111111111111,0.04555555555555556,0.2807017543859649,10,14,1,0,0.2020680453635757,1409.9721964031078
16,246,1.5,0.1,0.05444444444444445,0.2949640287769784,10,13,1,0,0.22248165443629087,1470.1212055420779
16,247,1.5,0.6333333333333333,0.3666666666666667,0.2666666666666666,10,0,0,0,,
16,248,1.5,0.8111111111111111,0.4555555555555556,0.2807017543859649,10,0,0,0,,
16,249,1.5,1.0,0.5444444444444445,0.29496402877697836,10,0,0,0,,
16,250,1.5,4.555555555555555,2.7777777777777777,0.24242424242424243,10,0,0,0,,
16,251,1.5,7.222222222222221,4.555555555555555,0.22641509433962262,10,0,0,0,,
16,252,1.5,9.0,5.444444444444445,0.24615384615384614,10,0,0,0,,
16,253,1.5,45.55555555555556,27.77777777777778,0.2424242424242424,10,0,0,0,,
16,254,1.5,72.22222222222223,45.55555555555556,0.22641509433962267,10,0,0,0,,
16,255,1.5,90.0,54.44444444444444,0.24615384615384614,10,0,0,0,,
16,256,1.5,100.0,63.333333333333336,0.22448979591836732,10,0,0,0,,
16,257,1.5,633.3333333333333,366.66666666666663,0.26666666666666666,10,0,0,0,,
16,258,1.5,811.1111111111111,455.55555555555554,0.28070175438596495,10,0,0,0,,
16,259,1.5,1000.0,633.3333333333333,0.2244897959183674,10,0,0,0,,
16,260,1.5,0.001888888888888889,0.001,0.3076923076923077,10,74,22,0,0.003962780342554394,1584.81412182967
16,261,1.5,0.006333333333333334,0.002777777777777778,0.39024390243902446,10,50,13,0,0.008550667128846832,1408.53824529896
16,262,1.5,0.009,0.004555555555555556,0.3278688524590163,10,44,10,0,0.012359474334445108,1667.6860396203049
16,263,1.5,0.01888888888888889,0.009,0.354581673306773,10,30,6,0,0.020511621788255645,1449.7481339973374
16,264,1.5,0.05444444444444445,0.027777777777777776,0.3243243243243244,10,20,3,0,0.04742419852602448,1235.8163715103065
16,265,1.5,0.0811111111111111,0.03666666666666667,0.3773584905660377,10,16,2,0,0.05861381645140291,1398.1192430930498
16,266,1.5,0.18888888888888888,0.0811111111111111,0.39917695473251025,10,7,0,0,0.4248165443629086,1557.5031157856463
16,267,1.5,0.3666666666666667,0.18888888888888888,0.32000000000000006,10,0,0,0,,
16,268,1.5,0.7222222222222222,0.3666666666666667,0.3265306122448979,10,0,0,0,,
16,269,1.5,1.0,0.4555555555555556,0.37404580152671746,10,0,0,0,,
16,270,1.5,3.6666666666666665,1.8888888888888888,0.32,10,0,0,0,,
16,271,1.5,7.222222222222221,3.6666666666666665,0.32653061224489793,10,0,0,0,,
16,272,1.5,10.0,4.555555555555555,0.37404580152671757,10,0,0,0,,
16,273,1.5,18.88888888888889,10.0,0.3076923076923077,10,0,0,0,,
16,274,1.5,63.333333333333336,27.77777777777778,0.3902439024390244,10,0,0,0,,
16,275,1.5,90.0,45.55555555555556,0.3278688524590164,10,0,0,0,,
16,276,1.5,188.88888888888889,90.0,0.35458167330677287,10,0,0,0,,
16,277,1.5,544.4444444444445,277.77777777777777,0.32432432432432434,10,0,0,0,,
16,278,1.5,811.1111111111111,366.66666666666663,0.3773584905660377,10,0,0,0,,
16,279,1.5,2000.0,1000.0,0.3333333333333333,10,0,0,0,,
16,280,1.5,0.002777777777777778,0.001,0.47058823529411764,10,69,21,0,0.003981071705534973,1643.082316969068
16,281,1.5,0.0054444444444444445,0.001888888888888889,0.48484848484848486,10,59,15,0,0.006426877173170194,1512.1539334284198
16,282,1.5,0.009,0.003666666666666667,0.4210526315789473,10,43,11,0,0.010519618738232235,1512.8935146699332
16,283,1.5,0.01888888888888889,0.007222222222222223,0.4468085106382978,10,33,6,0,0.017458221529205037,1550.4668417920013
16,284,1.5,0.05444444444444445,0.01888888888888889,0.4848484848484849,10,23,2,0,0.03580964371026362,1592.7793769296175
16,285,1.5,0.09,0.03666666666666667,0.4210526315789474,10,17,2,0,0.05861381645140291,1559.63896122041
16,286,1.5,0.18888888888888888,0.07222222222222222,0.44680851063829796,10,8,0,0,0.2579052701801201,1189.222628113312
16,287,1.5,0.4555555555555556,0.18888888888888888,0.4137931034482759,10,0,0,0,,
16,288,1.5,0.8111111111111111,0.2777777777777778,0.48979591836734687,10,0,0,0,,
16,289,1.5,1.8888888888888888,0.6333333333333333,0.4977973568281938,10,0,0,0,,
16,290,1.5,4.555555555555555,1.8888888888888888,0.4137931034482758,10,0,0,0,,
16,291,1.5,8.11111111111111,2.7777777777777777,0.48979591836734687,10,0,0,0,,
16,292,1.5,18.88888888888889,6.333333333333333,0.4977973568281939,10,0,0,0,,
16,293,1.5,27.77777777777778,10.0,0.47058823529411764,10,0,0,0,,
16,294,1.5,72.22222222222223,27.77777777777778,0.4444444444444445,10,0,0,0,,
16,295,1.5,100.0,36.66666666666667,0.4634146341463414,10,0,0,0,,
16,296,1.5,277.77777777777777,100.0,0.47058823529411764,10,0,0,0,,
16,297,1.5,722.2222222222222,277.77777777777777,0.4444444444444444,10,0,0,0,,
16,298,1.5,1000.0,366.66666666666663,0.46341463414634154,10,0,0,0,,
16,299,1.5,3000.0,1000.0,0.5,10,0,0,0,,
16,300,1.5,0.003666666666666667,0.001,0.5714285714285715,10,73,21,1,0.003999447497610977,254497.1219214883
16,301,1.5,0.007222222222222223,0.001888888888888889,0.5853658536585367,10,50,15,0,0.006426877173170194,1518.6529642013304
16,302,1.5,0.01888888888888889,0.0054444444444444445,0.5525114155251142,10,36,9,0,0.014190575216890926,1592.5620994683104
16,303,1.5,0.027777777777777776,0.009,0.5105740181268882,10,27,6,0,0.020606299132700005,1395.1165422771417
16,304,1.5,0.07222222222222222,0.01888888888888889,0.5853658536585367,10,22,4,0,0.03597493351557424,1343.2119345508413
16,305,1.5,0.1,0.027777777777777776,0.5652173913043479,10,20,3,0,0.04786300923226385,1473.0203678925163
16,306,1.5,0.2777777777777778,0.0811111111111111,0.5479876160990712,10,8,0,0,0.2741160773849233,1581.4678043330648
16,307,1.5,0.6333333333333333,0.18888888888888888,0.5405405405405406,10,0,0,0,,
16,308,1.5,1.0,0.2777777777777778,0.5652173913043479,10,0,0,0,,
16,309,1.5,2.7777777777777777,0.8111111111111111,0.5479876160990712,10,0,0,0,,
16,310,1.5,3.6666666666666665,1.0,0.5714285714285715,10,0,0,0,,
16,311,1.5,9.0,2.7777777777777777,0.5283018867924528,10,0,0,0,,
16,312,1.5,27.77777777777778,7.222222222222221,0.5873015873015873,10,0,0,0,,
16,313,1.5,36.66666666666667,10.0,0.5714285714285715,10,0,0,0,,
16,314,1.5,90.0,27.77777777777778,0.5283018867924528,10,0,0,0,,
16,315,1.5,188.88888888888889,54.44444444444444,0.5525114155251143,10,0,0,0,,
16,316,1.5,277.77777777777777,90.0,0.5105740181268882,10,0,0,0,,
16,317,1.5,722.2222222222222,188.88888888888889,0.5853658536585366,10,0,0,0,,
16,318,1.5,2000.0,544.4444444444445,0.572052401746725,10,0,0,0,,
16,319,1.5,3000.0,900.0,0.5384615384615384,10,0,0,0,,
16,320,1.5,0.004555555555555556,0.001,0.64,10,63,20,0,0.003999447497610977,1614.331309366894
16,321,1.5,0.01,0.001888888888888889,0.6822429906542055,10,55,14,0,0.006456542290346556,1611.2681269334576
16,322,1.5,0.027777777777777776,0.006333333333333334,0.6286644951140065,10,32,7,0,0.0159220872705117,1511.7324861640454
16,323,1.5,0.04555555555555556,0.00811111111111111,0.6977225672877847,10,31,5,0,0.01914255925021086,1527.0335693207412
16,324,1.5,0.0811111111111111,0.01888888888888889,0.6222222222222222,10,20,2,0,0.03597493351557424,1347.5376909661154
16,325,1.5,0.18888888888888888,0.04555555555555556,0.6113744075829383,10,14,2,0,0.1990660440293529,1339.8147195241622
16,326,1.5,0.3666666666666667,0.0811111111111111,0.6377171215880892,10,7,0,0,0.2729152768512342,1592.8104685927221
16,327,1.5,0.5444444444444445,0.1,0.6896551724137931,10,4,0,0,0.472248165443629,903.1018055664947
16,328,1.5,1.8888888888888888,0.3666666666666667,0.6748768472906403,10,0,0,0,,
16,329,1.5,3.6666666666666665,0.7222222222222222,0.6708860759493671,10,0,0,0,,
16,330,1.5,4.555555555555555,0.9,0.670061099796334,10,0,0,0,,
16,331,1.5,9.0,1.8888888888888888,0.6530612244897959,10,0,0,0,,
16,332,1.5,27.77777777777778,5.444444444444445,0.6722408026755854,10,0,0,0,,
16,333,1.5,45.55555555555556,8.11111111111111,0.6977225672877846,10,0,0,0,,
16,334,1.5,81.11111111111111,18.88888888888889,0.6222222222222222,10,0,0,0,,
16,335,1.5,188.88888888888889,45.55555555555556,0.6113744075829383,10,0,0,0,,
16,336,1.5,366.66666666666663,81.11111111111111,0.6377171215880894,10,0,0,0,,
16,337,1.5,455.55555555555554,100.0,0.64,10,0,0,0,,
16,338,1.5,1000.0,188.88888888888889,0.6822429906542056,10,0,0,0,,
16,339,1.5,3000.0,722.2222222222222,0.6119402985074627,10,0,0,0,,
16,340,1.5,0.006333333333333334,0.001,0.7272727272727273,10,64,19,0,0.003999447497610977,1618.7706755236172
16,341,1.5,0.03666666666666667,0.004555555555555556,0.7789757412398922,10,36,9,0,0.012473835142429432,1366.2553636799075
16,342,1.5,0.05444444444444445,0.006333333333333334,0.7915904936014624,10,31,6,0,0.0159220872705117,1404.1149223961395
16,343,1.5,0.06333333333333332,0.009,0.7511520737327189,10,31,5,0,0.020701413487910415,1393.59059107072
16,344,1.5,0.09,0.01,0.8,10,29,5,0,0.0223872113856834,1436.3187650368438
16,345,1.5,0.3666666666666667,0.06333333333333332,0.7054263565891472,10,11,0,0,0.23749166110740494,1490.4563787491124
16,346,1.5,0.5444444444444445,0.0811111111111111,0.7406749555950266,10,6,0,0,0.4224149432955303,1601.6528548816086
16,347,1.5,0.7222222222222222,0.0811111111111111,0.7980636237897648,10,6,0,0,0.4218145430286858,1604.157661059947
16,348,1.5,2.7777777777777777,0.3666666666666667,0.7667844522968198,10,0,0,0,,
16,349,1.5,4.555555555555555,0.6333333333333333,0.7558886509635975,10,0,0,0,,
16,350,1.5,6.333333333333333,0.7222222222222222,0.795275590551181,10,0,0,0,,
16,351,1.5,7.222222222222221,1.0,0.7567567567567567,10,0,0,0,,
16,352,1.5,36.66666666666667,4.555555555555555,0.7789757412398921,10,0,0,0,,
16,353,1.5,54.44444444444444,6.333333333333333,0.7915904936014625,10,0,0,0,,
16,354,1.5,63.333333333333336,9.0,0.7511520737327189,10,0,0,0,,
16,355,1.5,90.0,10.0,0.8,10,0,0,0,,
16,356,1.5,366.66666666666663,63.333333333333336,0.7054263565891473,10,0,0,0,,
16,357,1.5,544.4444444444445,81.11111111111111,0.7406749555950267,10,0,0,0,,
16,358,1.5,722.2222222222222,81.11111111111111,0.7980636237897649,10,0,0,0,,
16,359,1.5,3000.0,455.55555555555554,0.7363344051446945,10,0,0,0,,
16,360,1.5,0.009,0.001,0.8000000000000002,10,58,19,0,0.0040179081084894,1582.7583966199809
16,361,1.5,0.04555555555555556,0.003666666666666667,0.8510158013544019,10,42,9,0,0.010616955571987252,1541.6011959795878
16,362,1.5,0.07222222222222222,0.0054444444444444445,0.8597997138769671,10,37,7,0,0.014256075936021878,1590.8022087231461
16,363,1.5,0.09,0.006333333333333334,0.8685121107266437,10,33,6,0,0.015995580286146695,1512.7792043569289
16,364,1.5,0.18888888888888888,0.01,0.8994413407821228,10,30,4,0,0.022490546058357805,1642.4237876044535
16,365,1.5,0.5444444444444445,0.04555555555555556,0.8455743879472692,10,10,1,0,0.19666444296197466,1535.8054768883258
16,366,1.5,0.8111111111111111,0.04555555555555556,0.8936446173800259,10,10,1,0,0.1954636424282855,1538.7466175882087
16,367,1.5,0.9,0.09,0.8181818181818182,10,4,0,0,0.4452301534356238,1362.7836441983131
16,368,1.5,2.7777777777777777,0.2777777777777778,0.8181818181818182,10,0,0,0,,
16,369,1.5,6.333333333333333,0.4555555555555556,0.8657937806873977,10,0,0,0,,
16,370,1.5,8.11111111111111,0.7222222222222222,0.8364779874213837,10,0,0,0,,
16,371,1.5,10.0,0.7222222222222222,0.8652849740932644,10,0,0,0,,
16,372,1.5,45.55555555555556,2.7777777777777777,0.8850574712643677,10,0,0,0,,
16,373,1.5,72.22222222222223,4.555555555555555,0.8813314037626627,10,0,0,0,,
16,374,1.5,90.0,5.444444444444445,0.8859138533178115,10,0,0,0,,
16,375,1.5,100.0,10.0,0.8181818181818182,10,0,0,0,,
16,376,1.5,544.4444444444445,36.66666666666667,0.8738049713193117,10,0,0,0,,
16,377,1.5,722.2222222222222,72.22222222222223,0.8181818181818182,10,0,0,0,,
16,378,1.5,900.0,81.11111111111111,0.8346545866364666,10,0,0,0,,
16,379,1.5,3000.0,277.77777777777777,0.8305084745762712,10,0,0,0,,
16,380,1.5,0.027777777777777776,0.001,0.9305019305019304,10,54,17,0,0.0040179081084894,1654.9146196038855
16,381,1.5,0.4555555555555556,0.003666666666666667,0.9840309702395356,10,40,8,1,0.010616955571987252,3298.9737617142887
16,382,1.5,0.9,0.003666666666666667,0.9918849133161194,10,42,8,1,0.010616955571987252,2348.5720831758754
16,383,1.5,2.7777777777777777,0.0811111111111111,0.94325689856199,10,5,0,0,0.4194129419613075,1534.0317502835683
16,384,1.5,5.444444444444445,0.09,0.9674764103593656,10,4,0,0,0.4422281521014009,1365.2862287164542
16,385,1.5,8.11111111111111,0.04555555555555556,0.98882985969214,10,11,1,0,0.19306204136090727,1569.9896356349727
16,386,1.5,18.88888888888889,0.006333333333333334,0.9993296365336328,10,31,5,0,0.015995580286146695,1438.197571042942
16,387,1.5,36.66666666666667,0.01888888888888889,0.998970227458582,10,19,2,0,0.03614098626396135,1000.1100180470921
16,388,1.5,54.44444444444444,0.027777777777777776,0.9989801121876594,10,17,1,0,0.04808393484497285,1641.0755675488801
16,389,1.5,72.22222222222223,0.027777777777777776,0.9992310649750098,10,18,1,0,0.04808393484497285,1642.5020250924147
16,390,1.5,90.0,0.009,0.9998000199980002,10,27,3,0,0.020796966871036958,1480.4190038758995
16,391,1.5,188.88888888888889,0.0054444444444444445,0.9999423546027204,10,35,6,0,0.014256075936021878,1524.2589373724127
16,392,1.5,277.77777777777777,1.0,0.9928258270227183,10,0,0,0,,
16,393,1.5,455.55555555555554,0.03666666666666667,0.9998390373457745,10,14,1,0,0.059156163417547425,1565.1559322161168
16,394,1.5,544.4444444444445,7.222222222222221,0.9738167170191341,10,0,0,0,,
16,395,1.5,722.2222222222222,0.06333333333333332,0.9998246307631483,10,9,0,0,0.22968645763842563,1580.313332162459
16,396,1.5,811.1111111111111,8.11111111111111,0.9801980198019803,10,0,0,0,,
16,397,1.5,1000.0,0.04555555555555556,0.9999088930393171,10,10,0,0,0.19126084056037357,1349.0826963788413
16,398,1.5,2000.0,5.444444444444445,0.9945703363067206,10,0,0,0,,
16,399,1.5,3000.0,100.0,0.9354838709677419,10,0,0,0,,
