delta_index,pair_index,delta,alpha,beta,eta,peak_number,xM_peak,FWHM,Q,WT_peak,origin,D0_confirmed,xM_D0,above_qmin,thin_width
0,0,0.01,0.001,0.027777777777777776,-0.9305019305019304,1,0.05495408738576248,0.0030731079915569115,17.882250652025217,17960.894701093293,malha_global,False,,,
0,1,0.01,0.001888888888888889,0.7222222222222222,-0.9947828755562373,1,0.07550922276654341,0.005715498930750254,13.211309053054372,7006.014143513668,malha_global,False,,,
0,2,0.01,0.002777777777777778,54.44444444444444,-0.9998979643895719,1,0.07379042301291007,0.0035842808971769252,20.587232175644875,7457.524123783813,malha_global,False,,,
0,4,0.01,0.0054444444444444445,45.55555555555556,-0.9997610041726721,1,0.1066044029352902,0.007890237636484443,13.510924239132121,2497.920794877166,malha_global,False,,,
0,6,0.01,0.00811111111111111,90.0,-0.999819769329431,1,0.11380920613742496,0.006897528726471744,16.49999741220957,2051.4151566459736,malha_global,False,,,
0,8,0.01,0.01888888888888889,722.2222222222222,-0.9999476936757038,1,0.08356030182312484,0.0009630647320235247,86.76498997897446,4844.679510020928,malha_global,True,0.08345007508946226,,
0,13,0.01,0.18888888888888888,633.3333333333333,-0.9994036866197801,1,0.2801200800533689,0.010153795713532587,27.587720686564108,148.19688895675827,malha_global,True,0.28015122611197524,,
0,20,0.01,0.001,0.009,-0.8000000000000002,1,0.05495408738576248,0.003056448730711911,17.979718368435556,17977.436189891094,malha_global,False,,,
0,21,0.01,0.003666666666666667,0.05444444444444445,-0.8738049713193117,1,0.10540360240160107,0.011209319251890101,9.403211741322119,2568.2753340124564,malha_global,False,,,
0,40,0.01,0.001,0.006333333333333334,-0.7272727272727273,1,0.05495408738576248,0.003049090247970093,18.02310949055959,17966.786047406702,malha_global,False,,,
0,60,0.01,0.001,0.004555555555555556,-0.64,1,0.05495408738576248,0.003056503683967496,17.979395108868086,17922.274123511237,malha_global,False,,,
0,61,0.01,0.001888888888888889,0.01,-0.6822429906542055,1,0.07550922276654341,0.00576148040649159,13.105871657823478,6925.574287464739,malha_global,False,,,
0,80,0.01,0.001,0.003666666666666667,-0.5714285714285715,1,0.05495408738576248,0.003065684151832393,17.92555418760795,17855.72909127267,malha_global,False,,,
0,81,0.01,0.001888888888888889,0.007222222222222223,-0.5853658536585367,1,0.07550922276654341,0.0057562890722384075,13.117691244991745,6914.177074950174,malha_global,False,,,
0,100,0.01,0.001,0.002777777777777778,-0.47058823529411764,1,0.05470159628939716,0.0030431341170816598,17.975414222576404,17944.17106448391,malha_global,False,,,
0,101,0.01,0.001888888888888889,0.0054444444444444445,-0.48484848484848486,1,0.07516228940182053,0.005745271205265509,13.082461509029322,6912.093388088488,malha_global,False,,,
0,102,0.01,0.003666666666666667,0.009,-0.4210526315789473,1,0.10480320213475651,0.011104588286362058,9.437828709369539,2565.574994799434,malha_global,False,,,
0,120,0.01,0.001,0.001888888888888889,-0.3076923076923077,1,0.05470159628939716,0.003029057008180583,18.05895238738142,17961.524719991994,malha_global,False,,,
0,121,0.01,0.002777777777777778,0.006333333333333334,-0.39024390243902446,1,0.09120108393559097,0.008406098505430934,10.849395100077476,3890.0054043582936,malha_global,False,,,
0,140,0.01,0.002777777777777778,0.004555555555555556,-0.2424242424242424,1,0.09078205301781861,0.008383003753337864,10.829298863390331,3892.4816520367244,malha_global,False,,,
0,160,0.01,0.001888888888888889,0.002777777777777778,-0.19047619047619047,1,0.07481695005111545,0.005685558940331778,13.159119593393847,6953.800405531066,malha_global,False,,,
0,161,0.01,0.003666666666666667,0.0054444444444444445,-0.19512195121951215,1,0.10420280186791195,0.011038732252040565,9.439743576410194,2572.43315132418,malha_global,False,,,
0,180,0.01,0.001,0.001,0.0,1,0.05420008904016239,0.0029827934230057043,18.170916102378282,18253.354189320075,malha_global,False,,,
0,220,0.01,0.002777777777777778,0.001888888888888889,0.19047619047619047,1,0.08994975815300356,0.008159913812785982,11.023371106206898,4054.573589046625,malha_global,False,,,
0,260,0.01,0.001888888888888889,0.001,0.3076923076923077,1,0.0734513868157115,0.0055017505541747475,13.350548355918525,7449.252668353998,malha_global,False,,,
0,280,0.01,0.002777777777777778,0.001,0.47058823529411764,1,0.08830799004185631,0.007868284378350673,11.223283983587686,4605.610508245416,malha_global,False,,,
0,300,0.01,0.003666666666666667,0.001,0.5714285714285715,1,0.1,0.010121359285256176,9.880095862783016,3425.4692377592546,malha_global,False,,,
1,0,0.05,0.001,0.027777777777777776,-0.9305019305019304,1,0.05597576014951104,0.0032928226376240793,16.999324382044485,16967.534489619648,malha_global,False,,,
1,1,0.05,0.001888888888888889,0.7222222222222222,-0.9947828755562373,1,0.07585775750291836,0.005835110000331836,13.000227501898749,6901.337108433834,malha_global,False,,,
1,2,0.05,0.002777777777777778,54.44444444444444,-0.9998979643895719,1,0.0485288500162121,0.0007021584718384863,69.11381399293994,26089.077352860186,malha_global,True,0.04849973229807638,,
1,4,0.05,0.0054444444444444445,45.55555555555556,-0.9997610041726721,1,0.07244359600749899,0.0017123580250015397,42.30633719688022,7900.450562472381,malha_global,True,0.07239422748816549,,
1,6,0.05,0.00811111111111111,90.0,-0.999819769329431,1,0.06823386941416697,0.0009460864140220515,72.12223788743314,9348.804079843685,malha_global,True,0.06818131443629918,,
1,8,0.05,0.01888888888888889,722.2222222222222,-0.9999476936757038,1,0.03999447497610974,0.00020271032041200426,197.29866192713743,9295.709819513817,malha_global,True,0.04003994429896845,,
1,9,0.05,0.03666666666666667,90.0,-0.999185517011588,1,0.14503002001334223,0.003989241688764161,36.355285372110785,1006.2795551990947,malha_global,True,0.14513748827218217,,
1,10,0.05,0.05444444444444445,81.11111111111111,-0.998658434749278,1,0.18465643762508338,0.006915394653130902,26.70222697145438,495.6810887197556,malha_global,True,0.1846988867227211,,
1,11,0.05,0.07222222222222222,100.0,-0.9985565980125465,1,0.19486324216144096,0.006482014976322559,30.062140071140767,420.8809810901201,malha_global,True,0.1951826613221741,,
1,12,0.05,0.09,188.88888888888889,-0.9990475126557345,1,0.16484322881921282,0.002712013736164587,60.78259362076063,691.2465289071588,malha_global,True,0.16484241489996687,,
1,13,0.05,0.18888888888888888,633.3333333333333,-0.9994036866197801,1,0.13482321547698467,0.0007687430297145526,175.38138268004437,1127.0643800567993,malha_global,True,0.13491857674370242,,
1,17,0.05,3.6666666666666665,544.4444444444445,-0.9866207176160553,1,0.634356237491661,0.01028844837452747,61.657133748391466,17.5282425418532,malha_global,True,0.6344019984769942,,
1,18,0.05,8.11111111111111,900.0,-0.9821363024593173,1,0.7346230820547031,0.007588470825752425,96.80778893708964,12.55060239461754,malha_global,True,0.7343896457325092,,
1,20,0.05,0.001,0.009,-0.8000000000000002,1,0.055718574893192985,0.00326432070290697,17.06896471402887,16845.56595204118,malha_global,False,,,
1,40,0.05,0.001,0.006333333333333334,-0.7272727272727273,1,0.0554625712957911,0.0032367457836944766,17.135288033799547,16847.225557776994,malha_global,False,,,
1,60,0.05,0.001,0.004555555555555556,-0.64,1,0.05520774392807573,0.0032067552442880468,17.216076601547048,16825.99605688048,malha_global,False,,,
1,61,0.05,0.001888888888888889,0.01,-0.6822429906542055,1,0.07620790100254123,0.0060916648843505755,12.510192607331133,6472.25941477147,malha_global,False,,,
1,80,0.05,0.001,0.003666666666666667,-0.5714285714285715,1,0.05495408738576248,0.0031799304781122972,17.281537368195824,16826.216220339913,malha_global,False,,,
1,81,0.05,0.001888888888888889,0.007222222222222223,-0.5853658536585367,1,0.07550922276654341,0.006016528342934771,12.550297856605985,6477.68034028224,malha_global,False,,,
1,100,0.05,0.001,0.002777777777777778,-0.47058823529411764,1,0.05470159628939716,0.0031471023978240226,17.381574977420204,16804.016274386322,malha_global,False,,,
1,101,0.05,0.001888888888888889,0.0054444444444444445,-0.48484848484848486,1,0.07516228940182053,0.005936688704096388,12.660641840620283,6497.072201997478,malha_global,False,,,
1,120,0.05,0.001,0.001888888888888889,-0.3076923076923077,1,0.05395106225151279,0.0030600998014577024,17.630491079347404,17035.10549992117,malha_global,False,,,
1,121,0.05,0.002777777777777778,0.006333333333333334,-0.39024390243902446,1,0.09036494737223014,0.008618081624361867,10.485506091841092,3655.8360725266157,malha_global,False,,,
1,140,0.05,0.002777777777777778,0.004555555555555556,-0.2424242424242424,1,0.08953647655495937,0.008403070679564542,10.655209264477978,3711.342711511942,malha_global,False,,,
1,160,0.05,0.001888888888888889,0.002777777777777778,-0.19047619047619047,1,0.0734513868157115,0.005663949822835884,12.968226964082657,6665.417587433105,malha_global,False,,,
1,161,0.05,0.003666666666666667,0.0054444444444444445,-0.19512195121951215,1,0.10240160106737825,0.01099225630485591,9.315794521834574,2468.3288444492787,malha_global,False,,,
1,180,0.05,0.001,0.001,0.0,1,0.05223961889991197,0.0028698708632863418,18.20277684553772,18236.604621534316,malha_global,False,,,
1,220,0.05,0.002777777777777778,0.001888888888888889,0.19047619047619047,1,0.08433347577642757,0.007475080792799849,11.28194839815769,4435.163483489445,malha_global,False,,,
1,260,0.05,0.001888888888888889,0.001,0.3076923076923077,1,0.06760829753919818,0.00484227169360843,13.962103288924895,8943.771467792772,malha_global,False,,,
1,280,0.05,0.002777777777777778,0.001,0.47058823529411764,1,0.07798301105232586,0.006411450093482873,12.163084780398465,6776.531224785669,malha_global,False,,,
1,300,0.05,0.003666666666666667,0.001,0.5714285714285715,1,0.08550667128846832,0.007712823438606714,11.086299585241733,6000.948687080751,malha_global,False,,,
1,320,0.05,0.004555555555555556,0.001,0.64,1,0.09162204901220002,0.008803808779501168,10.40709212421029,5686.091720602348,malha_global,False,,,
1,340,0.05,0.006333333333333334,0.001,0.7272727272727273,1,0.1,0.010510711575655654,9.514103710315355,5519.456805372303,malha_global,False,,,
2,0,0.1,0.001,0.027777777777777776,-0.9305019305019304,1,0.05701642722807478,0.003577083908004347,15.939359739504745,15812.26600452544,malha_global,False,,,
2,1,0.1,0.001888888888888889,0.7222222222222222,-0.9947828755562373,1,0.07620790100254123,0.005976318671315192,12.751646154399321,6773.543188640612,malha_global,False,,,
2,2,0.1,0.002777777777777778,54.44444444444444,-0.9998979643895719,1,0.03767037989839089,0.00031487810075769146,119.63480409639357,48662.79296361435,malha_global,True,0.037718417370172,,
2,4,0.1,0.0054444444444444445,45.55555555555556,-0.9997610041726721,1,0.056754460540854715,0.0007448295231062066,76.1979201685887,14201.195383032404,malha_global,True,0.056883484907980404,,
2,6,0.1,0.00811111111111111,90.0,-0.999819769329431,1,0.051760683195056764,0.00033376264593763805,155.0823132098731,21286.2441708926,malha_global,True,0.05174040496750539,,
2,8,0.1,0.01888888888888889,722.2222222222222,-0.9999476936757038,1,0.02924152377843337,0.0002760994887945206,105.90937312526341,1150.5389806657818,malha_global,True,0.029176211302588316,,
2,9,0.1,0.03666666666666667,90.0,-0.999185517011588,1,0.11020680453635757,0.0014944701272821964,73.74306285852414,2128.309214206852,malha_global,True,0.11003653629859372,,
2,10,0.1,0.05444444444444445,81.11111111111111,-0.998658434749278,1,0.14022681787858574,0.0025311767221298243,55.399852824418275,1053.9443532892246,malha_global,True,0.14051836729965558,,
2,11,0.1,0.07222222222222222,100.0,-0.9985565980125465,1,0.1474316210807205,0.0022474851738561175,65.59848438411055,936.6767544600539,malha_global,True,0.14726273557741454,,
2,12,0.1,0.09,188.88888888888889,-0.9990475126557345,1,0.12221480987324884,0.0008777834843781557,139.23115671267038,1669.592592151742,malha_global,True,0.12219246238787314,,
2,13,0.1,0.18888888888888888,633.3333333333333,-0.9994036866197801,1,0.0986279485631211,0.0009361605626513614,105.35366741340871,391.40687880654013,malha_global,True,0.0984089702208784,,
2,17,0.1,3.6666666666666665,544.4444444444445,-0.9866207176160553,1,0.46444296197464974,0.0033987196778738626,136.6523296988092,38.46537864414116,malha_global,True,0.46448440181348905,,
2,18,0.1,8.11111111111111,900.0,-0.9821363024593173,1,0.5376917945296864,0.002611790774424305,205.87092955338477,26.510510938847613,malha_global,True,0.5375825084029235,,
2,20,0.1,0.001,0.009,-0.8000000000000002,1,0.05649369748123028,0.0035113078097487108,16.089075792325165,15608.02916855759,malha_global,False,,,
2,40,0.1,0.001,0.006333333333333334,-0.7272727272727273,1,0.05597576014951104,0.0034557700060200078,16.197767806306658,15577.844920323043,malha_global,False,,,
2,60,0.1,0.001,0.004555555555555556,-0.64,1,0.0554625712957911,0.0033923114860324247,16.349492528664857,15546.085289058445,malha_global,False,,,
2,61,0.1,0.001888888888888889,0.01,-0.6822429906542055,1,0.07655966069112562,0.006459267401575652,11.85268482188087,6000.5181244242885,malha_global,False,,,
2,80,0.1,0.001,0.003666666666666667,-0.5714285714285715,1,0.05495408738576248,0.0033399732097069215,16.45345155046457,15520.212972660616,malha_global,False,,,
2,81,0.1,0.001888888888888889,0.007222222222222223,-0.5853658536585367,1,0.07585775750291836,0.006317612809336778,12.007345146383209,5991.272246357081,malha_global,False,,,
2,100,0.1,0.001,0.002777777777777778,-0.47058823529411764,1,0.05420008904016239,0.003262725374175761,16.611906557981325,15542.07071025959,malha_global,False,,,
2,101,0.1,0.001888888888888889,0.0054444444444444445,-0.48484848484848486,1,0.07481695005111545,0.006157022272661294,12.1514827684352,6017.1110614307845,malha_global,False,,,
2,120,0.1,0.001,0.001888888888888889,-0.3076923076923077,1,0.05296634438916581,0.003098512128253121,17.094122016242412,15958.325233619724,malha_global,False,,,
2,121,0.1,0.002777777777777778,0.006333333333333334,-0.39024390243902446,1,0.08953647655495937,0.008815168554996256,10.15709183509735,3407.8761351765747,malha_global,False,,,
2,140,0.1,0.002777777777777778,0.004555555555555556,-0.2424242424242424,1,0.08749837752274364,0.008411015799885402,10.402831192391266,3508.8672439908305,malha_global,False,,,
2,160,0.1,0.001888888888888889,0.002777777777777778,-0.19047619047619047,1,0.07144963260755134,0.005615605464915505,12.723406773133485,6355.586808025759,malha_global,False,,,
2,180,0.1,0.001,0.001,0.0,1,0.049888448746001214,0.0027464180412926295,18.164914443440196,18204.754860457244,malha_global,False,,,
2,220,0.1,0.002777777777777778,0.001888888888888889,0.19047619047619047,1,0.07870457896950984,0.0068084527566141945,11.559833310593344,4810.206863681222,malha_global,False,,,
2,240,0.1,0.004555555555555556,0.002777777777777778,0.2424242424242424,1,0.0986279485631211,0.010759263846636946,9.166793376291215,2478.5340949247875,malha_global,False,,,
2,260,0.1,0.001888888888888889,0.001,0.3076923076923077,1,0.06194410750767818,0.004231570825047638,14.638560966773095,10435.974773108741,malha_global,False,,,
2,280,0.1,0.002777777777777778,0.001,0.47058823529411764,1,0.06918309709189363,0.005268402266833047,13.131703614857246,8773.357498249361,malha_global,False,,,
2,281,0.1,0.0054444444444444445,0.001888888888888889,0.48484848484848486,1,0.09594006315159335,0.010140777100855342,9.46081963910844,3345.682839003661,malha_global,False,,,
2,300,0.1,0.003666666666666667,0.001,0.5714285714285715,1,0.07413102413009177,0.006042064397162497,12.269154920776009,8242.87395200456,malha_global,False,,,
2,320,0.1,0.004555555555555556,0.001,0.64,1,0.07762471166286919,0.006622013995121759,11.722221022192494,8078.627170542322,malha_global,False,,,
2,340,0.1,0.006333333333333334,0.001,0.7272727272727273,1,0.08241381150130021,0.007462222963221812,11.044136835294731,8042.282824308436,malha_global,False,,,
2,360,0.1,0.009,0.001,0.8000000000000002,1,0.08629785477669702,0.0082493602307155,10.461157273187968,8160.009388806905,malha_global,False,,,
2,380,0.1,0.027777777777777776,0.001,0.9305019305019304,1,0.0950604793656282,0.009929386675579674,9.573650666603594,8682.606485370932,malha_global,False,,,
3,0,0.15,0.001,0.027777777777777776,-0.9305019305019304,1,0.05807644175213124,0.003872440079465425,14.997376475906234,14780.935989195154,malha_global,False,,,
3,1,0.15,0.001888888888888889,0.7222222222222222,-0.9947828755562373,1,0.07655966069112562,0.006123475314829249,12.502648701093108,6647.765605221834,malha_global,False,,,
3,2,0.15,0.002777777777777778,54.44444444444444,-0.9998979643895719,1,0.03235936569296284,0.00018611922045588813,173.86364295799473,77660.1923773957,malha_global,True,0.03233478986919717,,
3,4,0.15,0.0054444444444444445,45.55555555555556,-0.9997610041726721,1,0.04897788193684462,0.00036268801398831735,135.04135799321523,25604.544400839488,malha_global,True,0.04897416396549885,,
3,6,0.15,0.00811111111111111,90.0,-0.999819769329431,1,0.04385306977749856,0.00034690739587900365,126.41145821172947,17353.85695456492,malha_global,True,0.043931298364164054,,
3,8,0.15,0.01888888888888889,722.2222222222222,-0.9999476936757038,1,0.024434305526939714,0.00011711696335012928,208.63165188028026,4543.521167904031,malha_global,True,0.02441341556471859,,
3,9,0.15,0.03666666666666667,90.0,-0.999185517011588,1,0.09332543007969915,0.0007752265378726114,120.38472049190193,3522.4580568636484,malha_global,True,0.0934108481137835,,
3,10,0.15,0.05444444444444445,81.11111111111111,-0.998658434749278,1,0.11921280853902602,0.0015150161094370507,78.68748576100823,1550.7964756925737,malha_global,True,0.11946347611249897,,
3,11,0.15,0.07222222222222222,100.0,-0.9985565980125465,1,0.12461641094062709,0.0013372371150155854,93.18946471148065,1426.8914073356607,malha_global,True,0.12480060996968978,,
3,12,0.15,0.09,188.88888888888889,-0.9990475126557345,1,0.10300200133422283,0.0007243447450577534,142.2002465497424,1959.1864676247808,malha_global,True,0.10286902228490105,,
3,13,0.15,0.18888888888888888,633.3333333333333,-0.9994036866197801,1,0.08241381150130021,0.00038841778172640784,212.17826623434692,2726.979754830168,malha_global,True,0.08237383113618567,,
3,17,0.15,3.6666666666666665,544.4444444444445,-0.9866207176160553,1,0.38939292861907937,0.0018471033514804724,210.81274543028516,61.82943118643981,malha_global,True,0.38939146047688333,,
3,18,0.15,8.11111111111111,900.0,-0.9821363024593173,1,0.45063375583722476,0.001417432237331706,317.92260960956816,41.817291573057936,malha_global,True,0.4505593557653563,,
3,19,0.15,100.0,3000.0,-0.9354838709677419,1,0.8511007338225482,0.001018040539944809,836.0185085249051,9.581000395468878,malha_global,True,0.8512129085290322,,
3,20,0.15,0.001,0.009,-0.8000000000000002,1,0.05701642722807478,0.0037597404110707305,15.164990396727195,14502.60396027844,malha_global,False,,,
3,40,0.15,0.001,0.006333333333333334,-0.7272727272727273,1,0.05649369748123028,0.0036659121632278413,15.410543124275922,14444.271966273925,malha_global,False,,,
3,60,0.15,0.001,0.004555555555555556,-0.64,1,0.055718574893192985,0.00357005675586769,15.60719582444027,14381.024494054585,malha_global,False,,,
3,61,0.15,0.001888888888888889,0.01,-0.6822429906542055,1,0.07691304402866098,0.006827015310765933,11.265983819806607,5556.934667039523,malha_global,False,,,
3,80,0.15,0.001,0.003666666666666667,-0.5714285714285715,1,0.05495408738576248,0.003478723398460719,15.797199458306693,14412.153323387285,malha_global,False,,,
3,81,0.15,0.001888888888888889,0.007222222222222223,-0.5853658536585367,1,0.07585775750291836,0.00660813179086657,11.479455904279204,5553.007326393019,malha_global,False,,,
3,100,0.15,0.001,0.002777777777777778,-0.47058823529411764,1,0.05395106225151279,0.00335058647017647,16.101975797888088,14515.084401050335,malha_global,False,,,
3,101,0.15,0.001888888888888889,0.0054444444444444445,-0.48484848484848486,1,0.07447319739059889,0.00636701618269668,11.696718722498453,5579.890915174815,malha_global,False,,,
3,120,0.15,0.001,0.001888888888888889,-0.3076923076923077,1,0.05199959965335162,0.0031198898939356207,16.66712654008316,15035.589619088007,malha_global,False,,,
3,121,0.15,0.002777777777777778,0.006333333333333334,-0.39024390243902446,1,0.08830799004185631,0.008985403047198096,9.827938666523508,3184.316514418524,malha_global,False,,,
3,140,0.15,0.002777777777777778,0.004555555555555556,-0.2424242424242424,1,0.08550667128846832,0.008390079774057854,10.191401463530198,3329.9797383769833,malha_global,False,,,
3,160,0.15,0.001888888888888889,0.002777777777777778,-0.19047619047619047,1,0.0695024317588797,0.0055526272348346145,12.51703541755038,6084.3271861199755,malha_global,False,,,
3,180,0.15,0.001,0.001,0.0,1,0.04764309868054156,0.002612478186324825,18.236745068315688,18269.94137457278,malha_global,False,,,
3,220,0.15,0.002777777777777778,0.001888888888888889,0.19047619047619047,1,0.07379042301291007,0.006257991163428803,11.79139137238406,5120.815123411605,malha_global,False,,,
3,240,0.15,0.004555555555555556,0.002777777777777778,0.2424242424242424,1,0.09204495717531712,0.009773143821924332,9.418152321551887,2687.9091064087834,malha_global,False,,,
3,260,0.15,0.001888888888888889,0.001,0.3076923076923077,1,0.057279603098582925,0.003792390958458562,15.103823346806134,11569.445804102339,malha_global,False,,,
3,280,0.15,0.002777777777777778,0.001,0.47058823529411764,1,0.06251726927756862,0.004526824461889428,13.810402811924996,10246.487237971785,malha_global,False,,,
3,281,0.15,0.0054444444444444445,0.001888888888888889,0.48484848484848486,1,0.0866961875758217,0.008660549234186576,10.010472226587886,3929.4138540526665,malha_global,False,,,
3,300,0.15,0.003666666666666667,0.001,0.5714285714285715,1,0.06606934480075957,0.005019116565707082,13.163540622303094,9884.26350578723,malha_global,False,,,
3,301,0.15,0.007222222222222223,0.001888888888888889,0.5853658536585367,1,0.09120108393559097,0.009616063291952248,9.484243308997124,3798.361102918734,malha_global,False,,,
3,320,0.15,0.004555555555555556,0.001,0.64,1,0.06823386941416697,0.005373980919664997,12.69708069942692,9788.732449580204,malha_global,False,,,
3,340,0.15,0.006333333333333334,0.001,0.7272727272727273,1,0.07144963260755134,0.00586557005790414,12.181191581075652,9801.647696581216,malha_global,False,,,
3,360,0.15,0.009,0.001,0.8000000000000002,1,0.07379042301291007,0.006310291899793291,11.693662382769846,9910.877594826296,malha_global,False,,,
3,380,0.15,0.027777777777777776,0.001,0.9305019305019304,1,0.07870457896950984,0.007150538428917094,11.00680455771345,10359.954532617397,malha_global,False,,,
4,0,0.2,0.001,0.027777777777777776,-0.9305019305019304,1,0.059156163417547425,0.004180085407441053,14.151903047780403,13842.151282271028,malha_global,False,,,
4,1,0.2,0.001888888888888889,0.7222222222222222,-0.9947828755562373,1,0.07726805850957022,0.006257520702729613,12.348030822473328,6540.297225700051,malha_global,False,,,
4,2,0.2,0.002777777777777778,54.44444444444444,-0.9998979643895719,1,0.028973435877013242,0.000157892042836668,183.50155813098777,83723.1635688008,malha_global,True,0.02900265488958242,,
4,4,0.2,0.0054444444444444445,45.55555555555556,-0.9997610041726721,1,0.04405548635065534,0.0002755082006476589,159.90626140017113,33610.605993137564,malha_global,True,0.044030884117397716,,
4,6,0.2,0.00811111111111111,90.0,-0.999819769329431,1,0.03926449353995997,0.0002456696740790118,159.8263753438766,18908.686965803903,malha_global,True,0.039202530567915866,,
4,8,0.2,0.01888888888888889,722.2222222222222,-0.9999476936757038,1,0.02157744409152667,0.000183513651124758,117.57950408200252,548.5490238479347,malha_global,True,0.021622155320591748,,
4,9,0.2,0.03666666666666667,90.0,-0.999185517011588,1,0.08317637711026708,0.0008302053423542843,100.18771605877254,3207.923247763622,malha_global,True,0.08335025031796461,,
4,10,0.2,0.05444444444444445,81.11111111111111,-0.998658434749278,1,0.1066044029352902,0.0008820918529597876,120.85408404758276,2423.4022793376857,malha_global,True,0.10668334819932225,,
4,11,0.2,0.07222222222222222,100.0,-0.9985565980125465,1,0.1114076050700467,0.0009126433001476336,122.07135586490895,1881.6708738775026,malha_global,True,0.11126280084524329,,
4,12,0.2,0.09,188.88888888888889,-0.9990475126557345,1,0.09120108393559097,0.0008339261146062121,109.36350635650376,1234.842086591334,malha_global,True,0.09139157389132693,,
4,13,0.2,0.18888888888888888,633.3333333333333,-0.9994036866197801,1,0.07311390834834172,0.0005737392742362207,127.4340308072394,222.8688170146035,malha_global,True,0.07296902021905881,,
4,14,0.2,0.4555555555555556,45.55555555555556,-0.9801980198019802,1,0.40380253502334884,0.016062744941022278,25.13907408142221,56.98607272381422,malha_global,False,,,
4,17,0.2,3.6666666666666665,544.4444444444445,-0.9866207176160553,1,0.34496330887258175,0.0014326525818762481,240.7864357601664,73.20043768325931,malha_global,True,0.34519963038740814,,
4,18,0.2,8.11111111111111,900.0,-0.9821363024593173,1,0.39959973315543695,0.0013234301889039068,301.9424345203988,43.85587358756247,malha_global,True,0.3993521064856489,,
4,19,0.2,100.0,3000.0,-0.9354838709677419,1,0.7568378919279519,0.0009717079507902682,778.8738286153084,9.436774391869458,malha_global,True,0.7566444603916411,,
4,20,0.2,0.001,0.009,-0.8000000000000002,1,0.05780960474057181,0.004007203985003691,14.426419258144795,13482.156839697407,malha_global,False,,,
4,36,0.2,36.66666666666667,633.3333333333333,-0.8905472636815921,1,0.9795863909272848,0.0036247978157510907,270.2458014818423,8.215975621771127,malha_global,True,0.9797225510731676,,
4,40,0.2,0.001,0.006333333333333334,-0.7272727272727273,1,0.056754460540854715,0.00387814316368848,14.634441830887921,13415.265835503978,malha_global,False,,,
4,60,0.2,0.001,0.004555555555555556,-0.64,1,0.055718574893192985,0.0037294311200327113,14.940234341344873,13378.978345776794,malha_global,False,,,
4,61,0.2,0.001888888888888889,0.01,-0.6822429906542055,1,0.07726805850957022,0.0071704409255619606,10.775914523487213,5169.72046527093,malha_global,False,,,
4,80,0.2,0.001,0.003666666666666667,-0.5714285714285715,1,0.05470159628939716,0.003625509113100861,15.087976497350862,13347.109380796483,malha_global,False,,,
4,81,0.2,0.001888888888888889,0.007222222222222223,-0.5853658536585367,1,0.07550922276654341,0.006862578821545534,11.003039051366093,5163.448141134996,malha_global,False,,,
4,100,0.2,0.001,0.002777777777777778,-0.47058823529411764,1,0.05345643593969719,0.00342642822440363,15.601212819510115,13545.005655076797,malha_global,False,,,
4,101,0.2,0.001888888888888889,0.0054444444444444445,-0.48484848484848486,1,0.07379042301291007,0.006526340984049167,11.306553426071211,5212.246453974474,malha_global,False,,,
4,120,0.2,0.001,0.001888888888888889,-0.3076923076923077,1,0.051050499997540646,0.0031315057887497458,16.302221180923496,14202.986833772673,malha_global,False,,,
4,121,0.2,0.002777777777777778,0.006333333333333334,-0.39024390243902446,1,0.08709635899560805,0.009101445781452305,9.569508085528605,2989.102907117738,malha_global,False,,,
4,140,0.2,0.002777777777777778,0.004555555555555556,-0.2424242424242424,1,0.08317637711026708,0.008329933107534132,9.985239501507758,3179.790421079755,malha_global,False,,,
4,160,0.2,0.001888888888888889,0.002777777777777778,-0.19047619047619047,1,0.06760829753919818,0.005480061640033132,12.337141802439548,5846.065922937032,malha_global,False,,,
4,180,0.2,0.001,0.001,0.0,1,0.04570881896148752,0.0025108975860205565,18.204174959572924,18237.649719440702,malha_global,False,,,
4,220,0.2,0.002777777777777778,0.001888888888888889,0.19047619047619047,1,0.0695024317588797,0.005811604110994559,11.959250911016635,5372.831825248549,malha_global,False,,,
4,240,0.2,0.004555555555555556,0.002777777777777778,0.2424242424242424,1,0.0866961875758217,0.009000764321726473,9.632091728760226,2854.895108846023,malha_global,False,,,
4,260,0.2,0.001888888888888889,0.001,0.3076923076923077,1,0.05345643593969719,0.0034538729582918523,15.477244410904625,12473.276249719003,malha_global,False,,,
4,280,0.2,0.002777777777777778,0.001,0.47058823529411764,1,0.05754399373371572,0.003983235109651401,14.446547128058373,11425.659641021468,malha_global,False,,,
4,281,0.2,0.0054444444444444445,0.001888888888888889,0.48484848484848486,1,0.07943282347242814,0.007628113867377745,10.413166983797808,4372.427271952158,malha_global,False,,,
4,300,0.2,0.003666666666666667,0.001,0.5714285714285715,1,0.05997910762555094,0.00432893517532329,13.855395194517238,11143.603758307603,malha_global,False,,,
4,301,0.2,0.007222222222222223,0.001888888888888889,0.5853658536585367,1,0.08317637711026708,0.008284757342194027,10.039687787432497,4278.91588995801,malha_global,False,,,
4,320,0.2,0.004555555555555556,0.001,0.64,1,0.06165950018614822,0.004571779195159435,13.486981228540701,11080.274532603473,malha_global,False,,,
4,321,0.2,0.01,0.001888888888888889,0.6822429906542055,1,0.08629785477669702,0.00892679321524352,9.667285070447646,4270.067038835174,malha_global,False,,,
4,340,0.2,0.006333333333333334,0.001,0.7272727272727273,1,0.06367955209079162,0.004898590109843906,12.999567357723011,11093.669138282241,malha_global,False,,,
4,360,0.2,0.009,0.001,0.8000000000000002,1,0.06546361740672747,0.005163560230097966,12.678000156780481,11219.40339688839,malha_global,False,,,
4,380,0.2,0.027777777777777776,0.001,0.9305019305019304,1,0.06854882264526613,0.005688327894488074,12.050786086310033,11561.823080396543,malha_global,False,,,
5,0,0.3,0.001,0.027777777777777776,-0.9305019305019304,1,0.060813500127871824,0.004810298263438741,12.642355379518202,12206.208922129505,malha_global,False,,,
5,1,0.3,0.001888888888888889,0.7222222222222222,-0.9947828755562373,1,0.07798301105232586,0.006494797062632715,12.006997339608153,6359.731439680183,malha_global,False,,,
5,2,0.3,0.002777777777777778,54.44444444444444,-0.9998979643895719,1,0.025003453616964322,0.00012002824919290014,208.31307450615813,188118.93355942675,malha_global,True,0.025000055400405466,,
5,4,0.3,0.0054444444444444445,45.55555555555556,-0.9997610041726721,1,0.038018939632056124,0.00020778232008718256,182.97485376091626,44489.00830820664,malha_global,True,0.03804970173027404,,
5,6,0.3,0.00811111111111111,90.0,-0.999819769329431,1,0.03357376142429549,0.0001723680705870423,194.77946994447234,25861.184873120506,malha_global,True,0.033611352961569606,,
5,8,0.3,0.01888888888888889,722.2222222222222,-0.9999476936757038,1,0.018365383433483474,0.00010940084370637121,167.8724113204798,508.1148000072108,malha_global,True,0.018396427970170114,,
5,9,0.3,0.03666666666666667,90.0,-0.999185517011588,1,0.07144963260755134,0.000371386877190627,192.38599152462075,8251.776950736657,malha_global,True,0.07145864889204807,,
5,10,0.3,0.05444444444444445,81.11111111111111,-0.998658434749278,1,0.09162204901220002,0.0005662070349106707,161.81722119834672,3454.8810968297425,malha_global,True,0.09154141545601874,,
5,11,0.3,0.07222222222222222,100.0,-0.9985565980125465,1,0.09549925860214359,0.0008944272934615222,106.77140478635441,1691.5769891610742,malha_global,True,0.09530461174160793,,
5,12,0.3,0.09,188.88888888888889,-0.9990475126557345,1,0.07798301105232586,0.0003731990201421703,208.95824169800392,5897.011941651405,malha_global,True,0.07800275577825462,,
5,13,0.3,0.18888888888888888,633.3333333333333,-0.9994036866197801,1,0.062230028516915954,0.0005709156193490356,109.0003958691327,115.56496598680427,malha_global,True,0.06209416902311303,,
5,14,0.3,0.4555555555555556,45.55555555555556,-0.9801980198019802,1,0.34796531020680455,0.009080027403507274,38.322055071375516,86.28541577595503,malha_global,True,0.3481712702140491,,
5,16,0.3,1.0,45.55555555555556,-0.9570405727923628,1,0.514876584389593,0.016663809363629545,30.897892141839037,32.31629693591858,malha_global,True,0.5149418678873476,,
5,17,0.3,3.6666666666666665,544.4444444444445,-0.9866207176160553,1,0.29392928619079384,0.0007497549570078532,392.0338017688026,135.3516378841062,malha_global,True,0.2939527362104265,,
5,18,0.3,8.11111111111111,900.0,-0.9821363024593173,1,0.3401601067378252,0.000832309511601903,408.6942441437881,56.377273584413444,malha_global,True,0.339976731502771,,
5,19,0.3,100.0,3000.0,-0.9354838709677419,1,0.6457638425617077,0.0007270336031071079,888.217325584293,10.712488531507939,malha_global,True,0.6456062096324181,,
5,20,0.3,0.001,0.009,-0.8000000000000002,1,0.05861381645140291,0.004465150736314573,13.126951342247704,11800.990743856453,malha_global,False,,,
5,36,0.3,36.66666666666667,633.3333333333333,-0.8905472636815921,1,0.8384923282188125,0.0021863285113826736,383.5161659619646,11.624915768004218,malha_global,True,0.8385624407912555,,
5,37,0.3,54.44444444444444,900.0,-0.8859138533178114,1,0.8565043362241493,0.0017048615151997737,502.3893897468764,10.228673762953795,malha_global,True,0.8562656740079143,,
5,38,0.3,72.22222222222223,1000.0,-0.8652849740932643,1,0.929753168779186,0.0015651486168898332,594.0350703735305,9.733878808391097,malha_global,True,0.9297589025729569,,
5,40,0.3,0.001,0.006333333333333334,-0.7272727272727273,1,0.057279603098582925,0.004259341561587512,13.447994782844807,11676.595765080723,malha_global,False,,,
5,60,0.3,0.001,0.004555555555555556,-0.64,1,0.0554625712957911,0.004032246328568516,13.754757714784954,11589.690358974718,malha_global,False,,,
5,61,0.3,0.001888888888888889,0.01,-0.6822429906542055,1,0.07762471166286919,0.007799197530864457,9.952910072565546,4491.610140858403,malha_global,False,,,
5,80,0.3,0.001,0.003666666666666667,-0.5714285714285715,1,0.05420008904016239,0.003826970675001415,14.162661186355276,11672.481119618702,malha_global,False,,,
5,81,0.3,0.001888888888888889,0.007222222222222223,-0.5853658536585367,1,0.07481695005111545,0.007291919742399483,10.260254184654006,4497.495358988317,malha_global,False,,,
5,100,0.3,0.001,0.002777777777777778,-0.47058823529411764,1,0.05223961889991197,0.003551582037532225,14.708830697941602,11915.89597061999,malha_global,False,,,
5,101,0.3,0.001888888888888889,0.0054444444444444445,-0.48484848484848486,1,0.07211074791828997,0.0067737978596108805,10.645541749666613,4578.521732789414,malha_global,False,,,
5,120,0.3,0.001,0.001888888888888889,-0.3076923076923077,1,0.04897788193684462,0.0031262301253030325,15.666755156771154,12829.214462928296,malha_global,False,,,
5,140,0.3,0.002777777777777778,0.004555555555555556,-0.2424242424242424,1,0.07906786279998253,0.008161028043657176,9.68846845973465,2929.756204815522,malha_global,False,,,
5,160,0.3,0.001888888888888889,0.002777777777777778,-0.19047619047619047,1,0.06367955209079162,0.00529666786742361,12.02256846845986,5478.469380690366,malha_global,False,,,
5,180,0.3,0.001,0.001,0.0,1,0.04207266283844442,0.0023260809304358615,18.087359854053247,18200.007841856073,malha_global,False,,,
5,220,0.3,0.002777777777777778,0.001888888888888889,0.19047619047619047,1,0.0628058358813318,0.005124402644539665,12.256225796045692,5741.760166641695,malha_global,False,,,
5,240,0.3,0.004555555555555556,0.002777777777777778,0.2424242424242424,1,0.07762471166286919,0.007815914111105438,9.931622911845228,3108.0534690358445,malha_global,False,,,
5,260,0.3,0.001888888888888889,0.001,0.3076923076923077,1,0.04764309868054156,0.002956934498840519,16.112328054349362,13799.464413173495,malha_global,False,,,
5,261,0.3,0.006333333333333334,0.002777777777777778,0.39024390243902446,1,0.08165823713585922,0.008648266712006539,9.442150647654248,2890.1652111145722,malha_global,False,,,
5,280,0.3,0.002777777777777778,0.001,0.47058823529411764,1,0.05011872336272725,0.0032650287415685875,15.350162993863623,13091.511828740582,malha_global,False,,,
5,281,0.3,0.0054444444444444445,0.001888888888888889,0.48484848484848486,1,0.06918309709189363,0.006220281930216953,11.122180291509816,5034.504182392203,malha_global,False,,,
5,300,0.3,0.003666666666666667,0.001,0.5714285714285715,1,0.05152286445817567,0.0034594389232231668,14.893416418571052,12923.510621532068,malha_global,False,,,
5,301,0.3,0.007222222222222223,0.001888888888888889,0.5853658536585367,1,0.07112135136533289,0.006584238074250792,10.801758770459656,4976.406320567658,malha_global,False,,,
5,320,0.3,0.004555555555555556,0.001,0.64,1,0.052480746024977286,0.0035905647485576855,14.616292895444532,12892.428053637757,malha_global,False,,,
5,321,0.3,0.01,0.001888888888888889,0.6822429906542055,1,0.07311390834834172,0.006939302979200659,10.536203501632341,4965.896222027446,malha_global,False,,,
5,340,0.3,0.006333333333333334,0.001,0.7272727272727273,1,0.05370317963702527,0.0037550996202318776,14.30139944828124,12935.530636222089,malha_global,False,,,
5,360,0.3,0.009,0.001,0.8000000000000002,1,0.05470159628939716,0.003891736729872225,14.055831646965785,13015.204934423493,malha_global,False,,,
5,380,0.3,0.027777777777777776,0.001,0.9305019305019304,1,0.05623413251903491,0.0041262052080933975,13.628535102600752,13294.033775439782,malha_global,False,,,
6,0,0.4,0.001,0.027777777777777776,-0.9305019305019304,1,0.06251726927756862,0.005436734761709118,11.499047133562092,10897.660365366262,malha_global,False,,,
6,1,0.4,0.001888888888888889,0.7222222222222222,-0.9947828755562373,1,0.0783429642766212,0.006702866780928185,11.687978716738362,6211.089885036978,malha_global,False,,,
6,2,0.4,0.002777777777777778,54.44444444444444,-0.9998979643895719,1,0.022594357702209782,0.00013628291397097328,165.79009828790515,39133.39913619263,malha_global,True,0.02263160507305867,,
6,4,0.4,0.0054444444444444445,45.55555555555556,-0.9997610041726721,1,0.03451437393358565,0.0001759181390159556,196.19565171989018,55917.136850854535,malha_global,True,0.034490396486212195,,
6,6,0.4,0.00811111111111111,90.0,-0.999819769329431,1,0.03033891184194272,0.00014198437903234842,213.6778147617956,102942.5412433605,malha_global,True,0.030342629218896654,,
6,7,0.4,0.01,2.7777777777777777,-0.9928258270227184,1,0.14142761841227486,0.01317460037846438,10.73486969999158,1087.3572004736175,malha_global,False,,,
6,8,0.4,0.01888888888888889,722.2222222222222,-0.9999476936757038,1,0.01651961798229015,8.719129158974576e-05,189.46408157386395,541.2064001071034,malha_global,True,0.016542693536588028,,
6,9,0.4,0.03666666666666667,90.0,-0.999185517011588,1,0.06456542290346556,0.00033493552352695244,192.76970750542066,7259.906970469278,malha_global,True,0.06450755986658227,,
6,10,0.4,0.05444444444444445,81.11111111111111,-0.998658434749278,1,0.08279421637123345,0.0005336863634282651,155.13646599359316,3102.726992837017,malha_global,True,0.08267359140283333,,
6,11,0.4,0.07222222222222222,100.0,-0.9985565980125465,1,0.08590135215053961,0.00047416598727770265,181.16304090835212,3067.8769610345967,malha_global,True,0.08599491360100062,,
6,12,0.4,0.09,188.88888888888889,-0.9990475126557345,1,0.07014552984199714,0.0004007711829489419,175.02638120299596,1265.9251838919909,malha_global,True,0.0702540384640445,,
6,13,0.4,0.18888888888888888,633.3333333333333,-0.9994036866197801,1,0.055718574893192985,0.0005222950636303778,106.68026327092454,82.18533237759081,malha_global,True,0.055841903896479764,,
6,14,0.4,0.4555555555555556,45.55555555555556,-0.9801980198019802,1,0.31494329553035355,0.00617543951449534,50.99933288814519,114.51313268248555,malha_global,True,0.31515689457596796,,
6,15,0.4,0.7222222222222222,36.66666666666667,-0.9613670133729569,1,0.4392261507671781,0.012879114814845327,34.10375302042472,48.9458340472237,malha_global,True,0.43934333279174514,,
6,16,0.4,1.0,45.55555555555556,-0.9570405727923628,1,0.46564376250833883,0.011371299890050812,40.94903546741815,42.51335882439368,malha_global,True,0.4656386652367733,,
6,17,0.4,3.6666666666666665,544.4444444444445,-0.9866207176160553,1,0.2645096731154103,0.0006919217821604873,382.28262201761237,146.6452006723881,malha_global,True,0.26440947212019317,,
6,18,0.4,8.11111111111111,900.0,-0.9821363024593173,1,0.3059372915276851,0.0007645286445605581,400.1645899134809,49.21218591661465,malha_global,True,0.3057479046974285,,
6,19,0.4,100.0,3000.0,-0.9354838709677419,1,0.5809206137424949,0.000623624854668936,931.5225482006942,25.624324602772308,malha_global,True,0.5809140214604437,,
6,20,0.4,0.001,0.009,-0.8000000000000002,1,0.059156163417547425,0.004923518749425294,12.015017394714405,10346.445563208134,malha_global,False,,,
6,32,0.4,3.6666666666666665,36.66666666666667,-0.8181818181818183,1,0.9609739826551034,0.02667895875763926,36.0199208441723,9.72668360159722,malha_global,True,0.9617775207029627,,
6,33,0.4,5.444444444444445,63.333333333333336,-0.8416801292407108,1,0.9015343562374916,0.01689018388230834,53.376230982411364,10.863880564566548,malha_global,True,0.901582557882543,,
6,34,0.4,7.222222222222221,72.22222222222223,-0.818181818181818,1,0.966977985323549,0.014872323146264743,65.01862391057648,9.661274026928798,malha_global,True,0.9670291529218966,,
6,35,0.4,10.0,100.0,-0.8181818181818182,1,0.9687791861240826,0.011037914688072137,87.7683161631038,9.62124577512521,malha_global,True,0.9685782831586932,,
6,36,0.4,36.66666666666667,633.3333333333333,-0.8905472636815921,1,0.7550366911274182,0.0016968294741219747,444.96910422782014,13.243890881404218,malha_global,True,0.7553085029347284,,
6,37,0.4,54.44444444444444,900.0,-0.8859138533178114,1,0.7712474983322214,0.0010680814451397014,722.086786397965,14.425362039267528,malha_global,True,0.7712649149648917,,
6,38,0.4,72.22222222222223,1000.0,-0.8652849740932643,1,0.8378919279519679,0.0011496196017876104,728.8427638577848,11.818345635136874,malha_global,True,0.8377791652999849,,
6,39,0.4,277.77777777777777,3000.0,-0.8305084745762712,1,0.9393595730486991,0.0006728712476300469,1396.0465339502377,8.65119172433163,malha_global,True,0.9392817431686612,,
6,40,0.4,0.001,0.006333333333333334,-0.7272727272727273,1,0.057279603098582925,0.004612955462045744,12.417116005100272,10214.568214301671,malha_global,False,,,
6,60,0.4,0.001,0.004555555555555556,-0.64,1,0.05520774392807573,0.004261917884255208,12.95373243394237,10175.636816615812,malha_global,False,,,
6,61,0.4,0.001888888888888889,0.01,-0.6822429906542055,1,0.07726805850957022,0.00833076120704393,9.275029806908588,3940.595193060471,malha_global,False,,,
6,80,0.4,0.001,0.003666666666666667,-0.5714285714285715,1,0.05345643593969719,0.003997614129657288,13.372085000179835,10254.591479108158,malha_global,False,,,
6,81,0.4,0.001888888888888889,0.007222222222222223,-0.5853658536585367,1,0.07379042301291007,0.007622808284349428,9.680214989062623,3959.7242355939993,malha_global,False,,,
6,100,0.4,0.001,0.002777777777777778,-0.47058823529411764,1,0.050815944256056046,0.0036180271492209717,14.045208109341484,10614.074137534155,malha_global,False,,,
6,101,0.4,0.001888888888888889,0.0054444444444444445,-0.48484848484848486,1,0.07046930689671467,0.006932672215184968,10.164811592038397,4066.0706726364338,malha_global,False,,,
6,120,0.4,0.001,0.001888888888888889,-0.3076923076923077,1,0.046773514128719815,0.003062549064407158,15.272739520264352,11845.314048278487,malha_global,False,,,
6,140,0.4,0.002777777777777778,0.004555555555555556,-0.2424242424242424,1,0.07516228940182053,0.00792683650688425,9.48200323502876,2739.9294078742746,malha_global,False,,,
6,160,0.4,0.001888888888888889,0.002777777777777778,-0.19047619047619047,1,0.06025595860743581,0.00509073062578233,11.836406802250675,5197.733183497103,malha_global,False,,,
6,180,0.4,0.001,0.001,0.0,1,0.039084089579240214,0.0021557342813452174,18.130290879287326,18230.639569416508,malha_global,False,,,
6,220,0.4,0.002777777777777778,0.001888888888888889,0.19047619047619047,1,0.057279603098582925,0.004594763853964984,12.466277902215657,6022.390611143197,malha_global,False,,,
6,240,0.4,0.004555555555555556,0.002777777777777778,0.2424242424242424,1,0.07046930689671467,0.006954034100340428,10.133586617480768,3288.7350974923424,malha_global,False,,,
6,260,0.4,0.001888888888888889,0.001,0.3076923076923077,1,0.043052661049171055,0.0025998486956666927,16.559679461704533,14779.48873233166,malha_global,False,,,
6,261,0.4,0.006333333333333334,0.002777777777777778,0.39024390243902446,1,0.07311390834834172,0.007507113293801937,9.739283994648972,3123.9298991706432,malha_global,False,,,
6,280,0.4,0.002777777777777778,0.001,0.47058823529411764,1,0.0446683592150963,0.0028028094448401195,15.936994681293546,14238.151456591917,malha_global,False,,,
6,281,0.4,0.0054444444444444445,0.001888888888888889,0.48484848484848486,1,0.06165950018614822,0.005326580160959764,11.575813809781879,5479.502800546593,malha_global,False,,,
6,300,0.4,0.003666666666666667,0.001,0.5714285714285715,1,0.04570881896148752,0.0029261726520565454,15.620684216757638,14101.571920860686,malha_global,False,,,
6,301,0.4,0.007222222222222223,0.001888888888888889,0.5853658536585367,1,0.0628058358813318,0.005566477006108565,11.282869903605038,5424.736953953014,malha_global,False,,,
6,320,0.4,0.004555555555555556,0.001,0.64,1,0.046344691973628796,0.0030103897721627804,15.39491410786085,14070.140635600304,malha_global,False,,,
6,321,0.4,0.01,0.001888888888888889,0.6822429906542055,1,0.064268771731702,0.005775363578076807,11.128091047923856,5426.24940045065,malha_global,False,,,
6,340,0.4,0.006333333333333334,0.001,0.7272727272727273,1,0.04698941086052156,0.0031010172742586134,15.152902001087924,14140.701469513118,malha_global,False,,,
6,360,0.4,0.009,0.001,0.8000000000000002,1,0.04764309868054156,0.00318061245541848,14.979221564506217,14212.057918701757,malha_global,False,,,
6,380,0.4,0.027777777777777776,0.001,0.9305019305019304,1,0.0485288500162121,0.0033163787183487364,14.633084498978807,14398.181588256195,malha_global,False,,,
7,0,0.5,0.001,0.027777777777777776,-0.9305019305019304,1,0.06397348354826482,0.006086895860825295,10.51003418014629,9771.59122623374,malha_global,False,,,
7,1,0.5,0.001888888888888889,0.7222222222222222,-0.9947828755562373,1,0.07906786279998253,0.006894905831802536,11.46757689355009,6082.393824492423,malha_global,False,,,
7,2,0.5,0.002777777777777778,54.44444444444444,-0.9998979643895719,1,0.021086281499332886,0.00016146365217158468,130.59460265970483,24568.213146904734,malha_global,True,0.021045290979717114,,
7,4,0.5,0.0054444444444444445,45.55555555555556,-0.9997610041726721,1,0.032062693245054674,0.00016867219596646693,190.088787670903,40516.45839135378,malha_global,True,0.03209890502327872,,
7,6,0.5,0.00811111111111111,90.0,-0.999819769329431,1,0.02818382931264455,0.00013324246533527248,211.52287479616015,53295.16557499307,malha_global,True,0.02816789681752476,,
7,7,0.5,0.01,2.7777777777777777,-0.9928258270227184,1,0.13782521681120746,0.011777875048380126,11.702044404874485,1183.3838271915433,malha_global,False,,,
7,8,0.5,0.01888888888888889,722.2222222222222,-0.9999476936757038,1,0.015346169827992941,8.928909983856384e-05,171.87058505169242,308.07668628736616,malha_global,True,0.015320840975146533,,
7,9,0.5,0.03666666666666667,90.0,-0.999185517011588,1,0.05997910762555094,0.00036488481652490606,164.37819528030957,3763.0146469770625,malha_global,True,0.059883011435683225,,
7,10,0.5,0.05444444444444445,81.11111111111111,-0.998658434749278,1,0.07691304402866098,0.0006232376165115072,123.40886042657678,2297.162375060922,malha_global,True,0.0767674009915451,,
7,11,0.5,0.07222222222222222,100.0,-0.9985565980125465,1,0.07979946872679769,0.0003909391826526082,204.1224626944293,5942.1067755462545,malha_global,True,0.07980762625475868,,
7,12,0.5,0.09,188.88888888888889,-0.9990475126557345,1,0.06516283940608428,0.0003085390291782397,211.19804382492043,5002.933974310239,malha_global,True,0.06512681723143823,,
7,13,0.5,0.18888888888888888,633.3333333333333,-0.9994036866197801,1,0.051760683195056764,0.0002465095345100393,209.97436589191548,502.2651766418748,malha_global,True,0.05171975732655489,,
7,14,0.5,0.4555555555555556,45.55555555555556,-0.9801980198019802,1,0.29272848565710474,0.004701952764154915,62.25678996367311,140.06600917441796,malha_global,True,0.29303460945099,,
7,15,0.5,0.7222222222222222,36.66666666666667,-0.9613670133729569,1,0.40860573715810544,0.009705242990121099,42.101546305849574,60.09921288190068,malha_global,True,0.4085830991581769,,
7,16,0.5,1.0,45.55555555555556,-0.9570405727923628,1,0.4326217478318879,0.008534394627148556,50.691556546457946,52.32562008519046,malha_global,True,0.4326166363886381,,
7,17,0.5,3.6666666666666665,544.4444444444445,-0.9866207176160553,1,0.2446964643095397,0.0007739526818211218,316.164631323152,82.04191205211771,malha_global,True,0.24489273139858198,,
7,18,0.5,8.11111111111111,900.0,-0.9821363024593173,1,0.28312208138759176,0.0006219509965969539,455.2160587195985,154.40422819568,malha_global,True,0.2831329450510778,,
7,19,0.5,100.0,3000.0,-0.9354838709677419,1,0.5376917945296864,0.0006878584208437344,781.6896300697285,6.811767470200677,malha_global,True,0.5378599477431142,,
7,20,0.5,0.001,0.009,-0.8000000000000002,1,0.05970352865838372,0.005325719476990093,11.210415591045368,9159.446108511758,malha_global,False,,,
7,32,0.5,3.6666666666666665,36.66666666666667,-0.8181818181818183,1,0.8919279519679786,0.023227234931335605,38.40009172872697,11.572923147794082,malha_global,True,0.892250944384993,,
7,33,0.5,5.444444444444445,63.333333333333336,-0.8416801292407108,1,0.8354903268845897,0.01297082384157966,64.41305017236584,13.00616482108275,malha_global,True,0.8358582667253351,,
7,34,0.5,7.222222222222221,72.22222222222223,-0.818181818181818,1,0.8961307538358905,0.011976292712224224,74.82538840431047,11.513770128517756,malha_global,True,0.8963420841517087,,
7,35,0.5,10.0,100.0,-0.8181818181818182,1,0.8973315543695797,0.00869061835853191,103.25290069706435,11.487167042779829,malha_global,True,0.8975426180647142,,
7,36,0.5,36.66666666666667,633.3333333333333,-0.8905472636815921,1,0.6991994663108738,0.001450478537132538,482.0474404903133,15.314519911803835,malha_global,True,0.6994446644065443,,
7,37,0.5,54.44444444444444,900.0,-0.8859138533178114,1,0.7142094729819879,0.0008674822180869679,823.3130986327446,17.49243413377934,malha_global,True,0.7141882170360752,,
7,38,0.5,72.22222222222223,1000.0,-0.8652849740932643,1,0.7760507004669779,0.0013219936902283402,587.0305631586904,10.217419477764283,malha_global,True,0.7757868262678607,,
7,39,0.5,277.77777777777777,3000.0,-0.8305084745762712,1,0.8697131420947297,0.0006425624843934274,1353.5075003884333,10.104029624021774,malha_global,True,0.8697774068393799,,
7,40,0.5,0.001,0.006333333333333334,-0.7272727272727273,1,0.057279603098582925,0.0049081226877518355,11.670369047930183,9014.746187058292,malha_global,False,,,
7,52,0.5,4.555555555555555,36.66666666666667,-0.7789757412398921,1,0.9837891927951967,0.016943863143104587,58.061681948579476,9.799767194648817,malha_global,True,0.9841029725309458,,
7,55,0.5,10.0,81.11111111111111,-0.7804878048780488,1,0.9849899933288858,0.010045673314557746,98.05116715287583,9.818774698405512,malha_global,True,0.9851259348856967,,
7,56,0.5,54.44444444444444,455.55555555555554,-0.7864923747276688,1,0.9747831887925282,0.002086036447885631,467.2896246758061,9.991184532463889,malha_global,True,0.9747290505599415,,
7,57,0.5,72.22222222222223,633.3333333333333,-0.7952755905511812,1,0.9549699799866577,0.001557773940200624,613.035020898904,9.926303053420312,malha_global,True,0.9548188025558736,,
7,58,0.5,90.0,722.2222222222222,-0.7783857729138167,1,0.9933955970647097,0.0015281660333749114,650.0573729353372,8.608972042562737,malha_global,True,0.9931649091085648,,
7,60,0.5,0.001,0.004555555555555556,-0.64,1,0.05445026528424215,0.004438773321255994,12.266962366268102,9008.282483798186,malha_global,False,,,
7,80,0.5,0.001,0.003666666666666667,-0.5714285714285715,1,0.05223961889991197,0.00410011760878029,12.741004986794097,9136.929841410965,malha_global,False,,,
7,81,0.5,0.001888888888888889,0.007222222222222223,-0.5853658536585367,1,0.07244359600749899,0.007854804491258624,9.222838848264052,3517.0605675085785,malha_global,False,,,
7,100,0.5,0.001,0.002777777777777778,-0.47058823529411764,1,0.04920395356814511,0.0036503166730957395,13.479365757715618,9553.928739137165,malha_global,False,,,
7,101,0.5,0.001888888888888889,0.0054444444444444445,-0.48484848484848486,1,0.06823386941416697,0.006995882783171939,9.753432344278027,3660.613876183728,malha_global,False,,,
7,120,0.5,0.001,0.001888888888888889,-0.3076923076923077,1,0.0446683592150963,0.0029971777965749416,14.90347328281344,11034.367427111936,malha_global,False,,,
7,140,0.5,0.002777777777777778,0.004555555555555556,-0.2424242424242424,1,0.07144963260755134,0.007668908059615329,9.31679347987062,2591.8311574147056,malha_global,False,,,
7,160,0.5,0.001888888888888889,0.002777777777777778,-0.19047619047619047,1,0.05701642722807478,0.004884432729056885,11.673090897309553,4976.905663224046,malha_global,False,,,
7,180,0.5,0.001,0.001,0.0,1,0.03647539469256077,0.0020127622054152694,18.122058628895623,18225.23367792527,malha_global,False,,,
7,220,0.5,0.002777777777777778,0.001888888888888889,0.19047619047619047,1,0.05272298614228227,0.004183649230966813,12.602152625997842,6217.149131642177,malha_global,False,,,
7,240,0.5,0.004555555555555556,0.002777777777777778,0.2424242424242424,1,0.06486344335482389,0.006303316130091864,10.290368119911918,3416.074777741963,malha_global,False,,,
7,260,0.5,0.001888888888888889,0.001,0.3076923076923077,1,0.03944573020752785,0.0023388359207270615,16.86553975760111,15437.826015530143,malha_global,False,,,
7,261,0.5,0.006333333333333334,0.002777777777777778,0.39024390243902446,1,0.06668067692136219,0.006682510977214451,9.978386440175736,3290.343731386498,malha_global,False,,,
7,280,0.5,0.002777777777777778,0.001,0.47058823529411764,1,0.040550853544838394,0.002476377948974616,16.375066480312153,15051.783068213697,malha_global,False,,,
7,281,0.5,0.0054444444444444445,0.001888888888888889,0.48484848484848486,1,0.05597576014951104,0.004695937961702909,11.920038255618756,5793.3947204459455,malha_global,False,,,
7,300,0.5,0.003666666666666667,0.001,0.5714285714285715,1,0.041304750199016145,0.0025621541821938126,16.121102502757843,14932.75536643064,malha_global,False,,,
7,301,0.5,0.007222222222222223,0.001888888888888889,0.5853658536585367,1,0.056754460540854715,0.004852386772164492,11.696194719354242,5761.895775495544,malha_global,False,,,
7,320,0.5,0.004555555555555556,0.001,0.64,1,0.04168693834703355,0.002609620909037061,15.974327229933122,14954.25937537197,malha_global,False,,,
7,321,0.5,0.01,0.001888888888888889,0.6822429906542055,1,0.05754399373371572,0.004988869352408512,11.534475984209688,5763.221188335473,malha_global,False,,,
7,340,0.5,0.006333333333333334,0.001,0.7272727272727273,1,0.04207266283844442,0.0026881278135765657,15.651288092014703,14916.99298387959,malha_global,False,,,
7,360,0.5,0.009,0.001,0.8000000000000002,1,0.04265795188015926,0.00273752263013035,15.582684654602492,14983.815490739575,malha_global,False,,,
7,380,0.5,0.027777777777777776,0.001,0.9305019305019304,1,0.04325138310350088,0.0028049450282320518,15.419690107353759,15210.883691851155,malha_global,False,,,
8,0,0.6,0.001,0.027777777777777776,-0.9305019305019304,1,0.06546361740672747,0.00674363892505634,9.707461822057821,8799.86124797619,malha_global,False,,,
8,1,0.6,0.001888888888888889,0.7222222222222222,-0.9947828755562373,1,0.07943282347242814,0.007072577589883444,11.231099618623935,5962.020825413271,malha_global,False,,,
8,2,0.6,0.002777777777777778,54.44444444444444,-0.9998979643895719,1,0.019860949173573717,0.00015865898796837627,125.18010752427325,20347.86853483948,malha_global,True,0.019900465138188217,,
8,4,0.6,0.0054444444444444445,45.55555555555556,-0.9997610041726721,1,0.03033891184194272,0.00015392619351075124,197.10038395657233,45107.272085348144,malha_global,True,0.0303694615824588,,
8,6,0.6,0.00811111111111111,90.0,-0.999819769329431,1,0.02654605561975539,0.00025071606006520086,105.88095398775754,4680.331014752035,malha_global,True,0.026605064391624657,,
8,7,0.6,0.01,2.7777777777777777,-0.9928258270227184,1,0.13482321547698467,0.010732989703816198,12.561571304689432,1268.3816252437412,malha_global,False,,,
8,8,0.6,0.01888888888888889,722.2222222222222,-0.9999476936757038,1,0.01445439770745928,6.72169551594274e-05,215.04094723088633,3520.0551434446807,malha_global,True,0.014447944684695947,,
8,9,0.6,0.03666666666666667,90.0,-0.999185517011588,1,0.05649369748123028,0.0002936102366451268,192.41051717659155,5503.765384471572,malha_global,True,0.056559608212443095,,
8,10,0.6,0.05444444444444445,81.11111111111111,-0.998658434749278,1,0.07244359600749899,0.0003820290631975365,189.6284942332789,4358.389510173122,malha_global,True,0.07251988911786103,,
8,11,0.6,0.07222222222222222,100.0,-0.9985565980125465,1,0.07550922276654341,0.0005937461938457234,127.17424305066523,1449.6547964647145,malha_global,True,0.07536397023851854,,
8,12,0.6,0.09,188.88888888888889,-0.9990475126557345,1,0.061376200516479455,0.0003179003415468007,193.06742552663715,1299.787980176451,malha_global,True,0.061454839675249374,,
8,13,0.6,0.18888888888888888,633.3333333333333,-0.9994036866197801,1,0.048752849010338654,0.0002267654588323023,214.99239461505636,1318.0660322164329,malha_global,True,0.04877433245177302,,
8,14,0.6,0.4555555555555556,45.55555555555556,-0.9801980198019802,1,0.27711807871914607,0.003714397369630862,74.606470752128,167.00960217406862,malha_global,True,0.27704637082286104,,
8,15,0.6,0.7222222222222222,36.66666666666667,-0.9613670133729569,1,0.3863909272848566,0.007775009293644164,49.69652288399443,70.69423348041398,malha_global,True,0.3863018132900613,,
8,16,0.6,1.0,45.55555555555556,-0.9570405727923628,1,0.40860573715810544,0.006820006527270106,59.91280734472567,61.71491204270586,malha_global,True,0.40873360466457237,,
8,17,0.6,3.6666666666666665,544.4444444444445,-0.9866207176160553,1,0.23088725817211475,0.0006249342481285947,369.4584812138578,251.06801994293676,malha_global,True,0.2309234066968365,,
8,18,0.6,8.11111111111111,900.0,-0.9821363024593173,1,0.2669112741827885,0.0006155174817167319,433.6371948987536,165.47944019055905,malha_global,True,0.2669424277428129,,
8,19,0.6,100.0,3000.0,-0.9354838709677419,1,0.5070713809206138,0.0008058648134880997,629.2263571179011,3.3232542468795234,malha_global,True,0.5068476570887245,,
8,20,0.6,0.001,0.009,-0.8000000000000002,1,0.05970352865838372,0.005687844591873555,10.496687751223808,8148.706659421913,malha_global,False,,,
8,32,0.6,3.6666666666666665,36.66666666666667,-0.8181818181818183,1,0.8408939292861908,0.01889657055998506,44.49981686448695,13.33395527219863,malha_global,True,0.841165991925812,,
8,33,0.6,5.444444444444445,63.333333333333336,-0.8416801292407108,1,0.7874583055370247,0.01043519370379542,75.4617813419808,15.06229657144739,malha_global,True,0.787773604235336,,
8,34,0.6,7.222222222222221,72.22222222222223,-0.818181818181818,1,0.8444963308872581,0.009669896058445482,87.33251379157203,13.282863942769925,malha_global,True,0.8444662618008135,,
8,35,0.6,10.0,100.0,-0.8181818181818182,1,0.8450967311541027,0.007060728259791871,119.68974021654441,13.180023221932835,malha_global,True,0.8454316945587588,,
8,36,0.6,36.66666666666667,633.3333333333333,-0.8905472636815921,1,0.6589726484322881,0.0009342643200875855,705.3385581186603,21.262384229084663,malha_global,True,0.6589363514423263,,
8,37,0.6,54.44444444444444,900.0,-0.8859138533178114,1,0.6727818545697131,0.0007689986302876761,874.8804329053627,20.53379792249732,malha_global,True,0.6727763913719539,,
8,38,0.6,72.22222222222223,1000.0,-0.8652849740932643,1,0.7304202801867912,0.0012220952317705258,597.6786924604768,10.451907818495137,malha_global,True,0.7306740942412829,,
8,39,0.6,277.77777777777777,3000.0,-0.8305084745762712,1,0.8186791194129419,0.0010897070547735144,751.2836737421112,2.234908622126011,malha_global,True,0.8189410486977791,,
8,40,0.6,0.001,0.006333333333333334,-0.7272727272727273,1,0.056754460540854715,0.005148882578933624,11.022675244734176,8012.301142605712,malha_global,False,,,
8,52,0.6,4.555555555555555,36.66666666666667,-0.7789757412398921,1,0.9267511674449632,0.02003671549326691,46.2526489312276,11.200835256535399,malha_global,True,0.9272884572099134,,
8,55,0.6,10.0,81.11111111111111,-0.7804878048780488,1,0.9273515677118078,0.009247232581827247,100.28422660572508,11.206315522397098,malha_global,True,0.9276915805709205,,
8,56,0.6,54.44444444444444,455.55555555555554,-0.7864923747276688,1,0.9177451634422948,0.0017907708065258987,512.4861093881262,10.756827141682002,malha_global,True,0.9175318918466384,,
8,57,0.6,72.22222222222223,633.3333333333333,-0.7952755905511812,1,0.8985323549032688,0.0015431555446056011,582.2694659940552,9.506179930347411,malha_global,True,0.8988252713228883,,
8,58,0.6,90.0,722.2222222222222,-0.7783857729138167,1,0.9345563709139425,0.001398791831181967,668.1168348861821,9.251071234746068,malha_global,True,0.9347927077078572,,
8,60,0.6,0.001,0.004555555555555556,-0.64,1,0.05345643593969719,0.0045713754635588605,11.69373121193612,8033.842303552768,malha_global,False,,,
8,80,0.6,0.001,0.003666666666666667,-0.5714285714285715,1,0.051050499997540646,0.004165690550635828,12.254990949759478,8199.265550992759,malha_global,False,,,
8,100,0.6,0.001,0.002777777777777778,-0.47058823529411764,1,0.04764309868054156,0.0036366548961675182,13.100802809403264,8713.970167721056,malha_global,False,,,
8,101,0.6,0.001888888888888889,0.0054444444444444445,-0.48484848484848486,1,0.06606934480075957,0.006996709158817546,9.442917134478316,3326.457937196891,malha_global,False,,,
8,120,0.6,0.001,0.001888888888888889,-0.3076923076923077,1,0.04265795188015926,0.0029175277812833675,14.621266729256233,10387.8510152893,malha_global,False,,,
8,160,0.6,0.001888888888888889,0.002777777777777778,-0.19047619047619047,1,0.05395106225151279,0.004690619535178971,11.501905419292184,4793.219655625382,malha_global,False,,,
8,180,0.6,0.001,0.001,0.0,1,0.034197944251370904,0.0018864186623780352,18.12850187150963,18229.485420878987,malha_global,False,,,
8,220,0.6,0.002777777777777778,0.001888888888888889,0.19047619047619047,1,0.04897788193684462,0.003851489153494654,12.71660907895962,6366.093206078197,malha_global,False,,,
8,240,0.6,0.004555555555555556,0.002777777777777778,0.2424242424242424,1,0.05997910762555094,0.005769729656106219,10.395479719240202,3514.697132678092,malha_global,False,,,
8,260,0.6,0.001888888888888889,0.001,0.3076923076923077,1,0.03647539469256077,0.002133586291329176,17.09581414203661,15923.62915676714,malha_global,False,,,
8,261,0.6,0.006333333333333334,0.002777777777777778,0.39024390243902446,1,0.061376200516479455,0.0060560205935736855,10.134741051179464,3409.763166011219,malha_global,False,,,
8,280,0.6,0.002777777777777778,0.001,0.47058823529411764,1,0.03732501577957206,0.002233519650188441,16.71129948483908,15637.660856233973,malha_global,False,,,
8,281,0.6,0.0054444444444444445,0.001888888888888889,0.48484848484848486,1,0.05128613839913648,0.004229942186013837,12.124548313854595,6024.025278095863,malha_global,False,,,
8,300,0.6,0.003666666666666667,0.001,0.5714285714285715,1,0.037844258471709316,0.0022965792920280545,16.47853335744831,15510.951650988942,malha_global,False,,,
8,301,0.6,0.007222222222222223,0.001888888888888889,0.5853658536585367,1,0.05199959965335162,0.004331098738211574,12.006098866917924,6007.484345694422,malha_global,False,,,
8,320,0.6,0.004555555555555556,0.001,0.64,1,0.038018939632056124,0.0023248460159651096,16.35331517484326,15562.241121098277,malha_global,False,,,
8,321,0.6,0.01,0.001888888888888889,0.6822429906542055,1,0.052480746024977286,0.004436817324638319,11.828466710482704,5999.378982141879,malha_global,False,,,
8,340,0.6,0.006333333333333334,0.001,0.7272727272727273,1,0.03837072454922788,0.002370991542134916,16.183408446357284,15585.426568764497,malha_global,False,,,
8,360,0.6,0.009,0.001,0.8000000000000002,1,0.038725764492161724,0.002403021664601823,16.11544542549038,15660.774612471003,malha_global,False,,,
8,380,0.6,0.027777777777777776,0.001,0.9305019305019304,1,0.039084089579240214,0.0024712174668393774,15.815722454093748,15728.365185845743,malha_global,False,,,
9,1,0.7,0.001888888888888889,0.7222222222222222,-0.9947828755562373,1,0.07979946872679769,0.007251878813849338,11.003971629310733,5848.723435053355,malha_global,False,,,
9,2,0.7,0.002777777777777778,54.44444444444444,-0.9998979643895719,1,0.019054607179632484,9.698624046356255e-05,196.46711831036737,45797.74473259394,malha_global,True,0.019031643417472828,,
9,4,0.7,0.0054444444444444445,45.55555555555556,-0.9997610041726721,1,0.029107171180666053,0.0001940962215531382,149.96258529791788,18264.22023596169,malha_global,True,0.029055089225552236,,
9,6,0.7,0.00811111111111111,90.0,-0.999819769329431,1,0.025468302525850417,0.00016464254703739065,154.6884628799293,6204.275289772709,malha_global,True,0.025422497954175286,,
9,7,0.7,0.01,2.7777777777777777,-0.9928258270227184,1,0.13182121414276185,0.009925175066736153,13.281500150516806,1345.996096159244,malha_global,False,,,
9,8,0.7,0.01888888888888889,722.2222222222222,-0.9999476936757038,1,0.013803842646028852,6.720090556932602e-05,205.4115570182084,619.7196215600989,malha_global,True,0.013790126415090363,,
9,9,0.7,0.03666666666666667,90.0,-0.999185517011588,1,0.05395106225151279,0.0003442070896066893,156.74012500195846,2761.1757048343634,malha_global,True,0.05404475647987782,,
9,10,0.7,0.05444444444444445,81.11111111111111,-0.998658434749278,1,0.06918309709189363,0.00046270459166329603,149.51893354504952,2277.37126957274,malha_global,True,0.06930407592459592,,
9,11,0.7,0.07222222222222222,100.0,-0.9985565980125465,1,0.07211074791828997,0.00041253119067687083,174.80071700753697,1983.4881312070338,malha_global,True,0.07200279367695891,,
9,12,0.7,0.09,188.88888888888889,-0.9990475126557345,1,0.05861381645140291,0.0002962175436898237,197.8742235226243,1354.0699672776075,malha_global,True,0.05868281453125022,,
9,13,0.7,0.18888888888888888,633.3333333333333,-0.9994036866197801,1,0.04655860935229591,0.00021457627578198163,216.97929644189267,14364.92710098946,malha_global,True,0.04655432278944666,,
9,14,0.7,0.4555555555555556,45.55555555555556,-0.9801980198019802,1,0.26511007338225484,0.003166194385665899,83.73145836606558,187.08428653737977,malha_global,True,0.26489003706925307,,
9,15,0.7,0.7222222222222222,36.66666666666667,-0.9613670133729569,1,0.3689793195463642,0.006501101402782983,56.756431977574145,80.47101028094349,malha_global,True,0.3693200698875328,,
9,16,0.7,1.0,45.55555555555556,-0.9570405727923628,1,0.39059372915276847,0.005680166741149684,68.76448297250356,70.59677248503914,malha_global,True,0.3905492311784412,,
9,17,0.7,3.6666666666666665,544.4444444444445,-0.9866207176160553,1,0.22008005336891262,0.0012728959475693247,172.89712783607285,29.46147504661569,malha_global,True,0.22037749055466005,,
9,18,0.7,8.11111111111111,900.0,-0.9821363024593173,1,0.25490326884589726,0.00071070121962169,358.664459562323,28.916740578975325,malha_global,True,0.25471601895935153,,
9,19,0.7,100.0,3000.0,-0.9354838709677419,1,0.4830553702468312,0.0008756576582651943,551.6486559414492,2.3685531222376084,malha_global,True,0.4832943227227647,,
9,20,0.7,0.001,0.009,-0.8000000000000002,1,0.05970352865838372,0.006024255961220255,9.910523231866522,7264.326848875325,malha_global,False,,,
9,32,0.7,3.6666666666666665,36.66666666666667,-0.8181818181818183,1,0.8012675116744495,0.015846381700681533,50.564698415663436,14.994912089537024,malha_global,True,0.8016697734350291,,
9,33,0.7,5.444444444444445,63.333333333333336,-0.8416801292407108,1,0.7508338892595062,0.008696218841168779,86.34027075135032,17.042543182286785,malha_global,True,0.7507416712192583,,
9,34,0.7,7.222222222222221,72.22222222222223,-0.818181818181818,1,0.8042695130086723,0.008087555432436555,99.44531691034955,14.96438870865535,malha_global,True,0.804404086957799,,
9,35,0.7,10.0,100.0,-0.8181818181818182,1,0.8054703135423615,0.005922979926276661,135.9907214895292,14.810566221985296,malha_global,True,0.8052023637577801,,
9,36,0.7,36.66666666666667,633.3333333333333,-0.8905472636815921,1,0.6277518345563708,0.0012189196675087555,515.0067320181802,17.416072124523133,malha_global,True,0.6279852329044399,,
9,37,0.7,54.44444444444444,900.0,-0.8859138533178114,1,0.6409606404269512,0.0008167745778548952,784.7460704645263,17.280469045194195,malha_global,True,0.6411181012372613,,
9,38,0.7,72.22222222222223,1000.0,-0.8652849740932643,1,0.696197464976651,0.0007453991314536612,933.9928577847171,17.084637006706973,malha_global,True,0.6960941070302744,,
9,39,0.7,277.77777777777777,3000.0,-0.8305084745762712,1,0.7796531020680453,0.0006652234879005459,1172.0167977361125,4.78309651563849,malha_global,True,0.7797977472986345,,
9,40,0.7,0.001,0.006333333333333334,-0.7272727272727273,1,0.05623413251903491,0.005356516655545165,10.498265222571519,7145.441180086436,malha_global,False,,,
9,52,0.7,4.555555555555555,36.66666666666667,-0.7789757412398921,1,0.8829219479653101,0.0170549130227593,51.7693609335372,12.52991344608631,malha_global,True,0.8831489290774099,,
9,53,0.7,7.222222222222221,45.55555555555556,-0.7263157894736842,1,0.9825883922615076,0.012826937860470844,76.6035045113596,10.328909382146293,malha_global,True,0.9824411943692367,,
9,55,0.7,10.0,81.11111111111111,-0.7804878048780488,1,0.8829219479653101,0.007765042916191289,113.70470936152643,12.57016952502892,malha_global,True,0.8831261685054383,,
9,56,0.7,54.44444444444444,455.55555555555554,-0.7864923747276688,1,0.8733155436957971,0.0014542821217490287,600.513153971447,12.664832339172568,malha_global,True,0.8732235361218639,,
9,57,0.7,72.22222222222223,633.3333333333333,-0.7952755905511812,1,0.8553035356904602,0.0012815019802940864,667.4227186868493,11.468056186474335,malha_global,True,0.8555027261436862,,
9,58,0.7,90.0,722.2222222222222,-0.7783857729138167,1,0.8895263509006003,0.000918447936965161,968.5103696131904,12.474508040581838,malha_global,True,0.8895281532841632,,
9,59,0.7,455.55555555555554,3000.0,-0.7363344051446945,1,0.9687791861240826,0.0006313884267550307,1534.363230417517,7.637903585678527,malha_global,True,0.968850050864853,,
9,60,0.7,0.001,0.004555555555555556,-0.64,1,0.052480746024977286,0.0046713424814267615,11.234617507416875,7202.099529676527,malha_global,False,,,
9,80,0.7,0.001,0.003666666666666667,-0.5714285714285715,1,0.04965923214503363,0.004197808369784561,11.82979968844605,7422.142186616016,malha_global,False,,,
9,100,0.7,0.001,0.002777777777777778,-0.47058823529411764,1,0.04613175745603795,0.003615260271106424,12.760286672782113,7994.48276331156,malha_global,False,,,
9,120,0.7,0.001,0.001888888888888889,-0.3076923076923077,1,0.04073802778041126,0.0028295419987209025,14.397392863872291,9866.882412006165,malha_global,False,,,
9,160,0.7,0.001888888888888889,0.002777777777777778,-0.19047619047619047,1,0.05128613839913648,0.004481417362202575,11.4441780923368,4666.987381869555,malha_global,False,,,
9,180,0.7,0.001,0.001,0.0,1,0.032210687912834345,0.0017702827204247665,18.19522245865091,18263.07263401187,malha_global,False,,,
9,220,0.7,0.002777777777777778,0.001888888888888889,0.19047619047619047,1,0.045919801283686855,0.0035839116583715747,12.812760374945034,6467.089822881258,malha_global,False,,,
9,221,0.7,0.0054444444444444445,0.003666666666666667,0.19512195121951215,1,0.06397348354826482,0.006946457552701582,9.209511907747075,2397.105522473239,malha_global,False,,,
9,240,0.7,0.004555555555555556,0.002777777777777778,0.2424242424242424,1,0.05597576014951104,0.005337262027647338,10.487729449960156,3590.005540444943,malha_global,False,,,
9,260,0.7,0.001888888888888889,0.001,0.3076923076923077,1,0.03388441561392028,0.0019577071333309395,17.308214817743274,16395.891662573467,malha_global,False,,,
9,261,0.7,0.006333333333333334,0.002777777777777778,0.39024390243902446,1,0.05701642722807478,0.005552127562003253,10.269293453967903,3503.117796215908,malha_global,False,,,
9,280,0.7,0.002777777777777778,0.001,0.47058823529411764,1,0.03451437393358565,0.002037161250414643,16.942386827042093,16085.728374491908,malha_global,False,,,
9,281,0.7,0.0054444444444444445,0.001888888888888889,0.48484848484848486,1,0.04764309868054156,0.003856842152161262,12.352877509867433,6201.836003929409,malha_global,False,,,
9,300,0.7,0.003666666666666667,0.001,0.5714285714285715,1,0.03499451670283573,0.0020868296319790022,16.769225511547578,15977.6194854711,malha_global,False,,,
9,301,0.7,0.007222222222222223,0.001888888888888889,0.5853658536585367,1,0.04808393484497285,0.003930776729884081,12.232680243426305,6189.3246576189385,malha_global,False,,,
9,320,0.7,0.004555555555555556,0.001,0.64,1,0.035156044052829835,0.00210639211115371,16.690170774317142,16057.08898520166,malha_global,False,,,
9,321,0.7,0.01,0.001888888888888889,0.6822429906542055,1,0.0485288500162121,0.0040002806588886886,12.131361310457107,6191.092594853917,malha_global,False,,,
9,340,0.7,0.006333333333333334,0.001,0.7272727272727273,1,0.035481338923357565,0.002144835636454165,16.542684353200695,16010.798466345426,malha_global,False,,,
9,360,0.7,0.009,0.001,0.8000000000000002,1,0.03564511334262443,0.002164139080535643,16.47080525610302,16113.501391026499,malha_global,False,,,
9,380,0.7,0.027777777777777776,0.001,0.9305019305019304,1,0.03597493351557424,0.002204202334430354,16.321066788485854,16226.316205653622,malha_global,False,,,
10,1,0.8,0.001888888888888889,0.7222222222222222,-0.9947828755562373,1,0.08053784411990669,0.007399889994400749,10.883654240920745,5758.977444302787,malha_global,False,,,
10,2,0.8,0.002777777777777778,54.44444444444444,-0.9998979643895719,1,0.018365383433483474,8.959970368008219e-05,204.9714751184613,63731.468064837114,malha_global,True,0.018347882867423178,,
10,4,0.8,0.0054444444444444445,45.55555555555556,-0.9997610041726721,1,0.028054336379517132,0.00014621458565448886,191.8709836911257,31034.52799116415,malha_global,True,0.02801958581784647,,
10,6,0.8,0.00811111111111111,90.0,-0.999819769329431,1,0.02454708915685031,0.00022361672458992912,109.77304672476998,3872.0282721689136,malha_global,True,0.02449383018808969,,
10,7,0.8,0.01,2.7777777777777777,-0.9928258270227184,1,0.13002001334222815,0.009264215604710607,14.034648899591287,1418.7052438888472,malha_global,False,,,
10,8,0.8,0.01888888888888889,722.2222222222222,-0.9999476936757038,1,0.013304544179780914,0.00012417884214434294,107.14018547794144,111.37401038057811,malha_global,True,0.013275083718388451,,
10,9,0.8,0.03666666666666667,90.0,-0.999185517011588,1,0.05199959965335162,0.0002777502111114688,187.2171381806178,3908.5215878568806,malha_global,True,0.05206974629076178,,
10,10,0.8,0.05444444444444445,81.11111111111111,-0.998658434749278,1,0.06668067692136219,0.0003772794332852908,176.74082136075427,2837.5411835591203,malha_global,True,0.06677755543489237,,
10,11,0.8,0.07222222222222222,100.0,-0.9985565980125465,1,0.0695024317588797,0.0005679843651329869,122.36680448520184,1154.7478304525396,malha_global,True,0.06936386991239173,,
10,12,0.8,0.09,188.88888888888889,-0.9990475126557345,1,0.05649369748123028,0.00026251787934723075,215.19942802260115,9742.026440270456,malha_global,True,0.05650961686213254,,
10,13,0.8,0.18888888888888888,633.3333333333333,-0.9994036866197801,1,0.04487453899331323,0.00023118295970180058,194.10833329236817,122.1299554574753,malha_global,True,0.0448159353817643,,
10,14,0.8,0.4555555555555556,45.55555555555556,-0.9801980198019802,1,0.2555036691127418,0.002748555583453549,92.9592512703354,208.89769660137267,malha_global,True,0.25530255158084775,,
10,15,0.8,0.7222222222222222,36.66666666666667,-0.9613670133729569,1,0.35577051367578383,0.005561863697117919,63.96606120717039,90.68399785543424,malha_global,True,0.3558933723093107,,
10,16,0.8,1.0,45.55555555555556,-0.9570405727923628,1,0.376184122748499,0.00484820808919606,77.59240441572685,79.19753146932767,malha_global,True,0.3761808614432327,,
10,17,0.8,3.6666666666666665,544.4444444444445,-0.9866207176160553,1,0.21227484989993328,0.0006856334247743456,309.6039986233121,67.53815670198703,malha_global,True,0.2121061929604547,,
10,18,0.8,8.11111111111111,900.0,-0.9821363024593173,1,0.24529686457638425,0.0006857201909073463,357.72151356926935,28.213539100093545,malha_global,True,0.2451232263199289,,
10,19,0.8,100.0,3000.0,-0.9354838709677419,1,0.46444296197464974,0.001091214858593259,425.62008601439584,1.585524085365128,malha_global,True,0.46470981078152934,,
10,20,0.8,0.001,0.009,-0.8000000000000002,1,0.059156163417547425,0.006293278865283761,9.399895457338852,6526.061979213217,malha_global,False,,,
10,32,0.8,3.6666666666666665,36.66666666666667,-0.8181818181818183,1,0.7700466977985323,0.01362394565300995,56.52156265232937,16.56524364014898,malha_global,True,0.7699758417288703,,
10,33,0.8,5.444444444444445,63.333333333333336,-0.8416801292407108,1,0.7208138759172781,0.007489705941749136,96.24061098304483,18.839461305310476,malha_global,True,0.7211342570630216,,
10,34,0.8,7.222222222222221,72.22222222222223,-0.818181818181818,1,0.7724482988659106,0.006964875918109348,110.90625417424461,16.506920490583166,malha_global,True,0.7722895413737152,,
10,35,0.8,10.0,100.0,-0.8181818181818182,1,0.7730486991327551,0.005030168490782527,153.68246621347157,16.525820807219002,malha_global,True,0.7729641502477194,,
10,36,0.8,36.66666666666667,633.3333333333333,-0.8905472636815921,1,0.6031354236157438,0.001322452240043015,456.0735014491909,14.877973862549116,malha_global,True,0.603422112924552,,
10,37,0.8,54.44444444444444,900.0,-0.8859138533178114,1,0.6157438292194796,0.0010558407477012643,583.1786948553115,12.424968291993308,malha_global,True,0.6159807361946761,,
10,38,0.8,72.22222222222223,1000.0,-0.8652849740932643,1,0.6685790527018012,0.0006809601670025867,981.8181519261486,22.074843676853124,malha_global,True,0.6685666150799914,,
10,39,0.8,277.77777777777777,3000.0,-0.8305084745762712,1,0.748432288192128,0.0006212183500454715,1204.7813593036085,9.871369234819383,malha_global,True,0.7485044545534921,,
10,40,0.8,0.001,0.006333333333333334,-0.7272727272727273,1,0.0554625712957911,0.005512693033345312,10.060885117366004,6412.545492271689,malha_global,False,,,
10,52,0.8,4.555555555555555,36.66666666666667,-0.7789757412398921,1,0.847498332221481,0.014749742216650152,57.45851824208751,13.761729269487711,malha_global,True,0.847566984459445,,
10,53,0.8,7.222222222222221,45.55555555555556,-0.7263157894736842,1,0.9417611741160773,0.012791393291876951,73.6245968384174,11.267981162326642,malha_global,True,0.9417847148251401,,
10,54,0.8,9.0,54.44444444444444,-0.7162872154115587,1,0.9591727818545697,0.010817686335194532,88.66709129233789,10.879683494714762,malha_global,True,0.9590026324472762,,
10,55,0.8,10.0,81.11111111111111,-0.7804878048780488,1,0.847498332221481,0.006722775653210222,126.06375341660974,13.744951645026003,malha_global,True,0.8472431032544646,,
10,56,0.8,54.44444444444444,455.55555555555554,-0.7864923747276688,1,0.8378919279519679,0.001552034052904716,539.8669741709646,11.39479886472592,malha_global,True,0.8376009803709622,,
10,57,0.8,72.22222222222223,633.3333333333333,-0.7952755905511812,1,0.8204803202134756,0.0012710487100924261,645.5144588076512,11.277496939550952,malha_global,True,0.8207123825731611,,
10,58,0.8,90.0,722.2222222222222,-0.7783857729138167,1,0.852901934623082,0.0011293162215711972,755.2374776273514,10.691387282694203,malha_global,True,0.853102537523781,,
10,59,0.8,455.55555555555554,3000.0,-0.7363344051446945,1,0.9285523682454969,0.0006262497011244594,1482.7190601101117,7.4899398096532686,malha_global,True,0.9284799828477551,,
10,60,0.8,0.001,0.004555555555555556,-0.64,1,0.05128613839913648,0.004720684541606485,10.864131662922645,6516.198860298237,malha_global,False,,,
10,80,0.8,0.001,0.003666666666666667,-0.5714285714285715,1,0.04830588020397728,0.0041983197369295094,11.5060031705223,6775.112383647932,malha_global,False,,,
10,100,0.8,0.001,0.002777777777777778,-0.47058823529411764,1,0.044463126746910886,0.0035565863277627133,12.501630116449505,7442.12182573959,malha_global,False,,,
10,120,0.8,0.001,0.001888888888888889,-0.3076923076923077,1,0.03890451449942805,0.0027428058041773715,14.184203066865093,9427.760657861729,malha_global,False,,,
10,160,0.8,0.001888888888888889,0.002777777777777778,-0.19047619047619047,1,0.048752849010338654,0.004292319904064687,11.35815831531366,4555.439099258798,malha_global,False,,,
10,180,0.8,0.001,0.001,0.0,1,0.03047894989627983,0.0016757837673942455,18.187877510994735,18224.84103154077,malha_global,False,,,
10,220,0.8,0.002777777777777778,0.001888888888888889,0.19047619047619047,1,0.043052661049171055,0.00334017954609786,12.889325395536599,6574.916770479098,malha_global,False,,,
10,221,0.8,0.0054444444444444445,0.003666666666666667,0.19512195121951215,1,0.05997910762555094,0.006489205920366094,9.242904041203115,2430.464266368688,malha_global,False,,,
10,240,0.8,0.004555555555555556,0.002777777777777778,0.2424242424242424,1,0.052480746024977286,0.004976371607813043,10.545986144318691,3646.4893617820953,malha_global,False,,,
10,260,0.8,0.001888888888888889,0.001,0.3076923076923077,1,0.031768740706497725,0.0018192567304186023,17.462483538091895,16692.26552850947,malha_global,False,,,
10,261,0.8,0.006333333333333334,0.002777777777777778,0.39024390243902446,1,0.05345643593969719,0.005138957784265576,10.402194021396658,3577.9617952639364,malha_global,False,,,
10,280,0.8,0.002777777777777778,0.001,0.47058823529411764,1,0.032210687912834345,0.0018822935198095012,17.1124681532635,16424.372490133173,malha_global,False,,,
10,281,0.8,0.0054444444444444445,0.001888888888888889,0.48484848484848486,1,0.044463126746910886,0.0035579213581724764,12.49693915937179,6338.468518759642,malha_global,False,,,
10,300,0.8,0.003666666666666667,0.001,0.5714285714285715,1,0.032508729738543435,0.0019110038219742748,17.011336850681115,16413.70724223107,malha_global,False,,,
10,301,0.8,0.007222222222222223,0.001888888888888889,0.5853658536585367,1,0.04487453899331323,0.0036229501578498788,12.386187233650775,6312.8867567782845,malha_global,False,,,
10,320,0.8,0.004555555555555556,0.001,0.64,1,0.032658783217233596,0.0019325021231919731,16.8997398891806,16383.842424746017,malha_global,False,,,
10,321,0.8,0.01,0.001888888888888889,0.6822429906542055,1,0.045081670454146,0.003665838554613575,12.297778470742875,6332.434311067095,malha_global,False,,,
10,340,0.8,0.006333333333333334,0.001,0.7272727272727273,1,0.03296097121774579,0.0019595520913771314,16.820665989328983,16400.256788677652,malha_global,False,,,
10,360,0.8,0.009,0.001,0.8000000000000002,1,0.03311311214825911,0.001977625099890065,16.743877365886917,16441.640088954024,malha_global,False,,,
10,380,0.8,0.027777777777777776,0.001,0.9305019305019304,1,0.03326595532940047,0.0020053429819445606,16.588661206046066,16524.92901071767,malha_global,False,,,
10,382,0.8,0.9,0.003666666666666667,0.9918849133161194,1,0.9969979986657771,0.003521779618344545,283.0949425320452,276839.4453639997,malha_global,False,,,
11,1,0.9,0.001888888888888889,0.7222222222222222,-0.9947828755562373,1,0.08090958991783821,0.007539703203335857,10.73113725246382,5676.521464188779,malha_global,False,,,
11,2,0.9,0.002777777777777778,54.44444444444444,-0.9998979643895719,1,0.01778279410038923,8.427469746797103e-05,211.00988356733833,107856.88704904217,malha_global,True,0.017794723175869925,,
11,4,0.9,0.0054444444444444445,45.55555555555556,-0.9997610041726721,1,0.027164392688390836,0.00012991411596376817,209.09500470269705,74416.14734191049,malha_global,True,0.027181181814460158,,
11,6,0.9,0.00811111111111111,90.0,-0.999819769329431,1,0.02376840286624876,0.00011687697543790593,203.36257656561597,14734.27865130957,malha_global,True,0.023743782209634468,,
11,7,0.9,0.01,2.7777777777777777,-0.9928258270227184,1,0.12821881254169448,0.00873696109919983,14.675447342147068,1482.3416675368335,malha_global,False,,,
11,8,0.9,0.01888888888888889,722.2222222222222,-0.9999476936757038,1,0.012882495516931335,7.910789769855625e-05,162.8471479045062,163.60073240008106,malha_global,True,0.012860054768709592,,
11,9,0.9,0.03666666666666667,90.0,-0.999185517011588,1,0.05058246620031143,0.0004538507574704115,111.45176110807553,1615.9804704304536,malha_global,True,0.05047451312688768,,
11,10,0.9,0.05444444444444445,81.11111111111111,-0.998658434749278,1,0.06486344335482389,0.0005184631026830949,125.10715423942324,1663.7125091996827,malha_global,True,0.06473619488475275,,
11,11,0.9,0.07222222222222222,100.0,-0.9985565980125465,1,0.06729766562843176,0.0003348611979756416,200.9718236549076,3397.9874275452557,malha_global,True,0.06723279685149625,,
11,12,0.9,0.09,188.88888888888889,-0.9990475126557345,1,0.05470159628939716,0.0002681272589767844,204.0135587039789,1518.1297330808948,malha_global,True,0.054756631495882876,,
11,13,0.9,0.18888888888888888,633.3333333333333,-0.9994036866197801,1,0.04345102241715714,0.0002076143199073871,209.28721311969153,273.7793285661485,malha_global,True,0.04341495862737829,,
11,14,0.9,0.4555555555555556,45.55555555555556,-0.9801980198019802,1,0.2476984656437625,0.0024411415041818707,101.46829473811134,230.43077855605566,malha_global,True,0.2475280544319256,,
11,15,0.9,0.7222222222222222,36.66666666666667,-0.9613670133729569,1,0.34496330887258175,0.004856984959974386,71.02416657975424,99.99274960984361,malha_global,True,0.3449772864580209,,
11,16,0.9,1.0,45.55555555555556,-0.9570405727923628,1,0.3641761174116077,0.004336377510698208,83.98164516653695,85.71188703717728,malha_global,True,0.3645036665510453,,
11,17,0.9,3.6666666666666665,544.4444444444445,-0.9866207176160553,1,0.2056704469646431,0.0008952647998008156,229.7314124384227,31.838779366419843,malha_global,True,0.20542934471012073,,
11,18,0.9,8.11111111111111,900.0,-0.9821363024593173,1,0.23749166110740494,0.00063234091323916,375.57535205314537,49.87591650355626,malha_global,True,0.2373763917498786,,
11,19,0.9,100.0,3000.0,-0.9354838709677419,1,0.44943295530353566,0.0006925230858965126,648.9790224418552,2.805312974772879,malha_global,True,0.44961491937402215,,
11,32,0.9,3.6666666666666665,36.66666666666667,-0.8181818181818183,1,0.7436290860573715,0.011939630107002275,62.282422436290794,18.064324731745504,malha_global,True,0.7438062032865049,,
11,33,0.9,5.444444444444445,63.333333333333336,-0.8416801292407108,1,0.6967978652434956,0.006529605708768815,106.71362044230996,20.71038386920706,malha_global,True,0.6967740675728804,,
11,34,0.9,7.222222222222221,72.22222222222223,-0.818181818181818,1,0.7460306871247497,0.006140452324898682,121.49441892085032,17.920471944642955,malha_global,True,0.7457978473493484,,
11,35,0.9,10.0,100.0,-0.8181818181818182,1,0.7466310873915943,0.004477254260981889,166.7609306664334,17.78536632476225,malha_global,True,0.7463780774967537,,
11,36,0.9,36.66666666666667,633.3333333333333,-0.8905472636815921,1,0.5833222148098732,0.0007279164263946925,801.3587736974395,29.65423132949517,malha_global,True,0.5833563808898274,,
11,37,0.9,54.44444444444444,900.0,-0.8859138533178114,1,0.5953302201467645,0.0006941881583097942,857.5920130880243,22.43139537000106,malha_global,True,0.5954351745160176,,
11,38,0.9,72.22222222222223,1000.0,-0.8652849740932643,1,0.6457638425617077,0.0010689692692681385,604.0995388051005,9.1410549202071,malha_global,True,0.646010660456828,,
11,39,0.9,277.77777777777777,3000.0,-0.8305084745762712,1,0.7226150767178118,0.0006530873629525535,1106.4600506905067,3.932494183586478,malha_global,True,0.7227554021081658,,
11,40,0.9,0.001,0.006333333333333334,-0.7272727272727273,1,0.05445026528424215,0.005614966866580626,9.697344005415475,5800.465182623137,malha_global,False,,,
11,52,0.9,4.555555555555555,36.66666666666667,-0.7789757412398921,1,0.8180787191460973,0.012992390546511468,62.96598891616264,14.898793077521669,malha_global,True,0.8180562761128233,,
11,53,0.9,7.222222222222221,45.55555555555556,-0.7263157894736842,1,0.9075383589059373,0.011413257940351085,79.51615249992504,12.086712500845882,malha_global,True,0.9078734508443961,,
11,54,0.9,9.0,54.44444444444444,-0.7162872154115587,1,0.924349566377585,0.00969826105214211,95.31085639042668,11.677437840251036,malha_global,True,0.9242190168182126,,
11,55,0.9,10.0,81.11111111111111,-0.7804878048780488,1,0.8174783188792528,0.005869475764372911,139.2762065466321,15.012445645402812,malha_global,True,0.8175152695063582,,
11,56,0.9,54.44444444444444,455.55555555555554,-0.7864923747276688,1,0.8078719146097397,0.0014292890308861272,565.2264147783162,12.3490453226481,malha_global,True,0.808130138002439,,
11,57,0.9,72.22222222222223,633.3333333333333,-0.7952755905511812,1,0.7916611074049366,0.0013858950293200722,571.2273228899088,9.579253421113187,malha_global,True,0.7919614257548133,,
11,58,0.9,90.0,722.2222222222222,-0.7783857729138167,1,0.8228819212808538,0.0007948927839503961,1035.2112107388364,14.438774927061836,malha_global,True,0.8229399920181426,,
11,59,0.9,455.55555555555554,3000.0,-0.7363344051446945,1,0.8949299533022014,0.0006158929863657736,1453.0607964590622,10.066571185424978,malha_global,True,0.8948873171293177,,
11,60,0.9,0.001,0.004555555555555556,-0.64,1,0.049888448746001214,0.004739792596537631,10.525449738548518,5938.307236035571,malha_global,False,,,
11,72,0.9,5.444444444444445,27.77777777777778,-0.6722408026755854,1,0.9873915943962641,0.013207185829402834,74.76169466761483,10.14287029546725,malha_global,True,0.9878577798181338,,
11,78,0.9,188.88888888888889,1000.0,-0.6822429906542056,1,0.9783855903935956,0.0008198795619368537,1193.3284299492634,8.109145668441615,malha_global,True,0.9782356562101966,,
11,80,0.9,0.001,0.003666666666666667,-0.5714285714285715,1,0.046773514128719815,0.004177916753110175,11.195415536678684,6223.159660601746,malha_global,False,,,
11,100,0.9,0.001,0.002777777777777778,-0.47058823529411764,1,0.042854852039743964,0.003487655475915334,12.287581825580613,6972.983318251914,malha_global,False,,,
11,120,0.9,0.001,0.001888888888888889,-0.3076923076923077,1,0.03732501577957206,0.0026481670528113177,14.09466058417557,9103.184102916919,malha_global,False,,,
11,160,0.9,0.001888888888888889,0.002777777777777778,-0.19047619047619047,1,0.04655860935229591,0.00411590774346305,11.311869034538256,4468.398014942631,malha_global,False,,,
11,180,0.9,0.001,0.001,0.0,1,0.028840315031266057,0.001580945214649819,18.242450632708493,18269.285657115284,malha_global,False,,,
11,220,0.9,0.002777777777777778,0.001888888888888889,0.19047619047619047,1,0.040550853544838394,0.0031373040664966004,12.925382011225063,6639.6197471104915,malha_global,False,,,
11,221,0.9,0.0054444444444444445,0.003666666666666667,0.19512195121951215,1,0.056754460540854715,0.006102767659751068,9.299790472962185,2453.7277195317724,malha_global,False,,,
11,240,0.9,0.004555555555555556,0.002777777777777778,0.2424242424242424,1,0.049431068698683536,0.004667317663077528,10.590894442374374,3690.426491142779,malha_global,False,,,
11,260,0.9,0.001888888888888889,0.001,0.3076923076923077,1,0.02992264636608189,0.0017038637168935757,17.561643028959974,16900.451357531747,malha_global,False,,,
11,261,0.9,0.006333333333333334,0.002777777777777778,0.39024390243902446,1,0.05011872336272725,0.0047905691709215145,10.461955891785276,3634.265675364243,malha_global,False,,,
11,280,0.9,0.002777777777777778,0.001,0.47058823529411764,1,0.03033891184194272,0.001752421119440524,17.31256916809396,16686.12606461693,malha_global,False,,,
11,281,0.9,0.0054444444444444445,0.001888888888888889,0.48484848484848486,1,0.04168693834703355,0.0033053796650562503,12.611845709507664,6452.617376585609,malha_global,False,,,
11,300,0.9,0.003666666666666667,0.001,0.5714285714285715,1,0.03047894989627983,0.0017720970415794415,17.199368421220562,16704.87345486959,malha_global,False,,,
11,301,0.9,0.007222222222222223,0.001888888888888889,0.5853658536585367,1,0.041879356511791824,0.003359106265922389,12.467410434927704,6422.681903769549,malha_global,False,,,
11,320,0.9,0.004555555555555556,0.001,0.64,1,0.030619634336906787,0.0017877430218847384,17.12753676679205,16709.07780722919,malha_global,False,,,
11,320,0.9,0.004555555555555556,0.001,0.64,2,0.9951967978652434,0.0017139771173606544,580.6359885350993,3265505.965883922,malha_global,False,,,
11,321,0.9,0.01,0.001888888888888889,0.6822429906542055,1,0.04226686142656028,0.0033937829244029064,12.454202984711111,6439.032902026363,malha_global,False,,,
11,321,0.9,0.01,0.001888888888888889,0.6822429906542055,2,0.9909939959973315,0.002850662906835888,347.63633175319626,1053643.551190889,malha_global,False,,,
11,323,0.9,0.04555555555555556,0.00811111111111111,0.6977225672877847,1,0.9927951967978652,0.00766741343469679,129.4824134962178,57144.48815822085,malha_global,False,,,
11,340,0.9,0.006333333333333334,0.001,0.7272727272727273,1,0.03076096814740708,0.001806500164813138,17.027935422629177,16715.054276117047,malha_global,False,,,
11,340,0.9,0.006333333333333334,0.001,0.7272727272727273,2,0.9849899933288858,0.001631032649631381,603.9057486381386,3650509.229812748,malha_global,False,,,
11,341,0.9,0.03666666666666667,0.004555555555555556,0.7789757412398922,1,0.9813875917278184,0.006664286802765984,147.26070782555422,181739.40652018657,malha_global,False,,,
11,342,0.9,0.05444444444444445,0.006333333333333334,0.7915904936014624,1,0.9813875917278184,0.008978982721916107,109.2983049552401,94199.6188271762,malha_global,False,,,
11,343,0.9,0.06333333333333332,0.009,0.7511520737327189,1,0.9873915943962641,0.010744986912726184,91.89323378577724,46589.48813087172,malha_global,False,,,
11,344,0.9,0.09,0.01,0.8,1,0.9825883922615076,0.01278049290442873,76.88188551170968,37838.825661068404,malha_global,False,,,
11,360,0.9,0.009,0.001,0.8000000000000002,1,0.03090295432513592,0.0018205414617153033,16.974595182259318,16760.36725059607,malha_global,False,,,
11,360,0.9,0.009,0.001,0.8000000000000002,2,0.9771847898599065,0.001704136694712921,573.4192526289818,3385518.8256543754,malha_global,False,,,
11,361,0.9,0.04555555555555556,0.003666666666666667,0.8510158013544019,1,0.9729819879919945,0.005486105515108308,177.35385973027275,281550.9437159485,malha_global,False,,,
11,362,0.9,0.07222222222222222,0.0054444444444444445,0.8597997138769671,1,0.9735823882588391,0.008020016890626147,121.39405708693322,127627.365639845,malha_global,False,,,
11,363,0.9,0.09,0.006333333333333334,0.8685121107266437,1,0.9729819879919945,0.009222897642546801,105.49634460903724,94738.41857719663,malha_global,False,,,
11,364,0.9,0.18888888888888888,0.01,0.8994413407821228,1,0.97238158772515,0.01397233915347984,69.59332843584579,38058.477038086654,malha_global,False,,,
11,380,0.9,0.027777777777777776,0.001,0.9305019305019304,1,0.031045595881283555,0.001847950542340264,16.80001448630064,16761.766196867433,malha_global,False,,,
11,380,0.9,0.027777777777777776,0.001,0.9305019305019304,2,0.9633755837224816,0.0016928378625290508,569.0891047788986,3429851.978789315,malha_global,False,,,
11,381,0.9,0.4555555555555556,0.003666666666666667,0.9840309702395356,1,0.9597731821214142,0.005502162017106849,174.43564532221515,282958.4237892579,malha_global,False,,,
11,382,0.9,0.9,0.003666666666666667,0.9918849133161194,1,0.9585723815877251,0.005488593493458538,174.64809203490455,284271.72631189856,malha_global,False,,,
11,386,0.9,18.88888888888889,0.006333333333333334,0.9993296365336328,1,0.9597731821214142,0.00931854849913094,102.99599580459594,95782.1685380078,malha_global,False,,,
11,387,0.9,36.66666666666667,0.01888888888888889,0.998970227458582,1,0.968178785857238,0.02371364786541208,40.8279144293692,10777.820029824246,malha_global,False,,,
11,388,0.9,54.44444444444444,0.027777777777777776,0.9989801121876594,1,0.9735823882588391,0.027332605876882465,35.619815858182825,4991.521380746894,malha_global,False,,,
11,389,0.9,72.22222222222223,0.027777777777777776,0.9992310649750098,1,0.9735823882588391,0.027345801734786956,35.60262733201682,4991.67118837349,malha_global,False,,,
11,390,0.9,90.0,0.009,0.9998000199980002,1,0.9615743829219479,0.01300593944621653,73.933481460401,47431.126120365836,malha_global,False,,,
11,391,0.9,188.88888888888889,0.0054444444444444445,0.9999423546027204,1,0.9591727818545697,0.008051474114493806,119.13008328846531,129601.05219669995,malha_global,False,,,
12,1,1.0,0.001888888888888889,0.7222222222222222,-0.9947828755562373,1,0.08090958991783821,0.007671050921892644,10.547393146215192,5601.346535805506,malha_global,False,,,
12,2,1.0,0.002777777777777778,54.44444444444444,-0.9998979643895719,1,0.017298163592151014,0.00016716206343726087,103.4813954581468,10721.474243747303,malha_global,True,0.017337411491345125,,
12,4,1.0,0.0054444444444444445,45.55555555555556,-0.9997610041726721,1,0.02654605561975539,0.0002478075001439359,107.12369724215952,10072.678771775933,malha_global,True,0.02648759840664864,,
12,6,1.0,0.00811111111111111,90.0,-0.999819769329431,1,0.023120647901755942,0.00010694001892325514,216.20201805227225,169715.8413687197,malha_global,True,0.023124506764409396,,
12,7,1.0,0.01,2.7777777777777777,-0.9928258270227184,1,0.12641761174116078,0.008260670135060919,15.303554030635375,1546.8230856432515,malha_global,False,,,
12,8,1.0,0.01888888888888889,722.2222222222222,-0.9999476936757038,1,0.012531411749414155,6.167302397444042e-05,203.1911351486127,400.05370001301833,malha_global,True,0.012518006563728585,,
12,9,1.0,0.03666666666666667,90.0,-0.999185517011588,1,0.04920395356814511,0.00024183001686004651,203.4650379924538,6156.9066992172275,malha_global,True,0.04915732162642799,,
12,10,1.0,0.05444444444444445,81.11111111111111,-0.998658434749278,1,0.06309573444801936,0.000307215555115245,205.37936116011576,6341.954373172432,malha_global,True,0.0630501681626189,,
12,11,1.0,0.07222222222222222,100.0,-0.9985565980125465,1,0.06546361740672747,0.0003076035844857411,212.81812276723332,10295.260545385281,malha_global,True,0.06547339062942037,,
12,12,1.0,0.09,188.88888888888889,-0.9990475126557345,1,0.053210825926679424,0.00036933166034944925,144.07328598997748,429.02660382273405,malha_global,True,0.05331069118814789,,
12,13,1.0,0.18888888888888888,633.3333333333333,-0.9994036866197801,1,0.04226686142656028,0.00019491527728350555,216.84735037512147,6015.523036602212,malha_global,True,0.04226021287732534,,
12,14,1.0,0.4555555555555556,45.55555555555556,-0.9801980198019802,1,0.2410940627084723,0.0021316555824202887,113.10179031583203,256.60741232142703,malha_global,True,0.2410843215099029,,
12,15,1.0,0.7222222222222222,36.66666666666667,-0.9613670133729569,1,0.33595730486991326,0.004368813653174819,76.89897796985983,108.69921061535321,malha_global,True,0.33590510212096825,,
12,16,1.0,1.0,45.55555555555556,-0.9570405727923628,1,0.35456971314209473,0.0038545524165879974,91.98725943282294,94.10847168418276,malha_global,True,0.35480079994377084,,
12,17,1.0,3.6666666666666665,544.4444444444445,-0.9866207176160553,1,0.19966644429619745,0.0009679839683538471,206.27040408091682,26.159899470012608,malha_global,True,0.19991659680025062,,
12,18,1.0,8.11111111111111,900.0,-0.9821363024593173,1,0.23088725817211475,0.0006197034488927278,372.5770101564852,67.13517220858202,malha_global,True,0.23097719953141296,,
12,19,1.0,100.0,3000.0,-0.9354838709677419,1,0.4368245496997999,0.0009222046459755329,473.6742019313025,1.3488216708858765,malha_global,True,0.4370714082107195,,
12,32,1.0,3.6666666666666665,36.66666666666667,-0.8181818181818183,1,0.7214142761841227,0.010666459552862051,67.63390163426355,19.427621650058573,malha_global,True,0.7217012503780736,,
12,33,1.0,5.444444444444445,63.333333333333336,-0.8416801292407108,1,0.6763842561707805,0.005816030215004542,116.2965512843802,22.337515067367466,malha_global,True,0.6762689831915274,,
12,34,1.0,7.222222222222221,72.22222222222223,-0.818181818181818,1,0.7232154769846564,0.0054521908571446565,132.64676456381582,19.3488653240796,malha_global,True,0.7234403121357591,,
12,35,1.0,10.0,100.0,-0.8181818181818182,1,0.723815877251501,0.003947502879023457,183.36044315452415,19.3849309925551,malha_global,True,0.7239467041240089,,
12,36,1.0,36.66666666666667,633.3333333333333,-0.8905472636815921,1,0.5665110073382255,0.000713729156677223,793.7338723495984,29.991997362770395,malha_global,True,0.5665849283352231,,
12,37,1.0,54.44444444444444,900.0,-0.8859138533178114,1,0.5785190126751167,0.0011543599889511924,501.15996587922035,9.412647538214536,malha_global,True,0.5782534787956226,,
12,38,1.0,72.22222222222223,1000.0,-0.8652849740932643,1,0.6271514342895262,0.0006545599036258398,958.1268739736603,24.15115508183226,malha_global,True,0.6270996884878034,,
12,39,1.0,277.77777777777777,3000.0,-0.8305084745762712,1,0.7010006671114075,0.0006178235452093395,1134.6292522307238,8.48738658199963,malha_global,True,0.7010768920045437,,
12,40,1.0,0.001,0.006333333333333334,-0.7272727272727273,1,0.05345643593969719,0.00569418506419294,9.38789929323693,5262.972153084297,malha_global,False,,,
12,52,1.0,4.555555555555555,36.66666666666667,-0.7789757412398921,1,0.7928619079386257,0.01162477152715291,68.20451533921975,15.956112183130028,malha_global,True,0.7930192689641484,,
12,53,1.0,7.222222222222221,45.55555555555556,-0.7263157894736842,1,0.8787191460973982,0.01027318477920991,85.53522252181068,12.848178607069935,malha_global,True,0.8789437280454852,,
12,54,1.0,9.0,54.44444444444444,-0.7162872154115587,1,0.8943295530353569,0.008732145541507252,102.41807683853457,12.391613307200894,malha_global,True,0.8945178409618066,,
12,55,1.0,10.0,81.11111111111111,-0.7804878048780488,1,0.7922615076717812,0.0052671991150862185,150.41419364660047,16.081274655108135,malha_global,True,0.7923198198420057,,
12,56,1.0,54.44444444444444,455.55555555555554,-0.7864923747276688,1,0.7832555036691127,0.0009828096426035549,796.9554527305974,16.169107766214495,malha_global,True,0.783185372935769,,
12,57,1.0,72.22222222222223,633.3333333333333,-0.7952755905511812,1,0.767645096731154,0.0007764773951352,988.6251699542289,17.259735290701737,malha_global,True,0.7676519194282536,,
12,58,1.0,90.0,722.2222222222222,-0.7783857729138167,1,0.7976651100733821,0.0012883452212164581,619.1392624720766,8.437764657657105,malha_global,True,0.7973870045906088,,
12,59,1.0,455.55555555555554,3000.0,-0.7363344051446945,1,0.8661107404936623,0.0007037657235153816,1230.6804829416114,2.006814140888189,malha_global,True,0.8662931408464589,,
12,60,1.0,0.001,0.004555555555555556,-0.64,1,0.048752849010338654,0.004740128125662144,10.285133168953829,5438.180776014837,malha_global,False,,,
12,72,1.0,5.444444444444445,27.77777777777778,-0.6722408026755854,1,0.9549699799866577,0.01753180204764082,54.47072567849144,10.67827653228733,malha_global,True,0.955330817194248,,
12,78,1.0,188.88888888888889,1000.0,-0.6822429906542056,1,0.9459639759839893,0.000744628278657844,1270.3841676400514,9.224291421298844,malha_global,True,0.9458522817353039,,
12,80,1.0,0.001,0.003666666666666667,-0.5714285714285715,1,0.04549880601500485,0.00413112908392476,11.01364907527385,5771.688592291915,malha_global,False,,,
12,100,1.0,0.001,0.002777777777777778,-0.47058823529411764,1,0.041304750199016145,0.0034135251579940976,12.10032101339139,6579.096577130921,malha_global,False,,,
12,120,1.0,0.001,0.001888888888888889,-0.3076923076923077,1,0.03564511334262443,0.0025651152563767946,13.896105936765148,8795.373443626897,malha_global,False,,,
12,160,1.0,0.001888888888888889,0.002777777777777778,-0.19047619047619047,1,0.044463126746910886,0.003949102393844564,11.259046312958414,4392.27394253982,malha_global,False,,,
12,180,1.0,0.001,0.001,0.0,1,0.027415741719278835,0.0015039650954283591,18.228974729942312,18254.203347886516,malha_global,False,,,
12,220,1.0,0.002777777777777778,0.001888888888888889,0.19047619047619047,1,0.03837072454922788,0.002962898091579118,12.950403072681338,6690.372040067678,malha_global,False,,,
12,221,1.0,0.0054444444444444445,0.003666666666666667,0.19512195121951215,1,0.05370317963702527,0.0057539177205935335,9.333324222697719,2476.6520276710135,malha_global,False,,,
12,240,1.0,0.004555555555555556,0.002777777777777778,0.2424242424242424,1,0.046773514128719815,0.004394733547793579,10.643083049301802,3729.246628644935,malha_global,False,,,
12,260,1.0,0.001888888888888889,0.001,0.3076923076923077,1,0.02818382931264455,0.0016068736359353825,17.539543049530693,17058.714654513562,malha_global,False,,,
12,260,1.0,0.001888888888888889,0.001,0.3076923076923077,2,0.9939959973315543,0.0015412330003597985,644.9355789160415,3852306.9087457936,malha_global,False,,,
12,261,1.0,0.006333333333333334,0.002777777777777778,0.39024390243902446,1,0.04742419852602448,0.004493816742201319,10.553211500741684,3681.538153003689,malha_global,False,,,
12,261,1.0,0.006333333333333334,0.002777777777777778,0.39024390243902446,2,0.9843895930620413,0.004024187294521586,244.61823494203693,499121.0383307836,malha_global,False,,,
12,262,1.0,0.009,0.004555555555555556,0.3278688524590163,1,0.9933955970647097,0.005451372135239496,182.2285421762106,186788.6749946285,malha_global,False,,,
12,263,1.0,0.01888888888888889,0.009,0.354581673306773,1,0.9921947965310206,0.008341894947617834,118.94117616697609,47770.047256381964,malha_global,False,,,
12,280,1.0,0.002777777777777778,0.001,0.47058823529411764,1,0.028575905433749466,0.0016357249259814598,17.469872213754698,16968.670712047828,malha_global,False,,,
12,280,1.0,0.002777777777777778,0.001,0.47058823529411764,2,0.9735823882588391,0.0015563136981154857,625.5695040387641,3765448.8830285734,malha_global,False,,,
12,281,1.0,0.0054444444444444445,0.001888888888888889,0.48484848484848486,1,0.03926449353995997,0.0030929284749294447,12.694924521607524,6535.940273897486,malha_global,False,,,
12,281,1.0,0.0054444444444444445,0.001888888888888889,0.48484848484848486,2,0.97238158772515,0.0027890998156616664,348.636352942596,1072788.3859979473,malha_global,False,,,
12,282,1.0,0.009,0.003666666666666667,0.4210526315789473,1,0.9807871914609739,0.00526962447670265,186.12088884076985,285018.70478129387,malha_global,False,,,
12,283,1.0,0.01888888888888889,0.007222222222222223,0.4468085106382978,1,0.9795863909272848,0.009849226202938044,99.45820826361691,73602.56739586237,malha_global,False,,,
12,284,1.0,0.05444444444444445,0.01888888888888889,0.4848484848484849,1,0.981987991994663,0.018524533662898746,53.01013293313858,10795.896196670892,malha_global,False,,,
12,300,1.0,0.003666666666666667,0.001,0.5714285714285715,1,0.028707805820246922,0.001655816036631834,17.337557545729958,16928.355514428207,malha_global,False,,,
12,300,1.0,0.003666666666666667,0.001,0.5714285714285715,2,0.9621747831887925,0.0016466012884777115,584.3398702052069,3445909.6511075026,malha_global,False,,,
12,301,1.0,0.007222222222222223,0.001888888888888889,0.5853658536585367,1,0.03944573020752785,0.003137079697583728,12.574028717826367,6510.209629765392,malha_global,False,,,
12,301,1.0,0.007222222222222223,0.001888888888888889,0.5853658536585367,2,0.9609739826551034,0.0027716057263018623,346.7210265643828,1073577.2813464496,malha_global,False,,,
12,302,1.0,0.01888888888888889,0.0054444444444444445,0.5525114155251142,1,0.9663775850567043,0.0077627301163814,124.48939620062197,129156.5963743531,malha_global,False,,,
12,303,1.0,0.027777777777777776,0.009,0.5105740181268882,1,0.9735823882588391,0.012275788733406845,79.30915148526226,47383.54637095148,malha_global,False,,,
12,304,1.0,0.07222222222222222,0.01888888888888889,0.5853658536585367,1,0.9705803869246163,0.022523564372011973,43.09177583503036,10785.913931911735,malha_global,False,,,
12,320,1.0,0.004555555555555556,0.001,0.64,1,0.028840315031266057,0.0016676100059962867,17.294400325953834,16942.493581765335,malha_global,False,,,
12,320,1.0,0.004555555555555556,0.001,0.64,2,0.9543695797198132,0.0015710390154531906,607.4766892052712,3642157.4021363314,malha_global,False,,,
12,321,1.0,0.01,0.001888888888888889,0.6822429906542055,1,0.039810717055349734,0.0031685423598681803,12.564363209903863,6515.390173332466,malha_global,False,,,
12,321,1.0,0.01,0.001888888888888889,0.6822429906542055,2,0.9507671781187458,0.00275954658758204,344.5374622038266,1072576.9555677278,malha_global,False,,,
12,322,1.0,0.027777777777777776,0.006333333333333334,0.6286644951140065,1,0.9585723815877251,0.008992699576623187,106.59450740237837,95501.19177965206,malha_global,False,,,
12,323,1.0,0.04555555555555556,0.00811111111111111,0.6977225672877847,1,0.9525683789192795,0.011406642821161439,83.50996816978335,58494.31409359771,malha_global,False,,,
12,324,1.0,0.0811111111111111,0.01888888888888889,0.6222222222222222,1,0.966977985323549,0.023286469915054675,41.52531443584753,10786.453247950372,malha_global,False,,,
12,340,1.0,0.006333333333333334,0.001,0.7272727272727273,1,0.028973435877013242,0.001682591402840522,17.219531627286806,16956.096773255475,malha_global,False,,,
12,340,1.0,0.006333333333333334,0.001,0.7272727272727273,2,0.9453635757171447,0.001643261433765808,575.2971233254627,3437916.3626399655,malha_global,False,,,
12,341,1.0,0.03666666666666667,0.004555555555555556,0.7789757412398922,1,0.9423615743829219,0.006514166269321886,144.6634205241157,184615.5360162149,malha_global,False,,,
12,342,1.0,0.05444444444444445,0.006333333333333334,0.7915904936014624,1,0.9423615743829219,0.00895367234703981,105.24861060997813,96325.37842933444,malha_global,False,,,
12,343,1.0,0.06333333333333332,0.009,0.7511520737327189,1,0.947765176784523,0.012608873967965839,75.16651995986473,47620.27182639419,malha_global,False,,,
12,344,1.0,0.09,0.01,0.8,1,0.9441627751834556,0.013964660098587434,67.61086689671454,38646.04839602858,malha_global,False,,,
12,360,1.0,0.009,0.001,0.8000000000000002,1,0.029107171180666053,0.001697612964871982,17.145940672561395,16925.622551595636,malha_global,False,,,
12,360,1.0,0.009,0.001,0.8000000000000002,2,0.9387591727818545,0.0015943222485035324,588.8139450245993,3575226.9595326353,malha_global,False,,,
12,361,1.0,0.04555555555555556,0.003666666666666667,0.8510158013544019,1,0.9351567711807871,0.005238275095011291,178.52379919324787,286391.22442256927,malha_global,False,,,
12,362,1.0,0.07222222222222222,0.0054444444444444445,0.8597997138769671,1,0.9357571714476317,0.007697132854127209,121.57217358485347,130923.29137615187,malha_global,False,,,
12,363,1.0,0.09,0.006333333333333334,0.8685121107266437,1,0.9351567711807871,0.008934339805086178,104.66993550529801,96656.99011874397,malha_global,False,,,
12,364,1.0,0.18888888888888888,0.01,0.8994413407821228,1,0.9345563709139425,0.013941432874772008,67.03445616447985,38928.05908821456,malha_global,False,,,
12,380,1.0,0.027777777777777776,0.001,0.9305019305019304,1,0.02924152377843337,0.0017134421482139194,17.0659533553056,17027.756019057084,malha_global,False,,,
12,380,1.0,0.027777777777777776,0.001,0.9305019305019304,2,0.9267511674449632,0.0015032130140429922,616.5135338686324,3869653.8970567193,malha_global,False,,,
12,381,1.0,0.4555555555555556,0.003666666666666667,0.9840309702395356,1,0.9237491661107404,0.005179739961057139,178.33890756211076,291579.35987689707,malha_global,False,,,
12,382,1.0,0.9,0.003666666666666667,0.9918849133161194,1,0.9231487658438958,0.005181722156207269,178.15481764842232,291344.44092954777,malha_global,False,,,
12,386,1.0,18.88888888888889,0.006333333333333334,0.9993296365336328,1,0.9237491661107404,0.00889810758788867,103.81411519097244,97553.39474725211,malha_global,False,,,
12,387,1.0,36.66666666666667,0.01888888888888889,0.998970227458582,1,0.9315543695797197,0.02541247362103638,36.657366908531934,11025.305411671583,malha_global,False,,,
12,390,1.0,90.0,0.009,0.9998000199980002,1,0.9255503669112741,0.012540634916299753,73.80410745458234,48504.03898586283,malha_global,False,,,
12,391,1.0,188.88888888888889,0.0054444444444444445,0.9999423546027204,1,0.9231487658438958,0.007675959171653091,120.2649395600012,131762.84449526804,malha_global,False,,,
13,1,1.1,0.001888888888888889,0.7222222222222222,-0.9947828755562373,1,0.08128305161640995,0.007781826155931551,10.445241256700841,5541.020203000043,malha_global,False,,,
13,2,1.1,0.002777777777777778,54.44444444444444,-0.9998979643895719,1,0.016982436524617443,0.00010587264628998672,160.40438318791337,16628.888468086854,malha_global,True,0.016952656807745953,,
13,4,1.1,0.0054444444444444445,45.55555555555556,-0.9997610041726721,1,0.02594179362118815,0.00014249405204662044,182.05527352608834,20021.394127085387,malha_global,True,0.0259037462450399,,
13,6,1.1,0.00811111111111111,90.0,-0.999819769329431,1,0.022594357702209782,0.00010526909313735358,214.63429605809364,60984.698919978975,malha_global,True,0.022604034932871428,,
13,7,1.1,0.01,2.7777777777777777,-0.9928258270227184,1,0.12521681120747166,0.007918351987810754,15.81349394422302,1596.9730353423465,malha_global,False,,,
13,8,1.1,0.01888888888888889,722.2222222222222,-0.9999476936757038,1,0.01224616199265049,6.216675450638857e-05,196.98892261445,276.8727250780974,malha_global,True,0.012230953194108211,,
13,9,1.1,0.03666666666666667,90.0,-0.999185517011588,1,0.04808393484497285,0.000229977655165213,209.08089879614593,9176.81377178413,malha_global,True,0.048050199952558596,,
13,10,1.1,0.05444444444444445,81.11111111111111,-0.998658434749278,1,0.06165950018614822,0.000293520411618238,210.06886657798958,9415.646666853767,malha_global,True,0.06163269246558384,,
13,11,1.1,0.07222222222222222,100.0,-0.9985565980125465,1,0.06397348354826482,0.0003011998280288142,212.39548497399812,8885.073342026353,malha_global,True,0.06399470706608572,,
13,12,1.1,0.09,188.88888888888889,-0.9990475126557345,1,0.05199959965335162,0.0003548046482461653,146.55839462755299,407.9728126466095,malha_global,True,0.05209637458340607,,
13,13,1.1,0.18888888888888888,633.3333333333333,-0.9994036866197801,1,0.041304750199016145,0.00019126138435717616,215.95969483249422,1430.7850056151137,malha_global,True,0.04129102754267107,,
13,14,1.1,0.4555555555555556,45.55555555555556,-0.9801980198019802,1,0.23569046030687124,0.0019711264434411346,119.5714567632758,275.3488551891554,malha_global,True,0.2356481600313257,,
13,15,1.1,0.7222222222222222,36.66666666666667,-0.9613670133729569,1,0.328152101400934,0.003948637455735926,83.10514831495837,117.31055958703347,malha_global,True,0.32822972157374974,,
13,16,1.1,1.0,45.55555555555556,-0.9570405727923628,1,0.3467645096731154,0.0034935867082876992,99.25745047360626,101.45407770923785,malha_global,True,0.34659218331861785,,
13,17,1.1,3.6666666666666665,544.4444444444445,-0.9866207176160553,1,0.1954636424282855,0.0006964642756923101,280.6513546355091,42.321575176754855,malha_global,True,0.19528143463179193,,
13,18,1.1,8.11111111111111,900.0,-0.9821363024593173,1,0.22548365577051369,0.0006277051331790295,359.2190725421435,44.10613453086128,malha_global,True,0.22559391023342618,,
13,19,1.1,100.0,3000.0,-0.9354838709677419,1,0.4266177451634423,0.0006673488159644192,639.2724988159538,2.6118937507383513,malha_global,True,0.4264533888341877,,
13,32,1.1,3.6666666666666665,36.66666666666667,-0.8181818181818183,1,0.7028018679119412,0.009648167579435984,72.84304113973793,20.701311226746636,malha_global,True,0.7026790989971197,,
13,33,1.1,5.444444444444445,63.333333333333336,-0.8416801292407108,1,0.6583722481654436,0.0052888154498808015,124.48387628656657,23.684170003591184,malha_global,True,0.658684233473458,,
13,34,1.1,7.222222222222221,72.22222222222223,-0.818181818181818,1,0.7040026684456303,0.0049426184051282185,142.43516507671148,20.625792907752636,malha_global,True,0.7042161259873739,,
13,35,1.1,10.0,100.0,-0.8181818181818182,1,0.7046030687124749,0.0035422097447034284,198.91624705907068,20.741860436391768,malha_global,True,0.7046635841355463,,
13,36,1.1,36.66666666666667,633.3333333333333,-0.8905472636815921,1,0.552101400933956,0.0008668860814909918,636.878838779341,18.999557179714035,malha_global,True,0.5523030740125653,,
13,37,1.1,54.44444444444444,900.0,-0.8859138533178114,1,0.5635090060040027,0.0006677499728487968,843.8922185199427,23.274563120893397,malha_global,True,0.5636141927149918,,
13,38,1.1,72.22222222222223,1000.0,-0.8652849740932643,1,0.6109406270847231,0.000639358725168071,955.5521853934541,28.34409502750979,malha_global,True,0.6109452165133074,,
13,39,1.1,277.77777777777777,3000.0,-0.8305084745762712,1,0.682388258839226,0.0006217504486826231,1097.527569598194,6.21330849345949,malha_global,True,0.6824798619646152,,
13,52,1.1,4.555555555555555,36.66666666666667,-0.7789757412398921,1,0.7712474983322214,0.010539817872666335,73.17465136967431,16.912272145583874,malha_global,True,0.7713789211820329,,
13,53,1.1,7.222222222222221,45.55555555555556,-0.7263157894736842,1,0.8535023348899266,0.009382806217045903,90.96450626246063,13.48674185560604,malha_global,True,0.8538026418817896,,
13,54,1.1,9.0,54.44444444444444,-0.7162872154115587,1,0.8685123415610406,0.007970861324986145,108.96091478075618,13.010160629279435,malha_global,True,0.8686832465964333,,
13,55,1.1,10.0,81.11111111111111,-0.7804878048780488,1,0.7706470980653769,0.004770666354648179,161.538670025523,17.029877974064135,malha_global,True,0.7705633239817243,,
13,56,1.1,54.44444444444444,455.55555555555554,-0.7864923747276688,1,0.7616410940627084,0.0008940485573042389,851.9012617829513,17.485480396064297,malha_global,True,0.761672361822376,,
13,57,1.1,72.22222222222223,633.3333333333333,-0.7952755905511812,1,0.7466310873915943,0.000765275565222101,975.6369095293202,17.17181720691585,malha_global,True,0.7467088541875742,,
13,58,1.1,90.0,722.2222222222222,-0.7783857729138167,1,0.7754503002001334,0.0007710570979838627,1005.6976353991914,14.053604979766957,malha_global,True,0.7753299542832195,,
13,59,1.1,455.55555555555554,3000.0,-0.7363344051446945,1,0.8414943295530353,0.000608479808587914,1382.9453626503616,14.102531623850664,malha_global,True,0.8414959483453581,,
13,60,1.1,0.001,0.004555555555555556,-0.64,1,0.04742419852602448,0.00470871847056388,10.071572301995223,5020.405267051157,malha_global,False,,,
13,72,1.1,5.444444444444445,27.77777777777778,-0.6722408026755854,1,0.9267511674449632,0.0165027963986365,56.15721996797668,11.132959398959521,malha_global,True,0.9268925768343822,,
13,74,1.1,18.88888888888889,81.11111111111111,-0.6222222222222222,1,0.991594396264176,0.005434784480830901,182.45330606239153,9.530325281828445,malha_global,True,0.9918643718816343,,
13,76,1.1,81.11111111111111,366.66666666666663,-0.6377171215880894,1,0.9741827885256837,0.0013874693293860485,702.129241989628,9.969878606436666,malha_global,True,0.9742459711029104,,
13,77,1.1,100.0,455.55555555555554,-0.64,1,0.9717811874583054,0.001472945540132442,659.7536439608801,7.969919009829864,malha_global,True,0.9715059777598113,,
13,78,1.1,188.88888888888889,1000.0,-0.6822429906542056,1,0.9177451634422948,0.0007505778981319322,1222.7180759337773,8.455455249277506,malha_global,True,0.9176068528667297,,
13,80,1.1,0.001,0.003666666666666667,-0.5714285714285715,1,0.04405548635065534,0.00406959546256673,10.825519822766156,5390.098189190478,malha_global,False,,,
13,100,1.1,0.001,0.002777777777777778,-0.47058823529411764,1,0.039810717055349734,0.003335785667571152,11.934434949574163,6246.585380262433,malha_global,False,,,
13,120,1.1,0.001,0.001888888888888889,-0.3076923076923077,1,0.034197944251370904,0.0024736161385785285,13.82508131234253,8575.217829201423,malha_global,False,,,
13,160,1.1,0.001888888888888889,0.002777777777777778,-0.19047619047619047,1,0.0424619563946313,0.0037850419607020833,11.218358167621233,4338.230486153691,malha_global,False,,,
13,180,1.1,0.001,0.001,0.0,1,0.02606153549998895,0.0014358951744134762,18.150026523095164,18242.55753334098,malha_global,False,,,
13,180,1.1,0.001,0.001,0.0,2,0.991594396264176,0.0015380120055767943,644.7247438047809,3994514.0327093275,malha_global,False,,,
13,200,1.1,0.0054444444444444445,0.004555555555555556,0.08888888888888886,1,0.9807871914609739,0.006334874579085881,154.82345849418553,194714.295653315,malha_global,False,,,
13,201,1.1,0.006333333333333334,0.0054444444444444445,0.0754716981132076,1,0.9831887925283521,0.0074197376967186646,132.50991244113138,136607.42352516332,malha_global,False,,,
13,202,1.1,0.00811111111111111,0.007222222222222223,0.057971014492753555,1,0.986190793862575,0.00908366041720221,108.56755411012207,78247.50002074207,malha_global,False,,,
13,203,1.1,0.01,0.009,0.05263157894736847,1,0.9879919946631086,0.01021412913273867,96.72797179510522,50503.33429149969,malha_global,False,,,
13,220,1.1,0.002777777777777778,0.001888888888888889,0.19047619047619047,1,0.03647539469256077,0.002801495616143332,13.019972075763759,6747.82368035581,malha_global,False,,,
13,220,1.1,0.002777777777777778,0.001888888888888889,0.19047619047619047,2,0.9657771847898599,0.0027176657288376926,355.3701158099783,1106572.6624064578,malha_global,False,,,
13,221,1.1,0.0054444444444444445,0.003666666666666667,0.19512195121951215,1,0.050815944256056046,0.005445739960557444,9.331320375946552,2494.614995396927,malha_global,False,,,
13,221,1.1,0.0054444444444444445,0.003666666666666667,0.19512195121951215,2,0.9657771847898599,0.005178423762845941,186.50022265831163,294351.0215670153,malha_global,False,,,
13,222,1.1,0.00811111111111111,0.006333333333333334,0.123076923076923,1,0.9765843895930619,0.008675877134169285,112.56318807776314,100210.90890894117,malha_global,False,,,
13,223,1.1,0.01,0.00811111111111111,0.1042944785276074,1,0.9801867911941293,0.010620232154357367,92.29429045879841,61470.777622070826,malha_global,False,,,
13,240,1.1,0.004555555555555556,0.002777777777777778,0.2424242424242424,1,0.044463126746910886,0.004151301013937889,10.710648685225923,3762.73206772834,malha_global,False,,,
13,240,1.1,0.004555555555555556,0.002777777777777778,0.2424242424242424,2,0.9597731821214142,0.003935973832613349,243.84643367513408,509161.6278455404,malha_global,False,,,
13,241,1.1,0.007222222222222223,0.004555555555555556,0.22641509433962265,1,0.9627751834556371,0.00640410715628581,150.33714457926368,189718.1759901641,malha_global,False,,,
13,242,1.1,0.009,0.0054444444444444445,0.2461538461538461,1,0.9603735823882588,0.007574521998998551,126.7899918325186,133265.56410428527,malha_global,False,,,
13,243,1.1,0.01,0.006333333333333334,0.2244897959183673,1,0.9633755837224816,0.00879397777578328,109.54946763402228,98516.3541358984,malha_global,False,,,
13,260,1.1,0.001888888888888889,0.001,0.3076923076923077,1,0.026791683248190316,0.0015085120178050526,17.760337956851895,17289.6736492271,malha_global,False,,,
13,260,1.1,0.001888888888888889,0.001,0.3076923076923077,2,0.9507671781187458,0.0014978920295082299,634.7367896943082,3821008.5184577135,malha_global,False,,,
13,261,1.1,0.006333333333333334,0.002777777777777778,0.39024390243902446,1,0.04487453899331323,0.0042338950439128956,10.598878462476227,3720.329431708451,malha_global,False,,,
13,261,1.1,0.006333333333333334,0.002777777777777778,0.39024390243902446,2,0.9423615743829219,0.003895996557883308,241.87946790561494,503455.82080532325,malha_global,False,,,
13,262,1.1,0.009,0.004555555555555556,0.3278688524590163,1,0.9501667778519012,0.00636710571938659,149.2305640471509,188029.6366425564,malha_global,False,,,
13,263,1.1,0.01888888888888889,0.009,0.354581673306773,1,0.9495663775850566,0.012291194985925236,77.25582245440042,48407.82736251841,malha_global,False,,,
13,264,1.1,0.05444444444444445,0.027777777777777776,0.3243243243243244,1,0.9627751834556371,0.03069844001492128,31.362348802990336,5118.748286279835,malha_global,False,,,
13,280,1.1,0.002777777777777778,0.001,0.47058823529411764,1,0.027039583641088435,0.0015384945266809086,17.575352509977815,17155.071291492655,malha_global,False,,,
13,280,1.1,0.002777777777777778,0.001,0.47058823529411764,2,0.9333555703802534,0.0016490268586948353,566.003861889176,3343409.0035428153,malha_global,False,,,
13,281,1.1,0.0054444444444444445,0.001888888888888889,0.48484848484848486,1,0.03715352290971724,0.0029107700656567648,12.76415590090047,6601.743353344924,malha_global,False,,,
13,281,1.1,0.0054444444444444445,0.001888888888888889,0.48484848484848486,2,0.9321547698465643,0.0026418209181495733,352.8455556705483,1090858.8750909911,malha_global,False,,,
13,282,1.1,0.009,0.003666666666666667,0.4210526315789473,1,0.051760683195056764,0.005612757604729214,9.221970168717796,2449.411184907826,malha_global,False,,,
13,282,1.1,0.009,0.003666666666666667,0.4210526315789473,2,0.9399599733155436,0.005141718989693178,182.81045214640054,287042.13761362474,malha_global,False,,,
13,283,1.1,0.01888888888888889,0.007222222222222223,0.4468085106382978,1,0.9387591727818545,0.009886914134851432,94.94966376543341,74884.18344907596,malha_global,False,,,
13,284,1.1,0.05444444444444445,0.01888888888888889,0.4848484848484849,1,0.9411607738492328,0.024598169859837538,38.261414536611746,10967.897494677796,malha_global,False,,,
13,300,1.1,0.003666666666666667,0.001,0.5714285714285715,1,0.027164392688390836,0.0015547868480584072,17.47145772574118,17122.585706883106,malha_global,False,,,
13,300,1.1,0.003666666666666667,0.001,0.5714285714285715,2,0.9231487658438958,0.0014498105794990002,636.7375013658,3861461.244029131,malha_global,False,,,
13,301,1.1,0.007222222222222223,0.001888888888888889,0.5853658536585367,1,0.03732501577957206,0.002942388863434918,12.685276322042348,6588.434050037775,malha_global,False,,,
13,301,1.1,0.007222222222222223,0.001888888888888889,0.5853658536585367,2,0.9219479653102067,0.002750293402522308,335.2180405423958,1042022.525439395,malha_global,False,,,
13,302,1.1,0.01888888888888889,0.0054444444444444445,0.5525114155251142,1,0.9273515677118078,0.0074384003035918855,124.67083376300741,131617.67597178218,malha_global,False,,,
13,303,1.1,0.027777777777777776,0.009,0.5105740181268882,1,0.9333555703802534,0.012223628296426425,76.35667150097485,48200.49036936366,malha_global,False,,,
13,304,1.1,0.07222222222222222,0.01888888888888889,0.5853658536585367,1,0.9315543695797197,0.02474360415637189,37.648289379856934,10965.636207157877,malha_global,False,,,
13,320,1.1,0.004555555555555556,0.001,0.64,1,0.027289777828080404,0.0015661094704798977,17.42520452271966,17111.092163071586,malha_global,False,,,
13,320,1.1,0.004555555555555556,0.001,0.64,2,0.9165443629086056,0.0014836703154545994,617.7547352410126,3758891.741978593,malha_global,False,,,
13,321,1.1,0.01,0.001888888888888889,0.6822429906542055,1,0.037497300224548336,0.002966082194915315,12.642030045164992,6594.989489733949,malha_global,False,,,
13,321,1.1,0.01,0.001888888888888889,0.6822429906542055,2,0.9135423615743828,0.002655411308726152,344.0304553092475,1076790.419467156,malha_global,False,,,
13,322,1.1,0.027777777777777776,0.006333333333333334,0.6286644951140065,1,0.9207471647765176,0.008605131603231397,106.99977725276844,97323.36449131588,malha_global,False,,,
13,323,1.1,0.04555555555555556,0.00811111111111111,0.6977225672877847,1,0.9153435623749165,0.010932354789337073,83.72794151061595,59544.82674132713,malha_global,False,,,
13,324,1.1,0.0811111111111111,0.01888888888888889,0.6222222222222222,1,0.9279519679786523,0.02475839747153552,37.48029205224245,10975.999662852319,malha_global,False,,,
13,340,1.1,0.006333333333333334,0.001,0.7272727272727273,1,0.027415741719278835,0.0015821450678604673,17.32820983119652,17070.646299254735,malha_global,False,,,
13,340,1.1,0.006333333333333334,0.001,0.7272727272727273,2,0.9087391594396264,0.001560347713725485,582.3952901305065,3561040.1483120574,malha_global,False,,,
13,341,1.1,0.03666666666666667,0.004555555555555556,0.7789757412398922,1,0.906337558372248,0.006184443413016716,146.5511927014536,188590.6220206689,malha_global,False,,,
13,342,1.1,0.05444444444444445,0.006333333333333334,0.7915904936014624,1,0.906337558372248,0.008530649174581018,106.24485192438625,97994.30570261099,malha_global,False,,,
13,343,1.1,0.06333333333333332,0.009,0.7511520737327189,1,0.9111407605070045,0.012093235322770735,75.34301088075156,48458.29701972851,malha_global,False,,,
13,344,1.1,0.09,0.01,0.8,1,0.9075383589059373,0.013393689740067605,67.75865176203166,39328.8589032383,malha_global,False,,,
13,360,1.1,0.009,0.001,0.8000000000000002,1,0.027415741719278835,0.0015859515779383972,17.28661965513284,17147.37455488502,malha_global,False,,,
13,360,1.1,0.009,0.001,0.8000000000000002,2,0.9027351567711808,0.0014522434977205512,621.6141839768045,3827074.1298766015,malha_global,False,,,
13,361,1.1,0.04555555555555556,0.003666666666666667,0.8510158013544019,1,0.9003335557038025,0.004952637636682633,181.78869962852002,292953.62779090647,malha_global,False,,,
13,362,1.1,0.07222222222222222,0.0054444444444444445,0.8597997138769671,1,0.9003335557038025,0.007326916694226693,122.88027737687096,133012.8186162953,malha_global,False,,,
13,363,1.1,0.09,0.006333333333333334,0.8685121107266437,1,0.9003335557038025,0.00847591705994577,106.22255377633,98574.80114140904,malha_global,False,,,
13,364,1.1,0.18888888888888888,0.01,0.8994413407821228,1,0.8997331554369579,0.013324318313885586,67.52564253131995,39606.02331086858,malha_global,False,,,
13,380,1.1,0.027777777777777776,0.001,0.9305019305019304,1,0.02754228703338166,0.0015998974055748093,17.215033249889107,17205.25855081432,malha_global,False,,,
13,380,1.1,0.027777777777777776,0.001,0.9305019305019304,2,0.8925283522348232,0.0014078527056250456,633.9642980183545,3948841.7295975722,malha_global,False,,,
13,381,1.1,0.4555555555555556,0.003666666666666667,0.9840309702395356,1,0.8901267511674449,0.004895382946644156,181.82985087563733,296546.4041042854,malha_global,False,,,
13,382,1.1,0.9,0.003666666666666667,0.9918849133161194,1,0.8895263509006003,0.004892672393537079,181.807870904173,296786.1033644942,malha_global,False,,,
13,386,1.1,18.88888888888889,0.006333333333333334,0.9993296365336328,1,0.8907271514342895,0.008463824318823199,105.23932419690574,99223.87936703507,malha_global,False,,,
13,387,1.1,36.66666666666667,0.01888888888888889,0.998970227458582,1,0.8973315543695797,0.024633125514747833,36.42783997639065,11212.025135008473,malha_global,False,,,
13,390,1.1,90.0,0.009,0.9998000199980002,1,0.8919279519679786,0.011930104391424612,74.76279525341778,49322.95433638041,malha_global,False,,,
13,391,1.1,188.88888888888889,0.0054444444444444445,0.9999423546027204,1,0.8901267511674449,0.007278771823313046,122.29078926701261,134358.26232475523,malha_global,False,,,
14,1,1.2,0.001888888888888889,0.7222222222222222,-0.9947828755562373,1,0.08165823713585922,0.007891459027957501,10.347672952056666,5483.39076138837,malha_global,False,,,
14,2,1.2,0.002777777777777778,54.44444444444444,-0.9998979643895719,1,0.016595869074375613,0.00010052500271718126,165.09195350202287,16549.563141085735,malha_global,True,0.016624227081957838,,
14,4,1.2,0.0054444444444444445,45.55555555555556,-0.9997610041726721,1,0.02535128630497907,0.00022614361773013944,112.10259462299369,9657.805989419518,malha_global,True,0.025405143115968868,,
14,6,1.2,0.00811111111111111,90.0,-0.999819769329431,1,0.022181964198002193,0.00010813757221264306,205.12726283870424,13516.942619568123,malha_global,True,0.02216014317620706,,
14,7,1.2,0.01,2.7777777777777777,-0.9928258270227184,1,0.12401601067378253,0.007599347292428699,16.319297684597313,1645.866439242069,malha_global,False,,,
14,8,1.2,0.01888888888888889,722.2222222222222,-0.9999476936757038,1,0.011967405313072431,6.771082606905204e-05,176.7428638496889,158.99685771089278,malha_global,True,0.011986433450685676,,
14,9,1.2,0.03666666666666667,90.0,-0.999185517011588,1,0.047206304126359046,0.00042004421369781775,112.38413144840875,1352.441893030878,malha_global,True,0.04710589605885708,,
14,10,1.2,0.05444444444444445,81.11111111111111,-0.998658434749278,1,0.06053408747539136,0.00041337206917626407,146.43971373300332,1613.0944404971174,malha_global,True,0.06042341483824629,,
14,11,1.2,0.07222222222222222,100.0,-0.9985565980125465,1,0.0628058358813318,0.0003190141747714259,196.87474992712242,2366.3063419238665,malha_global,True,0.06273354863887125,,
14,12,1.2,0.09,188.88888888888889,-0.9990475126557345,1,0.051050499997540646,0.00023626762435963872,216.07065350533713,12951.251568934444,malha_global,True,0.05106135474234118,,
14,13,1.2,0.18888888888888888,633.3333333333333,-0.9994036866197801,1,0.040550853544838394,0.0003532929257043099,114.7796929813919,34.5611589071855,malha_global,True,0.04046536423430563,,
14,14,1.2,0.4555555555555556,45.55555555555556,-0.9801980198019802,1,0.23088725817211475,0.0018389946570850912,125.55080423022213,290.9076385731684,malha_global,True,0.23099431287513095,,
14,15,1.2,0.7222222222222222,36.66666666666667,-0.9613670133729569,1,0.3215476984656438,0.003599651314880714,89.32745711685669,125.38806205957482,malha_global,True,0.3216393422880205,,
14,16,1.2,1.0,45.55555555555556,-0.9570405727923628,1,0.33955970647098066,0.0031634575138233534,107.33815927263362,109.95183188772224,malha_global,True,0.33954338180055843,,
14,17,1.2,3.6666666666666665,544.4444444444445,-0.9866207176160553,1,0.19126084056037357,0.0006125675694697574,312.22815260352456,199.16934980985988,malha_global,True,0.1913252430654491,,
14,18,1.2,8.11111111111111,900.0,-0.9821363024593173,1,0.22128085390260172,0.0011964521120607918,184.94752248918962,6.800621999127516,malha_global,True,0.22099656705978787,,
14,19,1.2,100.0,3000.0,-0.9354838709677419,1,0.4176117411607738,0.0012027869073202302,347.2034311474167,0.7914938740452515,malha_global,True,0.4173262774634058,,
14,32,1.2,3.6666666666666665,36.66666666666667,-0.8181818181818183,1,0.6859906604402934,0.008806149796151908,77.89904513548659,21.926153199295314,malha_global,True,0.6860530777990744,,
14,33,1.2,5.444444444444445,63.333333333333336,-0.8416801292407108,1,0.6433622414943295,0.004760887901508415,135.13492751856015,25.43901027833267,malha_global,True,0.6433671527130929,,
14,34,1.2,7.222222222222221,72.22222222222223,-0.818181818181818,1,0.6871914609739826,0.004529934867739227,151.7000753957732,21.74826395930752,malha_global,True,0.6874258493302412,,
14,35,1.2,10.0,100.0,-0.8181818181818182,1,0.6877918612408271,0.00326472580104753,210.6736991572585,21.95572730005192,malha_global,True,0.687825463305914,,
14,36,1.2,36.66666666666667,633.3333333333333,-0.8905472636815921,1,0.5400933955970647,0.0007282015022241906,741.681243374841,24.816094256426993,malha_global,True,0.5399508702688572,,
14,37,1.2,54.44444444444444,900.0,-0.8859138533178114,1,0.5509006004002668,0.0006382418884075536,863.1533128839164,32.825143069033736,malha_global,True,0.5509455983264502,,
14,38,1.2,72.22222222222223,1000.0,-0.8652849740932643,1,0.5971314209472982,0.0007867166370438827,759.0171515770176,9.646162116554788,malha_global,True,0.5969282647736164,,
14,39,1.2,277.77777777777777,3000.0,-0.8305084745762712,1,0.6661774516344229,0.0006227380856648201,1069.7554348602719,5.300114048707394,malha_global,True,0.6662740498127357,,
14,52,1.2,4.555555555555555,36.66666666666667,-0.7789757412398921,1,0.7520346897931954,0.009701997596262446,77.51338653010035,17.719916677669985,malha_global,True,0.7523806683439684,,
14,53,1.2,7.222222222222221,45.55555555555556,-0.7263157894736842,1,0.8312875250166777,0.008658927528579885,96.00352032892158,14.040591764891321,malha_global,True,0.8316123007111033,,
14,54,1.2,9.0,54.44444444444444,-0.7162872154115587,1,0.8456971314209473,0.007351744272780847,115.03353490573151,13.540804542312504,malha_global,True,0.8458608071064365,,
14,55,1.2,10.0,81.11111111111111,-0.7804878048780488,1,0.7514342895263508,0.0043828456262255955,171.44895203016048,17.939656924877358,malha_global,True,0.7514802019309146,,
14,56,1.2,54.44444444444444,455.55555555555554,-0.7864923747276688,1,0.7430286857905269,0.0011483976527509876,647.0134138733226,14.405627491108563,malha_global,True,0.7428255207646647,,
14,57,1.2,72.22222222222223,633.3333333333333,-0.7952755905511812,1,0.7286190793862575,0.0011222518891381705,649.247362769688,10.828537397436028,malha_global,True,0.7283805426477371,,
14,58,1.2,90.0,722.2222222222222,-0.7783857729138167,1,0.7562374916611073,0.0011362884688262964,665.5330159622633,8.77201011614089,malha_global,True,0.7559894183455532,,
14,59,1.2,455.55555555555554,3000.0,-0.7363344051446945,1,0.819879919946631,0.0008168260965214502,1003.7386457633833,1.0863059238511625,malha_global,True,0.8196528603350779,,
14,60,1.2,0.001,0.004555555555555556,-0.64,1,0.04613175745603795,0.004666289347329267,9.886175936012474,4657.472114785171,malha_global,False,,,
14,72,1.2,5.444444444444445,27.77777777777778,-0.6722408026755854,1,0.9015343562374916,0.015386647341814164,58.59199448781258,11.506682808349588,malha_global,True,0.9016462738761595,,
14,73,1.2,9.0,36.66666666666667,-0.6058394160583942,1,0.9801867911941293,0.011696257443317482,83.8034555877656,9.351183069546265,malha_global,True,0.9802001885996018,,
14,74,1.2,18.88888888888889,81.11111111111111,-0.6222222222222222,1,0.9633755837224816,0.005666919421719596,169.99987330508935,9.848678712617428,malha_global,True,0.963416045776217,,
14,75,1.2,45.55555555555556,188.88888888888889,-0.6113744075829383,1,0.9765843895930619,0.002635891638453458,370.4948926375622,9.134798620324014,malha_global,True,0.9763242903895185,,
14,76,1.2,81.11111111111111,366.66666666666663,-0.6377171215880894,1,0.9465643762508338,0.0012773440906839184,741.0410265757148,10.27412591076613,malha_global,True,0.946618733730101,,
14,77,1.2,100.0,455.55555555555554,-0.64,1,0.9441627751834556,0.0012014137421589854,785.8764570869314,9.483526007001279,malha_global,True,0.9440082137595036,,
14,78,1.2,188.88888888888889,1000.0,-0.6822429906542056,1,0.8925283522348232,0.0006832012746201821,1306.3915209043105,11.12085687125433,malha_global,True,0.892587599420308,,
14,79,1.2,722.2222222222222,3000.0,-0.6119402985074627,1,0.9759839893262174,0.0009202214279804277,1060.5968951061807,0.8823457071938741,malha_global,True,0.9762276963902149,,
14,80,1.2,0.001,0.003666666666666667,-0.5714285714285715,1,0.04265795188015926,0.004002061802774473,10.658993784300424,5062.5492568789805,malha_global,False,,,
14,100,1.2,0.001,0.002777777777777778,-0.47058823529411764,1,0.03837072454922788,0.0032562471512605634,11.783726101495013,5960.365672139835,malha_global,False,,,
14,120,1.2,0.001,0.001888888888888889,-0.3076923076923077,1,0.03296097121774579,0.0023924818131959985,13.776895203945084,8366.016324434371,malha_global,False,,,
14,120,1.2,0.001,0.001888888888888889,-0.3076923076923077,2,0.9939959973315543,0.0026823634789826523,370.5672274171247,1260953.4919691463,malha_global,False,,,
14,140,1.2,0.002777777777777778,0.004555555555555556,-0.2424242424242424,1,0.9843895930620413,0.006236384533801931,157.84619882345854,215156.91276273594,malha_global,False,,,
14,141,1.2,0.004555555555555556,0.007222222222222223,-0.22641509433962265,1,0.9825883922615076,0.009404015500408813,104.48604558539832,85336.4967458364,malha_global,False,,,
14,142,1.2,0.0054444444444444445,0.009,-0.2461538461538461,1,0.9867911941294195,0.010473611171051833,94.21690169832026,55522.76762119905,malha_global,False,,,
14,143,1.2,0.006333333333333334,0.01,-0.2244897959183673,1,0.9837891927951967,0.011972340034972495,82.17183858138362,44563.51575434645,malha_global,False,,,
14,160,1.2,0.001888888888888889,0.002777777777777778,-0.19047619047619047,1,0.040550853544838394,0.003641812574148799,11.134799696361734,4280.340559675131,malha_global,False,,,
14,160,1.2,0.001888888888888889,0.002777777777777778,-0.19047619047619047,2,0.9747831887925282,0.003919014479108918,248.73171405433763,566329.8507253921,malha_global,False,,,
14,161,1.2,0.003666666666666667,0.0054444444444444445,-0.19512195121951215,1,0.9771847898599065,0.0074988417840601285,130.3114291512396,147513.12140625285,malha_global,False,,,
14,162,1.2,0.006333333333333334,0.00811111111111111,-0.123076923076923,1,0.966977985323549,0.01095917509792943,88.23455932429118,65116.57371799698,malha_global,False,,,
14,163,1.2,0.00811111111111111,0.01,-0.1042944785276074,1,0.9651767845230153,0.013319512582744442,72.46337120274289,42627.73017945833,malha_global,False,,,
14,180,1.2,0.001,0.001,0.0,1,0.024888573182823902,0.0013682267120846761,18.190386843787632,18261.416090202427,malha_global,False,,,
14,180,1.2,0.001,0.001,0.0,2,0.9465643762508338,0.0014589800197877256,648.7850165271998,4072007.6931322613,malha_global,False,,,
14,181,1.2,0.004555555555555556,0.0054444444444444445,-0.08888888888888886,1,0.9609739826551034,0.007481581411041938,128.44530184979587,143007.60514786764,malha_global,False,,,
14,182,1.2,0.007222222222222223,0.007222222222222223,0.0,1,0.9495663775850566,0.009795251603465616,96.94149941478733,79431.63317109266,malha_global,False,,,
14,183,1.2,0.009,0.01,-0.05263157894736847,1,0.9579719813208805,0.013392316956311934,71.53145975009042,42007.5793193259,malha_global,False,,,
14,200,1.2,0.0054444444444444445,0.004555555555555556,0.08888888888888886,1,0.9369579719813208,0.006217915468016866,150.68683014440415,195148.93975823038,malha_global,False,,,
14,201,1.2,0.006333333333333334,0.0054444444444444445,0.0754716981132076,1,0.9393595730486991,0.007385954616754842,127.1818771967251,137494.8673812605,malha_global,False,,,
14,202,1.2,0.00811111111111111,0.007222222222222223,0.057971014492753555,1,0.9423615743829219,0.00975949232701312,96.55846255184572,78461.06645147642,malha_global,False,,,
14,203,1.2,0.01,0.009,0.05263157894736847,1,0.943562374916611,0.012113990545261077,77.89030141564103,50562.440960989945,malha_global,False,,,
14,220,1.2,0.002777777777777778,0.001888888888888889,0.19047619047619047,1,0.0348337315036012,0.002668440495309357,13.053966001802436,6769.290682425816,malha_global,False,,,
14,220,1.2,0.002777777777777778,0.001888888888888889,0.19047619047619047,2,0.924349566377585,0.002681868943781085,344.6661957591309,1084809.2581393996,malha_global,False,,,
14,221,1.2,0.0054444444444444445,0.003666666666666667,0.19512195121951215,1,0.0485288500162121,0.00517233292853303,9.382391019051395,2510.50788722147,malha_global,False,,,
14,221,1.2,0.0054444444444444445,0.003666666666666667,0.19512195121951215,2,0.924349566377585,0.004950041583789089,186.73571741391854,297589.58156883076,malha_global,False,,,
14,222,1.2,0.00811111111111111,0.006333333333333334,0.123076923076923,1,0.933955970647098,0.008525239052541211,109.55188058553074,100953.00520102763,malha_global,False,,,
14,223,1.2,0.01,0.00811111111111111,0.1042944785276074,1,0.9369579719813208,0.010896695664435962,85.9855134836254,61734.035001061384,malha_global,False,,,
14,240,1.2,0.004555555555555556,0.002777777777777778,0.2424242424242424,1,0.04226686142656028,0.003943671826325289,10.717641651725499,3785.7822275023013,malha_global,False,,,
14,240,1.2,0.004555555555555556,0.002777777777777778,0.2424242424242424,2,0.9189459639759839,0.003731129130726485,246.29165375390178,516870.7835788984,malha_global,False,,,
14,241,1.2,0.007222222222222223,0.004555555555555556,0.22641509433962265,1,0.9213475650433621,0.006121233565515971,150.5166491659104,192202.42697570033,malha_global,False,,,
14,242,1.2,0.009,0.0054444444444444445,0.2461538461538461,1,0.9195463642428284,0.007319921954513586,125.62242739156812,133876.93792836217,malha_global,False,,,
14,243,1.2,0.01,0.006333333333333334,0.2244897959183673,1,0.9225483655770513,0.008450151569135311,109.17536307238736,99709.17946492795,malha_global,False,,,
14,260,1.2,0.001888888888888889,0.001,0.3076923076923077,1,0.025468302525850417,0.0014298652668183892,17.81167996514822,17422.8125007183,malha_global,False,,,
14,260,1.2,0.001888888888888889,0.001,0.3076923076923077,2,0.9111407605070045,0.0014432356893248066,631.3180634642332,3845668.6488178484,malha_global,False,,,
14,261,1.2,0.006333333333333334,0.002777777777777778,0.39024390243902446,1,0.04265795188015926,0.004007808083518367,10.643711223495206,3751.0214152744506,malha_global,False,,,
14,261,1.2,0.006333333333333334,0.002777777777777778,0.39024390243902446,2,0.9039359573048699,0.003720601475263874,242.9542543899466,509774.2286800636,malha_global,False,,,
14,262,1.2,0.009,0.004555555555555556,0.3278688524590163,1,0.9111407605070045,0.006066569015045986,150.1904549750017,190796.04133474082,malha_global,False,,,
14,263,1.2,0.01888888888888889,0.009,0.354581673306773,1,0.91054036024016,0.011843204767142623,76.88293651447552,48953.104034091535,malha_global,False,,,
14,280,1.2,0.002777777777777778,0.001,0.47058823529411764,1,0.025703957827688646,0.0014548795407780882,17.66741307939614,17295.491820314983,malha_global,False,,,
14,280,1.2,0.002777777777777778,0.001,0.47058823529411764,2,0.895530353569046,0.001591091958833002,562.840097706156,3400267.334385575,malha_global,False,,,
14,281,1.2,0.0054444444444444445,0.001888888888888889,0.48484848484848486,1,0.0353183169791957,0.0027509530185698544,12.838575119525935,6665.825425381016,malha_global,False,,,
14,281,1.2,0.0054444444444444445,0.001888888888888889,0.48484848484848486,2,0.8949299533022014,0.00250137758398028,357.77483536818033,1105171.7860163697,malha_global,False,,,
14,282,1.2,0.009,0.003666666666666667,0.4210526315789473,1,0.04920395356814511,0.005312545884069743,9.261840677120288,2469.162294666707,malha_global,False,,,
14,282,1.2,0.009,0.003666666666666667,0.4210526315789473,2,0.9015343562374916,0.004854966852661402,185.69320524676442,293503.2885928554,malha_global,False,,,
14,283,1.2,0.01888888888888889,0.007222222222222223,0.4468085106382978,1,0.9009339559706471,0.009475565480313364,95.07970345859006,75740.86661550438,malha_global,False,,,
14,284,1.2,0.05444444444444445,0.01888888888888889,0.4848484848484849,1,0.9033355570380253,0.024197804016784508,37.33130313855909,11101.596394581535,malha_global,False,,,
14,300,1.2,0.003666666666666667,0.001,0.5714285714285715,1,0.025822601906345957,0.0014684805111554212,17.58457242720121,17266.4307543837,malha_global,False,,,
14,300,1.2,0.003666666666666667,0.001,0.5714285714285715,2,0.8871247498332221,0.0013576826461985103,653.4109810692191,3948443.280819582,malha_global,False,,,
14,301,1.2,0.007222222222222223,0.001888888888888889,0.5853658536585367,1,0.035481338923357565,0.002774905598221536,12.786503060175416,6659.898586317499,malha_global,False,,,
14,301,1.2,0.007222222222222223,0.001888888888888889,0.5853658536585367,2,0.8865243495663775,0.0025220075579087675,351.51534212747475,1098237.557520417,malha_global,False,,,
14,302,1.2,0.01888888888888889,0.0054444444444444445,0.5525114155251142,1,0.8907271514342895,0.0071375942320737185,124.79375017308912,132820.167560873,malha_global,False,,,
14,303,1.2,0.027777777777777776,0.009,0.5105740181268882,1,0.8961307538358905,0.011730512520480851,76.39314584689235,48758.72035661205,malha_global,False,,,
14,304,1.2,0.07222222222222222,0.01888888888888889,0.5853658536585367,1,0.8949299533022014,0.0240888674035743,37.15118433378117,11111.366959543058,malha_global,False,,,
14,320,1.2,0.004555555555555556,0.001,0.64,1,0.025822601906345957,0.0014827840823669648,17.414944099700204,17207.527823570115,malha_global,False,,,
14,320,1.2,0.004555555555555556,0.001,0.64,2,0.881721147431621,0.0014765865079467977,597.1347717768731,3688263.35781636,malha_global,False,,,
14,321,1.2,0.01,0.001888888888888889,0.6822429906542055,1,0.03564511334262443,0.0027970260010057937,12.743933495722478,6660.236103995236,malha_global,False,,,
14,321,1.2,0.01,0.001888888888888889,0.6822429906542055,2,0.8787191460973982,0.002454323918560042,358.0290032022118,1110757.9438280123,malha_global,False,,,
14,322,1.2,0.027777777777777776,0.006333333333333334,0.6286644951140065,1,0.8853235490326884,0.008221354383582291,107.68585171327042,98563.68272223734,malha_global,False,,,
14,323,1.2,0.04555555555555556,0.00811111111111111,0.6977225672877847,1,0.8805203468979319,0.010459599419444965,84.18298938494686,60264.92336268521,malha_global,False,,,
14,324,1.2,0.0811111111111111,0.01888888888888889,0.6222222222222222,1,0.8919279519679786,0.024050297313281677,37.085942861729826,11120.375189845698,malha_global,False,,,
14,340,1.2,0.006333333333333334,0.001,0.7272727272727273,1,0.02594179362118815,0.0014847854242517403,17.47174588157178,17290.47572555721,malha_global,False,,,
14,340,1.2,0.006333333333333334,0.001,0.7272727272727273,2,0.8751167444963308,0.0016062920737146547,544.8054926104234,3314417.0506322584,malha_global,False,,,
14,341,1.2,0.03666666666666667,0.004555555555555556,0.7789757412398922,1,0.8727151434289525,0.005886596058347404,148.25463387986528,191413.48165905313,malha_global,False,,,
14,342,1.2,0.05444444444444445,0.006333333333333334,0.7915904936014624,1,0.8727151434289525,0.008142249663584789,107.18354011325196,99238.86345746944,malha_global,False,,,
14,343,1.2,0.06333333333333332,0.009,0.7511520737327189,1,0.8769179452968645,0.011564616477150902,75.82767202262681,49039.96219695847,malha_global,False,,,
14,344,1.2,0.09,0.01,0.8,1,0.8739159439626417,0.01279579958852517,68.29709530198795,39851.01093773978,malha_global,False,,,
14,360,1.2,0.009,0.001,0.8000000000000002,1,0.02606153549998895,0.001497858629029094,17.399195755130734,17242.70495039415,malha_global,False,,,
14,360,1.2,0.009,0.001,0.8000000000000002,2,0.8697131420947297,0.001488060616682385,584.4608293133554,3656895.0442750887,malha_global,False,,,
14,361,1.2,0.04555555555555556,0.003666666666666667,0.8510158013544019,1,0.8673115410273515,0.004700975424339338,184.49608065101535,297503.91771293106,malha_global,False,,,
14,362,1.2,0.07222222222222222,0.0054444444444444445,0.8597997138769671,1,0.867911941294196,0.007014616023946929,123.72907345623263,134288.34571058577,malha_global,False,,,
14,363,1.2,0.09,0.006333333333333334,0.8685121107266437,1,0.8673115410273515,0.0081150036721519,106.8775290889501,99618.0654534078,malha_global,False,,,
14,364,1.2,0.18888888888888888,0.01,0.8994413407821228,1,0.8673115410273515,0.012712623782742627,68.22443233195699,40165.30703809162,malha_global,False,,,
14,380,1.2,0.027777777777777776,0.001,0.9305019305019304,1,0.02606153549998895,0.0015114270511795182,17.242999243430585,17271.740254698958,malha_global,False,,,
14,380,1.2,0.027777777777777776,0.001,0.9305019305019304,2,0.8607071380920613,0.0013944459772033957,617.2395002481459,3884975.281861913,malha_global,False,,,
14,381,1.2,0.4555555555555556,0.003666666666666667,0.9840309702395356,1,0.858305537024683,0.00473381956822827,181.313530153394,297603.00937278906,malha_global,False,,,
14,382,1.2,0.9,0.003666666666666667,0.9918849133161194,1,0.858305537024683,0.004755449725388217,180.48882578705303,296432.0964363722,malha_global,False,,,
14,386,1.2,18.88888888888889,0.006333333333333334,0.9993296365336328,1,0.8589059372915276,0.008041831791866128,106.80476283528635,100807.00947732688,malha_global,False,,,
14,387,1.2,36.66666666666667,0.01888888888888889,0.998970227458582,1,0.8655103402268178,0.02363832973887192,36.61469950660406,11358.223447276192,malha_global,False,,,
14,390,1.2,90.0,0.009,0.9998000199980002,1,0.8601067378252167,0.011401289214919896,75.43942808675253,49874.903316258715,malha_global,False,,,
14,391,1.2,188.88888888888889,0.0054444444444444445,0.9999423546027204,1,0.858305537024683,0.006927668774771689,123.89529074345354,136165.65940747713,malha_global,False,,,
15,1,1.35,0.001888888888888889,0.7222222222222222,-0.9947828755562373,1,0.08203515443298186,0.008047365094614484,10.19403910080854,5400.074905004959,malha_global,False,,,
15,2,1.35,0.002777777777777778,54.44444444444444,-0.9998979643895719,1,0.0162181009735893,7.535089759267907e-05,215.23434347469558,249424.02431079838,malha_global,True,0.016212507038376296,,
15,4,1.35,0.0054444444444444445,45.55555555555556,-0.9997610041726721,1,0.024774220576332863,0.00011553715158029929,214.426444113213,160176.58896778748,malha_global,True,0.02477980495889699,,
15,6,1.35,0.00811111111111111,90.0,-0.999819769329431,1,0.02157744409152667,0.0001097877290664219,196.5378487651589,8084.315011382141,malha_global,True,0.021604169570053906,,
15,7,1.35,0.01,2.7777777777777777,-0.9928258270227184,1,0.12221480987324884,0.00714148514605778,17.113360508873072,1726.1727708008793,malha_global,False,,,
15,8,1.35,0.01888888888888889,722.2222222222222,-0.9999476936757038,1,0.011694993910198712,5.928129385499893e-05,197.27966698575227,243.89739362673387,malha_global,True,0.011680551849052196,,
15,9,1.35,0.03666666666666667,90.0,-0.999185517011588,1,0.045919801283686855,0.0002134153766214994,215.16632030281227,30498.478284736855,malha_global,True,0.045923022873741025,,
15,10,1.35,0.05444444444444445,81.11111111111111,-0.998658434749278,1,0.0588843655355589,0.0002783483586218313,211.54917466411277,10413.723068542595,malha_global,True,0.05890825665936657,,
15,11,1.35,0.07222222222222222,100.0,-0.9985565980125465,1,0.061094202490557206,0.0003011048370087366,202.90010315837122,2945.504207547115,malha_global,True,0.06115380774400586,,
15,12,1.35,0.09,188.88888888888889,-0.9990475126557345,1,0.04965923214503363,0.00044648550522520536,111.22249561043583,269.58606763467037,malha_global,True,0.04976574529438773,,
15,13,1.35,0.18888888888888888,633.3333333333333,-0.9994036866197801,1,0.03944573020752785,0.00018268401818600372,215.92326794216513,1208.8393068265325,malha_global,True,0.03943236926960457,,
15,14,1.35,0.4555555555555556,45.55555555555556,-0.9801980198019802,1,0.2248832555036691,0.0017209843322903984,130.67129739895992,290.94994621038126,malha_global,True,0.22513774480709986,,
15,15,1.35,0.7222222222222222,36.66666666666667,-0.9613670133729569,1,0.3131420947298199,0.003235444020539102,96.78489034022692,136.04468382011547,malha_global,True,0.31331358751551186,,
15,16,1.35,1.0,45.55555555555556,-0.9570405727923628,1,0.33055370246831217,0.0028161417295326507,117.3782196406602,120.10336368508595,malha_global,True,0.33063632863887904,,
15,17,1.35,3.6666666666666665,544.4444444444445,-0.9866207176160553,1,0.18645763842561708,0.0006209456773621502,300.2801134194394,108.32282267049139,malha_global,True,0.1863633928544603,,
15,18,1.35,8.11111111111111,900.0,-0.9821363024593173,1,0.2152768512341561,0.0006070972410529563,354.6002792909708,124.15754115464472,malha_global,True,0.21522615248766216,,
15,19,1.35,100.0,3000.0,-0.9354838709677419,1,0.40560373582388254,0.0006713889321924293,604.1263362792982,1.9057155013372908,malha_global,True,0.40577226863021837,,
15,32,1.35,3.6666666666666665,36.66666666666667,-0.8181818181818183,1,0.6643762508338892,0.007841741392527024,84.72305035040081,23.492889355716876,malha_global,True,0.6645586932076518,,
15,33,1.35,5.444444444444445,63.333333333333336,-0.8416801292407108,1,0.623549032688459,0.004260619983319169,146.3517129266931,27.407982467267068,malha_global,True,0.623648780384664,,
15,34,1.35,7.222222222222221,72.22222222222223,-0.818181818181818,1,0.6655770513675783,0.00401303885223514,165.85362760613995,23.4347207635823,malha_global,True,0.6657370929276482,,
15,35,1.35,10.0,100.0,-0.8181818181818182,1,0.6661774516344229,0.00293026224847992,227.34396963275347,23.44714700825744,malha_global,True,0.6660802035361336,,
15,36,1.35,36.66666666666667,633.3333333333333,-0.8905472636815921,1,0.524482988659106,0.0012748168516805158,411.41830527868456,10.76397595269062,malha_global,True,0.5241900769491441,,
15,37,1.35,54.44444444444444,900.0,-0.8859138533178114,1,0.5346897931954636,0.0006397953419213787,835.7200469602185,28.102434531699227,malha_global,True,0.5347691528739767,,
15,38,1.35,72.22222222222223,1000.0,-0.8652849740932643,1,0.5791194129419612,0.0006839035636094781,846.7851956868138,13.174554204743824,malha_global,True,0.578969403202151,,
15,39,1.35,277.77777777777777,3000.0,-0.8305084745762712,1,0.6451634422948632,0.0008425039627113495,765.7690299979073,0.94811005442615,malha_global,True,0.6453975140364071,,
15,52,1.35,4.555555555555555,36.66666666666667,-0.7789757412398921,1,0.7274182788525683,0.008663592019519717,83.9626655102919,18.846437899296333,malha_global,True,0.7276835753676584,,
15,53,1.35,7.222222222222221,45.55555555555556,-0.7263157894736842,1,0.8024683122081387,0.007772610727657225,103.24308528056365,14.790680000397028,malha_global,True,0.8025755438346804,,
15,54,1.35,9.0,54.44444444444444,-0.7162872154115587,1,0.8156771180787191,0.006649316806117467,122.67081594432145,14.114111898216349,malha_global,True,0.8159652335037969,,
15,55,1.35,10.0,81.11111111111111,-0.7804878048780488,1,0.7268178785857238,0.003924836580349922,185.18423982914564,18.99670770137366,malha_global,True,0.7266983884811882,,
15,56,1.35,54.44444444444444,455.55555555555554,-0.7864923747276688,1,0.7184122748498999,0.0007959318202875876,902.605294245331,19.603528583557164,malha_global,True,0.7183855447438928,,
15,57,1.35,72.22222222222223,633.3333333333333,-0.7952755905511812,1,0.7046030687124749,0.0007005106344577516,1005.8420729870734,20.109519070058496,malha_global,True,0.7046437028082593,,
15,58,1.35,90.0,722.2222222222222,-0.7783857729138167,1,0.7310206804536357,0.0007427093737124579,984.2620900280335,13.470094082908673,malha_global,True,0.730881778844006,,
15,59,1.35,455.55555555555554,3000.0,-0.7363344051446945,1,0.791060707138092,0.0006167353749986226,1282.6582343194739,5.598073650462399,malha_global,True,0.7911372749269447,,
15,60,1.35,0.001,0.004555555555555556,-0.64,1,0.04405548635065534,0.0045690233863317845,9.642210736422832,4215.737508581411,malha_global,False,,,
15,60,1.35,0.001,0.004555555555555556,-0.64,2,0.9837891927951967,0.006296862661424707,156.23481814555058,266544.5443105335,malha_global,False,,,
15,72,1.35,5.444444444444445,27.77777777777778,-0.6722408026755854,1,0.8685123415610406,0.014021366156291903,61.9420626977427,11.908481487954234,malha_global,True,0.8683838183660771,,
15,73,1.35,9.0,36.66666666666667,-0.6058394160583942,1,0.9411607738492328,0.011657997530810427,80.73091209376902,9.564534193955055,malha_global,True,0.9413777787133436,,
15,74,1.35,18.88888888888889,81.11111111111111,-0.6222222222222222,1,0.9255503669112741,0.0052175786420910475,177.39078419340154,10.047406389536794,malha_global,True,0.925775098531208,,
15,75,1.35,45.55555555555556,188.88888888888889,-0.6113744075829383,1,0.9375583722481654,0.0023471940288739557,399.4379504697148,9.6269847981487,malha_global,True,0.9377077085081865,,
15,76,1.35,81.11111111111111,366.66666666666663,-0.6377171215880894,1,0.9099399599733154,0.0013736451565988794,662.4272328279527,9.519810871316636,malha_global,True,0.910134164186645,,
15,77,1.35,100.0,455.55555555555554,-0.64,1,0.9075383589059373,0.0011468872186194412,791.3056699667306,9.459571770266372,malha_global,True,0.9077039177186357,,
15,78,1.35,188.88888888888889,1000.0,-0.6822429906542056,1,0.8595063375583721,0.0008358751242781848,1028.2712244853487,5.860527291592885,malha_global,True,0.8597086963083272,,
15,79,1.35,722.2222222222222,3000.0,-0.6119402985074627,1,0.9375583722481654,0.0006116851772296483,1532.7465944072937,7.4089359121498015,malha_global,True,0.9375987866519352,,
15,80,1.35,0.001,0.003666666666666667,-0.5714285714285715,1,0.04073802778041126,0.003892303692368676,10.466302477960033,4651.84661704608,malha_global,False,,,
15,80,1.35,0.001,0.003666666666666667,-0.5714285714285715,2,0.9693795863909273,0.00515604954300386,188.00819858417748,389623.83785967785,malha_global,False,,,
15,81,1.35,0.001888888888888889,0.007222222222222223,-0.5853658536585367,1,0.9735823882588391,0.009838953597330669,98.95182232823767,101608.91833607538,malha_global,False,,,
15,82,1.35,0.0054444444444444445,0.01888888888888889,-0.5525114155251142,1,0.97238158772515,0.021723373394326062,44.761997599282935,14570.152481862551,malha_global,False,,,
15,83,1.35,0.009,0.027777777777777776,-0.5105740181268882,1,0.968178785857238,0.028813135412673607,33.60199339608766,6568.219103493444,malha_global,False,,,
15,91,1.35,2.7777777777777777,10.0,-0.5652173913043478,1,0.9741827885256837,0.02817470301266145,34.57650602698084,8.405581290019473,malha_global,True,0.9759840809027627,,
15,93,1.35,10.0,36.66666666666667,-0.5714285714285715,1,0.9753835890593728,0.011655356992848143,83.68543234307444,8.628513344590413,malha_global,True,0.9752612704979907,,
15,95,1.35,72.22222222222223,277.77777777777777,-0.5873015873015872,1,0.9621747831887925,0.001704986923113827,564.3297142898712,8.93292030967429,malha_global,True,0.9620674221840625,,
15,96,1.35,100.0,366.66666666666663,-0.5714285714285714,1,0.9777851901267511,0.0015497975940568232,630.9115421758106,7.28903536259524,malha_global,True,0.9775165259163627,,
15,100,1.35,0.001,0.002777777777777778,-0.47058823529411764,1,0.03647539469256077,0.0031253140276069,11.670953501108023,5625.203068111912,malha_global,False,,,
15,100,1.35,0.001,0.002777777777777778,-0.47058823529411764,2,0.9507671781187458,0.00391914618101219,242.5954874368052,623902.1017984932,malha_global,False,,,
15,101,1.35,0.001888888888888889,0.0054444444444444445,-0.48484848484848486,1,0.9543695797198132,0.007504031468690164,127.18091384635402,166225.25212590606,malha_global,False,,,
15,102,1.35,0.003666666666666667,0.009,-0.4210526315789473,1,0.9447631754503001,0.012113521755791279,77.99244468262287,58844.67992586117,malha_global,False,,,
15,103,1.35,0.007222222222222223,0.01888888888888889,-0.4468085106382978,1,0.953168779186124,0.02390329797968993,39.876036352640924,13598.617041876167,malha_global,False,,,
15,120,1.35,0.001,0.001888888888888889,-0.3076923076923077,1,0.031045595881283555,0.002263950607264007,13.713018199987268,8150.550495904708,malha_global,False,,,
15,120,1.35,0.001,0.001888888888888889,-0.3076923076923077,2,0.924349566377585,0.002617982334274349,353.0770831705386,1243702.3007369286,malha_global,False,,,
15,121,1.35,0.002777777777777778,0.006333333333333334,-0.39024390243902446,1,0.9387591727818545,0.008548932981222501,109.81009850513666,116889.8874268865,malha_global,False,,,
15,122,1.35,0.004555555555555556,0.009,-0.3278688524590163,1,0.9303535690460306,0.011982075145814175,77.64544602869069,56225.33627818919,malha_global,False,,,
15,123,1.35,0.009,0.01888888888888889,-0.354581673306773,1,0.9387591727818545,0.02423159685372933,38.74111881476668,12970.282723708768,malha_global,False,,,
15,140,1.35,0.002777777777777778,0.004555555555555556,-0.2424242424242424,1,0.9165443629086056,0.006046441724435914,151.58408939997054,211981.33912380555,malha_global,False,,,
15,141,1.35,0.004555555555555556,0.007222222222222223,-0.22641509433962265,1,0.9159439626417611,0.009534390024162342,96.06738976699589,83834.48789951559,malha_global,False,,,
15,142,1.35,0.0054444444444444445,0.009,-0.2461538461538461,1,0.9189459639759839,0.011849788480768897,77.54956685238287,54472.20664842057,malha_global,False,,,
15,143,1.35,0.006333333333333334,0.01,-0.2244897959183673,1,0.9165443629086056,0.013100409400245705,69.96303206306021,43822.2033695047,malha_global,False,,,
15,160,1.35,0.001888888888888889,0.002777777777777778,-0.19047619047619047,1,0.03819442708400464,0.003428382298963646,11.14065578262678,4229.655236679912,malha_global,False,,,
15,160,1.35,0.001888888888888889,0.002777777777777778,-0.19047619047619047,2,0.909339559706471,0.0037538315833431923,242.243036086506,551883.0824650142,malha_global,False,,,
15,161,1.35,0.003666666666666667,0.0054444444444444445,-0.19512195121951215,1,0.9111407605070045,0.007205546040033761,126.44992557742862,145541.6488664989,malha_global,False,,,
15,162,1.35,0.006333333333333334,0.00811111111111111,-0.123076923076923,1,0.9033355570380253,0.010527240030501317,85.80934360960016,64622.77772365457,malha_global,False,,,
15,163,1.35,0.00811111111111111,0.01,-0.1042944785276074,1,0.9021347565043362,0.01293700370613371,69.73289774019426,42275.011243207875,malha_global,False,,,
15,180,1.35,0.001,0.001,0.0,1,0.02333458062281002,0.0012804996482080923,18.223027749725667,18250.607980567132,malha_global,False,,,
15,180,1.35,0.001,0.001,0.0,2,0.8865243495663775,0.0016145563009556385,549.0823386224769,3410982.2385983905,malha_global,False,,,
15,181,1.35,0.004555555555555556,0.0054444444444444445,-0.08888888888888886,1,0.8979319546364242,0.007062590922899181,127.13917094150834,142157.1393051154,malha_global,False,,,
15,182,1.35,0.007222222222222223,0.007222222222222223,0.0,1,0.8889259506337558,0.009253036875144893,96.06856242208978,79413.174261099,malha_global,False,,,
15,183,1.35,0.009,0.01,-0.05263157894736847,1,0.8961307538358905,0.012841448030302072,69.7842448703046,41854.71964109678,malha_global,False,,,
15,200,1.35,0.0054444444444444445,0.004555555555555556,0.08888888888888886,1,0.8787191460973982,0.005800588456495892,151.4879313862284,196870.8016187557,malha_global,False,,,
15,201,1.35,0.006333333333333334,0.0054444444444444445,0.0754716981132076,1,0.8805203468979319,0.006934315320400897,126.9801424096512,138145.14725227508,malha_global,False,,,
15,202,1.35,0.00811111111111111,0.007222222222222223,0.057971014492753555,1,0.8829219479653101,0.009198649049798835,95.98387145606111,78668.9698415274,malha_global,False,,,
15,203,1.35,0.01,0.009,0.05263157894736847,1,0.8841227484989993,0.01145158352925335,77.20528311569191,50649.44195524443,malha_global,False,,,
15,220,1.35,0.002777777777777778,0.001888888888888889,0.19047619047619047,1,0.032508729738543435,0.0024826382344104794,13.094428857156013,6820.920891453652,malha_global,False,,,
15,220,1.35,0.002777777777777778,0.001888888888888889,0.19047619047619047,2,0.867911941294196,0.002439859537593736,355.7220929816957,1123693.5346056232,malha_global,False,,,
15,221,1.35,0.0054444444444444445,0.003666666666666667,0.19512195121951215,1,0.04528975799036209,0.0048136972188454336,9.408518220268297,2528.25282910193,malha_global,False,,,
15,221,1.35,0.0054444444444444445,0.003666666666666667,0.19512195121951215,2,0.8685123415610406,0.004632212609984032,187.49405838779808,300114.41244650277,malha_global,False,,,
15,222,1.35,0.00811111111111111,0.006333333333333334,0.123076923076923,1,0.8763175450300199,0.0080215694421375,109.24514851504027,101511.4965952179,malha_global,False,,,
15,223,1.35,0.01,0.00811111111111111,0.1042944785276074,1,0.8787191460973982,0.010273328551531735,85.53402548061044,61988.06201786571,malha_global,False,,,
15,240,1.35,0.004555555555555556,0.002777777777777778,0.2424242424242424,1,0.03944573020752785,0.0036659115797115713,10.760142286528193,3816.3726682965475,malha_global,False,,,
15,240,1.35,0.004555555555555556,0.002777777777777778,0.2424242424242424,2,0.8637091394262841,0.0035330915840429133,244.4627088998193,518868.17695756,malha_global,False,,,
15,241,1.35,0.007222222222222223,0.004555555555555556,0.22641509433962265,1,0.8661107404936623,0.0057296718691026705,151.16236326973203,194261.85155908277,malha_global,False,,,
15,242,1.35,0.009,0.0054444444444444445,0.2461538461538461,1,0.8649099399599732,0.006835508072793095,126.53191697666412,135596.64795773715,malha_global,False,,,
15,243,1.35,0.01,0.006333333333333334,0.2244897959183673,1,0.8673115410273515,0.007975851781697574,108.74218387778937,100099.19055844478,malha_global,False,,,
15,260,1.35,0.001888888888888889,0.001,0.3076923076923077,1,0.02376840286624876,0.0013281489021965687,17.89588714558979,17562.41551876307,malha_global,False,,,
15,260,1.35,0.001888888888888889,0.001,0.3076923076923077,2,0.8577051367578384,0.0014395842746610654,595.8005737175588,3717133.948199964,malha_global,False,,,
15,261,1.35,0.006333333333333334,0.002777777777777778,0.39024390243902446,1,0.039810717055349734,0.003717466492035061,10.709099097637344,3783.2352209713263,malha_global,False,,,
15,261,1.35,0.006333333333333334,0.002777777777777778,0.39024390243902446,2,0.8517011340893929,0.003460948692593613,246.08892235589124,517865.5903230128,malha_global,False,,,
15,262,1.35,0.009,0.004555555555555556,0.3278688524590163,1,0.8577051367578384,0.005695650879146696,150.5894857246477,192563.11046885938,malha_global,False,,,
15,263,1.35,0.01888888888888889,0.009,0.354581673306773,1,0.8577051367578384,0.011153118544974139,76.90271858038672,49422.27000060081,malha_global,False,,,
15,280,1.35,0.002777777777777778,0.001,0.47058823529411764,1,0.02387811282913178,0.0013511129498010206,17.67292129991673,17437.00855593125,malha_global,False,,,
15,280,1.35,0.002777777777777778,0.001,0.47058823529411764,2,0.8450967311541027,0.001406790282576953,600.7268756548829,3748173.7651281664,malha_global,False,,,
15,281,1.35,0.0054444444444444445,0.001888888888888889,0.48484848484848486,1,0.03296097121774579,0.0025524780572645164,12.913322065173784,6714.61546500814,malha_global,False,,,
15,281,1.35,0.0054444444444444445,0.001888888888888889,0.48484848484848486,2,0.8444963308872581,0.0024358138890007153,346.6998585978627,1096247.378316868,malha_global,False,,,
15,282,1.35,0.009,0.003666666666666667,0.4210526315789473,1,0.04570881896148752,0.004914631559521994,9.300558629451613,2496.32431794645,malha_global,False,,,
15,282,1.35,0.009,0.003666666666666667,0.4210526315789473,2,0.8498999332888592,0.004548107684606673,186.86891169384435,297620.00523250154,malha_global,False,,,
15,283,1.35,0.01888888888888889,0.007222222222222223,0.4468085106382978,1,0.8492995330220147,0.008908175529818374,95.3393352184351,76500.58166025183,malha_global,False,,,
15,284,1.35,0.05444444444444445,0.01888888888888889,0.4848484848484849,1,0.8523015343562375,0.02288918810168339,37.23598803810585,11254.408068294313,malha_global,False,,,
15,300,1.35,0.003666666666666667,0.001,0.5714285714285715,1,0.023988329190194897,0.001355849632572178,17.6924701780438,17459.683995750784,malha_global,False,,,
15,300,1.35,0.003666666666666667,0.001,0.5714285714285715,2,0.8378919279519679,0.0012543694743754052,667.9785701650495,3992024.3378234375,malha_global,False,,,
15,301,1.35,0.007222222222222223,0.001888888888888889,0.5853658536585367,1,0.03296097121774579,0.0025639195172173015,12.855696521051222,6722.286381229541,malha_global,False,,,
15,301,1.35,0.007222222222222223,0.001888888888888889,0.5853658536585367,2,0.8372915276851234,0.002321633396681011,360.64760650071145,1121931.3256248417,malha_global,False,,,
15,302,1.35,0.01888888888888889,0.0054444444444444445,0.5525114155251142,1,0.8414943295530353,0.006690924758069761,125.76652106842624,134335.1690162274,malha_global,False,,,
15,303,1.35,0.027777777777777776,0.009,0.5105740181268882,1,0.8456971314209473,0.011000062818777523,76.88111834937072,49461.670872700946,malha_global,False,,,
15,304,1.35,0.07222222222222222,0.01888888888888889,0.5853658536585367,1,0.8450967311541027,0.022748896383140704,37.148911178847655,11269.517650925543,malha_global,False,,,
15,320,1.35,0.004555555555555556,0.001,0.64,1,0.024099054286865956,0.0013701661358071666,17.588417679487584,17368.361693197436,malha_global,False,,,
15,320,1.35,0.004555555555555556,0.001,0.64,2,0.8330887258172114,0.0014859194897816064,560.6553595576399,3524524.2385347695,malha_global,False,,,
15,321,1.35,0.01,0.001888888888888889,0.6822429906542055,1,0.03311311214825911,0.0025794928387889438,12.83706302662407,6731.335558097994,malha_global,False,,,
15,321,1.35,0.01,0.001888888888888889,0.6822429906542055,2,0.8312875250166777,0.0024683076053305664,336.7844118056542,1077141.5814689123,malha_global,False,,,
15,322,1.35,0.027777777777777776,0.006333333333333334,0.6286644951140065,1,0.8366911274182788,0.007709801551553097,108.52304327466534,100006.97230784537,malha_global,False,,,
15,323,1.35,0.04555555555555556,0.00811111111111111,0.6977225672877847,1,0.8330887258172114,0.009795953252987322,85.04417123092713,61203.11912913733,malha_global,False,,,
15,324,1.35,0.0811111111111111,0.01888888888888889,0.6222222222222222,1,0.8426951300867244,0.022695301195817086,37.13081940688407,11281.369474212031,malha_global,False,,,
15,340,1.35,0.006333333333333334,0.001,0.7272727272727273,1,0.024099054286865956,0.0013689749112140992,17.603722383409707,17468.136500687873,malha_global,False,,,
15,340,1.35,0.006333333333333334,0.001,0.7272727272727273,2,0.8276851234156103,0.0013710898421298578,603.6695028896721,3807549.661878689,malha_global,False,,,
15,341,1.35,0.03666666666666667,0.004555555555555556,0.7789757412398922,1,0.8264843228819212,0.005512140938518151,149.93889526781732,194585.67041690813,malha_global,False,,,
15,342,1.35,0.05444444444444445,0.006333333333333334,0.7915904936014624,1,0.8264843228819212,0.007625466489836197,108.3847557370454,100827.3346270957,malha_global,False,,,
15,343,1.35,0.06333333333333332,0.009,0.7511520737327189,1,0.8300867244829886,0.010827653297665552,76.66358551228785,49840.67510514554,malha_global,False,,,
15,344,1.35,0.09,0.01,0.8,1,0.8276851234156103,0.01198526385581311,69.05856503227213,40483.52525046917,malha_global,False,,,
15,360,1.35,0.009,0.001,0.8000000000000002,1,0.024210290467361777,0.0013832651100601848,17.502277973532063,17382.27244693631,malha_global,False,,,
15,360,1.35,0.009,0.001,0.8000000000000002,2,0.8234823215476984,0.0012109352592436506,680.0382722871947,4042035.4711158304,malha_global,False,,,
15,361,1.35,0.04555555555555556,0.003666666666666667,0.8510158013544019,1,0.8216811207471647,0.004439295501610485,185.09268428944992,300147.567058795,malha_global,False,,,
15,362,1.35,0.07222222222222222,0.0054444444444444445,0.8597997138769671,1,0.8222815210140093,0.006543868850910517,125.65678496133013,136868.4617032291,malha_global,False,,,
15,363,1.35,0.09,0.006333333333333334,0.8685121107266437,1,0.8222815210140093,0.007597730299082395,108.22725848972544,101126.94886624743,malha_global,False,,,
15,364,1.35,0.18888888888888888,0.01,0.8994413407821228,1,0.8222815210140093,0.011917733286273324,68.99646948477204,40717.335883374806,malha_global,False,,,
15,380,1.35,0.027777777777777776,0.001,0.9305019305019304,1,0.024210290467361777,0.0013845344987467624,17.486231285154815,17508.733833134593,malha_global,False,,,
15,380,1.35,0.027777777777777776,0.001,0.9305019305019304,2,0.8162775183455636,0.001281288740128339,637.0753857274996,3990387.9651122554,malha_global,False,,,
15,381,1.35,0.4555555555555556,0.003666666666666667,0.9840309702395356,1,0.8144763175450299,0.004410050479956573,184.68639332968593,302629.7207630887,malha_global,False,,,
15,382,1.35,0.9,0.003666666666666667,0.9918849133161194,1,0.8144763175450299,0.004435070364089855,183.64450858316272,300899.96448519995,malha_global,False,,,
15,386,1.35,18.88888888888889,0.006333333333333334,0.9993296365336328,1,0.8150767178118745,0.007536239559016389,108.15430048753072,102156.88309336863,malha_global,False,,,
15,387,1.35,36.66666666666667,0.01888888888888889,0.998970227458582,1,0.8210807204803201,0.022224406729233093,36.94500062403481,11513.521645882654,malha_global,False,,,
15,390,1.35,90.0,0.009,0.9998000199980002,1,0.8162775183455636,0.01068115576724038,76.42220899437925,50601.82957367156,malha_global,False,,,
15,391,1.35,188.88888888888889,0.0054444444444444445,0.9999423546027204,1,0.8144763175450299,0.006501875079587438,125.26791234455871,137739.15407730843,malha_global,False,,,
16,2,1.5,0.002777777777777778,54.44444444444444,-0.9998979643895719,1,0.01584893192461114,9.076991280729599e-05,174.60556515305169,16338.879676165938,malha_global,True,0.01587440809399717,,
16,4,1.5,0.0054444444444444445,45.55555555555556,-0.9997610041726721,1,0.024210290467361777,0.00023796668941110724,101.73814884459097,7293.047102165216,malha_global,True,0.02426604744905536,,
16,6,1.5,0.00811111111111111,90.0,-0.999819769329431,1,0.021183611352485022,0.00012565253308418484,168.58881259713561,4175.149023493897,malha_global,True,0.021148006883519307,,
16,7,1.5,0.01,2.7777777777777777,-0.9928258270227184,1,0.12101400933955972,0.006846462947339302,17.675405573704104,1781.746945907203,malha_global,False,,,
16,8,1.5,0.01888888888888889,722.2222222222222,-0.9999476936757038,1,0.011428783347897712,5.265555371110342e-05,217.0480137879119,36299.90821901235,malha_global,True,0.011429893010763631,,
16,9,1.5,0.03666666666666667,90.0,-0.999185517011588,1,0.04487453899331323,0.0002782917036661947,161.25000638588685,1756.4397502594686,malha_global,True,0.04495235909065663,,
16,10,1.5,0.05444444444444445,81.11111111111111,-0.998658434749278,1,0.05754399373371572,0.0005045080886521766,114.05960583793201,1122.907366724143,malha_global,True,0.05766458116960768,,
16,11,1.5,0.07222222222222222,100.0,-0.9985565980125465,1,0.05997910762555094,0.000495480362055295,121.05244166842952,773.0343609261989,malha_global,True,0.059857455233725834,,
16,12,1.5,0.09,188.88888888888889,-0.9990475126557345,1,0.048752849010338654,0.00023866673680967426,204.2716536959937,1088.9366695589833,malha_global,True,0.048703290418839196,,
16,13,1.5,0.18888888888888888,633.3333333333333,-0.9994036866197801,1,0.038547835766577165,0.00018745830541115616,205.6341845298847,137.41088510440196,malha_global,True,0.038585731741147086,,
16,14,1.5,0.4555555555555556,45.55555555555556,-0.9801980198019802,1,0.22008005336891262,0.0015955168235258776,137.9365294830081,315.0094734668021,malha_global,True,0.22030410967113806,,
16,15,1.5,0.7222222222222222,36.66666666666667,-0.9613670133729569,1,0.3065376917945297,0.002936217471339597,104.39883788807964,146.87599209643741,malha_global,True,0.30640764942775306,,
16,16,1.5,1.0,45.55555555555556,-0.9570405727923628,1,0.32334889926617744,0.0025432654676870725,127.13926382220781,129.15024489849333,malha_global,True,0.3232448156197734,,
16,17,1.5,3.6666666666666665,544.4444444444445,-0.9866207176160553,1,0.18225483655770514,0.0006049067361077465,301.29410978363074,398.8957127240994,malha_global,True,0.1822836123162431,,
16,18,1.5,8.11111111111111,900.0,-0.9821363024593173,1,0.21047364909939958,0.000602240676943866,349.48427955326827,388.2131516034759,malha_global,True,0.2104766848235288,,
16,19,1.5,100.0,3000.0,-0.9354838709677419,1,0.39599733155436956,0.0006612049604637904,598.9025419237695,1.8494803875899777,malha_global,True,0.3961571194314147,,
16,20,1.5,0.001,0.009,-0.8000000000000002,1,0.943562374916611,0.012330301749880701,76.5238673032264,73758.68224912924,malha_global,False,,,
16,32,1.5,3.6666666666666665,36.66666666666667,-0.8181818181818183,1,0.6463642428285523,0.007123149918163985,90.74135042143755,24.784080769627074,malha_global,True,0.6461965978375832,,
16,33,1.5,5.444444444444445,63.333333333333336,-0.8416801292407108,1,0.6067378252168112,0.0038499308550608013,157.59707071602176,29.065337975899723,malha_global,True,0.6068904139796353,,
16,34,1.5,7.222222222222221,72.22222222222223,-0.818181818181818,1,0.6469646430953969,0.0037019864664751267,174.76148250520455,24.46624876740696,malha_global,True,0.6472258435124794,,
16,35,1.5,10.0,100.0,-0.8181818181818182,1,0.6475650433622414,0.0026309968855100507,246.12915618739058,24.92327548926095,malha_global,True,0.6475256637993955,,
16,36,1.5,36.66666666666667,633.3333333333333,-0.8905472636815921,1,0.510673782521681,0.0011532510787394257,442.81231722746696,11.271046401565567,malha_global,True,0.5109415643596054,,
16,37,1.5,54.44444444444444,900.0,-0.8859138533178114,1,0.5208805870580386,0.0011831284672816356,440.256997834578,5.957429006743215,malha_global,True,0.5211584464759769,,
16,38,1.5,72.22222222222223,1000.0,-0.8652849740932643,1,0.5635090060040027,0.0012211308101996998,461.464899007706,4.57733812783684,malha_global,True,0.5637944878035936,,
16,39,1.5,277.77777777777777,3000.0,-0.8305084745762712,1,0.6277518345563708,0.0006293042627243395,997.5331040008406,3.149510750017795,malha_global,True,0.6276373323246481,,
16,40,1.5,0.001,0.006333333333333334,-0.7272727272727273,1,0.9279519679786523,0.008617868789882799,107.67766261051095,139201.500556988,malha_global,False,,,
16,52,1.5,4.555555555555555,36.66666666666667,-0.7789757412398921,1,0.7064042695130086,0.007874581966401561,89.70689142954129,19.786533721254553,malha_global,True,0.7064430582900514,,
16,53,1.5,7.222222222222221,45.55555555555556,-0.7263157894736842,1,0.7772515010006671,0.007123375974345203,109.11280041934243,15.290562350615819,malha_global,True,0.7774065869118193,,
16,54,1.5,9.0,54.44444444444444,-0.7162872154115587,1,0.7898599066044029,0.006090084844708965,129.69604311680965,14.62933034501595,malha_global,True,0.7900195721795297,,
16,55,1.5,10.0,81.11111111111111,-0.7804878048780488,1,0.7052034689793195,0.0036159959664766594,195.02330077719998,19.771600129440543,malha_global,True,0.7054096488528606,,
16,56,1.5,54.44444444444444,455.55555555555554,-0.7864923747276688,1,0.6973982655103401,0.0007618068265504707,915.4528959371784,20.57206258519576,malha_global,True,0.6974253186342549,,
16,57,1.5,72.22222222222223,633.3333333333333,-0.7952755905511812,1,0.6841894596397597,0.0007305257195930892,936.571350315853,16.121886897895898,malha_global,True,0.6843182893111632,,
16,58,1.5,90.0,722.2222222222222,-0.7783857729138167,1,0.7094062708472314,0.0006854904556762298,1034.8886187589715,16.706660964041347,malha_global,True,0.7093203741064332,,
16,59,1.5,455.55555555555554,3000.0,-0.7363344051446945,1,0.7664442961974649,0.0006079895064792229,1260.620928535149,9.962643619000572,malha_global,True,0.7664855985986151,,
16,60,1.5,0.001,0.004555555555555556,-0.64,1,0.04226686142656028,0.0044577451113998676,9.481668505108226,3855.9794294644225,malha_global,False,,,
16,60,1.5,0.001,0.004555555555555556,-0.64,2,0.9117411607738491,0.006130546627968969,148.7210221376142,250280.86089128902,malha_global,False,,,
16,61,1.5,0.001888888888888889,0.01,-0.6822429906542055,1,0.9213475650433621,0.013385763847599486,68.83040635806454,53862.39900686698,malha_global,False,,,
16,72,1.5,5.444444444444445,27.77777777777778,-0.6722408026755854,1,0.8390927284856571,0.01293822804027045,64.85375940769995,12.185270004106965,malha_global,True,0.8393260394963916,,
16,73,1.5,9.0,36.66666666666667,-0.6058394160583942,1,0.9069379586390927,0.010926138196284407,83.00626830324278,9.644454459351588,malha_global,True,0.9072295954051816,,
16,74,1.5,18.88888888888889,81.11111111111111,-0.6222222222222222,1,0.8925283522348232,0.0048627388997705134,183.5443709052411,10.171843496832798,malha_global,True,0.8927386456326137,,
16,75,1.5,45.55555555555556,188.88888888888889,-0.6113744075829383,1,0.9039359573048699,0.002185484485248801,413.6089564607289,9.687982587635027,malha_global,True,0.9037869301123873,,
16,76,1.5,81.11111111111111,366.66666666666663,-0.6377171215880894,1,0.8781187458305536,0.001069057368030868,821.3953451796414,10.689653247560928,malha_global,True,0.8781786737982074,,
16,77,1.5,100.0,455.55555555555554,-0.64,1,0.8757171447631754,0.0011801732221783379,742.0242455143965,8.89612412943544,malha_global,True,0.8759151597059324,,
16,78,1.5,188.88888888888889,1000.0,-0.6822429906542056,1,0.8312875250166777,0.0008864272526385442,937.7955410805148,4.958726776158643,malha_global,True,0.8310672696739336,,
16,79,1.5,722.2222222222222,3000.0,-0.6119402985074627,1,0.9039359573048699,0.0010466732113556532,863.6276800607998,0.5972158002675515,malha_global,True,0.9036759207461907,,
16,80,1.5,0.001,0.003666666666666667,-0.5714285714285715,1,0.038725764492161724,0.0037681654605949758,10.277087059241582,4326.829729871134,malha_global,False,,,
16,80,1.5,0.001,0.003666666666666667,-0.5714285714285715,2,0.9003335557038025,0.004919590374186655,183.00986204621813,366379.03372836916,malha_global,False,,,
16,81,1.5,0.001888888888888889,0.007222222222222223,-0.5853658536585367,1,0.9039359573048699,0.009530726496559172,94.84439172934121,96383.21331036798,malha_global,False,,,
16,82,1.5,0.0054444444444444445,0.01888888888888889,-0.5525114155251142,1,0.9033355570380253,0.024159437556317997,37.39058721595907,13911.916320960609,malha_global,False,,,
16,92,1.5,8.11111111111111,27.77777777777778,-0.5479876160990713,1,0.9579719813208805,0.015230894994500144,62.89663093776189,8.075313971108994,malha_global,True,0.9578865606247123,,
16,93,1.5,10.0,36.66666666666667,-0.5714285714285715,1,0.9381587725150099,0.011434710107639634,82.04482349650627,8.659560039678894,malha_global,True,0.9384858089496114,,
16,94,1.5,27.77777777777778,90.0,-0.5283018867924528,1,0.9759839893262174,0.004926660375338621,198.10255121536275,7.696968396330549,malha_global,True,0.9760575932675031,,
16,95,1.5,72.22222222222223,277.77777777777777,-0.5873015873015872,1,0.9261507671781187,0.0016023026432046006,578.0123818093565,8.796738348828981,malha_global,True,0.9263030168698834,,
16,96,1.5,100.0,366.66666666666663,-0.5714285714285714,1,0.9405603735823882,0.0011526894818225664,815.970292446174,8.71084786261897,malha_global,True,0.9405335971166146,,
16,97,1.5,277.77777777777777,900.0,-0.5283018867924527,1,0.9771847898599065,0.001106812093024212,882.8822850949191,3.9647647960415635,malha_global,True,0.9769437841738041,,
16,98,1.5,633.3333333333333,2000.0,-0.518987341772152,1,0.9843895930620413,0.0006264965848812309,1571.2609083873274,6.2881589438855885,malha_global,True,0.9844398576523353,,
16,99,1.5,1000.0,3000.0,-0.5,1,0.9992175539010187,0.00015080718847548802,6625.795255532067,7.16688833086251,zoom_D0,True,0.9992195619331472,,
16,100,1.5,0.001,0.002777777777777778,-0.47058823529411764,1,0.034673685045253165,0.003002494944216706,11.548290901218776,5349.252438822082,malha_global,False,,,
16,100,1.5,0.001,0.002777777777777778,-0.47058823529411764,2,0.8847231487658438,0.0036882079367757115,239.87886906921048,602504.0753721711,malha_global,False,,,
16,101,1.5,0.001888888888888889,0.0054444444444444445,-0.48484848484848486,1,0.8883255503669112,0.0070954506482456825,125.19649482539148,159656.60729390424,malha_global,False,,,
16,102,1.5,0.003666666666666667,0.009,-0.4210526315789473,1,0.8811207471647764,0.011468196929970365,76.83167219269693,57093.70372713511,malha_global,False,,,
16,103,1.5,0.007222222222222223,0.01888888888888889,-0.4468085106382978,1,0.8883255503669112,0.023782014490972836,37.352830253471645,13171.762932419328,malha_global,False,,,
16,120,1.5,0.001,0.001888888888888889,-0.3076923076923077,1,0.02924152377843337,0.0021574264475209028,13.553891402432182,7951.019412015683,malha_global,False,,,
16,120,1.5,0.001,0.001888888888888889,-0.3076923076923077,2,0.8643095396931287,0.0025212292979674977,342.81274630193155,1199468.862573606,malha_global,False,,,
16,121,1.5,0.002777777777777778,0.006333333333333334,-0.39024390243902446,1,0.8757171447631754,0.008051789211249383,108.76056511013554,113789.93749964668,malha_global,False,,,
16,122,1.5,0.004555555555555556,0.009,-0.3278688524590163,1,0.8691127418278852,0.011304276618771536,76.88353453635973,55044.73888216501,malha_global,False,,,
16,123,1.5,0.009,0.01888888888888889,-0.354581673306773,1,0.8769179452968645,0.023487130060562578,37.33610462562662,12673.549254950569,malha_global,False,,,
16,140,1.5,0.002777777777777778,0.004555555555555556,-0.2424242424242424,1,0.8577051367578384,0.0057076973606257075,150.27165642570304,208308.50008728902,malha_global,False,,,
16,141,1.5,0.004555555555555556,0.007222222222222223,-0.22641509433962265,1,0.857104736490994,0.008957889622295712,95.68154695249936,82856.32482082031,malha_global,False,,,
16,142,1.5,0.0054444444444444445,0.009,-0.2461538461538461,1,0.8601067378252167,0.01115623671783672,77.0964940578993,53778.58811031417,malha_global,False,,,
16,143,1.5,0.006333333333333334,0.01,-0.2244897959183673,1,0.858305537024683,0.012347179730509361,69.51429846800126,43319.465745446214,malha_global,False,,,
16,160,1.5,0.001888888888888889,0.002777777777777778,-0.19047619047619047,1,0.03597493351557424,0.003243182880016772,11.092477620438165,4181.916443318201,malha_global,False,,,
16,160,1.5,0.001888888888888889,0.002777777777777778,-0.19047619047619047,2,0.8517011340893929,0.0034490705762231233,246.93641816458313,555713.2427711529,malha_global,False,,,
16,161,1.5,0.003666666666666667,0.0054444444444444445,-0.19512195121951215,1,0.8535023348899266,0.006749585482802911,126.45255579984021,144404.77719324955,malha_global,False,,,
16,162,1.5,0.006333333333333334,0.00811111111111111,-0.123076923076923,1,0.847498332221481,0.009928025158710607,85.364240991866,64138.753716638574,malha_global,False,,,
16,163,1.5,0.00811111111111111,0.01,-0.1042944785276074,1,0.8462975316877918,0.012158109923540605,69.60765587825337,42165.06328989523,malha_global,False,,,
16,180,1.5,0.001,0.001,0.0,1,0.02187761623949552,0.001209607176144295,18.086546335837646,18199.373259917647,malha_global,False,,,
16,180,1.5,0.001,0.001,0.0,2,0.8330887258172114,0.001236460432617048,673.7690134199648,4125382.230745796,malha_global,False,,,
16,181,1.5,0.004555555555555556,0.0054444444444444445,-0.08888888888888886,1,0.8426951300867244,0.006661734471164915,126.49785633670942,141180.18743164197,malha_global,False,,,
16,182,1.5,0.007222222222222223,0.007222222222222223,0.0,1,0.8354903268845897,0.008720415675458226,95.80854376424983,79293.65560070748,malha_global,False,,,
16,183,1.5,0.009,0.01,-0.05263157894736847,1,0.8414943295530353,0.012082735015516155,69.6443585390578,41789.88538611142,malha_global,False,,,
16,200,1.5,0.0054444444444444445,0.004555555555555556,0.08888888888888886,1,0.8270847231487658,0.005475192504844295,151.0603914687903,197285.55370805901,malha_global,False,,,
16,201,1.5,0.006333333333333334,0.0054444444444444445,0.0754716981132076,1,0.8288859239492995,0.006553817462186862,126.47375803974847,137717.43923887296,malha_global,False,,,
16,202,1.5,0.00811111111111111,0.007222222222222223,0.057971014492753555,1,0.8306871247498332,0.008657163183435457,95.95373301259504,78822.01851732087,malha_global,False,,,
16,203,1.5,0.01,0.009,0.05263157894736847,1,0.8318879252835223,0.010774780432279751,77.20694918211987,50828.13718210865,malha_global,False,,,
16,220,1.5,0.002777777777777778,0.001888888888888889,0.19047619047619047,1,0.03047894989627983,0.002322011828388249,13.126095881017035,6862.579934507379,malha_global,False,,,
16,220,1.5,0.002777777777777778,0.001888888888888889,0.19047619047619047,2,0.8180787191460973,0.0023569422812247387,347.09323417160596,1111573.218840151,malha_global,False,,,
16,221,1.5,0.0054444444444444445,0.003666666666666667,0.19512195121951215,1,0.0424619563946313,0.004503804553048475,9.428019332208859,2542.0480803178343,malha_global,False,,,
16,221,1.5,0.0054444444444444445,0.003666666666666667,0.19512195121951215,2,0.8186791194129419,0.004374070529662322,187.16641943954752,302387.31423107535,malha_global,False,,,
16,222,1.5,0.00811111111111111,0.006333333333333334,0.123076923076923,1,0.8252835223482321,0.007550279825998096,109.30502463054542,101918.8885294958,malha_global,False,,,
16,223,1.5,0.01,0.00811111111111111,0.1042944785276074,1,0.8276851234156103,0.009686754349790383,85.44504108680334,62145.63730900254,malha_global,False,,,
16,240,1.5,0.004555555555555556,0.002777777777777778,0.2424242424242424,1,0.036982817978026626,0.003427854983001327,10.788909729677531,3839.318024491813,malha_global,False,,,
16,240,1.5,0.004555555555555556,0.002777777777777778,0.2424242424242424,2,0.8150767178118745,0.0033508995486322135,243.24116732910616,518702.25873417675,malha_global,False,,,
16,241,1.5,0.007222222222222223,0.004555555555555556,0.22641509433962265,1,0.8168779186124082,0.005407009883155456,151.07757083212314,195381.53171307046,malha_global,False,,,
16,242,1.5,0.009,0.0054444444444444445,0.2461538461538461,1,0.8156771180787191,0.0064320134108957205,126.81520792493623,136726.68155776232,malha_global,False,,,
16,243,1.5,0.01,0.006333333333333334,0.2244897959183673,1,0.8174783188792528,0.007500523583527152,108.98950050295426,100929.12922377854,malha_global,False,,,
16,260,1.5,0.001888888888888889,0.001,0.3076923076923077,1,0.02228435149270303,0.0012441054942898995,17.911946852563585,17651.19631876806,malha_global,False,,,
16,260,1.5,0.001888888888888889,0.001,0.3076923076923077,2,0.8096731154102734,0.0012104853489106615,668.8830361630676,4016656.594864688,malha_global,False,,,
16,261,1.5,0.006333333333333334,0.002777777777777778,0.39024390243902446,1,0.03715352290971724,0.0034709217442537646,10.704223732853162,3810.0736627834153,malha_global,False,,,
16,261,1.5,0.006333333333333334,0.002777777777777778,0.39024390243902446,2,0.8048699132755169,0.0032891113605821864,244.70740727156516,519763.08678186894,malha_global,False,,,
16,262,1.5,0.009,0.004555555555555556,0.3278688524590163,1,0.8096731154102734,0.005364442047429807,150.93333253515175,194383.33156428923,malha_global,False,,,
16,263,1.5,0.01888888888888889,0.009,0.354581673306773,1,0.8096731154102734,0.010519106979728687,76.97165899829615,49792.036975554394,malha_global,False,,,
16,280,1.5,0.002777777777777778,0.001,0.47058823529411764,1,0.0223872113856834,0.0012535749693463084,17.8586936825625,17612.705569322192,malha_global,False,,,
16,280,1.5,0.002777777777777778,0.001,0.47058823529411764,2,0.7994663108739158,0.0013637009046572057,586.2475474964051,3725369.9860062804,malha_global,False,,,
16,281,1.5,0.0054444444444444445,0.001888888888888889,0.48484848484848486,1,0.03076096814740708,0.002371195758345712,12.97276618311251,6786.931349650057,malha_global,False,,,
16,281,1.5,0.0054444444444444445,0.001888888888888889,0.48484848484848486,2,0.7988659106070714,0.002222291525774356,359.4784488631423,1131491.6109226532,malha_global,False,,,
16,282,1.5,0.009,0.003666666666666667,0.4210526315789473,1,0.042854852039743964,0.004584874119790167,9.347007337620271,2514.93238562185,malha_global,False,,,
16,282,1.5,0.009,0.003666666666666667,0.4210526315789473,2,0.8036691127418278,0.004317928755894873,186.12375473880894,297761.5232206871,malha_global,False,,,
16,283,1.5,0.01888888888888889,0.007222222222222223,0.4468085106382978,1,0.8036691127418278,0.008402021058920517,95.6518803161727,77241.53029361017,malha_global,False,,,
16,284,1.5,0.05444444444444445,0.01888888888888889,0.4848484848484849,1,0.806070713809206,0.021613892606629492,37.29410192229627,11362.255483932584,malha_global,False,,,
16,300,1.5,0.003666666666666667,0.001,0.5714285714285715,1,0.022490546058357805,0.0012698572170746665,17.71108259727706,17506.565911059795,malha_global,False,,,
16,300,1.5,0.003666666666666667,0.001,0.5714285714285715,2,0.7934623082054703,0.0011534178382263116,687.9226954090035,4041428.566241975,malha_global,False,,,
16,301,1.5,0.007222222222222223,0.001888888888888889,0.5853658536585367,1,0.03090295432513592,0.002387800773614071,12.942015375245296,6777.408220542966,malha_global,False,,,
16,301,1.5,0.007222222222222223,0.001888888888888889,0.5853658536585367,2,0.7928619079386257,0.0023476004087868985,337.7329058944618,1083706.719064312,malha_global,False,,,
16,302,1.5,0.01888888888888889,0.0054444444444444445,0.5525114155251142,1,0.796464309539693,0.006276169567754453,126.9029303528935,136519.74822155962,malha_global,False,,,
16,303,1.5,0.027777777777777776,0.009,0.5105740181268882,1,0.800667111407605,0.010383899786271855,77.1065907691189,49839.4295530956,malha_global,False,,,
16,304,1.5,0.07222222222222222,0.01888888888888889,0.5853658536585367,1,0.800667111407605,0.021470662539614827,37.29121585932991,11380.72757432712,malha_global,False,,,
16,320,1.5,0.004555555555555556,0.001,0.64,1,0.022490546058357805,0.0012657460948800464,17.76860789800755,17599.743821476684,malha_global,False,,,
16,320,1.5,0.004555555555555556,0.001,0.64,2,0.7898599066044029,0.001268891660242355,622.4801780583392,3902014.6754663633,malha_global,False,,,
16,321,1.5,0.01,0.001888888888888889,0.6822429906542055,1,0.03090295432513592,0.002397486139542871,12.889732213854714,6777.857373052396,malha_global,False,,,
16,321,1.5,0.01,0.001888888888888889,0.6822429906542055,2,0.7880587058038692,0.0022376750437191895,352.17745669364683,1119776.231029145,malha_global,False,,,
16,322,1.5,0.027777777777777776,0.006333333333333334,0.6286644951140065,1,0.7928619079386257,0.007274832824068822,108.98695916632447,100876.68529112815,malha_global,False,,,
16,323,1.5,0.04555555555555556,0.00811111111111111,0.6977225672877847,1,0.7898599066044029,0.009237699307490299,85.50396373737264,61828.078555533895,malha_global,False,,,
16,324,1.5,0.0811111111111111,0.01888888888888889,0.6222222222222222,1,0.7982655103402267,0.02142504098859177,37.25852896922254,11392.287801677121,malha_global,False,,,
16,340,1.5,0.006333333333333334,0.001,0.7272727272727273,1,0.022490546058357805,0.0012783312462868596,17.59367622725768,17537.66980722758,malha_global,False,,,
16,340,1.5,0.006333333333333334,0.001,0.7272727272727273,2,0.7850567044696464,0.0013627635018886863,576.0769960316794,3710851.652571982,malha_global,False,,,
16,341,1.5,0.03666666666666667,0.004555555555555556,0.7789757412398922,1,0.7844563042028018,0.005213409910443612,150.46894790132703,195283.53884335968,malha_global,False,,,
16,342,1.5,0.05444444444444445,0.006333333333333334,0.7915904936014624,1,0.7844563042028018,0.007171870141400416,109.37960235426472,101804.31289346612,malha_global,False,,,
16,343,1.5,0.06333333333333332,0.009,0.7511520737327189,1,0.7874583055370247,0.01021234362925183,77.10848108180188,50326.723938061245,malha_global,False,,,
16,344,1.5,0.09,0.01,0.8,1,0.785657104736491,0.011303810858839025,69.50373768171693,40884.022620073796,malha_global,False,,,
16,360,1.5,0.009,0.001,0.8000000000000002,1,0.022594357702209782,0.0012777466010006552,17.682972261100304,17590.425783479768,malha_global,False,,,
16,360,1.5,0.009,0.001,0.8000000000000002,2,0.781454302868579,0.0014055858565608093,555.9634078708242,3604978.7635142994,malha_global,False,,,
16,361,1.5,0.04555555555555556,0.003666666666666667,0.8510158013544019,1,0.04325138310350088,0.004686685013636151,9.228566241951135,2514.9983433666594,malha_global,False,,,
16,361,1.5,0.04555555555555556,0.003666666666666667,0.8510158013544019,2,0.7802535023348899,0.004197494063280183,185.8855523252727,302406.92105539027,malha_global,False,,,
16,362,1.5,0.07222222222222222,0.0054444444444444445,0.8597997138769671,1,0.7808539026017344,0.006153237701850611,126.90130634265752,138231.8657117694,malha_global,False,,,
16,363,1.5,0.09,0.006333333333333334,0.8685121107266437,1,0.7808539026017344,0.0071435644684954,109.30872200362465,102217.90082928761,malha_global,False,,,
16,364,1.5,0.18888888888888888,0.01,0.8994413407821228,1,0.7808539026017344,0.011243264372185036,69.45081755201865,41081.05565170535,malha_global,False,,,
16,380,1.5,0.027777777777777776,0.001,0.9305019305019304,1,0.022594357702209782,0.0012862982118611276,17.565411732570404,17614.475663824174,malha_global,False,,,
16,380,1.5,0.027777777777777776,0.001,0.9305019305019304,2,0.7754503002001334,0.0013759584059517271,563.5710329948292,3688733.9216506444,malha_global,False,,,
16,381,1.5,0.4555555555555556,0.003666666666666667,0.9840309702395356,1,0.04345102241715714,0.004710425008151886,9.224437782569636,2519.7829453319514,malha_global,False,,,
16,381,1.5,0.4555555555555556,0.003666666666666667,0.9840309702395356,2,0.7742494996664442,0.004181626038279984,185.15512687617422,302824.86022302497,malha_global,False,,,
16,382,1.5,0.9,0.003666666666666667,0.9918849133161194,1,0.04345102241715714,0.004711122969596769,9.223071165318398,2520.368210409068,malha_global,False,,,
16,382,1.5,0.9,0.003666666666666667,0.9918849133161194,2,0.7742494996664442,0.004156976217523534,186.25305009026334,306605.6647588322,malha_global,False,,,
16,386,1.5,18.88888888888889,0.006333333333333334,0.9993296365336328,1,0.7748498999332888,0.007125062144463068,108.74991462852428,102823.72203858971,malha_global,False,,,
16,387,1.5,36.66666666666667,0.01888888888888889,0.998970227458582,1,0.7808539026017344,0.02098438097541311,37.211195484710366,11608.560222575179,malha_global,False,,,
16,390,1.5,90.0,0.009,0.9998000199980002,1,0.7760507004669779,0.010075853949264468,77.02083658364552,51030.287717042615,malha_global,False,,,
16,391,1.5,188.88888888888889,0.0054444444444444445,0.9999423546027204,1,0.7748498999332888,0.006160501563360565,125.77708031789001,138557.1368177911,malha_global,False,,,
