delta_index,pair_index,delta,alpha,beta,eta,lmax,n_peaks,n_d0_confirmed,n_d0_recovered,first_xM,max_Q
0,0,0.01,0.001,0.027777777777777776,-0.9305019305019304,10,1,0,0,0.05495408738576248,17.882250652025217
0,1,0.01,0.001888888888888889,0.7222222222222222,-0.9947828755562373,10,1,0,0,0.07550922276654341,13.211309053054372
0,2,0.01,0.002777777777777778,54.44444444444444,-0.9998979643895719,10,1,0,0,0.07379042301291007,20.587232175644875
0,3,0.01,0.004555555555555556,0.1,-0.9128586609989372,10,0,0,0,,
0,4,0.01,0.0054444444444444445,45.55555555555556,-0.9997610041726721,10,1,0,0,0.1066044029352902,13.510924239132121
0,5,0.01,0.007222222222222223,0.5444444444444445,-0.9738167170191339,10,0,0,0,,
0,6,0.01,0.00811111111111111,90.0,-0.999819769329431,10,1,0,0,0.11380920613742496,16.49999741220957
0,7,0.01,0.01,2.7777777777777777,-0.9928258270227184,10,0,0,0,,
0,8,0.01,0.01888888888888889,722.2222222222222,-0.9999476936757038,10,1,1,0,0.08356030182312484,86.76498997897446
0,9,0.01,0.03666666666666667,90.0,-0.999185517011588,10,0,0,0,,
0,10,0.01,0.05444444444444445,81.11111111111111,-0.998658434749278,10,0,0,0,,
0,11,0.01,0.07222222222222222,100.0,-0.9985565980125465,10,0,0,0,,
0,12,0.01,0.09,188.88888888888889,-0.9990475126557345,10,0,0,0,,
0,13,0.01,0.18888888888888888,633.3333333333333,-0.9994036866197801,10,1,1,0,0.2801200800533689,27.587720686564108
0,14,0.01,0.4555555555555556,45.55555555555556,-0.9801980198019802,10,0,0,0,,
0,15,0.01,0.7222222222222222,36.66666666666667,-0.9613670133729569,10,0,0,0,,
0,16,0.01,1.0,45.55555555555556,-0.9570405727923628,10,0,0,0,,
0,17,0.01,3.6666666666666665,544.4444444444445,-0.9866207176160553,10,0,0,0,,
0,18,0.01,8.11111111111111,900.0,-0.9821363024593173,10,0,0,0,,
0,19,0.01,100.0,3000.0,-0.9354838709677419,10,0,0,0,,
0,20,0.01,0.001,0.009,-0.8000000000000002,10,1,0,0,0.05495408738576248,17.979718368435556
0,21,0.01,0.003666666666666667,0.05444444444444445,-0.8738049713193117,10,1,0,0,0.10540360240160107,9.403211741322119
0,22,0.01,0.0054444444444444445,0.0811111111111111,-0.8741976893453145,10,0,0,0,,
0,23,0.01,0.007222222222222223,0.09,-0.8514285714285713,10,0,0,0,,
0,24,0.01,0.01,0.18888888888888888,-0.8994413407821228,10,0,0,0,,
0,25,0.01,0.04555555555555556,0.5444444444444445,-0.8455743879472692,10,0,0,0,,
0,26,0.01,0.06333333333333332,0.6333333333333333,-0.8181818181818181,10,0,0,0,,
0,27,0.01,0.0811111111111111,0.9,-0.8346545866364665,10,0,0,0,,
0,28,0.01,0.2777777777777778,2.7777777777777777,-0.8181818181818182,10,0,0,0,,
0,29,0.01,0.4555555555555556,7.222222222222221,-0.8813314037626627,10,0,0,0,,
0,30,0.01,0.6333333333333333,9.0,-0.8685121107266437,10,0,0,0,,
0,31,0.01,0.9,9.0,-0.8181818181818181,10,0,0,0,,
0,32,0.01,3.6666666666666665,36.66666666666667,-0.8181818181818183,10,0,0,0,,
0,33,0.01,5.444444444444445,63.333333333333336,-0.8416801292407108,10,0,0,0,,
0,34,0.01,7.222222222222221,72.22222222222223,-0.818181818181818,10,0,0,0,,
0,35,0.01,10.0,100.0,-0.8181818181818182,10,0,0,0,,
0,36,0.01,36.66666666666667,633.3333333333333,-0.8905472636815921,10,0,0,0,,
0,37,0.01,54.44444444444444,900.0,-0.8859138533178114,10,0,0,0,,
0,38,0.01,72.22222222222223,1000.0,-0.8652849740932643,10,0,0,0,,
0,39,0.01,277.77777777777777,3000.0,-0.8305084745762712,10,0,0,0,,
0,40,0.01,0.001,0.006333333333333334,-0.7272727272727273,10,1,0,0,0.05495408738576248,18.02310949055959
0,41,0.01,0.004555555555555556,0.027777777777777776,-0.718213058419244,10,0,0,0,,
0,42,0.01,0.006333333333333334,0.05444444444444445,-0.7915904936014624,10,0,0,0,,
0,43,0.01,0.00811111111111111,0.07222222222222222,-0.7980636237897648,10,0,0,0,,
0,44,0.01,0.01,0.0811111111111111,-0.7804878048780489,10,0,0,0,,
0,45,0.01,0.05444444444444445,0.3666666666666667,-0.7414248021108178,10,0,0,0,,
0,46,0.01,0.07222222222222222,0.5444444444444445,-0.7657657657657659,10,0,0,0,,
0,47,0.01,0.09,0.6333333333333333,-0.751152073732719,10,0,0,0,,
0,48,0.01,0.3666666666666667,2.7777777777777777,-0.7667844522968198,10,0,0,0,,
0,49,0.01,0.6333333333333333,4.555555555555555,-0.7558886509635975,10,0,0,0,,
0,50,0.01,0.8111111111111111,5.444444444444445,-0.7406749555950267,10,0,0,0,,
0,51,0.01,1.0,6.333333333333333,-0.7272727272727273,10,0,0,0,,
0,52,0.01,4.555555555555555,36.66666666666667,-0.7789757412398921,10,0,0,0,,
0,53,0.01,7.222222222222221,45.55555555555556,-0.7263157894736842,10,0,0,0,,
0,54,0.01,9.0,54.44444444444444,-0.7162872154115587,10,0,0,0,,
0,55,0.01,10.0,81.11111111111111,-0.7804878048780488,10,0,0,0,,
0,56,0.01,54.44444444444444,455.55555555555554,-0.7864923747276688,10,0,0,0,,
0,57,0.01,72.22222222222223,633.3333333333333,-0.7952755905511812,10,0,0,0,,
0,58,0.01,90.0,722.2222222222222,-0.7783857729138167,10,0,0,0,,
0,59,0.01,455.55555555555554,3000.0,-0.7363344051446945,10,0,0,0,,
0,60,0.01,0.001,0.004555555555555556,-0.64,10,1,0,0,0.05495408738576248,17.979395108868086
0,61,0.01,0.001888888888888889,0.01,-0.6822429906542055,10,1,0,0,0.07550922276654341,13.105871657823478
0,62,0.01,0.006333333333333334,0.027777777777777776,-0.6286644951140065,10,0,0,0,,
0,63,0.01,0.009,0.03666666666666667,-0.6058394160583941,10,0,0,0,,
0,64,0.01,0.01888888888888889,0.0811111111111111,-0.6222222222222222,10,0,0,0,,
0,65,0.01,0.04555555555555556,0.18888888888888888,-0.6113744075829383,10,0,0,0,,
0,66,0.01,0.0811111111111111,0.3666666666666667,-0.6377171215880892,10,0,0,0,,
0,67,0.01,0.1,0.5444444444444445,-0.6896551724137931,10,0,0,0,,
0,68,0.01,0.3666666666666667,1.8888888888888888,-0.6748768472906403,10,0,0,0,,
0,69,0.01,0.7222222222222222,3.6666666666666665,-0.6708860759493671,10,0,0,0,,
0,70,0.01,0.9,4.555555555555555,-0.670061099796334,10,0,0,0,,
0,71,0.01,1.8888888888888888,9.0,-0.6530612244897959,10,0,0,0,,
0,72,0.01,5.444444444444445,27.77777777777778,-0.6722408026755854,10,0,0,0,,
0,73,0.01,9.0,36.66666666666667,-0.6058394160583942,10,0,0,0,,
0,74,0.01,18.88888888888889,81.11111111111111,-0.6222222222222222,10,0,0,0,,
0,75,0.01,45.55555555555556,188.88888888888889,-0.6113744075829383,10,0,0,0,,
0,76,0.01,81.11111111111111,366.66666666666663,-0.6377171215880894,10,0,0,0,,
0,77,0.01,100.0,455.55555555555554,-0.64,10,0,0,0,,
0,78,0.01,188.88888888888889,1000.0,-0.6822429906542056,10,0,0,0,,
0,79,0.01,722.2222222222222,3000.0,-0.6119402985074627,10,0,0,0,,
0,80,0.01,0.001,0.003666666666666667,-0.5714285714285715,10,1,0,0,0.05495408738576248,17.92555418760795
0,81,0.01,0.001888888888888889,0.007222222222222223,-0.5853658536585367,10,1,0,0,0.07550922276654341,13.117691244991745
0,82,0.01,0.0054444444444444445,0.01888888888888889,-0.5525114155251142,10,0,0,0,,
0,83,0.01,0.009,0.027777777777777776,-0.5105740181268882,10,0,0,0,,
0,84,0.01,0.01888888888888889,0.07222222222222222,-0.5853658536585367,10,0,0,0,,
0,85,0.01,0.05444444444444445,0.18888888888888888,-0.5525114155251141,10,0,0,0,,
0,86,0.01,0.09,0.2777777777777778,-0.5105740181268883,10,0,0,0,,
0,87,0.01,0.18888888888888888,0.6333333333333333,-0.5405405405405406,10,0,0,0,,
0,88,0.01,0.2777777777777778,1.0,-0.5652173913043479,10,0,0,0,,
0,89,0.01,0.8111111111111111,2.7777777777777777,-0.5479876160990712,10,0,0,0,,
0,90,0.01,1.8888888888888888,6.333333333333333,-0.5405405405405406,10,0,0,0,,
0,91,0.01,2.7777777777777777,10.0,-0.5652173913043478,10,0,0,0,,
0,92,0.01,8.11111111111111,27.77777777777778,-0.5479876160990713,10,0,0,0,,
0,93,0.01,10.0,36.66666666666667,-0.5714285714285715,10,0,0,0,,
0,94,0.01,27.77777777777778,90.0,-0.5283018867924528,10,0,0,0,,
0,95,0.01,72.22222222222223,277.77777777777777,-0.5873015873015872,10,0,0,0,,
0,96,0.01,100.0,366.66666666666663,-0.5714285714285714,10,0,0,0,,
0,97,0.01,277.77777777777777,900.0,-0.5283018867924527,10,0,0,0,,
0,98,0.01,633.3333333333333,2000.0,-0.518987341772152,10,0,0,0,,
0,99,0.01,1000.0,3000.0,-0.5,10,0,0,0,,
0,100,0.01,0.001,0.002777777777777778,-0.47058823529411764,10,1,0,0,0.05470159628939716,17.975414222576404
0,101,0.01,0.001888888888888889,0.0054444444444444445,-0.48484848484848486,10,1,0,0,0.07516228940182053,13.082461509029322
0,102,0.01,0.003666666666666667,0.009,-0.4210526315789473,10,1,0,0,0.10480320213475651,9.437828709369539
0,103,0.01,0.007222222222222223,0.01888888888888889,-0.4468085106382978,10,0,0,0,,
0,104,0.01,0.01888888888888889,0.05444444444444445,-0.4848484848484849,10,0,0,0,,
0,105,0.01,0.027777777777777776,0.0811111111111111,-0.4897959183673469,10,0,0,0,,
0,106,0.01,0.06333333333333332,0.18888888888888888,-0.4977973568281938,10,0,0,0,,
0,107,0.01,0.18888888888888888,0.4555555555555556,-0.4137931034482759,10,0,0,0,,
0,108,0.01,0.2777777777777778,0.8111111111111111,-0.48979591836734687,10,0,0,0,,
0,109,0.01,0.6333333333333333,1.8888888888888888,-0.4977973568281938,10,0,0,0,,
0,110,0.01,1.0,2.7777777777777777,-0.47058823529411764,10,0,0,0,,
0,111,0.01,2.7777777777777777,7.222222222222221,-0.44444444444444436,10,0,0,0,,
0,112,0.01,3.6666666666666665,10.0,-0.46341463414634154,10,0,0,0,,
0,113,0.01,10.0,27.77777777777778,-0.47058823529411764,10,0,0,0,,
0,114,0.01,27.77777777777778,72.22222222222223,-0.4444444444444445,10,0,0,0,,
0,115,0.01,36.66666666666667,90.0,-0.4210526315789473,10,0,0,0,,
0,116,0.01,72.22222222222223,188.88888888888889,-0.4468085106382979,10,0,0,0,,
0,117,0.01,188.88888888888889,544.4444444444445,-0.4848484848484848,10,0,0,0,,
0,118,0.01,366.66666666666663,900.0,-0.42105263157894746,10,0,0,0,,
0,119,0.01,811.1111111111111,2000.0,-0.42292490118577075,10,0,0,0,,
0,120,0.01,0.001,0.001888888888888889,-0.3076923076923077,10,1,0,0,0.05470159628939716,18.05895238738142
0,121,0.01,0.002777777777777778,0.006333333333333334,-0.39024390243902446,10,1,0,0,0.09120108393559097,10.849395100077476
0,122,0.01,0.004555555555555556,0.009,-0.3278688524590163,10,0,0,0,,
0,123,0.01,0.009,0.01888888888888889,-0.354581673306773,10,0,0,0,,
0,124,0.01,0.027777777777777776,0.05444444444444445,-0.3243243243243244,10,0,0,0,,
0,125,0.01,0.03666666666666667,0.0811111111111111,-0.3773584905660377,10,0,0,0,,
0,126,0.01,0.0811111111111111,0.18888888888888888,-0.39917695473251025,10,0,0,0,,
0,127,0.01,0.18888888888888888,0.3666666666666667,-0.32000000000000006,10,0,0,0,,
0,128,0.01,0.3666666666666667,0.7222222222222222,-0.3265306122448979,10,0,0,0,,
0,129,0.01,0.4555555555555556,1.0,-0.37404580152671746,10,0,0,0,,
0,130,0.01,1.8888888888888888,3.6666666666666665,-0.32,10,0,0,0,,
0,131,0.01,3.6666666666666665,7.222222222222221,-0.32653061224489793,10,0,0,0,,
0,132,0.01,4.555555555555555,10.0,-0.37404580152671757,10,0,0,0,,
0,133,0.01,10.0,18.88888888888889,-0.3076923076923077,10,0,0,0,,
0,134,0.01,27.77777777777778,63.333333333333336,-0.3902439024390244,10,0,0,0,,
0,135,0.01,45.55555555555556,90.0,-0.3278688524590164,10,0,0,0,,
0,136,0.01,90.0,188.88888888888889,-0.35458167330677287,10,0,0,0,,
0,137,0.01,277.77777777777777,544.4444444444445,-0.32432432432432434,10,0,0,0,,
0,138,0.01,366.66666666666663,811.1111111111111,-0.3773584905660377,10,0,0,0,,
0,139,0.01,1000.0,2000.0,-0.3333333333333333,10,0,0,0,,
0,140,0.01,0.002777777777777778,0.004555555555555556,-0.2424242424242424,10,1,0,0,0.09078205301781861,10.829298863390331
0,141,0.01,0.004555555555555556,0.007222222222222223,-0.22641509433962265,10,0,0,0,,
0,142,0.01,0.0054444444444444445,0.009,-0.2461538461538461,10,0,0,0,,
0,143,0.01,0.006333333333333334,0.01,-0.2244897959183673,10,0,0,0,,
0,144,0.01,0.03666666666666667,0.06333333333333332,-0.2666666666666666,10,0,0,0,,
0,145,0.01,0.05444444444444445,0.09,-0.24615384615384614,10,0,0,0,,
0,146,0.01,0.06333333333333332,0.1,-0.22448979591836743,10,0,0,0,,
0,147,0.01,0.3666666666666667,0.6333333333333333,-0.2666666666666666,10,0,0,0,,
0,148,0.01,0.4555555555555556,0.8111111111111111,-0.2807017543859649,10,0,0,0,,
0,149,0.01,0.5444444444444445,1.0,-0.29496402877697836,10,0,0,0,,
0,150,0.01,3.6666666666666665,6.333333333333333,-0.26666666666666666,10,0,0,0,,
0,151,0.01,4.555555555555555,8.11111111111111,-0.2807017543859649,10,0,0,0,,
0,152,0.01,5.444444444444445,10.0,-0.2949640287769784,10,0,0,0,,
0,153,0.01,27.77777777777778,45.55555555555556,-0.2424242424242424,10,0,0,0,,
0,154,0.01,45.55555555555556,72.22222222222223,-0.22641509433962267,10,0,0,0,,
0,155,0.01,54.44444444444444,100.0,-0.2949640287769784,10,0,0,0,,
0,156,0.01,277.77777777777777,455.55555555555554,-0.24242424242424243,10,0,0,0,,
0,157,0.01,455.55555555555554,722.2222222222222,-0.2264150943396226,10,0,0,0,,
0,158,0.01,544.4444444444445,900.0,-0.24615384615384617,10,0,0,0,,
0,159,0.01,2000.0,3000.0,-0.2,10,0,0,0,,
0,160,0.01,0.001888888888888889,0.002777777777777778,-0.19047619047619047,10,1,0,0,0.07481695005111545,13.159119593393847
0,161,0.01,0.003666666666666667,0.0054444444444444445,-0.19512195121951215,10,1,0,0,0.10420280186791195,9.439743576410194
0,162,0.01,0.006333333333333334,0.00811111111111111,-0.123076923076923,10,0,0,0,,
0,163,0.01,0.00811111111111111,0.01,-0.1042944785276074,10,0,0,0,,
0,164,0.01,0.03666666666666667,0.04555555555555556,-0.10810810810810813,10,0,0,0,,
0,165,0.01,0.05444444444444445,0.0811111111111111,-0.1967213114754098,10,0,0,0,,
0,166,0.01,0.07222222222222222,0.1,-0.16129032258064524,10,0,0,0,,
0,167,0.01,0.3666666666666667,0.4555555555555556,-0.10810810810810811,10,0,0,0,,
0,168,0.01,0.5444444444444445,0.7222222222222222,-0.1403508771929824,10,0,0,0,,
0,169,0.01,0.7222222222222222,0.9,-0.10958904109589043,10,0,0,0,,
0,170,0.01,2.7777777777777777,3.6666666666666665,-0.13793103448275862,10,0,0,0,,
0,171,0.01,5.444444444444445,7.222222222222221,-0.1403508771929824,10,0,0,0,,
0,172,0.01,6.333333333333333,9.0,-0.1739130434782609,10,0,0,0,,
0,173,0.01,18.88888888888889,27.77777777777778,-0.19047619047619047,10,0,0,0,,
0,174,0.01,45.55555555555556,63.333333333333336,-0.163265306122449,10,0,0,0,,
0,175,0.01,63.333333333333336,90.0,-0.17391304347826084,10,0,0,0,,
0,176,0.01,81.11111111111111,100.0,-0.10429447852760734,10,0,0,0,,
0,177,0.01,366.66666666666663,544.4444444444445,-0.19512195121951226,10,0,0,0,,
0,178,0.01,633.3333333333333,811.1111111111111,-0.12307692307692313,10,0,0,0,,
0,179,0.01,811.1111111111111,1000.0,-0.10429447852760737,10,0,0,0,,
0,180,0.01,0.001,0.001,0.0,10,1,0,0,0.05420008904016239,18.170916102378282
0,181,0.01,0.004555555555555556,0.0054444444444444445,-0.08888888888888886,10,0,0,0,,
0,182,0.01,0.007222222222222223,0.007222222222222223,0.0,10,0,0,0,,
0,183,0.01,0.009,0.01,-0.05263157894736847,10,0,0,0,,
0,184,0.01,0.04555555555555556,0.04555555555555556,0.0,10,0,0,0,,
0,185,0.01,0.06333333333333332,0.07222222222222222,-0.0655737704918033,10,0,0,0,,
0,186,0.01,0.09,0.09,0.0,10,0,0,0,,
0,187,0.01,0.4555555555555556,0.4555555555555556,0.0,10,0,0,0,,
0,188,0.01,0.6333333333333333,0.7222222222222222,-0.06557377049180328,10,0,0,0,,
0,189,0.01,0.9,0.9,0.0,10,0,0,0,,
0,190,0.01,3.6666666666666665,3.6666666666666665,0.0,10,0,0,0,,
0,191,0.01,6.333333333333333,6.333333333333333,0.0,10,0,0,0,,
0,192,0.01,8.11111111111111,9.0,-0.05194805194805197,10,0,0,0,,
0,193,0.01,36.66666666666667,36.66666666666667,0.0,10,0,0,0,,
0,194,0.01,63.333333333333336,63.333333333333336,0.0,10,0,0,0,,
0,195,0.01,81.11111111111111,90.0,-0.05194805194805193,10,0,0,0,,
0,196,0.01,277.77777777777777,277.77777777777777,0.0,10,0,0,0,,
0,197,0.01,544.4444444444445,633.3333333333333,-0.07547169811320747,10,0,0,0,,
0,198,0.01,811.1111111111111,811.1111111111111,0.0,10,0,0,0,,
0,199,0.01,3000.0,3000.0,0.0,10,0,0,0,,
0,200,0.01,0.0054444444444444445,0.004555555555555556,0.08888888888888886,10,0,0,0,,
0,201,0.01,0.006333333333333334,0.0054444444444444445,0.0754716981132076,10,0,0,0,,
0,202,0.01,0.00811111111111111,0.007222222222222223,0.057971014492753555,10,0,0,0,,
0,203,0.01,0.01,0.009,0.05263157894736847,10,0,0,0,,
0,204,0.01,0.06333333333333332,0.05444444444444445,0.07547169811320745,10,0,0,0,,
0,205,0.01,0.0811111111111111,0.07222222222222222,0.05797101449275364,10,0,0,0,,
0,206,0.01,0.1,0.09,0.05263157894736847,10,0,0,0,,
0,207,0.01,0.5444444444444445,0.4555555555555556,0.0888888888888889,10,0,0,0,,
0,208,0.01,0.7222222222222222,0.6333333333333333,0.06557377049180328,10,0,0,0,,
0,209,0.01,0.9,0.8111111111111111,0.05194805194805195,10,0,0,0,,
0,210,0.01,5.444444444444445,4.555555555555555,0.08888888888888893,10,0,0,0,,
0,211,0.01,7.222222222222221,6.333333333333333,0.06557377049180325,10,0,0,0,,
0,212,0.01,9.0,8.11111111111111,0.05194805194805197,10,0,0,0,,
0,213,0.01,10.0,9.0,0.05263157894736842,10,0,0,0,,
0,214,0.01,63.333333333333336,54.44444444444444,0.07547169811320759,10,0,0,0,,
0,215,0.01,81.11111111111111,72.22222222222223,0.057971014492753596,10,0,0,0,,
0,216,0.01,100.0,90.0,0.05263157894736842,10,0,0,0,,
0,217,0.01,633.3333333333333,544.4444444444445,0.07547169811320747,10,0,0,0,,
0,218,0.01,811.1111111111111,722.2222222222222,0.057971014492753645,10,0,0,0,,
0,219,0.01,1000.0,900.0,0.05263157894736842,10,0,0,0,,
0,220,0.01,0.002777777777777778,0.001888888888888889,0.19047619047619047,10,1,0,0,0.08994975815300356,11.023371106206898
0,221,0.01,0.0054444444444444445,0.003666666666666667,0.19512195121951215,10,0,0,0,,
0,222,0.01,0.00811111111111111,0.006333333333333334,0.123076923076923,10,0,0,0,,
0,223,0.01,0.01,0.00811111111111111,0.1042944785276074,10,0,0,0,,
0,224,0.01,0.05444444444444445,0.03666666666666667,0.19512195121951223,10,0,0,0,,
0,225,0.01,0.0811111111111111,0.05444444444444445,0.1967213114754098,10,0,0,0,,
0,226,0.01,0.1,0.07222222222222222,0.16129032258064524,10,0,0,0,,
0,227,0.01,0.4555555555555556,0.3666666666666667,0.10810810810810811,10,0,0,0,,
0,228,0.01,0.8111111111111111,0.5444444444444445,0.19672131147540978,10,0,0,0,,
0,229,0.01,1.0,0.7222222222222222,0.16129032258064516,10,0,0,0,,
0,230,0.01,3.6666666666666665,2.7777777777777777,0.13793103448275862,10,0,0,0,,
0,231,0.01,7.222222222222221,5.444444444444445,0.1403508771929824,10,0,0,0,,
0,232,0.01,9.0,7.222222222222221,0.10958904109589046,10,0,0,0,,
0,233,0.01,36.66666666666667,27.77777777777778,0.13793103448275865,10,0,0,0,,
0,234,0.01,72.22222222222223,54.44444444444444,0.1403508771929825,10,0,0,0,,
0,235,0.01,90.0,63.333333333333336,0.17391304347826084,10,0,0,0,,
0,236,0.01,277.77777777777777,188.88888888888889,0.1904761904761905,10,0,0,0,,
0,237,0.01,633.3333333333333,455.55555555555554,0.16326530612244894,10,0,0,0,,
0,238,0.01,900.0,633.3333333333333,0.17391304347826092,10,0,0,0,,
0,239,0.01,3000.0,2000.0,0.2,10,0,0,0,,
0,240,0.01,0.004555555555555556,0.002777777777777778,0.2424242424242424,10,0,0,0,,
0,241,0.01,0.007222222222222223,0.004555555555555556,0.22641509433962265,10,0,0,0,,
0,242,0.01,0.009,0.0054444444444444445,0.2461538461538461,10,0,0,0,,
0,243,0.01,0.01,0.006333333333333334,0.2244897959183673,10,0,0,0,,
0,244,0.01,0.06333333333333332,0.03666666666666667,0.2666666666666666,10,0,0,0,,
0,245,0.01,0.0811111111111111,0.04555555555555556,0.2807017543859649,10,0,0,0,,
0,246,0.01,0.1,0.05444444444444445,0.2949640287769784,10,0,0,0,,
0,247,0.01,0.6333333333333333,0.3666666666666667,0.2666666666666666,10,0,0,0,,
0,248,0.01,0.8111111111111111,0.4555555555555556,0.2807017543859649,10,0,0,0,,
0,249,0.01,1.0,0.5444444444444445,0.29496402877697836,10,0,0,0,,
0,250,0.01,4.555555555555555,2.7777777777777777,0.24242424242424243,10,0,0,0,,
0,251,0.01,7.222222222222221,4.555555555555555,0.22641509433962262,10,0,0,0,,
0,252,0.01,9.0,5.444444444444445,0.24615384615384614,10,0,0,0,,
0,253,0.01,45.55555555555556,27.77777777777778,0.2424242424242424,10,0,0,0,,
0,254,0.01,72.22222222222223,45.55555555555556,0.22641509433962267,10,0,0,0,,
0,255,0.01,90.0,54.44444444444444,0.24615384615384614,10,0,0,0,,
0,256,0.01,100.0,63.333333333333336,0.22448979591836732,10,0,0,0,,
0,257,0.01,633.3333333333333,366.66666666666663,0.26666666666666666,10,0,0,0,,
0,258,0.01,811.1111111111111,455.55555555555554,0.28070175438596495,10,0,0,0,,
0,259,0.01,1000.0,633.3333333333333,0.2244897959183674,10,0,0,0,,
0,260,0.01,0.001888888888888889,0.001,0.3076923076923077,10,1,0,0,0.0734513868157115,13.350548355918525
0,261,0.01,0.006333333333333334,0.002777777777777778,0.39024390243902446,10,0,0,0,,
0,262,0.01,0.009,0.004555555555555556,0.3278688524590163,10,0,0,0,,
0,263,0.01,0.01888888888888889,0.009,0.354581673306773,10,0,0,0,,
0,264,0.01,0.05444444444444445,0.027777777777777776,0.3243243243243244,10,0,0,0,,
0,265,0.01,0.0811111111111111,0.03666666666666667,0.3773584905660377,10,0,0,0,,
0,266,0.01,0.18888888888888888,0.0811111111111111,0.39917695473251025,10,0,0,0,,
0,267,0.01,0.3666666666666667,0.18888888888888888,0.32000000000000006,10,0,0,0,,
0,268,0.01,0.7222222222222222,0.3666666666666667,0.3265306122448979,10,0,0,0,,
0,269,0.01,1.0,0.4555555555555556,0.37404580152671746,10,0,0,0,,
0,270,0.01,3.6666666666666665,1.8888888888888888,0.32,10,0,0,0,,
0,271,0.01,7.222222222222221,3.6666666666666665,0.32653061224489793,10,0,0,0,,
0,272,0.01,10.0,4.555555555555555,0.37404580152671757,10,0,0,0,,
0,273,0.01,18.88888888888889,10.0,0.3076923076923077,10,0,0,0,,
0,274,0.01,63.333333333333336,27.77777777777778,0.3902439024390244,10,0,0,0,,
0,275,0.01,90.0,45.55555555555556,0.3278688524590164,10,0,0,0,,
0,276,0.01,188.88888888888889,90.0,0.35458167330677287,10,0,0,0,,
0,277,0.01,544.4444444444445,277.77777777777777,0.32432432432432434,10,0,0,0,,
0,278,0.01,811.1111111111111,366.66666666666663,0.3773584905660377,10,0,0,0,,
0,279,0.01,2000.0,1000.0,0.3333333333333333,10,0,0,0,,
0,280,0.01,0.002777777777777778,0.001,0.47058823529411764,10,1,0,0,0.08830799004185631,11.223283983587686
0,281,0.01,0.0054444444444444445,0.001888888888888889,0.48484848484848486,10,0,0,0,,
0,282,0.01,0.009,0.003666666666666667,0.4210526315789473,10,0,0,0,,
0,283,0.01,0.01888888888888889,0.007222222222222223,0.4468085106382978,10,0,0,0,,
0,284,0.01,0.05444444444444445,0.01888888888888889,0.4848484848484849,10,0,0,0,,
0,285,0.01,0.09,0.03666666666666667,0.4210526315789474,10,0,0,0,,
0,286,0.01,0.18888888888888888,0.07222222222222222,0.44680851063829796,10,0,0,0,,
0,287,0.01,0.4555555555555556,0.18888888888888888,0.4137931034482759,10,0,0,0,,
0,288,0.01,0.8111111111111111,0.2777777777777778,0.48979591836734687,10,0,0,0,,
0,289,0.01,1.8888888888888888,0.6333333333333333,0.4977973568281938,10,0,0,0,,
0,290,0.01,4.555555555555555,1.8888888888888888,0.4137931034482758,10,0,0,0,,
0,291,0.01,8.11111111111111,2.7777777777777777,0.48979591836734687,10,0,0,0,,
0,292,0.01,18.88888888888889,6.333333333333333,0.4977973568281939,10,0,0,0,,
0,293,0.01,27.77777777777778,10.0,0.47058823529411764,10,0,0,0,,
0,294,0.01,72.22222222222223,27.77777777777778,0.4444444444444445,10,0,0,0,,
0,295,0.01,100.0,36.66666666666667,0.4634146341463414,10,0,0,0,,
0,296,0.01,277.77777777777777,100.0,0.47058823529411764,10,0,0,0,,
0,297,0.01,722.2222222222222,277.77777777777777,0.4444444444444444,10,0,0,0,,
0,298,0.01,1000.0,366.66666666666663,0.46341463414634154,10,0,0,0,,
0,299,0.01,3000.0,1000.0,0.5,10,0,0,0,,
0,300,0.01,0.003666666666666667,0.001,0.5714285714285715,10,1,0,0,0.1,9.880095862783016
0,301,0.01,0.007222222222222223,0.001888888888888889,0.5853658536585367,10,0,0,0,,
0,302,0.01,0.01888888888888889,0.0054444444444444445,0.5525114155251142,10,0,0,0,,
0,303,0.01,0.027777777777777776,0.009,0.5105740181268882,10,0,0,0,,
0,304,0.01,0.07222222222222222,0.01888888888888889,0.5853658536585367,10,0,0,0,,
0,305,0.01,0.1,0.027777777777777776,0.5652173913043479,10,0,0,0,,
0,306,0.01,0.2777777777777778,0.0811111111111111,0.5479876160990712,10,0,0,0,,
0,307,0.01,0.6333333333333333,0.18888888888888888,0.5405405405405406,10,0,0,0,,
0,308,0.01,1.0,0.2777777777777778,0.5652173913043479,10,0,0,0,,
0,309,0.01,2.7777777777777777,0.8111111111111111,0.5479876160990712,10,0,0,0,,
0,310,0.01,3.6666666666666665,1.0,0.5714285714285715,10,0,0,0,,
0,311,0.01,9.0,2.7777777777777777,0.5283018867924528,10,0,0,0,,
0,312,0.01,27.77777777777778,7.222222222222221,0.5873015873015873,10,0,0,0,,
0,313,0.01,36.66666666666667,10.0,0.5714285714285715,10,0,0,0,,
0,314,0.01,90.0,27.77777777777778,0.5283018867924528,10,0,0,0,,
0,315,0.01,188.88888888888889,54.44444444444444,0.5525114155251143,10,0,0,0,,
0,316,0.01,277.77777777777777,90.0,0.5105740181268882,10,0,0,0,,
0,317,0.01,722.2222222222222,188.88888888888889,0.5853658536585366,10,0,0,0,,
0,318,0.01,2000.0,544.4444444444445,0.572052401746725,10,0,0,0,,
0,319,0.01,3000.0,900.0,0.5384615384615384,10,0,0,0,,
0,320,0.01,0.004555555555555556,0.001,0.64,10,0,0,0,,
0,321,0.01,0.01,0.001888888888888889,0.6822429906542055,10,0,0,0,,
0,322,0.01,0.027777777777777776,0.006333333333333334,0.6286644951140065,10,0,0,0,,
0,323,0.01,0.04555555555555556,0.00811111111111111,0.6977225672877847,10,0,0,0,,
0,324,0.01,0.0811111111111111,0.01888888888888889,0.6222222222222222,10,0,0,0,,
0,325,0.01,0.18888888888888888,0.04555555555555556,0.6113744075829383,10,0,0,0,,
0,326,0.01,0.3666666666666667,0.0811111111111111,0.6377171215880892,10,0,0,0,,
0,327,0.01,0.5444444444444445,0.1,0.6896551724137931,10,0,0,0,,
0,328,0.01,1.8888888888888888,0.3666666666666667,0.6748768472906403,10,0,0,0,,
0,329,0.01,3.6666666666666665,0.7222222222222222,0.6708860759493671,10,0,0,0,,
0,330,0.01,4.555555555555555,0.9,0.670061099796334,10,0,0,0,,
0,331,0.01,9.0,1.8888888888888888,0.6530612244897959,10,0,0,0,,
0,332,0.01,27.77777777777778,5.444444444444445,0.6722408026755854,10,0,0,0,,
0,333,0.01,45.55555555555556,8.11111111111111,0.6977225672877846,10,0,0,0,,
0,334,0.01,81.11111111111111,18.88888888888889,0.6222222222222222,10,0,0,0,,
0,335,0.01,188.88888888888889,45.55555555555556,0.6113744075829383,10,0,0,0,,
0,336,0.01,366.66666666666663,81.11111111111111,0.6377171215880894,10,0,0,0,,
0,337,0.01,455.55555555555554,100.0,0.64,10,0,0,0,,
0,338,0.01,1000.0,188.88888888888889,0.6822429906542056,10,0,0,0,,
0,339,0.01,3000.0,722.2222222222222,0.6119402985074627,10,0,0,0,,
0,340,0.01,0.006333333333333334,0.001,0.7272727272727273,10,0,0,0,,
0,341,0.01,0.03666666666666667,0.004555555555555556,0.7789757412398922,10,0,0,0,,
0,342,0.01,0.05444444444444445,0.006333333333333334,0.7915904936014624,10,0,0,0,,
0,343,0.01,0.06333333333333332,0.009,0.7511520737327189,10,0,0,0,,
0,344,0.01,0.09,0.01,0.8,10,0,0,0,,
0,345,0.01,0.3666666666666667,0.06333333333333332,0.7054263565891472,10,0,0,0,,
0,346,0.01,0.5444444444444445,0.0811111111111111,0.7406749555950266,10,0,0,0,,
0,347,0.01,0.7222222222222222,0.0811111111111111,0.7980636237897648,10,0,0,0,,
0,348,0.01,2.7777777777777777,0.3666666666666667,0.7667844522968198,10,0,0,0,,
0,349,0.01,4.555555555555555,0.6333333333333333,0.7558886509635975,10,0,0,0,,
0,350,0.01,6.333333333333333,0.7222222222222222,0.795275590551181,10,0,0,0,,
0,351,0.01,7.222222222222221,1.0,0.7567567567567567,10,0,0,0,,
0,352,0.01,36.66666666666667,4.555555555555555,0.7789757412398921,10,0,0,0,,
0,353,0.01,54.44444444444444,6.333333333333333,0.7915904936014625,10,0,0,0,,
0,354,0.01,63.333333333333336,9.0,0.7511520737327189,10,0,0,0,,
0,355,0.01,90.0,10.0,0.8,10,0,0,0,,
0,356,0.01,366.66666666666663,63.333333333333336,0.7054263565891473,10,0,0,0,,
0,357,0.01,544.4444444444445,81.11111111111111,0.7406749555950267,10,0,0,0,,
0,358,0.01,722.2222222222222,81.11111111111111,0.7980636237897649,10,0,0,0,,
0,359,0.01,3000.0,455.55555555555554,0.7363344051446945,10,0,0,0,,
0,360,0.01,0.009,0.001,0.8000000000000002,10,0,0,0,,
0,361,0.01,0.04555555555555556,0.003666666666666667,0.8510158013544019,10,0,0,0,,
0,362,0.01,0.07222222222222222,0.0054444444444444445,0.8597997138769671,10,0,0,0,,
0,363,0.01,0.09,0.006333333333333334,0.8685121107266437,10,0,0,0,,
0,364,0.01,0.18888888888888888,0.01,0.8994413407821228,10,0,0,0,,
0,365,0.01,0.5444444444444445,0.04555555555555556,0.8455743879472692,10,0,0,0,,
0,366,0.01,0.8111111111111111,0.04555555555555556,0.8936446173800259,10,0,0,0,,
0,367,0.01,0.9,0.09,0.8181818181818182,10,0,0,0,,
0,368,0.01,2.7777777777777777,0.2777777777777778,0.8181818181818182,10,0,0,0,,
0,369,0.01,6.333333333333333,0.4555555555555556,0.8657937806873977,10,0,0,0,,
0,370,0.01,8.11111111111111,0.7222222222222222,0.8364779874213837,10,0,0,0,,
0,371,0.01,10.0,0.7222222222222222,0.8652849740932644,10,0,0,0,,
0,372,0.01,45.55555555555556,2.7777777777777777,0.8850574712643677,10,0,0,0,,
0,373,0.01,72.22222222222223,4.555555555555555,0.8813314037626627,10,0,0,0,,
0,374,0.01,90.0,5.444444444444445,0.8859138533178115,10,0,0,0,,
0,375,0.01,100.0,10.0,0.8181818181818182,10,0,0,0,,
0,376,0.01,544.4444444444445,36.66666666666667,0.8738049713193117,10,0,0,0,,
0,377,0.01,722.2222222222222,72.22222222222223,0.8181818181818182,10,0,0,0,,
0,378,0.01,900.0,81.11111111111111,0.8346545866364666,10,0,0,0,,
0,379,0.01,3000.0,277.77777777777777,0.8305084745762712,10,0,0,0,,
0,380,0.01,0.027777777777777776,0.001,0.9305019305019304,10,0,0,0,,
0,381,0.01,0.4555555555555556,0.003666666666666667,0.9840309702395356,10,0,0,0,,
0,382,0.01,0.9,0.003666666666666667,0.9918849133161194,10,0,0,0,,
0,383,0.01,2.7777777777777777,0.0811111111111111,0.94325689856199,10,0,0,0,,
0,384,0.01,5.444444444444445,0.09,0.9674764103593656,10,0,0,0,,
0,385,0.01,8.11111111111111,0.04555555555555556,0.98882985969214,10,0,0,0,,
0,386,0.01,18.88888888888889,0.006333333333333334,0.9993296365336328,10,0,0,0,,
0,387,0.01,36.66666666666667,0.01888888888888889,0.998970227458582,10,0,0,0,,
0,388,0.01,54.44444444444444,0.027777777777777776,0.9989801121876594,10,0,0,0,,
0,389,0.01,72.22222222222223,0.027777777777777776,0.9992310649750098,10,0,0,0,,
0,390,0.01,90.0,0.009,0.9998000199980002,10,0,0,0,,
0,391,0.01,188.88888888888889,0.0054444444444444445,0.9999423546027204,10,0,0,0,,
0,392,0.01,277.77777777777777,1.0,0.9928258270227183,10,0,0,0,,
0,393,0.01,455.55555555555554,0.03666666666666667,0.9998390373457745,10,0,0,0,,
0,394,0.01,544.4444444444445,7.222222222222221,0.9738167170191341,10,0,0,0,,
0,395,0.01,722.2222222222222,0.06333333333333332,0.9998246307631483,10,0,0,0,,
0,396,0.01,811.1111111111111,8.11111111111111,0.9801980198019803,10,0,0,0,,
0,397,0.01,1000.0,0.04555555555555556,0.9999088930393171,10,0,0,0,,
0,398,0.01,2000.0,5.444444444444445,0.9945703363067206,10,0,0,0,,
0,399,0.01,3000.0,100.0,0.9354838709677419,10,0,0,0,,
1,0,0.05,0.001,0.027777777777777776,-0.9305019305019304,10,1,0,0,0.05597576014951104,16.999324382044485
1,1,0.05,0.001888888888888889,0.7222222222222222,-0.9947828755562373,10,1,0,0,0.07585775750291836,13.000227501898749
1,2,0.05,0.002777777777777778,54.44444444444444,-0.9998979643895719,10,1,1,0,0.0485288500162121,69.11381399293994
1,3,0.05,0.004555555555555556,0.1,-0.9128586609989372,10,0,0,0,,
1,4,0.05,0.0054444444444444445,45.55555555555556,-0.9997610041726721,10,1,1,0,0.07244359600749899,42.30633719688022
1,5,0.05,0.007222222222222223,0.5444444444444445,-0.9738167170191339,10,0,0,0,,
1,6,0.05,0.00811111111111111,90.0,-0.999819769329431,10,1,1,0,0.06823386941416697,72.12223788743314
1,7,0.05,0.01,2.7777777777777777,-0.9928258270227184,10,0,0,0,,
1,8,0.05,0.01888888888888889,722.2222222222222,-0.9999476936757038,10,1,1,0,0.03999447497610974,197.29866192713743
1,9,0.05,0.03666666666666667,90.0,-0.999185517011588,10,1,1,0,0.14503002001334223,36.355285372110785
1,10,0.05,0.05444444444444445,81.11111111111111,-0.998658434749278,10,1,1,0,0.18465643762508338,26.70222697145438
1,11,0.05,0.07222222222222222,100.0,-0.9985565980125465,10,1,1,0,0.19486324216144096,30.062140071140767
1,12,0.05,0.09,188.88888888888889,-0.9990475126557345,10,1,1,0,0.16484322881921282,60.78259362076063
1,13,0.05,0.18888888888888888,633.3333333333333,-0.9994036866197801,10,1,1,0,0.13482321547698467,175.38138268004437
1,14,0.05,0.4555555555555556,45.55555555555556,-0.9801980198019802,10,0,0,0,,
1,15,0.05,0.7222222222222222,36.66666666666667,-0.9613670133729569,10,0,0,0,,
1,16,0.05,1.0,45.55555555555556,-0.9570405727923628,10,0,0,0,,
1,17,0.05,3.6666666666666665,544.4444444444445,-0.9866207176160553,10,1,1,0,0.634356237491661,61.657133748391466
1,18,0.05,8.11111111111111,900.0,-0.9821363024593173,10,1,1,0,0.7346230820547031,96.80778893708964
1,19,0.05,100.0,3000.0,-0.9354838709677419,10,0,0,0,,
1,20,0.05,0.001,0.009,-0.8000000000000002,10,1,0,0,0.055718574893192985,17.06896471402887
1,21,0.05,0.003666666666666667,0.05444444444444445,-0.8738049713193117,10,0,0,0,,
1,22,0.05,0.0054444444444444445,0.0811111111111111,-0.8741976893453145,10,0,0,0,,
1,23,0.05,0.007222222222222223,0.09,-0.8514285714285713,10,0,0,0,,
1,24,0.05,0.01,0.18888888888888888,-0.8994413407821228,10,0,0,0,,
1,25,0.05,0.04555555555555556,0.5444444444444445,-0.8455743879472692,10,0,0,0,,
1,26,0.05,0.06333333333333332,0.6333333333333333,-0.8181818181818181,10,0,0,0,,
1,27,0.05,0.0811111111111111,0.9,-0.8346545866364665,10,0,0,0,,
1,28,0.05,0.2777777777777778,2.7777777777777777,-0.8181818181818182,10,0,0,0,,
1,29,0.05,0.4555555555555556,7.222222222222221,-0.8813314037626627,10,0,0,0,,
1,30,0.05,0.6333333333333333,9.0,-0.8685121107266437,10,0,0,0,,
1,31,0.05,0.9,9.0,-0.8181818181818181,10,0,0,0,,
1,32,0.05,3.6666666666666665,36.66666666666667,-0.8181818181818183,10,0,0,0,,
1,33,0.05,5.444444444444445,63.333333333333336,-0.8416801292407108,10,0,0,0,,
1,34,0.05,7.222222222222221,72.22222222222223,-0.818181818181818,10,0,0,0,,
1,35,0.05,10.0,100.0,-0.8181818181818182,10,0,0,0,,
1,36,0.05,36.66666666666667,633.3333333333333,-0.8905472636815921,10,0,0,0,,
1,37,0.05,54.44444444444444,900.0,-0.8859138533178114,10,0,0,0,,
1,38,0.05,72.22222222222223,1000.0,-0.8652849740932643,10,0,0,0,,
1,39,0.05,277.77777777777777,3000.0,-0.8305084745762712,10,0,0,0,,
1,40,0.05,0.001,0.006333333333333334,-0.7272727272727273,10,1,0,0,0.0554625712957911,17.135288033799547
1,41,0.05,0.004555555555555556,0.027777777777777776,-0.718213058419244,10,0,0,0,,
1,42,0.05,0.006333333333333334,0.05444444444444445,-0.7915904936014624,10,0,0,0,,
1,43,0.05,0.00811111111111111,0.07222222222222222,-0.7980636237897648,10,0,0,0,,
1,44,0.05,0.01,0.0811111111111111,-0.7804878048780489,10,0,0,0,,
1,45,0.05,0.05444444444444445,0.3666666666666667,-0.7414248021108178,10,0,0,0,,
1,46,0.05,0.07222222222222222,0.5444444444444445,-0.7657657657657659,10,0,0,0,,
1,47,0.05,0.09,0.6333333333333333,-0.751152073732719,10,0,0,0,,
1,48,0.05,0.3666666666666667,2.7777777777777777,-0.7667844522968198,10,0,0,0,,
1,49,0.05,0.6333333333333333,4.555555555555555,-0.7558886509635975,10,0,0,0,,
1,50,0.05,0.8111111111111111,5.444444444444445,-0.7406749555950267,10,0,0,0,,
1,51,0.05,1.0,6.333333333333333,-0.7272727272727273,10,0,0,0,,
1,52,0.05,4.555555555555555,36.66666666666667,-0.7789757412398921,10,0,0,0,,
1,53,0.05,7.222222222222221,45.55555555555556,-0.7263157894736842,10,0,0,0,,
1,54,0.05,9.0,54.44444444444444,-0.7162872154115587,10,0,0,0,,
1,55,0.05,10.0,81.11111111111111,-0.7804878048780488,10,0,0,0,,
1,56,0.05,54.44444444444444,455.55555555555554,-0.7864923747276688,10,0,0,0,,
1,57,0.05,72.22222222222223,633.3333333333333,-0.7952755905511812,10,0,0,0,,
1,58,0.05,90.0,722.2222222222222,-0.7783857729138167,10,0,0,0,,
1,59,0.05,455.55555555555554,3000.0,-0.7363344051446945,10,0,0,0,,
1,60,0.05,0.001,0.004555555555555556,-0.64,10,1,0,0,0.05520774392807573,17.216076601547048
1,61,0.05,0.001888888888888889,0.01,-0.6822429906542055,10,1,0,0,0.07620790100254123,12.510192607331133
1,62,0.05,0.006333333333333334,0.027777777777777776,-0.6286644951140065,10,0,0,0,,
1,63,0.05,0.009,0.03666666666666667,-0.6058394160583941,10,0,0,0,,
1,64,0.05,0.01888888888888889,0.0811111111111111,-0.6222222222222222,10,0,0,0,,
1,65,0.05,0.04555555555555556,0.18888888888888888,-0.6113744075829383,10,0,0,0,,
1,66,0.05,0.0811111111111111,0.3666666666666667,-0.6377171215880892,10,0,0,0,,
1,67,0.05,0.1,0.5444444444444445,-0.6896551724137931,10,0,0,0,,
1,68,0.05,0.3666666666666667,1.8888888888888888,-0.6748768472906403,10,0,0,0,,
1,69,0.05,0.7222222222222222,3.6666666666666665,-0.6708860759493671,10,0,0,0,,
1,70,0.05,0.9,4.555555555555555,-0.670061099796334,10,0,0,0,,
1,71,0.05,1.8888888888888888,9.0,-0.6530612244897959,10,0,0,0,,
1,72,0.05,5.444444444444445,27.77777777777778,-0.6722408026755854,10,0,0,0,,
1,73,0.05,9.0,36.66666666666667,-0.6058394160583942,10,0,0,0,,
1,74,0.05,18.88888888888889,81.11111111111111,-0.6222222222222222,10,0,0,0,,
1,75,0.05,45.55555555555556,188.88888888888889,-0.6113744075829383,10,0,0,0,,
1,76,0.05,81.11111111111111,366.66666666666663,-0.6377171215880894,10,0,0,0,,
1,77,0.05,100.0,455.55555555555554,-0.64,10,0,0,0,,
1,78,0.05,188.88888888888889,1000.0,-0.6822429906542056,10,0,0,0,,
1,79,0.05,722.2222222222222,3000.0,-0.6119402985074627,10,0,0,0,,
1,80,0.05,0.001,0.003666666666666667,-0.5714285714285715,10,1,0,0,0.05495408738576248,17.281537368195824
1,81,0.05,0.001888888888888889,0.007222222222222223,-0.5853658536585367,10,1,0,0,0.07550922276654341,12.550297856605985
1,82,0.05,0.0054444444444444445,0.01888888888888889,-0.5525114155251142,10,0,0,0,,
1,83,0.05,0.009,0.027777777777777776,-0.5105740181268882,10,0,0,0,,
1,84,0.05,0.01888888888888889,0.07222222222222222,-0.5853658536585367,10,0,0,0,,
1,85,0.05,0.05444444444444445,0.18888888888888888,-0.5525114155251141,10,0,0,0,,
1,86,0.05,0.09,0.2777777777777778,-0.5105740181268883,10,0,0,0,,
1,87,0.05,0.18888888888888888,0.6333333333333333,-0.5405405405405406,10,0,0,0,,
1,88,0.05,0.2777777777777778,1.0,-0.5652173913043479,10,0,0,0,,
1,89,0.05,0.8111111111111111,2.7777777777777777,-0.5479876160990712,10,0,0,0,,
1,90,0.05,1.8888888888888888,6.333333333333333,-0.5405405405405406,10,0,0,0,,
1,91,0.05,2.7777777777777777,10.0,-0.5652173913043478,10,0,0,0,,
1,92,0.05,8.11111111111111,27.77777777777778,-0.5479876160990713,10,0,0,0,,
1,93,0.05,10.0,36.66666666666667,-0.5714285714285715,10,0,0,0,,
1,94,0.05,27.77777777777778,90.0,-0.5283018867924528,10,0,0,0,,
1,95,0.05,72.22222222222223,277.77777777777777,-0.5873015873015872,10,0,0,0,,
1,96,0.05,100.0,366.66666666666663,-0.5714285714285714,10,0,0,0,,
1,97,0.05,277.77777777777777,900.0,-0.5283018867924527,10,0,0,0,,
1,98,0.05,633.3333333333333,2000.0,-0.518987341772152,10,0,0,0,,
1,99,0.05,1000.0,3000.0,-0.5,10,0,0,0,,
1,100,0.05,0.001,0.002777777777777778,-0.47058823529411764,10,1,0,0,0.05470159628939716,17.381574977420204
1,101,0.05,0.001888888888888889,0.0054444444444444445,-0.48484848484848486,10,1,0,0,0.07516228940182053,12.660641840620283
1,102,0.05,0.003666666666666667,0.009,-0.4210526315789473,10,0,0,0,,
1,103,0.05,0.007222222222222223,0.01888888888888889,-0.4468085106382978,10,0,0,0,,
1,104,0.05,0.01888888888888889,0.05444444444444445,-0.4848484848484849,10,0,0,0,,
1,105,0.05,0.027777777777777776,0.0811111111111111,-0.4897959183673469,10,0,0,0,,
1,106,0.05,0.06333333333333332,0.18888888888888888,-0.4977973568281938,10,0,0,0,,
1,107,0.05,0.18888888888888888,0.4555555555555556,-0.4137931034482759,10,0,0,0,,
1,108,0.05,0.2777777777777778,0.8111111111111111,-0.48979591836734687,10,0,0,0,,
1,109,0.05,0.6333333333333333,1.8888888888888888,-0.4977973568281938,10,0,0,0,,
1,110,0.05,1.0,2.7777777777777777,-0.47058823529411764,10,0,0,0,,
1,111,0.05,2.7777777777777777,7.222222222222221,-0.44444444444444436,10,0,0,0,,
1,112,0.05,3.6666666666666665,10.0,-0.46341463414634154,10,0,0,0,,
1,113,0.05,10.0,27.77777777777778,-0.47058823529411764,10,0,0,0,,
1,114,0.05,27.77777777777778,72.22222222222223,-0.4444444444444445,10,0,0,0,,
1,115,0.05,36.66666666666667,90.0,-0.4210526315789473,10,0,0,0,,
1,116,0.05,72.22222222222223,188.88888888888889,-0.4468085106382979,10,0,0,0,,
1,117,0.05,188.88888888888889,544.4444444444445,-0.4848484848484848,10,0,0,0,,
1,118,0.05,366.66666666666663,900.0,-0.42105263157894746,10,0,0,0,,
1,119,0.05,811.1111111111111,2000.0,-0.42292490118577075,10,0,0,0,,
1,120,0.05,0.001,0.001888888888888889,-0.3076923076923077,10,1,0,0,0.05395106225151279,17.630491079347404
1,121,0.05,0.002777777777777778,0.006333333333333334,-0.39024390243902446,10,1,0,0,0.09036494737223014,10.485506091841092
1,122,0.05,0.004555555555555556,0.009,-0.3278688524590163,10,0,0,0,,
1,123,0.05,0.009,0.01888888888888889,-0.354581673306773,10,0,0,0,,
1,124,0.05,0.027777777777777776,0.05444444444444445,-0.3243243243243244,10,0,0,0,,
1,125,0.05,0.03666666666666667,0.0811111111111111,-0.3773584905660377,10,0,0,0,,
1,126,0.05,0.0811111111111111,0.18888888888888888,-0.39917695473251025,10,0,0,0,,
1,127,0.05,0.18888888888888888,0.3666666666666667,-0.32000000000000006,10,0,0,0,,
1,128,0.05,0.3666666666666667,0.7222222222222222,-0.3265306122448979,10,0,0,0,,
1,129,0.05,0.4555555555555556,1.0,-0.37404580152671746,10,0,0,0,,
1,130,0.05,1.8888888888888888,3.6666666666666665,-0.32,10,0,0,0,,
1,131,0.05,3.6666666666666665,7.222222222222221,-0.32653061224489793,10,0,0,0,,
1,132,0.05,4.555555555555555,10.0,-0.37404580152671757,10,0,0,0,,
1,133,0.05,10.0,18.88888888888889,-0.3076923076923077,10,0,0,0,,
1,134,0.05,27.77777777777778,63.333333333333336,-0.3902439024390244,10,0,0,0,,
1,135,0.05,45.55555555555556,90.0,-0.3278688524590164,10,0,0,0,,
1,136,0.05,90.0,188.88888888888889,-0.35458167330677287,10,0,0,0,,
1,137,0.05,277.77777777777777,544.4444444444445,-0.32432432432432434,10,0,0,0,,
1,138,0.05,366.66666666666663,811.1111111111111,-0.3773584905660377,10,0,0,0,,
1,139,0.05,1000.0,2000.0,-0.3333333333333333,10,0,0,0,,
1,140,0.05,0.002777777777777778,0.004555555555555556,-0.2424242424242424,10,1,0,0,0.08953647655495937,10.655209264477978
1,141,0.05,0.004555555555555556,0.007222222222222223,-0.22641509433962265,10,0,0,0,,
1,142,0.05,0.0054444444444444445,0.009,-0.2461538461538461,10,0,0,0,,
1,143,0.05,0.006333333333333334,0.01,-0.2244897959183673,10,0,0,0,,
1,144,0.05,0.03666666666666667,0.06333333333333332,-0.2666666666666666,10,0,0,0,,
1,145,0.05,0.05444444444444445,0.09,-0.24615384615384614,10,0,0,0,,
1,146,0.05,0.06333333333333332,0.1,-0.22448979591836743,10,0,0,0,,
1,147,0.05,0.3666666666666667,0.6333333333333333,-0.2666666666666666,10,0,0,0,,
1,148,0.05,0.4555555555555556,0.8111111111111111,-0.2807017543859649,10,0,0,0,,
1,149,0.05,0.5444444444444445,1.0,-0.29496402877697836,10,0,0,0,,
1,150,0.05,3.6666666666666665,6.333333333333333,-0.26666666666666666,10,0,0,0,,
1,151,0.05,4.555555555555555,8.11111111111111,-0.2807017543859649,10,0,0,0,,
1,152,0.05,5.444444444444445,10.0,-0.2949640287769784,10,0,0,0,,
1,153,0.05,27.77777777777778,45.55555555555556,-0.2424242424242424,10,0,0,0,,
1,154,0.05,45.55555555555556,72.22222222222223,-0.22641509433962267,10,0,0,0,,
1,155,0.05,54.44444444444444,100.0,-0.2949640287769784,10,0,0,0,,
1,156,0.05,277.77777777777777,455.55555555555554,-0.24242424242424243,10,0,0,0,,
1,157,0.05,455.55555555555554,722.2222222222222,-0.2264150943396226,10,0,0,0,,
1,158,0.05,544.4444444444445,900.0,-0.24615384615384617,10,0,0,0,,
1,159,0.05,2000.0,3000.0,-0.2,10,0,0,0,,
1,160,0.05,0.001888888888888889,0.002777777777777778,-0.19047619047619047,10,1,0,0,0.0734513868157115,12.968226964082657
1,161,0.05,0.003666666666666667,0.0054444444444444445,-0.19512195121951215,10,1,0,0,0.10240160106737825,9.315794521834574
1,162,0.05,0.006333333333333334,0.00811111111111111,-0.123076923076923,10,0,0,0,,
1,163,0.05,0.00811111111111111,0.01,-0.1042944785276074,10,0,0,0,,
1,164,0.05,0.03666666666666667,0.04555555555555556,-0.10810810810810813,10,0,0,0,,
1,165,0.05,0.05444444444444445,0.0811111111111111,-0.1967213114754098,10,0,0,0,,
1,166,0.05,0.07222222222222222,0.1,-0.16129032258064524,10,0,0,0,,
1,167,0.05,0.3666666666666667,0.4555555555555556,-0.10810810810810811,10,0,0,0,,
1,168,0.05,0.5444444444444445,0.7222222222222222,-0.1403508771929824,10,0,0,0,,
1,169,0.05,0.7222222222222222,0.9,-0.10958904109589043,10,0,0,0,,
1,170,0.05,2.7777777777777777,3.6666666666666665,-0.13793103448275862,10,0,0,0,,
1,171,0.05,5.444444444444445,7.222222222222221,-0.1403508771929824,10,0,0,0,,
1,172,0.05,6.333333333333333,9.0,-0.1739130434782609,10,0,0,0,,
1,173,0.05,18.88888888888889,27.77777777777778,-0.19047619047619047,10,0,0,0,,
1,174,0.05,45.55555555555556,63.333333333333336,-0.163265306122449,10,0,0,0,,
1,175,0.05,63.333333333333336,90.0,-0.17391304347826084,10,0,0,0,,
1,176,0.05,81.11111111111111,100.0,-0.10429447852760734,10,0,0,0,,
1,177,0.05,366.66666666666663,544.4444444444445,-0.19512195121951226,10,0,0,0,,
1,178,0.05,633.3333333333333,811.1111111111111,-0.12307692307692313,10,0,0,0,,
1,179,0.05,811.1111111111111,1000.0,-0.10429447852760737,10,0,0,0,,
1,180,0.05,0.001,0.001,0.0,10,1,0,0,0.05223961889991197,18.20277684553772
1,181,0.05,0.004555555555555556,0.0054444444444444445,-0.08888888888888886,10,0,0,0,,
1,182,0.05,0.007222222222222223,0.007222222222222223,0.0,10,0,0,0,,
1,183,0.05,0.009,0.01,-0.05263157894736847,10,0,0,0,,
1,184,0.05,0.04555555555555556,0.04555555555555556,0.0,10,0,0,0,,
1,185,0.05,0.06333333333333332,0.07222222222222222,-0.0655737704918033,10,0,0,0,,
1,186,0.05,0.09,0.09,0.0,10,0,0,0,,
1,187,0.05,0.4555555555555556,0.4555555555555556,0.0,10,0,0,0,,
1,188,0.05,0.6333333333333333,0.7222222222222222,-0.06557377049180328,10,0,0,0,,
1,189,0.05,0.9,0.9,0.0,10,0,0,0,,
1,190,0.05,3.6666666666666665,3.6666666666666665,0.0,10,0,0,0,,
1,191,0.05,6.333333333333333,6.333333333333333,0.0,10,0,0,0,,
1,192,0.05,8.11111111111111,9.0,-0.05194805194805197,10,0,0,0,,
1,193,0.05,36.66666666666667,36.66666666666667,0.0,10,0,0,0,,
1,194,0.05,63.333333333333336,63.333333333333336,0.0,10,0,0,0,,
1,195,0.05,81.11111111111111,90.0,-0.05194805194805193,10,0,0,0,,
1,196,0.05,277.77777777777777,277.77777777777777,0.0,10,0,0,0,,
1,197,0.05,544.4444444444445,633.3333333333333,-0.07547169811320747,10,0,0,0,,
1,198,0.05,811.1111111111111,811.1111111111111,0.0,10,0,0,0,,
1,199,0.05,3000.0,3000.0,0.0,10,0,0,0,,
1,200,0.05,0.0054444444444444445,0.004555555555555556,0.08888888888888886,10,0,0,0,,
1,201,0.05,0.006333333333333334,0.0054444444444444445,0.0754716981132076,10,0,0,0,,
1,202,0.05,0.00811111111111111,0.007222222222222223,0.057971014492753555,10,0,0,0,,
1,203,0.05,0.01,0.009,0.05263157894736847,10,0,0,0,,
1,204,0.05,0.06333333333333332,0.05444444444444445,0.07547169811320745,10,0,0,0,,
1,205,0.05,0.0811111111111111,0.07222222222222222,0.05797101449275364,10,0,0,0,,
1,206,0.05,0.1,0.09,0.05263157894736847,10,0,0,0,,
1,207,0.05,0.5444444444444445,0.4555555555555556,0.0888888888888889,10,0,0,0,,
1,208,0.05,0.7222222222222222,0.6333333333333333,0.06557377049180328,10,0,0,0,,
1,209,0.05,0.9,0.8111111111111111,0.05194805194805195,10,0,0,0,,
1,210,0.05,5.444444444444445,4.555555555555555,0.08888888888888893,10,0,0,0,,
1,211,0.05,7.222222222222221,6.333333333333333,0.06557377049180325,10,0,0,0,,
1,212,0.05,9.0,8.11111111111111,0.05194805194805197,10,0,0,0,,
1,213,0.05,10.0,9.0,0.05263157894736842,10,0,0,0,,
1,214,0.05,63.333333333333336,54.44444444444444,0.07547169811320759,10,0,0,0,,
1,215,0.05,81.11111111111111,72.22222222222223,0.057971014492753596,10,0,0,0,,
1,216,0.05,100.0,90.0,0.05263157894736842,10,0,0,0,,
1,217,0.05,633.3333333333333,544.4444444444445,0.07547169811320747,10,0,0,0,,
1,218,0.05,811.1111111111111,722.2222222222222,0.057971014492753645,10,0,0,0,,
1,219,0.05,1000.0,900.0,0.05263157894736842,10,0,0,0,,
1,220,0.05,0.002777777777777778,0.001888888888888889,0.19047619047619047,10,1,0,0,0.08433347577642757,11.28194839815769
1,221,0.05,0.0054444444444444445,0.003666666666666667,0.19512195121951215,10,0,0,0,,
1,222,0.05,0.00811111111111111,0.006333333333333334,0.123076923076923,10,0,0,0,,
1,223,0.05,0.01,0.00811111111111111,0.1042944785276074,10,0,0,0,,
1,224,0.05,0.05444444444444445,0.03666666666666667,0.19512195121951223,10,0,0,0,,
1,225,0.05,0.0811111111111111,0.05444444444444445,0.1967213114754098,10,0,0,0,,
1,226,0.05,0.1,0.07222222222222222,0.16129032258064524,10,0,0,0,,
1,227,0.05,0.4555555555555556,0.3666666666666667,0.10810810810810811,10,0,0,0,,
1,228,0.05,0.8111111111111111,0.5444444444444445,0.19672131147540978,10,0,0,0,,
1,229,0.05,1.0,0.7222222222222222,0.16129032258064516,10,0,0,0,,
1,230,0.05,3.6666666666666665,2.7777777777777777,0.13793103448275862,10,0,0,0,,
1,231,0.05,7.222222222222221,5.444444444444445,0.1403508771929824,10,0,0,0,,
1,232,0.05,9.0,7.222222222222221,0.10958904109589046,10,0,0,0,,
1,233,0.05,36.66666666666667,27.77777777777778,0.13793103448275865,10,0,0,0,,
1,234,0.05,72.22222222222223,54.44444444444444,0.1403508771929825,10,0,0,0,,
1,235,0.05,90.0,63.333333333333336,0.17391304347826084,10,0,0,0,,
1,236,0.05,277.77777777777777,188.88888888888889,0.1904761904761905,10,0,0,0,,
1,237,0.05,633.3333333333333,455.55555555555554,0.16326530612244894,10,0,0,0,,
1,238,0.05,900.0,633.3333333333333,0.17391304347826092,10,0,0,0,,
1,239,0.05,3000.0,2000.0,0.2,10,0,0,0,,
1,240,0.05,0.004555555555555556,0.002777777777777778,0.2424242424242424,10,0,0,0,,
1,241,0.05,0.007222222222222223,0.004555555555555556,0.22641509433962265,10,0,0,0,,
1,242,0.05,0.009,0.0054444444444444445,0.2461538461538461,10,0,0,0,,
1,243,0.05,0.01,0.006333333333333334,0.2244897959183673,10,0,0,0,,
1,244,0.05,0.06333333333333332,0.03666666666666667,0.2666666666666666,10,0,0,0,,
1,245,0.05,0.0811111111111111,0.04555555555555556,0.2807017543859649,10,0,0,0,,
1,246,0.05,0.1,0.05444444444444445,0.2949640287769784,10,0,0,0,,
1,247,0.05,0.6333333333333333,0.3666666666666667,0.2666666666666666,10,0,0,0,,
1,248,0.05,0.8111111111111111,0.4555555555555556,0.2807017543859649,10,0,0,0,,
1,249,0.05,1.0,0.5444444444444445,0.29496402877697836,10,0,0,0,,
1,250,0.05,4.555555555555555,2.7777777777777777,0.24242424242424243,10,0,0,0,,
1,251,0.05,7.222222222222221,4.555555555555555,0.22641509433962262,10,0,0,0,,
1,252,0.05,9.0,5.444444444444445,0.24615384615384614,10,0,0,0,,
1,253,0.05,45.55555555555556,27.77777777777778,0.2424242424242424,10,0,0,0,,
1,254,0.05,72.22222222222223,45.55555555555556,0.22641509433962267,10,0,0,0,,
1,255,0.05,90.0,54.44444444444444,0.24615384615384614,10,0,0,0,,
1,256,0.05,100.0,63.333333333333336,0.22448979591836732,10,0,0,0,,
1,257,0.05,633.3333333333333,366.66666666666663,0.26666666666666666,10,0,0,0,,
1,258,0.05,811.1111111111111,455.55555555555554,0.28070175438596495,10,0,0,0,,
1,259,0.05,1000.0,633.3333333333333,0.2244897959183674,10,0,0,0,,
1,260,0.05,0.001888888888888889,0.001,0.3076923076923077,10,1,0,0,0.06760829753919818,13.962103288924895
1,261,0.05,0.006333333333333334,0.002777777777777778,0.39024390243902446,10,0,0,0,,
1,262,0.05,0.009,0.004555555555555556,0.3278688524590163,10,0,0,0,,
1,263,0.05,0.01888888888888889,0.009,0.354581673306773,10,0,0,0,,
1,264,0.05,0.05444444444444445,0.027777777777777776,0.3243243243243244,10,0,0,0,,
1,265,0.05,0.0811111111111111,0.03666666666666667,0.3773584905660377,10,0,0,0,,
1,266,0.05,0.18888888888888888,0.0811111111111111,0.39917695473251025,10,0,0,0,,
1,267,0.05,0.3666666666666667,0.18888888888888888,0.32000000000000006,10,0,0,0,,
1,268,0.05,0.7222222222222222,0.3666666666666667,0.3265306122448979,10,0,0,0,,
1,269,0.05,1.0,0.4555555555555556,0.37404580152671746,10,0,0,0,,
1,270,0.05,3.6666666666666665,1.8888888888888888,0.32,10,0,0,0,,
1,271,0.05,7.222222222222221,3.6666666666666665,0.32653061224489793,10,0,0,0,,
1,272,0.05,10.0,4.555555555555555,0.37404580152671757,10,0,0,0,,
1,273,0.05,18.88888888888889,10.0,0.3076923076923077,10,0,0,0,,
1,274,0.05,63.333333333333336,27.77777777777778,0.3902439024390244,10,0,0,0,,
1,275,0.05,90.0,45.55555555555556,0.3278688524590164,10,0,0,0,,
1,276,0.05,188.88888888888889,90.0,0.35458167330677287,10,0,0,0,,
1,277,0.05,544.4444444444445,277.77777777777777,0.32432432432432434,10,0,0,0,,
1,278,0.05,811.1111111111111,366.66666666666663,0.3773584905660377,10,0,0,0,,
1,279,0.05,2000.0,1000.0,0.3333333333333333,10,0,0,0,,
1,280,0.05,0.002777777777777778,0.001,0.47058823529411764,10,1,0,0,0.07798301105232586,12.163084780398465
1,281,0.05,0.0054444444444444445,0.001888888888888889,0.48484848484848486,10,0,0,0,,
1,282,0.05,0.009,0.003666666666666667,0.4210526315789473,10,0,0,0,,
1,283,0.05,0.01888888888888889,0.007222222222222223,0.4468085106382978,10,0,0,0,,
1,284,0.05,0.05444444444444445,0.01888888888888889,0.4848484848484849,10,0,0,0,,
1,285,0.05,0.09,0.03666666666666667,0.4210526315789474,10,0,0,0,,
1,286,0.05,0.18888888888888888,0.07222222222222222,0.44680851063829796,10,0,0,0,,
1,287,0.05,0.4555555555555556,0.18888888888888888,0.4137931034482759,10,0,0,0,,
1,288,0.05,0.8111111111111111,0.2777777777777778,0.48979591836734687,10,0,0,0,,
1,289,0.05,1.8888888888888888,0.6333333333333333,0.4977973568281938,10,0,0,0,,
1,290,0.05,4.555555555555555,1.8888888888888888,0.4137931034482758,10,0,0,0,,
1,291,0.05,8.11111111111111,2.7777777777777777,0.48979591836734687,10,0,0,0,,
1,292,0.05,18.88888888888889,6.333333333333333,0.4977973568281939,10,0,0,0,,
1,293,0.05,27.77777777777778,10.0,0.47058823529411764,10,0,0,0,,
1,294,0.05,72.22222222222223,27.77777777777778,0.4444444444444445,10,0,0,0,,
1,295,0.05,100.0,36.66666666666667,0.4634146341463414,10,0,0,0,,
1,296,0.05,277.77777777777777,100.0,0.47058823529411764,10,0,0,0,,
1,297,0.05,722.2222222222222,277.77777777777777,0.4444444444444444,10,0,0,0,,
1,298,0.05,1000.0,366.66666666666663,0.46341463414634154,10,0,0,0,,
1,299,0.05,3000.0,1000.0,0.5,10,0,0,0,,
1,300,0.05,0.003666666666666667,0.001,0.5714285714285715,10,1,0,0,0.08550667128846832,11.086299585241733
1,301,0.05,0.007222222222222223,0.001888888888888889,0.5853658536585367,10,0,0,0,,
1,302,0.05,0.01888888888888889,0.0054444444444444445,0.5525114155251142,10,0,0,0,,
1,303,0.05,0.027777777777777776,0.009,0.5105740181268882,10,0,0,0,,
1,304,0.05,0.07222222222222222,0.01888888888888889,0.5853658536585367,10,0,0,0,,
1,305,0.05,0.1,0.027777777777777776,0.5652173913043479,10,0,0,0,,
1,306,0.05,0.2777777777777778,0.0811111111111111,0.5479876160990712,10,0,0,0,,
1,307,0.05,0.6333333333333333,0.18888888888888888,0.5405405405405406,10,0,0,0,,
1,308,0.05,1.0,0.2777777777777778,0.5652173913043479,10,0,0,0,,
1,309,0.05,2.7777777777777777,0.8111111111111111,0.5479876160990712,10,0,0,0,,
1,310,0.05,3.6666666666666665,1.0,0.5714285714285715,10,0,0,0,,
1,311,0.05,9.0,2.7777777777777777,0.5283018867924528,10,0,0,0,,
1,312,0.05,27.77777777777778,7.222222222222221,0.5873015873015873,10,0,0,0,,
1,313,0.05,36.66666666666667,10.0,0.5714285714285715,10,0,0,0,,
1,314,0.05,90.0,27.77777777777778,0.5283018867924528,10,0,0,0,,
1,315,0.05,188.88888888888889,54.44444444444444,0.5525114155251143,10,0,0,0,,
1,316,0.05,277.77777777777777,90.0,0.5105740181268882,10,0,0,0,,
1,317,0.05,722.2222222222222,188.88888888888889,0.5853658536585366,10,0,0,0,,
1,318,0.05,2000.0,544.4444444444445,0.572052401746725,10,0,0,0,,
1,319,0.05,3000.0,900.0,0.5384615384615384,10,0,0,0,,
1,320,0.05,0.004555555555555556,0.001,0.64,10,1,0,0,0.09162204901220002,10.40709212421029
1,321,0.05,0.01,0.001888888888888889,0.6822429906542055,10,0,0,0,,
1,322,0.05,0.027777777777777776,0.006333333333333334,0.6286644951140065,10,0,0,0,,
1,323,0.05,0.04555555555555556,0.00811111111111111,0.6977225672877847,10,0,0,0,,
1,324,0.05,0.0811111111111111,0.01888888888888889,0.6222222222222222,10,0,0,0,,
1,325,0.05,0.18888888888888888,0.04555555555555556,0.6113744075829383,10,0,0,0,,
1,326,0.05,0.3666666666666667,0.0811111111111111,0.6377171215880892,10,0,0,0,,
1,327,0.05,0.5444444444444445,0.1,0.6896551724137931,10,0,0,0,,
1,328,0.05,1.8888888888888888,0.3666666666666667,0.6748768472906403,10,0,0,0,,
1,329,0.05,3.6666666666666665,0.7222222222222222,0.6708860759493671,10,0,0,0,,
1,330,0.05,4.555555555555555,0.9,0.670061099796334,10,0,0,0,,
1,331,0.05,9.0,1.8888888888888888,0.6530612244897959,10,0,0,0,,
1,332,0.05,27.77777777777778,5.444444444444445,0.6722408026755854,10,0,0,0,,
1,333,0.05,45.55555555555556,8.11111111111111,0.6977225672877846,10,0,0,0,,
1,334,0.05,81.11111111111111,18.88888888888889,0.6222222222222222,10,0,0,0,,
1,335,0.05,188.88888888888889,45.55555555555556,0.6113744075829383,10,0,0,0,,
1,336,0.05,366.66666666666663,81.11111111111111,0.6377171215880894,10,0,0,0,,
1,337,0.05,455.55555555555554,100.0,0.64,10,0,0,0,,
1,338,0.05,1000.0,188.88888888888889,0.6822429906542056,10,0,0,0,,
1,339,0.05,3000.0,722.2222222222222,0.6119402985074627,10,0,0,0,,
1,340,0.05,0.006333333333333334,0.001,0.7272727272727273,10,1,0,0,0.1,9.514103710315355
1,341,0.05,0.03666666666666667,0.004555555555555556,0.7789757412398922,10,0,0,0,,
1,342,0.05,0.05444444444444445,0.006333333333333334,0.7915904936014624,10,0,0,0,,
1,343,0.05,0.06333333333333332,0.009,0.7511520737327189,10,0,0,0,,
1,344,0.05,0.09,0.01,0.8,10,0,0,0,,
1,345,0.05,0.3666666666666667,0.06333333333333332,0.7054263565891472,10,0,0,0,,
1,346,0.05,0.5444444444444445,0.0811111111111111,0.7406749555950266,10,0,0,0,,
1,347,0.05,0.7222222222222222,0.0811111111111111,0.7980636237897648,10,0,0,0,,
1,348,0.05,2.7777777777777777,0.3666666666666667,0.7667844522968198,10,0,0,0,,
1,349,0.05,4.555555555555555,0.6333333333333333,0.7558886509635975,10,0,0,0,,
1,350,0.05,6.333333333333333,0.7222222222222222,0.795275590551181,10,0,0,0,,
1,351,0.05,7.222222222222221,1.0,0.7567567567567567,10,0,0,0,,
1,352,0.05,36.66666666666667,4.555555555555555,0.7789757412398921,10,0,0,0,,
1,353,0.05,54.44444444444444,6.333333333333333,0.7915904936014625,10,0,0,0,,
1,354,0.05,63.333333333333336,9.0,0.7511520737327189,10,0,0,0,,
1,355,0.05,90.0,10.0,0.8,10,0,0,0,,
1,356,0.05,366.66666666666663,63.333333333333336,0.7054263565891473,10,0,0,0,,
1,357,0.05,544.4444444444445,81.11111111111111,0.7406749555950267,10,0,0,0,,
1,358,0.05,722.2222222222222,81.11111111111111,0.7980636237897649,10,0,0,0,,
1,359,0.05,3000.0,455.55555555555554,0.7363344051446945,10,0,0,0,,
1,360,0.05,0.009,0.001,0.8000000000000002,10,0,0,0,,
1,361,0.05,0.04555555555555556,0.003666666666666667,0.8510158013544019,10,0,0,0,,
1,362,0.05,0.07222222222222222,0.0054444444444444445,0.8597997138769671,10,0,0,0,,
1,363,0.05,0.09,0.006333333333333334,0.8685121107266437,10,0,0,0,,
1,364,0.05,0.18888888888888888,0.01,0.8994413407821228,10,0,0,0,,
1,365,0.05,0.5444444444444445,0.04555555555555556,0.8455743879472692,10,0,0,0,,
1,366,0.05,0.8111111111111111,0.04555555555555556,0.8936446173800259,10,0,0,0,,
1,367,0.05,0.9,0.09,0.8181818181818182,10,0,0,0,,
1,368,0.05,2.7777777777777777,0.2777777777777778,0.8181818181818182,10,0,0,0,,
1,369,0.05,6.333333333333333,0.4555555555555556,0.8657937806873977,10,0,0,0,,
1,370,0.05,8.11111111111111,0.7222222222222222,0.8364779874213837,10,0,0,0,,
1,371,0.05,10.0,0.7222222222222222,0.8652849740932644,10,0,0,0,,
1,372,0.05,45.55555555555556,2.7777777777777777,0.8850574712643677,10,0,0,0,,
1,373,0.05,72.22222222222223,4.555555555555555,0.8813314037626627,10,0,0,0,,
1,374,0.05,90.0,5.444444444444445,0.8859138533178115,10,0,0,0,,
1,375,0.05,100.0,10.0,0.8181818181818182,10,0,0,0,,
1,376,0.05,544.4444444444445,36.66666666666667,0.8738049713193117,10,0,0,0,,
1,377,0.05,722.2222222222222,72.22222222222223,0.8181818181818182,10,0,0,0,,
1,378,0.05,900.0,81.11111111111111,0.8346545866364666,10,0,0,0,,
1,379,0.05,3000.0,277.77777777777777,0.8305084745762712,10,0,0,0,,
1,380,0.05,0.027777777777777776,0.001,0.9305019305019304,10,0,0,0,,
1,381,0.05,0.4555555555555556,0.003666666666666667,0.9840309702395356,10,0,0,0,,
1,382,0.05,0.9,0.003666666666666667,0.9918849133161194,10,0,0,0,,
1,383,0.05,2.7777777777777777,0.0811111111111111,0.94325689856199,10,0,0,0,,
1,384,0.05,5.444444444444445,0.09,0.9674764103593656,10,0,0,0,,
1,385,0.05,8.11111111111111,0.04555555555555556,0.98882985969214,10,0,0,0,,
1,386,0.05,18.88888888888889,0.006333333333333334,0.9993296365336328,10,0,0,0,,
1,387,0.05,36.66666666666667,0.01888888888888889,0.998970227458582,10,0,0,0,,
1,388,0.05,54.44444444444444,0.027777777777777776,0.9989801121876594,10,0,0,0,,
1,389,0.05,72.22222222222223,0.027777777777777776,0.9992310649750098,10,0,0,0,,
1,390,0.05,90.0,0.009,0.9998000199980002,10,0,0,0,,
1,391,0.05,188.88888888888889,0.0054444444444444445,0.9999423546027204,10,0,0,0,,
1,392,0.05,277.77777777777777,1.0,0.9928258270227183,10,0,0,0,,
1,393,0.05,455.55555555555554,0.03666666666666667,0.9998390373457745,10,0,0,0,,
1,394,0.05,544.4444444444445,7.222222222222221,0.9738167170191341,10,0,0,0,,
1,395,0.05,722.2222222222222,0.06333333333333332,0.9998246307631483,10,0,0,0,,
1,396,0.05,811.1111111111111,8.11111111111111,0.9801980198019803,10,0,0,0,,
1,397,0.05,1000.0,0.04555555555555556,0.9999088930393171,10,0,0,0,,
1,398,0.05,2000.0,5.444444444444445,0.9945703363067206,10,0,0,0,,
1,399,0.05,3000.0,100.0,0.9354838709677419,10,0,0,0,,
2,0,0.1,0.001,0.027777777777777776,-0.9305019305019304,10,1,0,0,0.05701642722807478,15.939359739504745
2,1,0.1,0.001888888888888889,0.7222222222222222,-0.9947828755562373,10,1,0,0,0.07620790100254123,12.751646154399321
2,2,0.1,0.002777777777777778,54.44444444444444,-0.9998979643895719,10,1,1,0,0.03767037989839089,119.63480409639357
2,3,0.1,0.004555555555555556,0.1,-0.9128586609989372,10,0,0,0,,
2,4,0.1,0.0054444444444444445,45.55555555555556,-0.9997610041726721,10,1,1,0,0.056754460540854715,76.1979201685887
2,5,0.1,0.007222222222222223,0.5444444444444445,-0.9738167170191339,10,0,0,0,,
2,6,0.1,0.00811111111111111,90.0,-0.999819769329431,10,1,1,0,0.051760683195056764,155.0823132098731
2,7,0.1,0.01,2.7777777777777777,-0.9928258270227184,10,0,0,0,,
2,8,0.1,0.01888888888888889,722.2222222222222,-0.9999476936757038,10,1,1,0,0.02924152377843337,105.90937312526341
2,9,0.1,0.03666666666666667,90.0,-0.999185517011588,10,1,1,0,0.11020680453635757,73.74306285852414
2,10,0.1,0.05444444444444445,81.11111111111111,-0.998658434749278,10,1,1,0,0.14022681787858574,55.399852824418275
2,11,0.1,0.07222222222222222,100.0,-0.9985565980125465,10,1,1,0,0.1474316210807205,65.59848438411055
2,12,0.1,0.09,188.88888888888889,-0.9990475126557345,10,1,1,0,0.12221480987324884,139.23115671267038
2,13,0.1,0.18888888888888888,633.3333333333333,-0.9994036866197801,10,1,1,0,0.0986279485631211,105.35366741340871
2,14,0.1,0.4555555555555556,45.55555555555556,-0.9801980198019802,10,0,0,0,,
2,15,0.1,0.7222222222222222,36.66666666666667,-0.9613670133729569,10,0,0,0,,
2,16,0.1,1.0,45.55555555555556,-0.9570405727923628,10,0,0,0,,
2,17,0.1,3.6666666666666665,544.4444444444445,-0.9866207176160553,10,1,1,0,0.46444296197464974,136.6523296988092
2,18,0.1,8.11111111111111,900.0,-0.9821363024593173,10,1,1,0,0.5376917945296864,205.87092955338477
2,19,0.1,100.0,3000.0,-0.9354838709677419,10,0,0,0,,
2,20,0.1,0.001,0.009,-0.8000000000000002,10,1,0,0,0.05649369748123028,16.089075792325165
2,21,0.1,0.003666666666666667,0.05444444444444445,-0.8738049713193117,10,0,0,0,,
2,22,0.1,0.0054444444444444445,0.0811111111111111,-0.8741976893453145,10,0,0,0,,
2,23,0.1,0.007222222222222223,0.09,-0.8514285714285713,10,0,0,0,,
2,24,0.1,0.01,0.18888888888888888,-0.8994413407821228,10,0,0,0,,
2,25,0.1,0.04555555555555556,0.5444444444444445,-0.8455743879472692,10,0,0,0,,
2,26,0.1,0.06333333333333332,0.6333333333333333,-0.8181818181818181,10,0,0,0,,
2,27,0.1,0.0811111111111111,0.9,-0.8346545866364665,10,0,0,0,,
2,28,0.1,0.2777777777777778,2.7777777777777777,-0.8181818181818182,10,0,0,0,,
2,29,0.1,0.4555555555555556,7.222222222222221,-0.8813314037626627,10,0,0,0,,
2,30,0.1,0.6333333333333333,9.0,-0.8685121107266437,10,0,0,0,,
2,31,0.1,0.9,9.0,-0.8181818181818181,10,0,0,0,,
2,32,0.1,3.6666666666666665,36.66666666666667,-0.8181818181818183,10,0,0,0,,
2,33,0.1,5.444444444444445,63.333333333333336,-0.8416801292407108,10,0,0,0,,
2,34,0.1,7.222222222222221,72.22222222222223,-0.818181818181818,10,0,0,0,,
2,35,0.1,10.0,100.0,-0.8181818181818182,10,0,0,0,,
2,36,0.1,36.66666666666667,633.3333333333333,-0.8905472636815921,10,0,0,0,,
2,37,0.1,54.44444444444444,900.0,-0.8859138533178114,10,0,0,0,,
2,38,0.1,72.22222222222223,1000.0,-0.8652849740932643,10,0,0,0,,
2,39,0.1,277.77777777777777,3000.0,-0.8305084745762712,10,0,0,0,,
2,40,0.1,0.001,0.006333333333333334,-0.7272727272727273,10,1,0,0,0.05597576014951104,16.197767806306658
2,41,0.1,0.004555555555555556,0.027777777777777776,-0.718213058419244,10,0,0,0,,
2,42,0.1,0.006333333333333334,0.05444444444444445,-0.7915904936014624,10,0,0,0,,
2,43,0.1,0.00811111111111111,0.07222222222222222,-0.7980636237897648,10,0,0,0,,
2,44,0.1,0.01,0.0811111111111111,-0.7804878048780489,10,0,0,0,,
2,45,0.1,0.05444444444444445,0.3666666666666667,-0.7414248021108178,10,0,0,0,,
2,46,0.1,0.07222222222222222,0.5444444444444445,-0.7657657657657659,10,0,0,0,,
2,47,0.1,0.09,0.6333333333333333,-0.751152073732719,10,0,0,0,,
2,48,0.1,0.3666666666666667,2.7777777777777777,-0.7667844522968198,10,0,0,0,,
2,49,0.1,0.6333333333333333,4.555555555555555,-0.7558886509635975,10,0,0,0,,
2,50,0.1,0.8111111111111111,5.444444444444445,-0.7406749555950267,10,0,0,0,,
2,51,0.1,1.0,6.333333333333333,-0.7272727272727273,10,0,0,0,,
2,52,0.1,4.555555555555555,36.66666666666667,-0.7789757412398921,10,0,0,0,,
2,53,0.1,7.222222222222221,45.55555555555556,-0.7263157894736842,10,0,0,0,,
2,54,0.1,9.0,54.44444444444444,-0.7162872154115587,10,0,0,0,,
2,55,0.1,10.0,81.11111111111111,-0.7804878048780488,10,0,0,0,,
2,56,0.1,54.44444444444444,455.55555555555554,-0.7864923747276688,10,0,0,0,,
2,57,0.1,72.22222222222223,633.3333333333333,-0.7952755905511812,10,0,0,0,,
2,58,0.1,90.0,722.2222222222222,-0.7783857729138167,10,0,0,0,,
2,59,0.1,455.55555555555554,3000.0,-0.7363344051446945,10,0,0,0,,
2,60,0.1,0.001,0.004555555555555556,-0.64,10,1,0,0,0.0554625712957911,16.349492528664857
2,61,0.1,0.001888888888888889,0.01,-0.6822429906542055,10,1,0,0,0.07655966069112562,11.85268482188087
2,62,0.1,0.006333333333333334,0.027777777777777776,-0.6286644951140065,10,0,0,0,,
2,63,0.1,0.009,0.03666666666666667,-0.6058394160583941,10,0,0,0,,
2,64,0.1,0.01888888888888889,0.0811111111111111,-0.6222222222222222,10,0,0,0,,
2,65,0.1,0.04555555555555556,0.18888888888888888,-0.6113744075829383,10,0,0,0,,
2,66,0.1,0.0811111111111111,0.3666666666666667,-0.6377171215880892,10,0,0,0,,
2,67,0.1,0.1,0.5444444444444445,-0.6896551724137931,10,0,0,0,,
2,68,0.1,0.3666666666666667,1.8888888888888888,-0.6748768472906403,10,0,0,0,,
2,69,0.1,0.7222222222222222,3.6666666666666665,-0.6708860759493671,10,0,0,0,,
2,70,0.1,0.9,4.555555555555555,-0.670061099796334,10,0,0,0,,
2,71,0.1,1.8888888888888888,9.0,-0.6530612244897959,10,0,0,0,,
2,72,0.1,5.444444444444445,27.77777777777778,-0.6722408026755854,10,0,0,0,,
2,73,0.1,9.0,36.66666666666667,-0.6058394160583942,10,0,0,0,,
2,74,0.1,18.88888888888889,81.11111111111111,-0.6222222222222222,10,0,0,0,,
2,75,0.1,45.55555555555556,188.88888888888889,-0.6113744075829383,10,0,0,0,,
2,76,0.1,81.11111111111111,366.66666666666663,-0.6377171215880894,10,0,0,0,,
2,77,0.1,100.0,455.55555555555554,-0.64,10,0,0,0,,
2,78,0.1,188.88888888888889,1000.0,-0.6822429906542056,10,0,0,0,,
2,79,0.1,722.2222222222222,3000.0,-0.6119402985074627,10,0,0,0,,
2,80,0.1,0.001,0.003666666666666667,-0.5714285714285715,10,1,0,0,0.05495408738576248,16.45345155046457
2,81,0.1,0.001888888888888889,0.007222222222222223,-0.5853658536585367,10,1,0,0,0.07585775750291836,12.007345146383209
2,82,0.1,0.0054444444444444445,0.01888888888888889,-0.5525114155251142,10,0,0,0,,
2,83,0.1,0.009,0.027777777777777776,-0.5105740181268882,10,0,0,0,,
2,84,0.1,0.01888888888888889,0.07222222222222222,-0.5853658536585367,10,0,0,0,,
2,85,0.1,0.05444444444444445,0.18888888888888888,-0.5525114155251141,10,0,0,0,,
2,86,0.1,0.09,0.2777777777777778,-0.5105740181268883,10,0,0,0,,
2,87,0.1,0.18888888888888888,0.6333333333333333,-0.5405405405405406,10,0,0,0,,
2,88,0.1,0.2777777777777778,1.0,-0.5652173913043479,10,0,0,0,,
2,89,0.1,0.8111111111111111,2.7777777777777777,-0.5479876160990712,10,0,0,0,,
2,90,0.1,1.8888888888888888,6.333333333333333,-0.5405405405405406,10,0,0,0,,
2,91,0.1,2.7777777777777777,10.0,-0.5652173913043478,10,0,0,0,,
2,92,0.1,8.11111111111111,27.77777777777778,-0.5479876160990713,10,0,0,0,,
2,93,0.1,10.0,36.66666666666667,-0.5714285714285715,10,0,0,0,,
2,94,0.1,27.77777777777778,90.0,-0.5283018867924528,10,0,0,0,,
2,95,0.1,72.22222222222223,277.77777777777777,-0.5873015873015872,10,0,0,0,,
2,96,0.1,100.0,366.66666666666663,-0.5714285714285714,10,0,0,0,,
2,97,0.1,277.77777777777777,900.0,-0.5283018867924527,10,0,0,0,,
2,98,0.1,633.3333333333333,2000.0,-0.518987341772152,10,0,0,0,,
2,99,0.1,1000.0,3000.0,-0.5,10,0,0,0,,
2,100,0.1,0.001,0.002777777777777778,-0.47058823529411764,10,1,0,0,0.05420008904016239,16.611906557981325
2,101,0.1,0.001888888888888889,0.0054444444444444445,-0.48484848484848486,10,1,0,0,0.07481695005111545,12.1514827684352
2,102,0.1,0.003666666666666667,0.009,-0.4210526315789473,10,0,0,0,,
2,103,0.1,0.007222222222222223,0.01888888888888889,-0.4468085106382978,10,0,0,0,,
2,104,0.1,0.01888888888888889,0.05444444444444445,-0.4848484848484849,10,0,0,0,,
2,105,0.1,0.027777777777777776,0.0811111111111111,-0.4897959183673469,10,0,0,0,,
2,106,0.1,0.06333333333333332,0.18888888888888888,-0.4977973568281938,10,0,0,0,,
2,107,0.1,0.18888888888888888,0.4555555555555556,-0.4137931034482759,10,0,0,0,,
2,108,0.1,0.2777777777777778,0.8111111111111111,-0.48979591836734687,10,0,0,0,,
2,109,0.1,0.6333333333333333,1.8888888888888888,-0.4977973568281938,10,0,0,0,,
2,110,0.1,1.0,2.7777777777777777,-0.47058823529411764,10,0,0,0,,
2,111,0.1,2.7777777777777777,7.222222222222221,-0.44444444444444436,10,0,0,0,,
2,112,0.1,3.6666666666666665,10.0,-0.46341463414634154,10,0,0,0,,
2,113,0.1,10.0,27.77777777777778,-0.47058823529411764,10,0,0,0,,
2,114,0.1,27.77777777777778,72.22222222222223,-0.4444444444444445,10,0,0,0,,
2,115,0.1,36.66666666666667,90.0,-0.4210526315789473,10,0,0,0,,
2,116,0.1,72.22222222222223,188.88888888888889,-0.4468085106382979,10,0,0,0,,
2,117,0.1,188.88888888888889,544.4444444444445,-0.4848484848484848,10,0,0,0,,
2,118,0.1,366.66666666666663,900.0,-0.42105263157894746,10,0,0,0,,
2,119,0.1,811.1111111111111,2000.0,-0.42292490118577075,10,0,0,0,,
2,120,0.1,0.001,0.001888888888888889,-0.3076923076923077,10,1,0,0,0.05296634438916581,17.094122016242412
2,121,0.1,0.002777777777777778,0.006333333333333334,-0.39024390243902446,10,1,0,0,0.08953647655495937,10.15709183509735
2,122,0.1,0.004555555555555556,0.009,-0.3278688524590163,10,0,0,0,,
2,123,0.1,0.009,0.01888888888888889,-0.354581673306773,10,0,0,0,,
2,124,0.1,0.027777777777777776,0.05444444444444445,-0.3243243243243244,10,0,0,0,,
2,125,0.1,0.03666666666666667,0.0811111111111111,-0.3773584905660377,10,0,0,0,,
2,126,0.1,0.0811111111111111,0.18888888888888888,-0.39917695473251025,10,0,0,0,,
2,127,0.1,0.18888888888888888,0.3666666666666667,-0.32000000000000006,10,0,0,0,,
2,128,0.1,0.3666666666666667,0.7222222222222222,-0.3265306122448979,10,0,0,0,,
2,129,0.1,0.4555555555555556,1.0,-0.37404580152671746,10,0,0,0,,
2,130,0.1,1.8888888888888888,3.6666666666666665,-0.32,10,0,0,0,,
2,131,0.1,3.6666666666666665,7.222222222222221,-0.32653061224489793,10,0,0,0,,
2,132,0.1,4.555555555555555,10.0,-0.37404580152671757,10,0,0,0,,
2,133,0.1,10.0,18.88888888888889,-0.3076923076923077,10,0,0,0,,
2,134,0.1,27.77777777777778,63.333333333333336,-0.3902439024390244,10,0,0,0,,
2,135,0.1,45.55555555555556,90.0,-0.3278688524590164,10,0,0,0,,
2,136,0.1,90.0,188.88888888888889,-0.35458167330677287,10,0,0,0,,
2,137,0.1,277.77777777777777,544.4444444444445,-0.32432432432432434,10,0,0,0,,
2,138,0.1,366.66666666666663,811.1111111111111,-0.3773584905660377,10,0,0,0,,
2,139,0.1,1000.0,2000.0,-0.3333333333333333,10,0,0,0,,
2,140,0.1,0.002777777777777778,0.004555555555555556,-0.2424242424242424,10,1,0,0,0.08749837752274364,10.402831192391266
2,141,0.1,0.004555555555555556,0.007222222222222223,-0.22641509433962265,10,0,0,0,,
2,142,0.1,0.0054444444444444445,0.009,-0.2461538461538461,10,0,0,0,,
2,143,0.1,0.006333333333333334,0.01,-0.2244897959183673,10,0,0,0,,
2,144,0.1,0.03666666666666667,0.06333333333333332,-0.2666666666666666,10,0,0,0,,
2,145,0.1,0.05444444444444445,0.09,-0.24615384615384614,10,0,0,0,,
2,146,0.1,0.06333333333333332,0.1,-0.22448979591836743,10,0,0,0,,
2,147,0.1,0.3666666666666667,0.6333333333333333,-0.2666666666666666,10,0,0,0,,
2,148,0.1,0.4555555555555556,0.8111111111111111,-0.2807017543859649,10,0,0,0,,
2,149,0.1,0.5444444444444445,1.0,-0.29496402877697836,10,0,0,0,,
2,150,0.1,3.6666666666666665,6.333333333333333,-0.26666666666666666,10,0,0,0,,
2,151,0.1,4.555555555555555,8.11111111111111,-0.2807017543859649,10,0,0,0,,
2,152,0.1,5.444444444444445,10.0,-0.2949640287769784,10,0,0,0,,
2,153,0.1,27.77777777777778,45.55555555555556,-0.2424242424242424,10,0,0,0,,
2,154,0.1,45.55555555555556,72.22222222222223,-0.22641509433962267,10,0,0,0,,
2,155,0.1,54.44444444444444,100.0,-0.2949640287769784,10,0,0,0,,
2,156,0.1,277.77777777777777,455.55555555555554,-0.24242424242424243,10,0,0,0,,
2,157,0.1,455.55555555555554,722.2222222222222,-0.2264150943396226,10,0,0,0,,
2,158,0.1,544.4444444444445,900.0,-0.24615384615384617,10,0,0,0,,
2,159,0.1,2000.0,3000.0,-0.2,10,0,0,0,,
2,160,0.1,0.001888888888888889,0.002777777777777778,-0.19047619047619047,10,1,0,0,0.07144963260755134,12.723406773133485
2,161,0.1,0.003666666666666667,0.0054444444444444445,-0.19512195121951215,10,0,0,0,,
2,162,0.1,0.006333333333333334,0.00811111111111111,-0.123076923076923,10,0,0,0,,
2,163,0.1,0.00811111111111111,0.01,-0.1042944785276074,10,0,0,0,,
2,164,0.1,0.03666666666666667,0.04555555555555556,-0.10810810810810813,10,0,0,0,,
2,165,0.1,0.05444444444444445,0.0811111111111111,-0.1967213114754098,10,0,0,0,,
2,166,0.1,0.07222222222222222,0.1,-0.16129032258064524,10,0,0,0,,
2,167,0.1,0.3666666666666667,0.4555555555555556,-0.10810810810810811,10,0,0,0,,
2,168,0.1,0.5444444444444445,0.7222222222222222,-0.1403508771929824,10,0,0,0,,
2,169,0.1,0.7222222222222222,0.9,-0.10958904109589043,10,0,0,0,,
2,170,0.1,2.7777777777777777,3.6666666666666665,-0.13793103448275862,10,0,0,0,,
2,171,0.1,5.444444444444445,7.222222222222221,-0.1403508771929824,10,0,0,0,,
2,172,0.1,6.333333333333333,9.0,-0.1739130434782609,10,0,0,0,,
2,173,0.1,18.88888888888889,27.77777777777778,-0.19047619047619047,10,0,0,0,,
2,174,0.1,45.55555555555556,63.333333333333336,-0.163265306122449,10,0,0,0,,
2,175,0.1,63.333333333333336,90.0,-0.17391304347826084,10,0,0,0,,
2,176,0.1,81.11111111111111,100.0,-0.10429447852760734,10,0,0,0,,
2,177,0.1,366.66666666666663,544.4444444444445,-0.19512195121951226,10,0,0,0,,
2,178,0.1,633.3333333333333,811.1111111111111,-0.12307692307692313,10,0,0,0,,
2,179,0.1,811.1111111111111,1000.0,-0.10429447852760737,10,0,0,0,,
2,180,0.1,0.001,0.001,0.0,10,1,0,0,0.049888448746001214,18.164914443440196
2,181,0.1,0.004555555555555556,0.0054444444444444445,-0.08888888888888886,10,0,0,0,,
2,182,0.1,0.007222222222222223,0.007222222222222223,0.0,10,0,0,0,,
2,183,0.1,0.009,0.01,-0.05263157894736847,10,0,0,0,,
2,184,0.1,0.04555555555555556,0.04555555555555556,0.0,10,0,0,0,,
2,185,0.1,0.06333333333333332,0.07222222222222222,-0.0655737704918033,10,0,0,0,,
2,186,0.1,0.09,0.09,0.0,10,0,0,0,,
2,187,0.1,0.4555555555555556,0.4555555555555556,0.0,10,0,0,0,,
2,188,0.1,0.6333333333333333,0.7222222222222222,-0.06557377049180328,10,0,0,0,,
2,189,0.1,0.9,0.9,0.0,10,0,0,0,,
2,190,0.1,3.6666666666666665,3.6666666666666665,0.0,10,0,0,0,,
2,191,0.1,6.333333333333333,6.333333333333333,0.0,10,0,0,0,,
2,192,0.1,8.11111111111111,9.0,-0.05194805194805197,10,0,0,0,,
2,193,0.1,36.66666666666667,36.66666666666667,0.0,10,0,0,0,,
2,194,0.1,63.333333333333336,63.333333333333336,0.0,10,0,0,0,,
2,195,0.1,81.11111111111111,90.0,-0.05194805194805193,10,0,0,0,,
2,196,0.1,277.77777777777777,277.77777777777777,0.0,10,0,0,0,,
2,197,0.1,544.4444444444445,633.3333333333333,-0.07547169811320747,10,0,0,0,,
2,198,0.1,811.1111111111111,811.1111111111111,0.0,10,0,0,0,,
2,199,0.1,3000.0,3000.0,0.0,10,0,0,0,,
2,200,0.1,0.0054444444444444445,0.004555555555555556,0.08888888888888886,10,0,0,0,,
2,201,0.1,0.006333333333333334,0.0054444444444444445,0.0754716981132076,10,0,0,0,,
2,202,0.1,0.00811111111111111,0.007222222222222223,0.057971014492753555,10,0,0,0,,
2,203,0.1,0.01,0.009,0.05263157894736847,10,0,0,0,,
2,204,0.1,0.06333333333333332,0.05444444444444445,0.07547169811320745,10,0,0,0,,
2,205,0.1,0.0811111111111111,0.07222222222222222,0.05797101449275364,10,0,0,0,,
2,206,0.1,0.1,0.09,0.05263157894736847,10,0,0,0,,
2,207,0.1,0.5444444444444445,0.4555555555555556,0.0888888888888889,10,0,0,0,,
2,208,0.1,0.7222222222222222,0.6333333333333333,0.06557377049180328,10,0,0,0,,
2,209,0.1,0.9,0.8111111111111111,0.05194805194805195,10,0,0,0,,
2,210,0.1,5.444444444444445,4.555555555555555,0.08888888888888893,10,0,0,0,,
2,211,0.1,7.222222222222221,6.333333333333333,0.06557377049180325,10,0,0,0,,
2,212,0.1,9.0,8.11111111111111,0.05194805194805197,10,0,0,0,,
2,213,0.1,10.0,9.0,0.05263157894736842,10,0,0,0,,
2,214,0.1,63.333333333333336,54.44444444444444,0.07547169811320759,10,0,0,0,,
2,215,0.1,81.11111111111111,72.22222222222223,0.057971014492753596,10,0,0,0,,
2,216,0.1,100.0,90.0,0.05263157894736842,10,0,0,0,,
2,217,0.1,633.3333333333333,544.4444444444445,0.07547169811320747,10,0,0,0,,
2,218,0.1,811.1111111111111,722.2222222222222,0.057971014492753645,10,0,0,0,,
2,219,0.1,1000.0,900.0,0.05263157894736842,10,0,0,0,,
2,220,0.1,0.002777777777777778,0.001888888888888889,0.19047619047619047,10,1,0,0,0.07870457896950984,11.559833310593344
2,221,0.1,0.0054444444444444445,0.003666666666666667,0.19512195121951215,10,0,0,0,,
2,222,0.1,0.00811111111111111,0.006333333333333334,0.123076923076923,10,0,0,0,,
2,223,0.1,0.01,0.00811111111111111,0.1042944785276074,10,0,0,0,,
2,224,0.1,0.05444444444444445,0.03666666666666667,0.19512195121951223,10,0,0,0,,
2,225,0.1,0.0811111111111111,0.05444444444444445,0.1967213114754098,10,0,0,0,,
2,226,0.1,0.1,0.07222222222222222,0.16129032258064524,10,0,0,0,,
2,227,0.1,0.4555555555555556,0.3666666666666667,0.10810810810810811,10,0,0,0,,
2,228,0.1,0.8111111111111111,0.5444444444444445,0.19672131147540978,10,0,0,0,,
2,229,0.1,1.0,0.7222222222222222,0.16129032258064516,10,0,0,0,,
2,230,0.1,3.6666666666666665,2.7777777777777777,0.13793103448275862,10,0,0,0,,
2,231,0.1,7.222222222222221,5.444444444444445,0.1403508771929824,10,0,0,0,,
2,232,0.1,9.0,7.222222222222221,0.10958904109589046,10,0,0,0,,
2,233,0.1,36.66666666666667,27.77777777777778,0.13793103448275865,10,0,0,0,,
2,234,0.1,72.22222222222223,54.44444444444444,0.1403508771929825,10,0,0,0,,
2,235,0.1,90.0,63.333333333333336,0.17391304347826084,10,0,0,0,,
2,236,0.1,277.77777777777777,188.88888888888889,0.1904761904761905,10,0,0,0,,
2,237,0.1,633.3333333333333,455.55555555555554,0.16326530612244894,10,0,0,0,,
2,238,0.1,900.0,633.3333333333333,0.17391304347826092,10,0,0,0,,
2,239,0.1,3000.0,2000.0,0.2,10,0,0,0,,
2,240,0.1,0.004555555555555556,0.002777777777777778,0.2424242424242424,10,1,0,0,0.0986279485631211,9.166793376291215
2,241,0.1,0.007222222222222223,0.004555555555555556,0.22641509433962265,10,0,0,0,,
2,242,0.1,0.009,0.0054444444444444445,0.2461538461538461,10,0,0,0,,
2,243,0.1,0.01,0.006333333333333334,0.2244897959183673,10,0,0,0,,
2,244,0.1,0.06333333333333332,0.03666666666666667,0.2666666666666666,10,0,0,0,,
2,245,0.1,0.0811111111111111,0.04555555555555556,0.2807017543859649,10,0,0,0,,
2,246,0.1,0.1,0.05444444444444445,0.2949640287769784,10,0,0,0,,
2,247,0.1,0.6333333333333333,0.3666666666666667,0.2666666666666666,10,0,0,0,,
2,248,0.1,0.8111111111111111,0.4555555555555556,0.2807017543859649,10,0,0,0,,
2,249,0.1,1.0,0.5444444444444445,0.29496402877697836,10,0,0,0,,
2,250,0.1,4.555555555555555,2.7777777777777777,0.24242424242424243,10,0,0,0,,
2,251,0.1,7.222222222222221,4.555555555555555,0.22641509433962262,10,0,0,0,,
2,252,0.1,9.0,5.444444444444445,0.24615384615384614,10,0,0,0,,
2,253,0.1,45.55555555555556,27.77777777777778,0.2424242424242424,10,0,0,0,,
2,254,0.1,72.22222222222223,45.55555555555556,0.22641509433962267,10,0,0,0,,
2,255,0.1,90.0,54.44444444444444,0.24615384615384614,10,0,0,0,,
2,256,0.1,100.0,63.333333333333336,0.22448979591836732,10,0,0,0,,
2,257,0.1,633.3333333333333,366.66666666666663,0.26666666666666666,10,0,0,0,,
2,258,0.1,811.1111111111111,455.55555555555554,0.28070175438596495,10,0,0,0,,
2,259,0.1,1000.0,633.3333333333333,0.2244897959183674,10,0,0,0,,
2,260,0.1,0.001888888888888889,0.001,0.3076923076923077,10,1,0,0,0.06194410750767818,14.638560966773095
2,261,0.1,0.006333333333333334,0.002777777777777778,0.39024390243902446,10,0,0,0,,
2,262,0.1,0.009,0.004555555555555556,0.3278688524590163,10,0,0,0,,
2,263,0.1,0.01888888888888889,0.009,0.354581673306773,10,0,0,0,,
2,264,0.1,0.05444444444444445,0.027777777777777776,0.3243243243243244,10,0,0,0,,
2,265,0.1,0.0811111111111111,0.03666666666666667,0.3773584905660377,10,0,0,0,,
2,266,0.1,0.18888888888888888,0.0811111111111111,0.39917695473251025,10,0,0,0,,
2,267,0.1,0.3666666666666667,0.18888888888888888,0.32000000000000006,10,0,0,0,,
2,268,0.1,0.7222222222222222,0.3666666666666667,0.3265306122448979,10,0,0,0,,
2,269,0.1,1.0,0.4555555555555556,0.37404580152671746,10,0,0,0,,
2,270,0.1,3.6666666666666665,1.8888888888888888,0.32,10,0,0,0,,
2,271,0.1,7.222222222222221,3.6666666666666665,0.32653061224489793,10,0,0,0,,
2,272,0.1,10.0,4.555555555555555,0.37404580152671757,10,0,0,0,,
2,273,0.1,18.88888888888889,10.0,0.3076923076923077,10,0,0,0,,
2,274,0.1,63.333333333333336,27.77777777777778,0.3902439024390244,10,0,0,0,,
2,275,0.1,90.0,45.55555555555556,0.3278688524590164,10,0,0,0,,
2,276,0.1,188.88888888888889,90.0,0.35458167330677287,10,0,0,0,,
2,277,0.1,544.4444444444445,277.77777777777777,0.32432432432432434,10,0,0,0,,
2,278,0.1,811.1111111111111,366.66666666666663,0.3773584905660377,10,0,0,0,,
2,279,0.1,2000.0,1000.0,0.3333333333333333,10,0,0,0,,
2,280,0.1,0.002777777777777778,0.001,0.47058823529411764,10,1,0,0,0.06918309709189363,13.131703614857246
2,281,0.1,0.0054444444444444445,0.001888888888888889,0.48484848484848486,10,1,0,0,0.09594006315159335,9.46081963910844
2,282,0.1,0.009,0.003666666666666667,0.4210526315789473,10,0,0,0,,
2,283,0.1,0.01888888888888889,0.007222222222222223,0.4468085106382978,10,0,0,0,,
2,284,0.1,0.05444444444444445,0.01888888888888889,0.4848484848484849,10,0,0,0,,
2,285,0.1,0.09,0.03666666666666667,0.4210526315789474,10,0,0,0,,
2,286,0.1,0.18888888888888888,0.07222222222222222,0.44680851063829796,10,0,0,0,,
2,287,0.1,0.4555555555555556,0.18888888888888888,0.4137931034482759,10,0,0,0,,
2,288,0.1,0.8111111111111111,0.2777777777777778,0.48979591836734687,10,0,0,0,,
2,289,0.1,1.8888888888888888,0.6333333333333333,0.4977973568281938,10,0,0,0,,
2,290,0.1,4.555555555555555,1.8888888888888888,0.4137931034482758,10,0,0,0,,
2,291,0.1,8.11111111111111,2.7777777777777777,0.48979591836734687,10,0,0,0,,
2,292,0.1,18.88888888888889,6.333333333333333,0.4977973568281939,10,0,0,0,,
2,293,0.1,27.77777777777778,10.0,0.47058823529411764,10,0,0,0,,
2,294,0.1,72.22222222222223,27.77777777777778,0.4444444444444445,10,0,0,0,,
2,295,0.1,100.0,36.66666666666667,0.4634146341463414,10,0,0,0,,
2,296,0.1,277.77777777777777,100.0,0.47058823529411764,10,0,0,0,,
2,297,0.1,722.2222222222222,277.77777777777777,0.4444444444444444,10,0,0,0,,
2,298,0.1,1000.0,366.66666666666663,0.46341463414634154,10,0,0,0,,
2,299,0.1,3000.0,1000.0,0.5,10,0,0,0,,
2,300,0.1,0.003666666666666667,0.001,0.5714285714285715,10,1,0,0,0.07413102413009177,12.269154920776009
2,301,0.1,0.007222222222222223,0.001888888888888889,0.5853658536585367,10,0,0,0,,
2,302,0.1,0.01888888888888889,0.0054444444444444445,0.5525114155251142,10,0,0,0,,
2,303,0.1,0.027777777777777776,0.009,0.5105740181268882,10,0,0,0,,
2,304,0.1,0.07222222222222222,0.01888888888888889,0.5853658536585367,10,0,0,0,,
2,305,0.1,0.1,0.027777777777777776,0.5652173913043479,10,0,0,0,,
2,306,0.1,0.2777777777777778,0.0811111111111111,0.5479876160990712,10,0,0,0,,
2,307,0.1,0.6333333333333333,0.18888888888888888,0.5405405405405406,10,0,0,0,,
2,308,0.1,1.0,0.2777777777777778,0.5652173913043479,10,0,0,0,,
2,309,0.1,2.7777777777777777,0.8111111111111111,0.5479876160990712,10,0,0,0,,
2,310,0.1,3.6666666666666665,1.0,0.5714285714285715,10,0,0,0,,
2,311,0.1,9.0,2.7777777777777777,0.5283018867924528,10,0,0,0,,
2,312,0.1,27.77777777777778,7.222222222222221,0.5873015873015873,10,0,0,0,,
2,313,0.1,36.66666666666667,10.0,0.5714285714285715,10,0,0,0,,
2,314,0.1,90.0,27.77777777777778,0.5283018867924528,10,0,0,0,,
2,315,0.1,188.88888888888889,54.44444444444444,0.5525114155251143,10,0,0,0,,
2,316,0.1,277.77777777777777,90.0,0.5105740181268882,10,0,0,0,,
2,317,0.1,722.2222222222222,188.88888888888889,0.5853658536585366,10,0,0,0,,
2,318,0.1,2000.0,544.4444444444445,0.572052401746725,10,0,0,0,,
2,319,0.1,3000.0,900.0,0.5384615384615384,10,0,0,0,,
2,320,0.1,0.004555555555555556,0.001,0.64,10,1,0,0,0.07762471166286919,11.722221022192494
2,321,0.1,0.01,0.001888888888888889,0.6822429906542055,10,0,0,0,,
2,322,0.1,0.027777777777777776,0.006333333333333334,0.6286644951140065,10,0,0,0,,
2,323,0.1,0.04555555555555556,0.00811111111111111,0.6977225672877847,10,0,0,0,,
2,324,0.1,0.0811111111111111,0.01888888888888889,0.6222222222222222,10,0,0,0,,
2,325,0.1,0.18888888888888888,0.04555555555555556,0.6113744075829383,10,0,0,0,,
2,326,0.1,0.3666666666666667,0.0811111111111111,0.6377171215880892,10,0,0,0,,
2,327,0.1,0.5444444444444445,0.1,0.6896551724137931,10,0,0,0,,
2,328,0.1,1.8888888888888888,0.3666666666666667,0.6748768472906403,10,0,0,0,,
2,329,0.1,3.6666666666666665,0.7222222222222222,0.6708860759493671,10,0,0,0,,
2,330,0.1,4.555555555555555,0.9,0.670061099796334,10,0,0,0,,
2,331,0.1,9.0,1.8888888888888888,0.6530612244897959,10,0,0,0,,
2,332,0.1,27.77777777777778,5.444444444444445,0.6722408026755854,10,0,0,0,,
2,333,0.1,45.55555555555556,8.11111111111111,0.6977225672877846,10,0,0,0,,
2,334,0.1,81.11111111111111,18.88888888888889,0.6222222222222222,10,0,0,0,,
2,335,0.1,188.88888888888889,45.55555555555556,0.6113744075829383,10,0,0,0,,
2,336,0.1,366.66666666666663,81.11111111111111,0.6377171215880894,10,0,0,0,,
2,337,0.1,455.55555555555554,100.0,0.64,10,0,0,0,,
2,338,0.1,1000.0,188.88888888888889,0.6822429906542056,10,0,0,0,,
2,339,0.1,3000.0,722.2222222222222,0.6119402985074627,10,0,0,0,,
2,340,0.1,0.006333333333333334,0.001,0.7272727272727273,10,1,0,0,0.08241381150130021,11.044136835294731
2,341,0.1,0.03666666666666667,0.004555555555555556,0.7789757412398922,10,0,0,0,,
2,342,0.1,0.05444444444444445,0.006333333333333334,0.7915904936014624,10,0,0,0,,
2,343,0.1,0.06333333333333332,0.009,0.7511520737327189,10,0,0,0,,
2,344,0.1,0.09,0.01,0.8,10,0,0,0,,
2,345,0.1,0.3666666666666667,0.06333333333333332,0.7054263565891472,10,0,0,0,,
2,346,0.1,0.5444444444444445,0.0811111111111111,0.7406749555950266,10,0,0,0,,
2,347,0.1,0.7222222222222222,0.0811111111111111,0.7980636237897648,10,0,0,0,,
2,348,0.1,2.7777777777777777,0.3666666666666667,0.7667844522968198,10,0,0,0,,
2,349,0.1,4.555555555555555,0.6333333333333333,0.7558886509635975,10,0,0,0,,
2,350,0.1,6.333333333333333,0.7222222222222222,0.795275590551181,10,0,0,0,,
2,351,0.1,7.222222222222221,1.0,0.7567567567567567,10,0,0,0,,
2,352,0.1,36.66666666666667,4.555555555555555,0.7789757412398921,10,0,0,0,,
2,353,0.1,54.44444444444444,6.333333333333333,0.7915904936014625,10,0,0,0,,
2,354,0.1,63.333333333333336,9.0,0.7511520737327189,10,0,0,0,,
2,355,0.1,90.0,10.0,0.8,10,0,0,0,,
2,356,0.1,366.66666666666663,63.333333333333336,0.7054263565891473,10,0,0,0,,
2,357,0.1,544.4444444444445,81.11111111111111,0.7406749555950267,10,0,0,0,,
2,358,0.1,722.2222222222222,81.11111111111111,0.7980636237897649,10,0,0,0,,
2,359,0.1,3000.0,455.55555555555554,0.7363344051446945,10,0,0,0,,
2,360,0.1,0.009,0.001,0.8000000000000002,10,1,0,0,0.08629785477669702,10.461157273187968
2,361,0.1,0.04555555555555556,0.003666666666666667,0.8510158013544019,10,0,0,0,,
2,362,0.1,0.07222222222222222,0.0054444444444444445,0.8597997138769671,10,0,0,0,,
2,363,0.1,0.09,0.006333333333333334,0.8685121107266437,10,0,0,0,,
2,364,0.1,0.18888888888888888,0.01,0.8994413407821228,10,0,0,0,,
2,365,0.1,0.5444444444444445,0.04555555555555556,0.8455743879472692,10,0,0,0,,
2,366,0.1,0.8111111111111111,0.04555555555555556,0.8936446173800259,10,0,0,0,,
2,367,0.1,0.9,0.09,0.8181818181818182,10,0,0,0,,
2,368,0.1,2.7777777777777777,0.2777777777777778,0.8181818181818182,10,0,0,0,,
2,369,0.1,6.333333333333333,0.4555555555555556,0.8657937806873977,10,0,0,0,,
2,370,0.1,8.11111111111111,0.7222222222222222,0.8364779874213837,10,0,0,0,,
2,371,0.1,10.0,0.7222222222222222,0.8652849740932644,10,0,0,0,,
2,372,0.1,45.55555555555556,2.7777777777777777,0.8850574712643677,10,0,0,0,,
2,373,0.1,72.22222222222223,4.555555555555555,0.8813314037626627,10,0,0,0,,
2,374,0.1,90.0,5.444444444444445,0.8859138533178115,10,0,0,0,,
2,375,0.1,100.0,10.0,0.8181818181818182,10,0,0,0,,
2,376,0.1,544.4444444444445,36.66666666666667,0.8738049713193117,10,0,0,0,,
2,377,0.1,722.2222222222222,72.22222222222223,0.8181818181818182,10,0,0,0,,
2,378,0.1,900.0,81.11111111111111,0.8346545866364666,10,0,0,0,,
2,379,0.1,3000.0,277.77777777777777,0.8305084745762712,10,0,0,0,,
2,380,0.1,0.027777777777777776,0.001,0.9305019305019304,10,1,0,0,0.0950604793656282,9.573650666603594
2,381,0.1,0.4555555555555556,0.003666666666666667,0.9840309702395356,10,0,0,0,,
2,382,0.1,0.9,0.003666666666666667,0.9918849133161194,10,0,0,0,,
2,383,0.1,2.7777777777777777,0.0811111111111111,0.94325689856199,10,0,0,0,,
2,384,0.1,5.444444444444445,0.09,0.9674764103593656,10,0,0,0,,
2,385,0.1,8.11111111111111,0.04555555555555556,0.98882985969214,10,0,0,0,,
2,386,0.1,18.88888888888889,0.006333333333333334,0.9993296365336328,10,0,0,0,,
2,387,0.1,36.66666666666667,0.01888888888888889,0.998970227458582,10,0,0,0,,
2,388,0.1,54.44444444444444,0.027777777777777776,0.9989801121876594,10,0,0,0,,
2,389,0.1,72.22222222222223,0.027777777777777776,0.9992310649750098,10,0,0,0,,
2,390,0.1,90.0,0.009,0.9998000199980002,10,0,0,0,,
2,391,0.1,188.88888888888889,0.0054444444444444445,0.9999423546027204,10,0,0,0,,
2,392,0.1,277.77777777777777,1.0,0.9928258270227183,10,0,0,0,,
2,393,0.1,455.55555555555554,0.03666666666666667,0.9998390373457745,10,0,0,0,,
2,394,0.1,544.4444444444445,7.222222222222221,0.9738167170191341,10,0,0,0,,
2,395,0.1,722.2222222222222,0.06333333333333332,0.9998246307631483,10,0,0,0,,
2,396,0.1,811.1111111111111,8.11111111111111,0.9801980198019803,10,0,0,0,,
2,397,0.1,1000.0,0.04555555555555556,0.9999088930393171,10,0,0,0,,
2,398,0.1,2000.0,5.444444444444445,0.9945703363067206,10,0,0,0,,
2,399,0.1,3000.0,100.0,0.9354838709677419,10,0,0,0,,
3,0,0.15,0.001,0.027777777777777776,-0.9305019305019304,10,1,0,0,0.05807644175213124,14.997376475906234
3,1,0.15,0.001888888888888889,0.7222222222222222,-0.9947828755562373,10,1,0,0,0.07655966069112562,12.502648701093108
3,2,0.15,0.002777777777777778,54.44444444444444,-0.9998979643895719,10,1,1,0,0.03235936569296284,173.86364295799473
3,3,0.15,0.004555555555555556,0.1,-0.9128586609989372,10,0,0,0,,
3,4,0.15,0.0054444444444444445,45.55555555555556,-0.9997610041726721,10,1,1,0,0.04897788193684462,135.04135799321523
3,5,0.15,0.007222222222222223,0.5444444444444445,-0.9738167170191339,10,0,0,0,,
3,6,0.15,0.00811111111111111,90.0,-0.999819769329431,10,1,1,0,0.04385306977749856,126.41145821172947
3,7,0.15,0.01,2.7777777777777777,-0.9928258270227184,10,0,0,0,,
3,8,0.15,0.01888888888888889,722.2222222222222,-0.9999476936757038,10,1,1,0,0.024434305526939714,208.63165188028026
3,9,0.15,0.03666666666666667,90.0,-0.999185517011588,10,1,1,0,0.09332543007969915,120.38472049190193
3,10,0.15,0.05444444444444445,81.11111111111111,-0.998658434749278,10,1,1,0,0.11921280853902602,78.68748576100823
3,11,0.15,0.07222222222222222,100.0,-0.9985565980125465,10,1,1,0,0.12461641094062709,93.18946471148065
3,12,0.15,0.09,188.88888888888889,-0.9990475126557345,10,1,1,0,0.10300200133422283,142.2002465497424
3,13,0.15,0.18888888888888888,633.3333333333333,-0.9994036866197801,10,1,1,0,0.08241381150130021,212.17826623434692
3,14,0.15,0.4555555555555556,45.55555555555556,-0.9801980198019802,10,0,0,0,,
3,15,0.15,0.7222222222222222,36.66666666666667,-0.9613670133729569,10,0,0,0,,
3,16,0.15,1.0,45.55555555555556,-0.9570405727923628,10,0,0,0,,
3,17,0.15,3.6666666666666665,544.4444444444445,-0.9866207176160553,10,1,1,0,0.38939292861907937,210.81274543028516
3,18,0.15,8.11111111111111,900.0,-0.9821363024593173,10,1,1,0,0.45063375583722476,317.92260960956816
3,19,0.15,100.0,3000.0,-0.9354838709677419,10,1,1,0,0.8511007338225482,836.0185085249051
3,20,0.15,0.001,0.009,-0.8000000000000002,10,1,0,0,0.05701642722807478,15.164990396727195
3,21,0.15,0.003666666666666667,0.05444444444444445,-0.8738049713193117,10,0,0,0,,
3,22,0.15,0.0054444444444444445,0.0811111111111111,-0.8741976893453145,10,0,0,0,,
3,23,0.15,0.007222222222222223,0.09,-0.8514285714285713,10,0,0,0,,
3,24,0.15,0.01,0.18888888888888888,-0.8994413407821228,10,0,0,0,,
3,25,0.15,0.04555555555555556,0.5444444444444445,-0.8455743879472692,10,0,0,0,,
3,26,0.15,0.06333333333333332,0.6333333333333333,-0.8181818181818181,10,0,0,0,,
3,27,0.15,0.0811111111111111,0.9,-0.8346545866364665,10,0,0,0,,
3,28,0.15,0.2777777777777778,2.7777777777777777,-0.8181818181818182,10,0,0,0,,
3,29,0.15,0.4555555555555556,7.222222222222221,-0.8813314037626627,10,0,0,0,,
3,30,0.15,0.6333333333333333,9.0,-0.8685121107266437,10,0,0,0,,
3,31,0.15,0.9,9.0,-0.8181818181818181,10,0,0,0,,
3,32,0.15,3.6666666666666665,36.66666666666667,-0.8181818181818183,10,0,0,0,,
3,33,0.15,5.444444444444445,63.333333333333336,-0.8416801292407108,10,0,0,0,,
3,34,0.15,7.222222222222221,72.22222222222223,-0.818181818181818,10,0,0,0,,
3,35,0.15,10.0,100.0,-0.8181818181818182,10,0,0,0,,
3,36,0.15,36.66666666666667,633.3333333333333,-0.8905472636815921,10,0,0,0,,
3,37,0.15,54.44444444444444,900.0,-0.8859138533178114,10,0,0,0,,
3,38,0.15,72.22222222222223,1000.0,-0.8652849740932643,10,0,0,0,,
3,39,0.15,277.77777777777777,3000.0,-0.8305084745762712,10,0,0,0,,
3,40,0.15,0.001,0.006333333333333334,-0.7272727272727273,10,1,0,0,0.05649369748123028,15.410543124275922
3,41,0.15,0.004555555555555556,0.027777777777777776,-0.718213058419244,10,0,0,0,,
3,42,0.15,0.006333333333333334,0.05444444444444445,-0.7915904936014624,10,0,0,0,,
3,43,0.15,0.00811111111111111,0.07222222222222222,-0.7980636237897648,10,0,0,0,,
3,44,0.15,0.01,0.0811111111111111,-0.7804878048780489,10,0,0,0,,
3,45,0.15,0.05444444444444445,0.3666666666666667,-0.7414248021108178,10,0,0,0,,
3,46,0.15,0.07222222222222222,0.5444444444444445,-0.7657657657657659,10,0,0,0,,
3,47,0.15,0.09,0.6333333333333333,-0.751152073732719,10,0,0,0,,
3,48,0.15,0.3666666666666667,2.7777777777777777,-0.7667844522968198,10,0,0,0,,
3,49,0.15,0.6333333333333333,4.555555555555555,-0.7558886509635975,10,0,0,0,,
3,50,0.15,0.8111111111111111,5.444444444444445,-0.7406749555950267,10,0,0,0,,
3,51,0.15,1.0,6.333333333333333,-0.7272727272727273,10,0,0,0,,
3,52,0.15,4.555555555555555,36.66666666666667,-0.7789757412398921,10,0,0,0,,
3,53,0.15,7.222222222222221,45.55555555555556,-0.7263157894736842,10,0,0,0,,
3,54,0.15,9.0,54.44444444444444,-0.7162872154115587,10,0,0,0,,
3,55,0.15,10.0,81.11111111111111,-0.7804878048780488,10,0,0,0,,
3,56,0.15,54.44444444444444,455.55555555555554,-0.7864923747276688,10,0,0,0,,
3,57,0.15,72.22222222222223,633.3333333333333,-0.7952755905511812,10,0,0,0,,
3,58,0.15,90.0,722.2222222222222,-0.7783857729138167,10,0,0,0,,
3,59,0.15,455.55555555555554,3000.0,-0.7363344051446945,10,0,0,0,,
3,60,0.15,0.001,0.004555555555555556,-0.64,10,1,0,0,0.055718574893192985,15.60719582444027
3,61,0.15,0.001888888888888889,0.01,-0.6822429906542055,10,1,0,0,0.07691304402866098,11.265983819806607
3,62,0.15,0.006333333333333334,0.027777777777777776,-0.6286644951140065,10,0,0,0,,
3,63,0.15,0.009,0.03666666666666667,-0.6058394160583941,10,0,0,0,,
3,64,0.15,0.01888888888888889,0.0811111111111111,-0.6222222222222222,10,0,0,0,,
3,65,0.15,0.04555555555555556,0.18888888888888888,-0.6113744075829383,10,0,0,0,,
3,66,0.15,0.0811111111111111,0.3666666666666667,-0.6377171215880892,10,0,0,0,,
3,67,0.15,0.1,0.5444444444444445,-0.6896551724137931,10,0,0,0,,
3,68,0.15,0.3666666666666667,1.8888888888888888,-0.6748768472906403,10,0,0,0,,
3,69,0.15,0.7222222222222222,3.6666666666666665,-0.6708860759493671,10,0,0,0,,
3,70,0.15,0.9,4.555555555555555,-0.670061099796334,10,0,0,0,,
3,71,0.15,1.8888888888888888,9.0,-0.6530612244897959,10,0,0,0,,
3,72,0.15,5.444444444444445,27.77777777777778,-0.6722408026755854,10,0,0,0,,
3,73,0.15,9.0,36.66666666666667,-0.6058394160583942,10,0,0,0,,
3,74,0.15,18.88888888888889,81.11111111111111,-0.6222222222222222,10,0,0,0,,
3,75,0.15,45.55555555555556,188.88888888888889,-0.6113744075829383,10,0,0,0,,
3,76,0.15,81.11111111111111,366.66666666666663,-0.6377171215880894,10,0,0,0,,
3,77,0.15,100.0,455.55555555555554,-0.64,10,0,0,0,,
3,78,0.15,188.88888888888889,1000.0,-0.6822429906542056,10,0,0,0,,
3,79,0.15,722.2222222222222,3000.0,-0.6119402985074627,10,0,0,0,,
3,80,0.15,0.001,0.003666666666666667,-0.5714285714285715,10,1,0,0,0.05495408738576248,15.797199458306693
3,81,0.15,0.001888888888888889,0.007222222222222223,-0.5853658536585367,10,1,0,0,0.07585775750291836,11.479455904279204
3,82,0.15,0.0054444444444444445,0.01888888888888889,-0.5525114155251142,10,0,0,0,,
3,83,0.15,0.009,0.027777777777777776,-0.5105740181268882,10,0,0,0,,
3,84,0.15,0.01888888888888889,0.07222222222222222,-0.5853658536585367,10,0,0,0,,
3,85,0.15,0.05444444444444445,0.18888888888888888,-0.5525114155251141,10,0,0,0,,
3,86,0.15,0.09,0.2777777777777778,-0.5105740181268883,10,0,0,0,,
3,87,0.15,0.18888888888888888,0.6333333333333333,-0.5405405405405406,10,0,0,0,,
3,88,0.15,0.2777777777777778,1.0,-0.5652173913043479,10,0,0,0,,
3,89,0.15,0.8111111111111111,2.7777777777777777,-0.5479876160990712,10,0,0,0,,
3,90,0.15,1.8888888888888888,6.333333333333333,-0.5405405405405406,10,0,0,0,,
3,91,0.15,2.7777777777777777,10.0,-0.5652173913043478,10,0,0,0,,
3,92,0.15,8.11111111111111,27.77777777777778,-0.5479876160990713,10,0,0,0,,
3,93,0.15,10.0,36.66666666666667,-0.5714285714285715,10,0,0,0,,
3,94,0.15,27.77777777777778,90.0,-0.5283018867924528,10,0,0,0,,
3,95,0.15,72.22222222222223,277.77777777777777,-0.5873015873015872,10,0,0,0,,
3,96,0.15,100.0,366.66666666666663,-0.5714285714285714,10,0,0,0,,
3,97,0.15,277.77777777777777,900.0,-0.5283018867924527,10,0,0,0,,
3,98,0.15,633.3333333333333,2000.0,-0.518987341772152,10,0,0,0,,
3,99,0.15,1000.0,3000.0,-0.5,10,0,0,0,,
3,100,0.15,0.001,0.002777777777777778,-0.47058823529411764,10,1,0,0,0.05395106225151279,16.101975797888088
3,101,0.15,0.001888888888888889,0.0054444444444444445,-0.48484848484848486,10,1,0,0,0.07447319739059889,11.696718722498453
3,102,0.15,0.003666666666666667,0.009,-0.4210526315789473,10,0,0,0,,
3,103,0.15,0.007222222222222223,0.01888888888888889,-0.4468085106382978,10,0,0,0,,
3,104,0.15,0.01888888888888889,0.05444444444444445,-0.4848484848484849,10,0,0,0,,
3,105,0.15,0.027777777777777776,0.0811111111111111,-0.4897959183673469,10,0,0,0,,
3,106,0.15,0.06333333333333332,0.18888888888888888,-0.4977973568281938,10,0,0,0,,
3,107,0.15,0.18888888888888888,0.4555555555555556,-0.4137931034482759,10,0,0,0,,
3,108,0.15,0.2777777777777778,0.8111111111111111,-0.48979591836734687,10,0,0,0,,
3,109,0.15,0.6333333333333333,1.8888888888888888,-0.4977973568281938,10,0,0,0,,
3,110,0.15,1.0,2.7777777777777777,-0.47058823529411764,10,0,0,0,,
3,111,0.15,2.7777777777777777,7.222222222222221,-0.44444444444444436,10,0,0,0,,
3,112,0.15,3.6666666666666665,10.0,-0.46341463414634154,10,0,0,0,,
3,113,0.15,10.0,27.77777777777778,-0.47058823529411764,10,0,0,0,,
3,114,0.15,27.77777777777778,72.22222222222223,-0.4444444444444445,10,0,0,0,,
3,115,0.15,36.66666666666667,90.0,-0.4210526315789473,10,0,0,0,,
3,116,0.15,72.22222222222223,188.88888888888889,-0.4468085106382979,10,0,0,0,,
3,117,0.15,188.88888888888889,544.4444444444445,-0.4848484848484848,10,0,0,0,,
3,118,0.15,366.66666666666663,900.0,-0.42105263157894746,10,0,0,0,,
3,119,0.15,811.1111111111111,2000.0,-0.42292490118577075,10,0,0,0,,
3,120,0.15,0.001,0.001888888888888889,-0.3076923076923077,10,1,0,0,0.05199959965335162,16.66712654008316
3,121,0.15,0.002777777777777778,0.006333333333333334,-0.39024390243902446,10,1,0,0,0.08830799004185631,9.827938666523508
3,122,0.15,0.004555555555555556,0.009,-0.3278688524590163,10,0,0,0,,
3,123,0.15,0.009,0.01888888888888889,-0.354581673306773,10,0,0,0,,
3,124,0.15,0.027777777777777776,0.05444444444444445,-0.3243243243243244,10,0,0,0,,
3,125,0.15,0.03666666666666667,0.0811111111111111,-0.3773584905660377,10,0,0,0,,
3,126,0.15,0.0811111111111111,0.18888888888888888,-0.39917695473251025,10,0,0,0,,
3,127,0.15,0.18888888888888888,0.3666666666666667,-0.32000000000000006,10,0,0,0,,
3,128,0.15,0.3666666666666667,0.7222222222222222,-0.3265306122448979,10,0,0,0,,
3,129,0.15,0.4555555555555556,1.0,-0.37404580152671746,10,0,0,0,,
3,130,0.15,1.8888888888888888,3.6666666666666665,-0.32,10,0,0,0,,
3,131,0.15,3.6666666666666665,7.222222222222221,-0.32653061224489793,10,0,0,0,,
3,132,0.15,4.555555555555555,10.0,-0.37404580152671757,10,0,0,0,,
3,133,0.15,10.0,18.88888888888889,-0.3076923076923077,10,0,0,0,,
3,134,0.15,27.77777777777778,63.333333333333336,-0.3902439024390244,10,0,0,0,,
3,135,0.15,45.55555555555556,90.0,-0.3278688524590164,10,0,0,0,,
3,136,0.15,90.0,188.88888888888889,-0.35458167330677287,10,0,0,0,,
3,137,0.15,277.77777777777777,544.4444444444445,-0.32432432432432434,10,0,0,0,,
3,138,0.15,366.66666666666663,811.1111111111111,-0.3773584905660377,10,0,0,0,,
3,139,0.15,1000.0,2000.0,-0.3333333333333333,10,0,0,0,,
3,140,0.15,0.002777777777777778,0.004555555555555556,-0.2424242424242424,10,1,0,0,0.08550667128846832,10.191401463530198
3,141,0.15,0.004555555555555556,0.007222222222222223,-0.22641509433962265,10,0,0,0,,
3,142,0.15,0.0054444444444444445,0.009,-0.2461538461538461,10,0,0,0,,
3,143,0.15,0.006333333333333334,0.01,-0.2244897959183673,10,0,0,0,,
3,144,0.15,0.03666666666666667,0.06333333333333332,-0.2666666666666666,10,0,0,0,,
3,145,0.15,0.05444444444444445,0.09,-0.24615384615384614,10,0,0,0,,
3,146,0.15,0.06333333333333332,0.1,-0.22448979591836743,10,0,0,0,,
3,147,0.15,0.3666666666666667,0.6333333333333333,-0.2666666666666666,10,0,0,0,,
3,148,0.15,0.4555555555555556,0.8111111111111111,-0.2807017543859649,10,0,0,0,,
3,149,0.15,0.5444444444444445,1.0,-0.29496402877697836,10,0,0,0,,
3,150,0.15,3.6666666666666665,6.333333333333333,-0.26666666666666666,10,0,0,0,,
3,151,0.15,4.555555555555555,8.11111111111111,-0.2807017543859649,10,0,0,0,,
3,152,0.15,5.444444444444445,10.0,-0.2949640287769784,10,0,0,0,,
3,153,0.15,27.77777777777778,45.55555555555556,-0.2424242424242424,10,0,0,0,,
3,154,0.15,45.55555555555556,72.22222222222223,-0.22641509433962267,10,0,0,0,,
3,155,0.15,54.44444444444444,100.0,-0.2949640287769784,10,0,0,0,,
3,156,0.15,277.77777777777777,455.55555555555554,-0.24242424242424243,10,0,0,0,,
3,157,0.15,455.55555555555554,722.2222222222222,-0.2264150943396226,10,0,0,0,,
3,158,0.15,544.4444444444445,900.0,-0.24615384615384617,10,0,0,0,,
3,159,0.15,2000.0,3000.0,-0.2,10,0,0,0,,
3,160,0.15,0.001888888888888889,0.002777777777777778,-0.19047619047619047,10,1,0,0,0.0695024317588797,12.51703541755038
3,161,0.15,0.003666666666666667,0.0054444444444444445,-0.19512195121951215,10,0,0,0,,
3,162,0.15,0.006333333333333334,0.00811111111111111,-0.123076923076923,10,0,0,0,,
3,163,0.15,0.00811111111111111,0.01,-0.1042944785276074,10,0,0,0,,
3,164,0.15,0.03666666666666667,0.04555555555555556,-0.10810810810810813,10,0,0,0,,
3,165,0.15,0.05444444444444445,0.0811111111111111,-0.1967213114754098,10,0,0,0,,
3,166,0.15,0.07222222222222222,0.1,-0.16129032258064524,10,0,0,0,,
3,167,0.15,0.3666666666666667,0.4555555555555556,-0.10810810810810811,10,0,0,0,,
3,168,0.15,0.5444444444444445,0.7222222222222222,-0.1403508771929824,10,0,0,0,,
3,169,0.15,0.7222222222222222,0.9,-0.10958904109589043,10,0,0,0,,
3,170,0.15,2.7777777777777777,3.6666666666666665,-0.13793103448275862,10,0,0,0,,
3,171,0.15,5.444444444444445,7.222222222222221,-0.1403508771929824,10,0,0,0,,
3,172,0.15,6.333333333333333,9.0,-0.1739130434782609,10,0,0,0,,
3,173,0.15,18.88888888888889,27.77777777777778,-0.19047619047619047,10,0,0,0,,
3,174,0.15,45.55555555555556,63.333333333333336,-0.163265306122449,10,0,0,0,,
3,175,0.15,63.333333333333336,90.0,-0.17391304347826084,10,0,0,0,,
3,176,0.15,81.11111111111111,100.0,-0.10429447852760734,10,0,0,0,,
3,177,0.15,366.66666666666663,544.4444444444445,-0.19512195121951226,10,0,0,0,,
3,178,0.15,633.3333333333333,811.1111111111111,-0.12307692307692313,10,0,0,0,,
3,179,0.15,811.1111111111111,1000.0,-0.10429447852760737,10,0,0,0,,
3,180,0.15,0.001,0.001,0.0,10,1,0,0,0.04764309868054156,18.236745068315688
3,181,0.15,0.004555555555555556,0.0054444444444444445,-0.08888888888888886,10,0,0,0,,
3,182,0.15,0.007222222222222223,0.007222222222222223,0.0,10,0,0,0,,
3,183,0.15,0.009,0.01,-0.05263157894736847,10,0,0,0,,
3,184,0.15,0.04555555555555556,0.04555555555555556,0.0,10,0,0,0,,
3,185,0.15,0.06333333333333332,0.07222222222222222,-0.0655737704918033,10,0,0,0,,
3,186,0.15,0.09,0.09,0.0,10,0,0,0,,
3,187,0.15,0.4555555555555556,0.4555555555555556,0.0,10,0,0,0,,
3,188,0.15,0.6333333333333333,0.7222222222222222,-0.06557377049180328,10,0,0,0,,
3,189,0.15,0.9,0.9,0.0,10,0,0,0,,
3,190,0.15,3.6666666666666665,3.6666666666666665,0.0,10,0,0,0,,
3,191,0.15,6.333333333333333,6.333333333333333,0.0,10,0,0,0,,
3,192,0.15,8.11111111111111,9.0,-0.05194805194805197,10,0,0,0,,
3,193,0.15,36.66666666666667,36.66666666666667,0.0,10,0,0,0,,
3,194,0.15,63.333333333333336,63.333333333333336,0.0,10,0,0,0,,
3,195,0.15,81.11111111111111,90.0,-0.05194805194805193,10,0,0,0,,
3,196,0.15,277.77777777777777,277.77777777777777,0.0,10,0,0,0,,
3,197,0.15,544.4444444444445,633.3333333333333,-0.07547169811320747,10,0,0,0,,
3,198,0.15,811.1111111111111,811.1111111111111,0.0,10,0,0,0,,
3,199,0.15,3000.0,3000.0,0.0,10,0,0,0,,
3,200,0.15,0.0054444444444444445,0.004555555555555556,0.08888888888888886,10,0,0,0,,
3,201,0.15,0.006333333333333334,0.0054444444444444445,0.0754716981132076,10,0,0,0,,
3,202,0.15,0.00811111111111111,0.007222222222222223,0.057971014492753555,10,0,0,0,,
3,203,0.15,0.01,0.009,0.05263157894736847,10,0,0,0,,
3,204,0.15,0.06333333333333332,0.05444444444444445,0.07547169811320745,10,0,0,0,,
3,205,0.15,0.0811111111111111,0.07222222222222222,0.05797101449275364,10,0,0,0,,
3,206,0.15,0.1,0.09,0.05263157894736847,10,0,0,0,,
3,207,0.15,0.5444444444444445,0.4555555555555556,0.0888888888888889,10,0,0,0,,
3,208,0.15,0.7222222222222222,0.6333333333333333,0.06557377049180328,10,0,0,0,,
3,209,0.15,0.9,0.8111111111111111,0.05194805194805195,10,0,0,0,,
3,210,0.15,5.444444444444445,4.555555555555555,0.08888888888888893,10,0,0,0,,
3,211,0.15,7.222222222222221,6.333333333333333,0.06557377049180325,10,0,0,0,,
3,212,0.15,9.0,8.11111111111111,0.05194805194805197,10,0,0,0,,
3,213,0.15,10.0,9.0,0.05263157894736842,10,0,0,0,,
3,214,0.15,63.333333333333336,54.44444444444444,0.07547169811320759,10,0,0,0,,
3,215,0.15,81.11111111111111,72.22222222222223,0.057971014492753596,10,0,0,0,,
3,216,0.15,100.0,90.0,0.05263157894736842,10,0,0,0,,
3,217,0.15,633.3333333333333,544.4444444444445,0.07547169811320747,10,0,0,0,,
3,218,0.15,811.1111111111111,722.2222222222222,0.057971014492753645,10,0,0,0,,
3,219,0.15,1000.0,900.0,0.05263157894736842,10,0,0,0,,
3,220,0.15,0.002777777777777778,0.001888888888888889,0.19047619047619047,10,1,0,0,0.07379042301291007,11.79139137238406
3,221,0.15,0.0054444444444444445,0.003666666666666667,0.19512195121951215,10,0,0,0,,
3,222,0.15,0.00811111111111111,0.006333333333333334,0.123076923076923,10,0,0,0,,
3,223,0.15,0.01,0.00811111111111111,0.1042944785276074,10,0,0,0,,
3,224,0.15,0.05444444444444445,0.03666666666666667,0.19512195121951223,10,0,0,0,,
3,225,0.15,0.0811111111111111,0.05444444444444445,0.1967213114754098,10,0,0,0,,
3,226,0.15,0.1,0.07222222222222222,0.16129032258064524,10,0,0,0,,
3,227,0.15,0.4555555555555556,0.3666666666666667,0.10810810810810811,10,0,0,0,,
3,228,0.15,0.8111111111111111,0.5444444444444445,0.19672131147540978,10,0,0,0,,
3,229,0.15,1.0,0.7222222222222222,0.16129032258064516,10,0,0,0,,
3,230,0.15,3.6666666666666665,2.7777777777777777,0.13793103448275862,10,0,0,0,,
3,231,0.15,7.222222222222221,5.444444444444445,0.1403508771929824,10,0,0,0,,
3,232,0.15,9.0,7.222222222222221,0.10958904109589046,10,0,0,0,,
3,233,0.15,36.66666666666667,27.77777777777778,0.13793103448275865,10,0,0,0,,
3,234,0.15,72.22222222222223,54.44444444444444,0.1403508771929825,10,0,0,0,,
3,235,0.15,90.0,63.333333333333336,0.17391304347826084,10,0,0,0,,
3,236,0.15,277.77777777777777,188.88888888888889,0.1904761904761905,10,0,0,0,,
3,237,0.15,633.3333333333333,455.55555555555554,0.16326530612244894,10,0,0,0,,
3,238,0.15,900.0,633.3333333333333,0.17391304347826092,10,0,0,0,,
3,239,0.15,3000.0,2000.0,0.2,10,0,0,0,,
3,240,0.15,0.004555555555555556,0.002777777777777778,0.2424242424242424,10,1,0,0,0.09204495717531712,9.418152321551887
3,241,0.15,0.007222222222222223,0.004555555555555556,0.22641509433962265,10,0,0,0,,
3,242,0.15,0.009,0.0054444444444444445,0.2461538461538461,10,0,0,0,,
3,243,0.15,0.01,0.006333333333333334,0.2244897959183673,10,0,0,0,,
3,244,0.15,0.06333333333333332,0.03666666666666667,0.2666666666666666,10,0,0,0,,
3,245,0.15,0.0811111111111111,0.04555555555555556,0.2807017543859649,10,0,0,0,,
3,246,0.15,0.1,0.05444444444444445,0.2949640287769784,10,0,0,0,,
3,247,0.15,0.6333333333333333,0.3666666666666667,0.2666666666666666,10,0,0,0,,
3,248,0.15,0.8111111111111111,0.4555555555555556,0.2807017543859649,10,0,0,0,,
3,249,0.15,1.0,0.5444444444444445,0.29496402877697836,10,0,0,0,,
3,250,0.15,4.555555555555555,2.7777777777777777,0.24242424242424243,10,0,0,0,,
3,251,0.15,7.222222222222221,4.555555555555555,0.22641509433962262,10,0,0,0,,
3,252,0.15,9.0,5.444444444444445,0.24615384615384614,10,0,0,0,,
3,253,0.15,45.55555555555556,27.77777777777778,0.2424242424242424,10,0,0,0,,
3,254,0.15,72.22222222222223,45.55555555555556,0.22641509433962267,10,0,0,0,,
3,255,0.15,90.0,54.44444444444444,0.24615384615384614,10,0,0,0,,
3,256,0.15,100.0,63.333333333333336,0.22448979591836732,10,0,0,0,,
3,257,0.15,633.3333333333333,366.66666666666663,0.26666666666666666,10,0,0,0,,
3,258,0.15,811.1111111111111,455.55555555555554,0.28070175438596495,10,0,0,0,,
3,259,0.15,1000.0,633.3333333333333,0.2244897959183674,10,0,0,0,,
3,260,0.15,0.001888888888888889,0.001,0.3076923076923077,10,1,0,0,0.057279603098582925,15.103823346806134
3,261,0.15,0.006333333333333334,0.002777777777777778,0.39024390243902446,10,0,0,0,,
3,262,0.15,0.009,0.004555555555555556,0.3278688524590163,10,0,0,0,,
3,263,0.15,0.01888888888888889,0.009,0.354581673306773,10,0,0,0,,
3,264,0.15,0.05444444444444445,0.027777777777777776,0.3243243243243244,10,0,0,0,,
3,265,0.15,0.0811111111111111,0.03666666666666667,0.3773584905660377,10,0,0,0,,
3,266,0.15,0.18888888888888888,0.0811111111111111,0.39917695473251025,10,0,0,0,,
3,267,0.15,0.3666666666666667,0.18888888888888888,0.32000000000000006,10,0,0,0,,
3,268,0.15,0.7222222222222222,0.3666666666666667,0.3265306122448979,10,0,0,0,,
3,269,0.15,1.0,0.4555555555555556,0.37404580152671746,10,0,0,0,,
3,270,0.15,3.6666666666666665,1.8888888888888888,0.32,10,0,0,0,,
3,271,0.15,7.222222222222221,3.6666666666666665,0.32653061224489793,10,0,0,0,,
3,272,0.15,10.0,4.555555555555555,0.37404580152671757,10,0,0,0,,
3,273,0.15,18.88888888888889,10.0,0.3076923076923077,10,0,0,0,,
3,274,0.15,63.333333333333336,27.77777777777778,0.3902439024390244,10,0,0,0,,
3,275,0.15,90.0,45.55555555555556,0.3278688524590164,10,0,0,0,,
3,276,0.15,188.88888888888889,90.0,0.35458167330677287,10,0,0,0,,
3,277,0.15,544.4444444444445,277.77777777777777,0.32432432432432434,10,0,0,0,,
3,278,0.15,811.1111111111111,366.66666666666663,0.3773584905660377,10,0,0,0,,
3,279,0.15,2000.0,1000.0,0.3333333333333333,10,0,0,0,,
3,280,0.15,0.002777777777777778,0.001,0.47058823529411764,10,1,0,0,0.06251726927756862,13.810402811924996
3,281,0.15,0.0054444444444444445,0.001888888888888889,0.48484848484848486,10,1,0,0,0.0866961875758217,10.010472226587886
3,282,0.15,0.009,0.003666666666666667,0.4210526315789473,10,0,0,0,,
3,283,0.15,0.01888888888888889,0.007222222222222223,0.4468085106382978,10,0,0,0,,
3,284,0.15,0.05444444444444445,0.01888888888888889,0.4848484848484849,10,0,0,0,,
3,285,0.15,0.09,0.03666666666666667,0.4210526315789474,10,0,0,0,,
3,286,0.15,0.18888888888888888,0.07222222222222222,0.44680851063829796,10,0,0,0,,
3,287,0.15,0.4555555555555556,0.18888888888888888,0.4137931034482759,10,0,0,0,,
3,288,0.15,0.8111111111111111,0.2777777777777778,0.48979591836734687,10,0,0,0,,
3,289,0.15,1.8888888888888888,0.6333333333333333,0.4977973568281938,10,0,0,0,,
3,290,0.15,4.555555555555555,1.8888888888888888,0.4137931034482758,10,0,0,0,,
3,291,0.15,8.11111111111111,2.7777777777777777,0.48979591836734687,10,0,0,0,,
3,292,0.15,18.88888888888889,6.333333333333333,0.4977973568281939,10,0,0,0,,
3,293,0.15,27.77777777777778,10.0,0.47058823529411764,10,0,0,0,,
3,294,0.15,72.22222222222223,27.77777777777778,0.4444444444444445,10,0,0,0,,
3,295,0.15,100.0,36.66666666666667,0.4634146341463414,10,0,0,0,,
3,296,0.15,277.77777777777777,100.0,0.47058823529411764,10,0,0,0,,
3,297,0.15,722.2222222222222,277.77777777777777,0.4444444444444444,10,0,0,0,,
3,298,0.15,1000.0,366.66666666666663,0.46341463414634154,10,0,0,0,,
3,299,0.15,3000.0,1000.0,0.5,10,0,0,0,,
3,300,0.15,0.003666666666666667,0.001,0.5714285714285715,10,1,0,0,0.06606934480075957,13.163540622303094
3,301,0.15,0.007222222222222223,0.001888888888888889,0.5853658536585367,10,1,0,0,0.09120108393559097,9.484243308997124
3,302,0.15,0.01888888888888889,0.0054444444444444445,0.5525114155251142,10,0,0,0,,
3,303,0.15,0.027777777777777776,0.009,0.5105740181268882,10,0,0,0,,
3,304,0.15,0.07222222222222222,0.01888888888888889,0.5853658536585367,10,0,0,0,,
3,305,0.15,0.1,0.027777777777777776,0.5652173913043479,10,0,0,0,,
3,306,0.15,0.2777777777777778,0.0811111111111111,0.5479876160990712,10,0,0,0,,
3,307,0.15,0.6333333333333333,0.18888888888888888,0.5405405405405406,10,0,0,0,,
3,308,0.15,1.0,0.2777777777777778,0.5652173913043479,10,0,0,0,,
3,309,0.15,2.7777777777777777,0.8111111111111111,0.5479876160990712,10,0,0,0,,
3,310,0.15,3.6666666666666665,1.0,0.5714285714285715,10,0,0,0,,
3,311,0.15,9.0,2.7777777777777777,0.5283018867924528,10,0,0,0,,
3,312,0.15,27.77777777777778,7.222222222222221,0.5873015873015873,10,0,0,0,,
3,313,0.15,36.66666666666667,10.0,0.5714285714285715,10,0,0,0,,
3,314,0.15,90.0,27.77777777777778,0.5283018867924528,10,0,0,0,,
3,315,0.15,188.88888888888889,54.44444444444444,0.5525114155251143,10,0,0,0,,
3,316,0.15,277.77777777777777,90.0,0.5105740181268882,10,0,0,0,,
3,317,0.15,722.2222222222222,188.88888888888889,0.5853658536585366,10,0,0,0,,
3,318,0.15,2000.0,544.4444444444445,0.572052401746725,10,0,0,0,,
3,319,0.15,3000.0,900.0,0.5384615384615384,10,0,0,0,,
3,320,0.15,0.004555555555555556,0.001,0.64,10,1,0,0,0.06823386941416697,12.69708069942692
3,321,0.15,0.01,0.001888888888888889,0.6822429906542055,10,0,0,0,,
3,322,0.15,0.027777777777777776,0.006333333333333334,0.6286644951140065,10,0,0,0,,
3,323,0.15,0.04555555555555556,0.00811111111111111,0.6977225672877847,10,0,0,0,,
3,324,0.15,0.0811111111111111,0.01888888888888889,0.6222222222222222,10,0,0,0,,
3,325,0.15,0.18888888888888888,0.04555555555555556,0.6113744075829383,10,0,0,0,,
3,326,0.15,0.3666666666666667,0.0811111111111111,0.6377171215880892,10,0,0,0,,
3,327,0.15,0.5444444444444445,0.1,0.6896551724137931,10,0,0,0,,
3,328,0.15,1.8888888888888888,0.3666666666666667,0.6748768472906403,10,0,0,0,,
3,329,0.15,3.6666666666666665,0.7222222222222222,0.6708860759493671,10,0,0,0,,
3,330,0.15,4.555555555555555,0.9,0.670061099796334,10,0,0,0,,
3,331,0.15,9.0,1.8888888888888888,0.6530612244897959,10,0,0,0,,
3,332,0.15,27.77777777777778,5.444444444444445,0.6722408026755854,10,0,0,0,,
3,333,0.15,45.55555555555556,8.11111111111111,0.6977225672877846,10,0,0,0,,
3,334,0.15,81.11111111111111,18.88888888888889,0.6222222222222222,10,0,0,0,,
3,335,0.15,188.88888888888889,45.55555555555556,0.6113744075829383,10,0,0,0,,
3,336,0.15,366.66666666666663,81.11111111111111,0.6377171215880894,10,0,0,0,,
3,337,0.15,455.55555555555554,100.0,0.64,10,0,0,0,,
3,338,0.15,1000.0,188.88888888888889,0.6822429906542056,10,0,0,0,,
3,339,0.15,3000.0,722.2222222222222,0.6119402985074627,10,0,0,0,,
3,340,0.15,0.006333333333333334,0.001,0.7272727272727273,10,1,0,0,0.07144963260755134,12.181191581075652
3,341,0.15,0.03666666666666667,0.004555555555555556,0.7789757412398922,10,0,0,0,,
3,342,0.15,0.05444444444444445,0.006333333333333334,0.7915904936014624,10,0,0,0,,
3,343,0.15,0.06333333333333332,0.009,0.7511520737327189,10,0,0,0,,
3,344,0.15,0.09,0.01,0.8,10,0,0,0,,
3,345,0.15,0.3666666666666667,0.06333333333333332,0.7054263565891472,10,0,0,0,,
3,346,0.15,0.5444444444444445,0.0811111111111111,0.7406749555950266,10,0,0,0,,
3,347,0.15,0.7222222222222222,0.0811111111111111,0.7980636237897648,10,0,0,0,,
3,348,0.15,2.7777777777777777,0.3666666666666667,0.7667844522968198,10,0,0,0,,
3,349,0.15,4.555555555555555,0.6333333333333333,0.7558886509635975,10,0,0,0,,
3,350,0.15,6.333333333333333,0.7222222222222222,0.795275590551181,10,0,0,0,,
3,351,0.15,7.222222222222221,1.0,0.7567567567567567,10,0,0,0,,
3,352,0.15,36.66666666666667,4.555555555555555,0.7789757412398921,10,0,0,0,,
3,353,0.15,54.44444444444444,6.333333333333333,0.7915904936014625,10,0,0,0,,
3,354,0.15,63.333333333333336,9.0,0.7511520737327189,10,0,0,0,,
3,355,0.15,90.0,10.0,0.8,10,0,0,0,,
3,356,0.15,366.66666666666663,63.333333333333336,0.7054263565891473,10,0,0,0,,
3,357,0.15,544.4444444444445,81.11111111111111,0.7406749555950267,10,0,0,0,,
3,358,0.15,722.2222222222222,81.11111111111111,0.7980636237897649,10,0,0,0,,
3,359,0.15,3000.0,455.55555555555554,0.7363344051446945,10,0,0,0,,
3,360,0.15,0.009,0.001,0.8000000000000002,10,1,0,0,0.07379042301291007,11.693662382769846
3,361,0.15,0.04555555555555556,0.003666666666666667,0.8510158013544019,10,0,0,0,,
3,362,0.15,0.07222222222222222,0.0054444444444444445,0.8597997138769671,10,0,0,0,,
3,363,0.15,0.09,0.006333333333333334,0.8685121107266437,10,0,0,0,,
3,364,0.15,0.18888888888888888,0.01,0.8994413407821228,10,0,0,0,,
3,365,0.15,0.5444444444444445,0.04555555555555556,0.8455743879472692,10,0,0,0,,
3,366,0.15,0.8111111111111111,0.04555555555555556,0.8936446173800259,10,0,0,0,,
3,367,0.15,0.9,0.09,0.8181818181818182,10,0,0,0,,
3,368,0.15,2.7777777777777777,0.2777777777777778,0.8181818181818182,10,0,0,0,,
3,369,0.15,6.333333333333333,0.4555555555555556,0.8657937806873977,10,0,0,0,,
3,370,0.15,8.11111111111111,0.7222222222222222,0.8364779874213837,10,0,0,0,,
3,371,0.15,10.0,0.7222222222222222,0.8652849740932644,10,0,0,0,,
3,372,0.15,45.55555555555556,2.7777777777777777,0.8850574712643677,10,0,0,0,,
3,373,0.15,72.22222222222223,4.555555555555555,0.8813314037626627,10,0,0,0,,
3,374,0.15,90.0,5.444444444444445,0.8859138533178115,10,0,0,0,,
3,375,0.15,100.0,10.0,0.8181818181818182,10,0,0,0,,
3,376,0.15,544.4444444444445,36.66666666666667,0.8738049713193117,10,0,0,0,,
3,377,0.15,722.2222222222222,72.22222222222223,0.8181818181818182,10,0,0,0,,
3,378,0.15,900.0,81.11111111111111,0.8346545866364666,10,0,0,0,,
3,379,0.15,3000.0,277.77777777777777,0.8305084745762712,10,0,0,0,,
3,380,0.15,0.027777777777777776,0.001,0.9305019305019304,10,1,0,0,0.07870457896950984,11.00680455771345
3,381,0.15,0.4555555555555556,0.003666666666666667,0.9840309702395356,10,0,0,0,,
3,382,0.15,0.9,0.003666666666666667,0.9918849133161194,10,0,0,0,,
3,383,0.15,2.7777777777777777,0.0811111111111111,0.94325689856199,10,0,0,0,,
3,384,0.15,5.444444444444445,0.09,0.9674764103593656,10,0,0,0,,
3,385,0.15,8.11111111111111,0.04555555555555556,0.98882985969214,10,0,0,0,,
3,386,0.15,18.88888888888889,0.006333333333333334,0.9993296365336328,10,0,0,0,,
3,387,0.15,36.66666666666667,0.01888888888888889,0.998970227458582,10,0,0,0,,
3,388,0.15,54.44444444444444,0.027777777777777776,0.9989801121876594,10,0,0,0,,
3,389,0.15,72.22222222222223,0.027777777777777776,0.9992310649750098,10,0,0,0,,
3,390,0.15,90.0,0.009,0.9998000199980002,10,0,0,0,,
3,391,0.15,188.88888888888889,0.0054444444444444445,0.9999423546027204,10,0,0,0,,
3,392,0.15,277.77777777777777,1.0,0.9928258270227183,10,0,0,0,,
3,393,0.15,455.55555555555554,0.03666666666666667,0.9998390373457745,10,0,0,0,,
3,394,0.15,544.4444444444445,7.222222222222221,0.9738167170191341,10,0,0,0,,
3,395,0.15,722.2222222222222,0.06333333333333332,0.9998246307631483,10,0,0,0,,
3,396,0.15,811.1111111111111,8.11111111111111,0.9801980198019803,10,0,0,0,,
3,397,0.15,1000.0,0.04555555555555556,0.9999088930393171,10,0,0,0,,
3,398,0.15,2000.0,5.444444444444445,0.9945703363067206,10,0,0,0,,
3,399,0.15,3000.0,100.0,0.9354838709677419,10,0,0,0,,
4,0,0.2,0.001,0.027777777777777776,-0.9305019305019304,10,1,0,0,0.059156163417547425,14.151903047780403
4,1,0.2,0.001888888888888889,0.7222222222222222,-0.9947828755562373,10,1,0,0,0.07726805850957022,12.348030822473328
4,2,0.2,0.002777777777777778,54.44444444444444,-0.9998979643895719,10,1,1,0,0.028973435877013242,183.50155813098777
4,3,0.2,0.004555555555555556,0.1,-0.9128586609989372,10,0,0,0,,
4,4,0.2,0.0054444444444444445,45.55555555555556,-0.9997610041726721,10,1,1,0,0.04405548635065534,159.90626140017113
4,5,0.2,0.007222222222222223,0.5444444444444445,-0.9738167170191339,10,0,0,0,,
4,6,0.2,0.00811111111111111,90.0,-0.999819769329431,10,1,1,0,0.03926449353995997,159.8263753438766
4,7,0.2,0.01,2.7777777777777777,-0.9928258270227184,10,0,0,0,,
4,8,0.2,0.01888888888888889,722.2222222222222,-0.9999476936757038,10,1,1,0,0.02157744409152667,117.57950408200252
4,9,0.2,0.03666666666666667,90.0,-0.999185517011588,10,1,1,0,0.08317637711026708,100.18771605877254
4,10,0.2,0.05444444444444445,81.11111111111111,-0.998658434749278,10,1,1,0,0.1066044029352902,120.85408404758276
4,11,0.2,0.07222222222222222,100.0,-0.9985565980125465,10,1,1,0,0.1114076050700467,122.07135586490895
4,12,0.2,0.09,188.88888888888889,-0.9990475126557345,10,1,1,0,0.09120108393559097,109.36350635650376
4,13,0.2,0.18888888888888888,633.3333333333333,-0.9994036866197801,10,1,1,0,0.07311390834834172,127.4340308072394
4,14,0.2,0.4555555555555556,45.55555555555556,-0.9801980198019802,10,1,0,0,0.40380253502334884,25.13907408142221
4,15,0.2,0.7222222222222222,36.66666666666667,-0.9613670133729569,10,0,0,0,,
4,16,0.2,1.0,45.55555555555556,-0.9570405727923628,10,0,0,0,,
4,17,0.2,3.6666666666666665,544.4444444444445,-0.9866207176160553,10,1,1,0,0.34496330887258175,240.7864357601664
4,18,0.2,8.11111111111111,900.0,-0.9821363024593173,10,1,1,0,0.39959973315543695,301.9424345203988
4,19,0.2,100.0,3000.0,-0.9354838709677419,10,1,1,0,0.7568378919279519,778.8738286153084
4,20,0.2,0.001,0.009,-0.8000000000000002,10,1,0,0,0.05780960474057181,14.426419258144795
4,21,0.2,0.003666666666666667,0.05444444444444445,-0.8738049713193117,10,0,0,0,,
4,22,0.2,0.0054444444444444445,0.0811111111111111,-0.8741976893453145,10,0,0,0,,
4,23,0.2,0.007222222222222223,0.09,-0.8514285714285713,10,0,0,0,,
4,24,0.2,0.01,0.18888888888888888,-0.8994413407821228,10,0,0,0,,
4,25,0.2,0.04555555555555556,0.5444444444444445,-0.8455743879472692,10,0,0,0,,
4,26,0.2,0.06333333333333332,0.6333333333333333,-0.8181818181818181,10,0,0,0,,
4,27,0.2,0.0811111111111111,0.9,-0.8346545866364665,10,0,0,0,,
4,28,0.2,0.2777777777777778,2.7777777777777777,-0.8181818181818182,10,0,0,0,,
4,29,0.2,0.4555555555555556,7.222222222222221,-0.8813314037626627,10,0,0,0,,
4,30,0.2,0.6333333333333333,9.0,-0.8685121107266437,10,0,0,0,,
4,31,0.2,0.9,9.0,-0.8181818181818181,10,0,0,0,,
4,32,0.2,3.6666666666666665,36.66666666666667,-0.8181818181818183,10,0,0,0,,
4,33,0.2,5.444444444444445,63.333333333333336,-0.8416801292407108,10,0,0,0,,
4,34,0.2,7.222222222222221,72.22222222222223,-0.818181818181818,10,0,0,0,,
4,35,0.2,10.0,100.0,-0.8181818181818182,10,0,0,0,,
4,36,0.2,36.66666666666667,633.3333333333333,-0.8905472636815921,10,1,1,0,0.9795863909272848,270.2458014818423
4,37,0.2,54.44444444444444,900.0,-0.8859138533178114,10,0,0,0,,
4,38,0.2,72.22222222222223,1000.0,-0.8652849740932643,10,0,0,0,,
4,39,0.2,277.77777777777777,3000.0,-0.8305084745762712,10,0,0,0,,
4,40,0.2,0.001,0.006333333333333334,-0.7272727272727273,10,1,0,0,0.056754460540854715,14.634441830887921
4,41,0.2,0.004555555555555556,0.027777777777777776,-0.718213058419244,10,0,0,0,,
4,42,0.2,0.006333333333333334,0.05444444444444445,-0.7915904936014624,10,0,0,0,,
4,43,0.2,0.00811111111111111,0.07222222222222222,-0.7980636237897648,10,0,0,0,,
4,44,0.2,0.01,0.0811111111111111,-0.7804878048780489,10,0,0,0,,
4,45,0.2,0.05444444444444445,0.3666666666666667,-0.7414248021108178,10,0,0,0,,
4,46,0.2,0.07222222222222222,0.5444444444444445,-0.7657657657657659,10,0,0,0,,
4,47,0.2,0.09,0.6333333333333333,-0.751152073732719,10,0,0,0,,
4,48,0.2,0.3666666666666667,2.7777777777777777,-0.7667844522968198,10,0,0,0,,
4,49,0.2,0.6333333333333333,4.555555555555555,-0.7558886509635975,10,0,0,0,,
4,50,0.2,0.8111111111111111,5.444444444444445,-0.7406749555950267,10,0,0,0,,
4,51,0.2,1.0,6.333333333333333,-0.7272727272727273,10,0,0,0,,
4,52,0.2,4.555555555555555,36.66666666666667,-0.7789757412398921,10,0,0,0,,
4,53,0.2,7.222222222222221,45.55555555555556,-0.7263157894736842,10,0,0,0,,
4,54,0.2,9.0,54.44444444444444,-0.7162872154115587,10,0,0,0,,
4,55,0.2,10.0,81.11111111111111,-0.7804878048780488,10,0,0,0,,
4,56,0.2,54.44444444444444,455.55555555555554,-0.7864923747276688,10,0,0,0,,
4,57,0.2,72.22222222222223,633.3333333333333,-0.7952755905511812,10,0,0,0,,
4,58,0.2,90.0,722.2222222222222,-0.7783857729138167,10,0,0,0,,
4,59,0.2,455.55555555555554,3000.0,-0.7363344051446945,10,0,0,0,,
4,60,0.2,0.001,0.004555555555555556,-0.64,10,1,0,0,0.055718574893192985,14.940234341344873
4,61,0.2,0.001888888888888889,0.01,-0.6822429906542055,10,1,0,0,0.07726805850957022,10.775914523487213
4,62,0.2,0.006333333333333334,0.027777777777777776,-0.6286644951140065,10,0,0,0,,
4,63,0.2,0.009,0.03666666666666667,-0.6058394160583941,10,0,0,0,,
4,64,0.2,0.01888888888888889,0.0811111111111111,-0.6222222222222222,10,0,0,0,,
4,65,0.2,0.04555555555555556,0.18888888888888888,-0.6113744075829383,10,0,0,0,,
4,66,0.2,0.0811111111111111,0.3666666666666667,-0.6377171215880892,10,0,0,0,,
4,67,0.2,0.1,0.5444444444444445,-0.6896551724137931,10,0,0,0,,
4,68,0.2,0.3666666666666667,1.8888888888888888,-0.6748768472906403,10,0,0,0,,
4,69,0.2,0.7222222222222222,3.6666666666666665,-0.6708860759493671,10,0,0,0,,
4,70,0.2,0.9,4.555555555555555,-0.670061099796334,10,0,0,0,,
4,71,0.2,1.8888888888888888,9.0,-0.6530612244897959,10,0,0,0,,
4,72,0.2,5.444444444444445,27.77777777777778,-0.6722408026755854,10,0,0,0,,
4,73,0.2,9.0,36.66666666666667,-0.6058394160583942,10,0,0,0,,
4,74,0.2,18.88888888888889,81.11111111111111,-0.6222222222222222,10,0,0,0,,
4,75,0.2,45.55555555555556,188.88888888888889,-0.6113744075829383,10,0,0,0,,
4,76,0.2,81.11111111111111,366.66666666666663,-0.6377171215880894,10,0,0,0,,
4,77,0.2,100.0,455.55555555555554,-0.64,10,0,0,0,,
4,78,0.2,188.88888888888889,1000.0,-0.6822429906542056,10,0,0,0,,
4,79,0.2,722.2222222222222,3000.0,-0.6119402985074627,10,0,0,0,,
4,80,0.2,0.001,0.003666666666666667,-0.5714285714285715,10,1,0,0,0.05470159628939716,15.087976497350862
4,81,0.2,0.001888888888888889,0.007222222222222223,-0.5853658536585367,10,1,0,0,0.07550922276654341,11.003039051366093
4,82,0.2,0.0054444444444444445,0.01888888888888889,-0.5525114155251142,10,0,0,0,,
4,83,0.2,0.009,0.027777777777777776,-0.5105740181268882,10,0,0,0,,
4,84,0.2,0.01888888888888889,0.07222222222222222,-0.5853658536585367,10,0,0,0,,
4,85,0.2,0.05444444444444445,0.18888888888888888,-0.5525114155251141,10,0,0,0,,
4,86,0.2,0.09,0.2777777777777778,-0.5105740181268883,10,0,0,0,,
4,87,0.2,0.18888888888888888,0.6333333333333333,-0.5405405405405406,10,0,0,0,,
4,88,0.2,0.2777777777777778,1.0,-0.5652173913043479,10,0,0,0,,
4,89,0.2,0.8111111111111111,2.7777777777777777,-0.5479876160990712,10,0,0,0,,
4,90,0.2,1.8888888888888888,6.333333333333333,-0.5405405405405406,10,0,0,0,,
4,91,0.2,2.7777777777777777,10.0,-0.5652173913043478,10,0,0,0,,
4,92,0.2,8.11111111111111,27.77777777777778,-0.5479876160990713,10,0,0,0,,
4,93,0.2,10.0,36.66666666666667,-0.5714285714285715,10,0,0,0,,
4,94,0.2,27.77777777777778,90.0,-0.5283018867924528,10,0,0,0,,
4,95,0.2,72.22222222222223,277.77777777777777,-0.5873015873015872,10,0,0,0,,
4,96,0.2,100.0,366.66666666666663,-0.5714285714285714,10,0,0,0,,
4,97,0.2,277.77777777777777,900.0,-0.5283018867924527,10,0,0,0,,
4,98,0.2,633.3333333333333,2000.0,-0.518987341772152,10,0,0,0,,
4,99,0.2,1000.0,3000.0,-0.5,10,0,0,0,,
4,100,0.2,0.001,0.002777777777777778,-0.47058823529411764,10,1,0,0,0.05345643593969719,15.601212819510115
4,101,0.2,0.001888888888888889,0.0054444444444444445,-0.48484848484848486,10,1,0,0,0.07379042301291007,11.306553426071211
4,102,0.2,0.003666666666666667,0.009,-0.4210526315789473,10,0,0,0,,
4,103,0.2,0.007222222222222223,0.01888888888888889,-0.4468085106382978,10,0,0,0,,
4,104,0.2,0.01888888888888889,0.05444444444444445,-0.4848484848484849,10,0,0,0,,
4,105,0.2,0.027777777777777776,0.0811111111111111,-0.4897959183673469,10,0,0,0,,
4,106,0.2,0.06333333333333332,0.18888888888888888,-0.4977973568281938,10,0,0,0,,
4,107,0.2,0.18888888888888888,0.4555555555555556,-0.4137931034482759,10,0,0,0,,
4,108,0.2,0.2777777777777778,0.8111111111111111,-0.48979591836734687,10,0,0,0,,
4,109,0.2,0.6333333333333333,1.8888888888888888,-0.4977973568281938,10,0,0,0,,
4,110,0.2,1.0,2.7777777777777777,-0.47058823529411764,10,0,0,0,,
4,111,0.2,2.7777777777777777,7.222222222222221,-0.44444444444444436,10,0,0,0,,
4,112,0.2,3.6666666666666665,10.0,-0.46341463414634154,10,0,0,0,,
4,113,0.2,10.0,27.77777777777778,-0.47058823529411764,10,0,0,0,,
4,114,0.2,27.77777777777778,72.22222222222223,-0.4444444444444445,10,0,0,0,,
4,115,0.2,36.66666666666667,90.0,-0.4210526315789473,10,0,0,0,,
4,116,0.2,72.22222222222223,188.88888888888889,-0.4468085106382979,10,0,0,0,,
4,117,0.2,188.88888888888889,544.4444444444445,-0.4848484848484848,10,0,0,0,,
4,118,0.2,366.66666666666663,900.0,-0.42105263157894746,10,0,0,0,,
4,119,0.2,811.1111111111111,2000.0,-0.42292490118577075,10,0,0,0,,
4,120,0.2,0.001,0.001888888888888889,-0.3076923076923077,10,1,0,0,0.051050499997540646,16.302221180923496
4,121,0.2,0.002777777777777778,0.006333333333333334,-0.39024390243902446,10,1,0,0,0.08709635899560805,9.569508085528605
4,122,0.2,0.004555555555555556,0.009,-0.3278688524590163,10,0,0,0,,
4,123,0.2,0.009,0.01888888888888889,-0.354581673306773,10,0,0,0,,
4,124,0.2,0.027777777777777776,0.05444444444444445,-0.3243243243243244,10,0,0,0,,
4,125,0.2,0.03666666666666667,0.0811111111111111,-0.3773584905660377,10,0,0,0,,
4,126,0.2,0.0811111111111111,0.18888888888888888,-0.39917695473251025,10,0,0,0,,
4,127,0.2,0.18888888888888888,0.3666666666666667,-0.32000000000000006,10,0,0,0,,
4,128,0.2,0.3666666666666667,0.7222222222222222,-0.3265306122448979,10,0,0,0,,
4,129,0.2,0.4555555555555556,1.0,-0.37404580152671746,10,0,0,0,,
4,130,0.2,1.8888888888888888,3.6666666666666665,-0.32,10,0,0,0,,
4,131,0.2,3.6666666666666665,7.222222222222221,-0.32653061224489793,10,0,0,0,,
4,132,0.2,4.555555555555555,10.0,-0.37404580152671757,10,0,0,0,,
4,133,0.2,10.0,18.88888888888889,-0.3076923076923077,10,0,0,0,,
4,134,0.2,27.77777777777778,63.333333333333336,-0.3902439024390244,10,0,0,0,,
4,135,0.2,45.55555555555556,90.0,-0.3278688524590164,10,0,0,0,,
4,136,0.2,90.0,188.88888888888889,-0.35458167330677287,10,0,0,0,,
4,137,0.2,277.77777777777777,544.4444444444445,-0.32432432432432434,10,0,0,0,,
4,138,0.2,366.66666666666663,811.1111111111111,-0.3773584905660377,10,0,0,0,,
4,139,0.2,1000.0,2000.0,-0.3333333333333333,10,0,0,0,,
4,140,0.2,0.002777777777777778,0.004555555555555556,-0.2424242424242424,10,1,0,0,0.08317637711026708,9.985239501507758
4,141,0.2,0.004555555555555556,0.007222222222222223,-0.22641509433962265,10,0,0,0,,
4,142,0.2,0.0054444444444444445,0.009,-0.2461538461538461,10,0,0,0,,
4,143,0.2,0.006333333333333334,0.01,-0.2244897959183673,10,0,0,0,,
4,144,0.2,0.03666666666666667,0.06333333333333332,-0.2666666666666666,10,0,0,0,,
4,145,0.2,0.05444444444444445,0.09,-0.24615384615384614,10,0,0,0,,
4,146,0.2,0.06333333333333332,0.1,-0.22448979591836743,10,0,0,0,,
4,147,0.2,0.3666666666666667,0.6333333333333333,-0.2666666666666666,10,0,0,0,,
4,148,0.2,0.4555555555555556,0.8111111111111111,-0.2807017543859649,10,0,0,0,,
4,149,0.2,0.5444444444444445,1.0,-0.29496402877697836,10,0,0,0,,
4,150,0.2,3.6666666666666665,6.333333333333333,-0.26666666666666666,10,0,0,0,,
4,151,0.2,4.555555555555555,8.11111111111111,-0.2807017543859649,10,0,0,0,,
4,152,0.2,5.444444444444445,10.0,-0.2949640287769784,10,0,0,0,,
4,153,0.2,27.77777777777778,45.55555555555556,-0.2424242424242424,10,0,0,0,,
4,154,0.2,45.55555555555556,72.22222222222223,-0.22641509433962267,10,0,0,0,,
4,155,0.2,54.44444444444444,100.0,-0.2949640287769784,10,0,0,0,,
4,156,0.2,277.77777777777777,455.55555555555554,-0.24242424242424243,10,0,0,0,,
4,157,0.2,455.55555555555554,722.2222222222222,-0.2264150943396226,10,0,0,0,,
4,158,0.2,544.4444444444445,900.0,-0.24615384615384617,10,0,0,0,,
4,159,0.2,2000.0,3000.0,-0.2,10,0,0,0,,
4,160,0.2,0.001888888888888889,0.002777777777777778,-0.19047619047619047,10,1,0,0,0.06760829753919818,12.337141802439548
4,161,0.2,0.003666666666666667,0.0054444444444444445,-0.19512195121951215,10,0,0,0,,
4,162,0.2,0.006333333333333334,0.00811111111111111,-0.123076923076923,10,0,0,0,,
4,163,0.2,0.00811111111111111,0.01,-0.1042944785276074,10,0,0,0,,
4,164,0.2,0.03666666666666667,0.04555555555555556,-0.10810810810810813,10,0,0,0,,
4,165,0.2,0.05444444444444445,0.0811111111111111,-0.1967213114754098,10,0,0,0,,
4,166,0.2,0.07222222222222222,0.1,-0.16129032258064524,10,0,0,0,,
4,167,0.2,0.3666666666666667,0.4555555555555556,-0.10810810810810811,10,0,0,0,,
4,168,0.2,0.5444444444444445,0.7222222222222222,-0.1403508771929824,10,0,0,0,,
4,169,0.2,0.7222222222222222,0.9,-0.10958904109589043,10,0,0,0,,
4,170,0.2,2.7777777777777777,3.6666666666666665,-0.13793103448275862,10,0,0,0,,
4,171,0.2,5.444444444444445,7.222222222222221,-0.1403508771929824,10,0,0,0,,
4,172,0.2,6.333333333333333,9.0,-0.1739130434782609,10,0,0,0,,
4,173,0.2,18.88888888888889,27.77777777777778,-0.19047619047619047,10,0,0,0,,
4,174,0.2,45.55555555555556,63.333333333333336,-0.163265306122449,10,0,0,0,,
4,175,0.2,63.333333333333336,90.0,-0.17391304347826084,10,0,0,0,,
4,176,0.2,81.11111111111111,100.0,-0.10429447852760734,10,0,0,0,,
4,177,0.2,366.66666666666663,544.4444444444445,-0.19512195121951226,10,0,0,0,,
4,178,0.2,633.3333333333333,811.1111111111111,-0.12307692307692313,10,0,0,0,,
4,179,0.2,811.1111111111111,1000.0,-0.10429447852760737,10,0,0,0,,
4,180,0.2,0.001,0.001,0.0,10,1,0,0,0.04570881896148752,18.204174959572924
4,181,0.2,0.004555555555555556,0.0054444444444444445,-0.08888888888888886,10,0,0,0,,
4,182,0.2,0.007222222222222223,0.007222222222222223,0.0,10,0,0,0,,
4,183,0.2,0.009,0.01,-0.05263157894736847,10,0,0,0,,
4,184,0.2,0.04555555555555556,0.04555555555555556,0.0,10,0,0,0,,
4,185,0.2,0.06333333333333332,0.07222222222222222,-0.0655737704918033,10,0,0,0,,
4,186,0.2,0.09,0.09,0.0,10,0,0,0,,
4,187,0.2,0.4555555555555556,0.4555555555555556,0.0,10,0,0,0,,
4,188,0.2,0.6333333333333333,0.7222222222222222,-0.06557377049180328,10,0,0,0,,
4,189,0.2,0.9,0.9,0.0,10,0,0,0,,
4,190,0.2,3.6666666666666665,3.6666666666666665,0.0,10,0,0,0,,
4,191,0.2,6.333333333333333,6.333333333333333,0.0,10,0,0,0,,
4,192,0.2,8.11111111111111,9.0,-0.05194805194805197,10,0,0,0,,
4,193,0.2,36.66666666666667,36.66666666666667,0.0,10,0,0,0,,
4,194,0.2,63.333333333333336,63.333333333333336,0.0,10,0,0,0,,
4,195,0.2,81.11111111111111,90.0,-0.05194805194805193,10,0,0,0,,
4,196,0.2,277.77777777777777,277.77777777777777,0.0,10,0,0,0,,
4,197,0.2,544.4444444444445,633.3333333333333,-0.07547169811320747,10,0,0,0,,
4,198,0.2,811.1111111111111,811.1111111111111,0.0,10,0,0,0,,
4,199,0.2,3000.0,3000.0,0.0,10,0,0,0,,
4,200,0.2,0.0054444444444444445,0.004555555555555556,0.08888888888888886,10,0,0,0,,
4,201,0.2,0.006333333333333334,0.0054444444444444445,0.0754716981132076,10,0,0,0,,
4,202,0.2,0.00811111111111111,0.007222222222222223,0.057971014492753555,10,0,0,0,,
4,203,0.2,0.01,0.009,0.05263157894736847,10,0,0,0,,
4,204,0.2,0.06333333333333332,0.05444444444444445,0.07547169811320745,10,0,0,0,,
4,205,0.2,0.0811111111111111,0.07222222222222222,0.05797101449275364,10,0,0,0,,
4,206,0.2,0.1,0.09,0.05263157894736847,10,0,0,0,,
4,207,0.2,0.5444444444444445,0.4555555555555556,0.0888888888888889,10,0,0,0,,
4,208,0.2,0.7222222222222222,0.6333333333333333,0.06557377049180328,10,0,0,0,,
4,209,0.2,0.9,0.8111111111111111,0.05194805194805195,10,0,0,0,,
4,210,0.2,5.444444444444445,4.555555555555555,0.08888888888888893,10,0,0,0,,
4,211,0.2,7.222222222222221,6.333333333333333,0.06557377049180325,10,0,0,0,,
4,212,0.2,9.0,8.11111111111111,0.05194805194805197,10,0,0,0,,
4,213,0.2,10.0,9.0,0.05263157894736842,10,0,0,0,,
4,214,0.2,63.333333333333336,54.44444444444444,0.07547169811320759,10,0,0,0,,
4,215,0.2,81.11111111111111,72.22222222222223,0.057971014492753596,10,0,0,0,,
4,216,0.2,100.0,90.0,0.05263157894736842,10,0,0,0,,
4,217,0.2,633.3333333333333,544.4444444444445,0.07547169811320747,10,0,0,0,,
4,218,0.2,811.1111111111111,722.2222222222222,0.057971014492753645,10,0,0,0,,
4,219,0.2,1000.0,900.0,0.05263157894736842,10,0,0,0,,
4,220,0.2,0.002777777777777778,0.001888888888888889,0.19047619047619047,10,1,0,0,0.0695024317588797,11.959250911016635
4,221,0.2,0.0054444444444444445,0.003666666666666667,0.19512195121951215,10,0,0,0,,
4,222,0.2,0.00811111111111111,0.006333333333333334,0.123076923076923,10,0,0,0,,
4,223,0.2,0.01,0.00811111111111111,0.1042944785276074,10,0,0,0,,
4,224,0.2,0.05444444444444445,0.03666666666666667,0.19512195121951223,10,0,0,0,,
4,225,0.2,0.0811111111111111,0.05444444444444445,0.1967213114754098,10,0,0,0,,
4,226,0.2,0.1,0.07222222222222222,0.16129032258064524,10,0,0,0,,
4,227,0.2,0.4555555555555556,0.3666666666666667,0.10810810810810811,10,0,0,0,,
4,228,0.2,0.8111111111111111,0.5444444444444445,0.19672131147540978,10,0,0,0,,
4,229,0.2,1.0,0.7222222222222222,0.16129032258064516,10,0,0,0,,
4,230,0.2,3.6666666666666665,2.7777777777777777,0.13793103448275862,10,0,0,0,,
4,231,0.2,7.222222222222221,5.444444444444445,0.1403508771929824,10,0,0,0,,
4,232,0.2,9.0,7.222222222222221,0.10958904109589046,10,0,0,0,,
4,233,0.2,36.66666666666667,27.77777777777778,0.13793103448275865,10,0,0,0,,
4,234,0.2,72.22222222222223,54.44444444444444,0.1403508771929825,10,0,0,0,,
4,235,0.2,90.0,63.333333333333336,0.17391304347826084,10,0,0,0,,
4,236,0.2,277.77777777777777,188.88888888888889,0.1904761904761905,10,0,0,0,,
4,237,0.2,633.3333333333333,455.55555555555554,0.16326530612244894,10,0,0,0,,
4,238,0.2,900.0,633.3333333333333,0.17391304347826092,10,0,0,0,,
4,239,0.2,3000.0,2000.0,0.2,10,0,0,0,,
4,240,0.2,0.004555555555555556,0.002777777777777778,0.2424242424242424,10,1,0,0,0.0866961875758217,9.632091728760226
4,241,0.2,0.007222222222222223,0.004555555555555556,0.22641509433962265,10,0,0,0,,
4,242,0.2,0.009,0.0054444444444444445,0.2461538461538461,10,0,0,0,,
4,243,0.2,0.01,0.006333333333333334,0.2244897959183673,10,0,0,0,,
4,244,0.2,0.06333333333333332,0.03666666666666667,0.2666666666666666,10,0,0,0,,
4,245,0.2,0.0811111111111111,0.04555555555555556,0.2807017543859649,10,0,0,0,,
4,246,0.2,0.1,0.05444444444444445,0.2949640287769784,10,0,0,0,,
4,247,0.2,0.6333333333333333,0.3666666666666667,0.2666666666666666,10,0,0,0,,
4,248,0.2,0.8111111111111111,0.4555555555555556,0.2807017543859649,10,0,0,0,,
4,249,0.2,1.0,0.5444444444444445,0.29496402877697836,10,0,0,0,,
4,250,0.2,4.555555555555555,2.7777777777777777,0.24242424242424243,10,0,0,0,,
4,251,0.2,7.222222222222221,4.555555555555555,0.22641509433962262,10,0,0,0,,
4,252,0.2,9.0,5.444444444444445,0.24615384615384614,10,0,0,0,,
4,253,0.2,45.55555555555556,27.77777777777778,0.2424242424242424,10,0,0,0,,
4,254,0.2,72.22222222222223,45.55555555555556,0.22641509433962267,10,0,0,0,,
4,255,0.2,90.0,54.44444444444444,0.24615384615384614,10,0,0,0,,
4,256,0.2,100.0,63.333333333333336,0.22448979591836732,10,0,0,0,,
4,257,0.2,633.3333333333333,366.66666666666663,0.26666666666666666,10,0,0,0,,
4,258,0.2,811.1111111111111,455.55555555555554,0.28070175438596495,10,0,0,0,,
4,259,0.2,1000.0,633.3333333333333,0.2244897959183674,10,0,0,0,,
4,260,0.2,0.001888888888888889,0.001,0.3076923076923077,10,1,0,0,0.05345643593969719,15.477244410904625
4,261,0.2,0.006333333333333334,0.002777777777777778,0.39024390243902446,10,0,0,0,,
4,262,0.2,0.009,0.004555555555555556,0.3278688524590163,10,0,0,0,,
4,263,0.2,0.01888888888888889,0.009,0.354581673306773,10,0,0,0,,
4,264,0.2,0.05444444444444445,0.027777777777777776,0.3243243243243244,10,0,0,0,,
4,265,0.2,0.0811111111111111,0.03666666666666667,0.3773584905660377,10,0,0,0,,
4,266,0.2,0.18888888888888888,0.0811111111111111,0.39917695473251025,10,0,0,0,,
4,267,0.2,0.3666666666666667,0.18888888888888888,0.32000000000000006,10,0,0,0,,
4,268,0.2,0.7222222222222222,0.3666666666666667,0.3265306122448979,10,0,0,0,,
4,269,0.2,1.0,0.4555555555555556,0.37404580152671746,10,0,0,0,,
4,270,0.2,3.6666666666666665,1.8888888888888888,0.32,10,0,0,0,,
4,271,0.2,7.222222222222221,3.6666666666666665,0.32653061224489793,10,0,0,0,,
4,272,0.2,10.0,4.555555555555555,0.37404580152671757,10,0,0,0,,
4,273,0.2,18.88888888888889,10.0,0.3076923076923077,10,0,0,0,,
4,274,0.2,63.333333333333336,27.77777777777778,0.3902439024390244,10,0,0,0,,
4,275,0.2,90.0,45.55555555555556,0.3278688524590164,10,0,0,0,,
4,276,0.2,188.88888888888889,90.0,0.35458167330677287,10,0,0,0,,
4,277,0.2,544.4444444444445,277.77777777777777,0.32432432432432434,10,0,0,0,,
4,278,0.2,811.1111111111111,366.66666666666663,0.3773584905660377,10,0,0,0,,
4,279,0.2,2000.0,1000.0,0.3333333333333333,10,0,0,0,,
4,280,0.2,0.002777777777777778,0.001,0.47058823529411764,10,1,0,0,0.05754399373371572,14.446547128058373
4,281,0.2,0.0054444444444444445,0.001888888888888889,0.48484848484848486,10,1,0,0,0.07943282347242814,10.413166983797808
4,282,0.2,0.009,0.003666666666666667,0.4210526315789473,10,0,0,0,,
4,283,0.2,0.01888888888888889,0.007222222222222223,0.4468085106382978,10,0,0,0,,
4,284,0.2,0.05444444444444445,0.01888888888888889,0.4848484848484849,10,0,0,0,,
4,285,0.2,0.09,0.03666666666666667,0.4210526315789474,10,0,0,0,,
4,286,0.2,0.18888888888888888,0.07222222222222222,0.44680851063829796,10,0,0,0,,
4,287,0.2,0.4555555555555556,0.18888888888888888,0.4137931034482759,10,0,0,0,,
4,288,0.2,0.8111111111111111,0.2777777777777778,0.48979591836734687,10,0,0,0,,
4,289,0.2,1.8888888888888888,0.6333333333333333,0.4977973568281938,10,0,0,0,,
4,290,0.2,4.555555555555555,1.8888888888888888,0.4137931034482758,10,0,0,0,,
4,291,0.2,8.11111111111111,2.7777777777777777,0.48979591836734687,10,0,0,0,,
4,292,0.2,18.88888888888889,6.333333333333333,0.4977973568281939,10,0,0,0,,
4,293,0.2,27.77777777777778,10.0,0.47058823529411764,10,0,0,0,,
4,294,0.2,72.22222222222223,27.77777777777778,0.4444444444444445,10,0,0,0,,
4,295,0.2,100.0,36.66666666666667,0.4634146341463414,10,0,0,0,,
4,296,0.2,277.77777777777777,100.0,0.47058823529411764,10,0,0,0,,
4,297,0.2,722.2222222222222,277.77777777777777,0.4444444444444444,10,0,0,0,,
4,298,0.2,1000.0,366.66666666666663,0.46341463414634154,10,0,0,0,,
4,299,0.2,3000.0,1000.0,0.5,10,0,0,0,,
4,300,0.2,0.003666666666666667,0.001,0.5714285714285715,10,1,0,0,0.05997910762555094,13.855395194517238
4,301,0.2,0.007222222222222223,0.001888888888888889,0.5853658536585367,10,1,0,0,0.08317637711026708,10.039687787432497
4,302,0.2,0.01888888888888889,0.0054444444444444445,0.5525114155251142,10,0,0,0,,
4,303,0.2,0.027777777777777776,0.009,0.5105740181268882,10,0,0,0,,
4,304,0.2,0.07222222222222222,0.01888888888888889,0.5853658536585367,10,0,0,0,,
4,305,0.2,0.1,0.027777777777777776,0.5652173913043479,10,0,0,0,,
4,306,0.2,0.2777777777777778,0.0811111111111111,0.5479876160990712,10,0,0,0,,
4,307,0.2,0.6333333333333333,0.18888888888888888,0.5405405405405406,10,0,0,0,,
4,308,0.2,1.0,0.2777777777777778,0.5652173913043479,10,0,0,0,,
4,309,0.2,2.7777777777777777,0.8111111111111111,0.5479876160990712,10,0,0,0,,
4,310,0.2,3.6666666666666665,1.0,0.5714285714285715,10,0,0,0,,
4,311,0.2,9.0,2.7777777777777777,0.5283018867924528,10,0,0,0,,
4,312,0.2,27.77777777777778,7.222222222222221,0.5873015873015873,10,0,0,0,,
4,313,0.2,36.66666666666667,10.0,0.5714285714285715,10,0,0,0,,
4,314,0.2,90.0,27.77777777777778,0.5283018867924528,10,0,0,0,,
4,315,0.2,188.88888888888889,54.44444444444444,0.5525114155251143,10,0,0,0,,
4,316,0.2,277.77777777777777,90.0,0.5105740181268882,10,0,0,0,,
4,317,0.2,722.2222222222222,188.88888888888889,0.5853658536585366,10,0,0,0,,
4,318,0.2,2000.0,544.4444444444445,0.572052401746725,10,0,0,0,,
4,319,0.2,3000.0,900.0,0.5384615384615384,10,0,0,0,,
4,320,0.2,0.004555555555555556,0.001,0.64,10,1,0,0,0.06165950018614822,13.486981228540701
4,321,0.2,0.01,0.001888888888888889,0.6822429906542055,10,1,0,0,0.08629785477669702,9.667285070447646
4,322,0.2,0.027777777777777776,0.006333333333333334,0.6286644951140065,10,0,0,0,,
4,323,0.2,0.04555555555555556,0.00811111111111111,0.6977225672877847,10,0,0,0,,
4,324,0.2,0.0811111111111111,0.01888888888888889,0.6222222222222222,10,0,0,0,,
4,325,0.2,0.18888888888888888,0.04555555555555556,0.6113744075829383,10,0,0,0,,
4,326,0.2,0.3666666666666667,0.0811111111111111,0.6377171215880892,10,0,0,0,,
4,327,0.2,0.5444444444444445,0.1,0.6896551724137931,10,0,0,0,,
4,328,0.2,1.8888888888888888,0.3666666666666667,0.6748768472906403,10,0,0,0,,
4,329,0.2,3.6666666666666665,0.7222222222222222,0.6708860759493671,10,0,0,0,,
4,330,0.2,4.555555555555555,0.9,0.670061099796334,10,0,0,0,,
4,331,0.2,9.0,1.8888888888888888,0.6530612244897959,10,0,0,0,,
4,332,0.2,27.77777777777778,5.444444444444445,0.6722408026755854,10,0,0,0,,
4,333,0.2,45.55555555555556,8.11111111111111,0.6977225672877846,10,0,0,0,,
4,334,0.2,81.11111111111111,18.88888888888889,0.6222222222222222,10,0,0,0,,
4,335,0.2,188.88888888888889,45.55555555555556,0.6113744075829383,10,0,0,0,,
4,336,0.2,366.66666666666663,81.11111111111111,0.6377171215880894,10,0,0,0,,
4,337,0.2,455.55555555555554,100.0,0.64,10,0,0,0,,
4,338,0.2,1000.0,188.88888888888889,0.6822429906542056,10,0,0,0,,
4,339,0.2,3000.0,722.2222222222222,0.6119402985074627,10,0,0,0,,
4,340,0.2,0.006333333333333334,0.001,0.7272727272727273,10,1,0,0,0.06367955209079162,12.999567357723011
4,341,0.2,0.03666666666666667,0.004555555555555556,0.7789757412398922,10,0,0,0,,
4,342,0.2,0.05444444444444445,0.006333333333333334,0.7915904936014624,10,0,0,0,,
4,343,0.2,0.06333333333333332,0.009,0.7511520737327189,10,0,0,0,,
4,344,0.2,0.09,0.01,0.8,10,0,0,0,,
4,345,0.2,0.3666666666666667,0.06333333333333332,0.7054263565891472,10,0,0,0,,
4,346,0.2,0.5444444444444445,0.0811111111111111,0.7406749555950266,10,0,0,0,,
4,347,0.2,0.7222222222222222,0.0811111111111111,0.7980636237897648,10,0,0,0,,
4,348,0.2,2.7777777777777777,0.3666666666666667,0.7667844522968198,10,0,0,0,,
4,349,0.2,4.555555555555555,0.6333333333333333,0.7558886509635975,10,0,0,0,,
4,350,0.2,6.333333333333333,0.7222222222222222,0.795275590551181,10,0,0,0,,
4,351,0.2,7.222222222222221,1.0,0.7567567567567567,10,0,0,0,,
4,352,0.2,36.66666666666667,4.555555555555555,0.7789757412398921,10,0,0,0,,
4,353,0.2,54.44444444444444,6.333333333333333,0.7915904936014625,10,0,0,0,,
4,354,0.2,63.333333333333336,9.0,0.7511520737327189,10,0,0,0,,
4,355,0.2,90.0,10.0,0.8,10,0,0,0,,
4,356,0.2,366.66666666666663,63.333333333333336,0.7054263565891473,10,0,0,0,,
4,357,0.2,544.4444444444445,81.11111111111111,0.7406749555950267,10,0,0,0,,
4,358,0.2,722.2222222222222,81.11111111111111,0.7980636237897649,10,0,0,0,,
4,359,0.2,3000.0,455.55555555555554,0.7363344051446945,10,0,0,0,,
4,360,0.2,0.009,0.001,0.8000000000000002,10,1,0,0,0.06546361740672747,12.678000156780481
4,361,0.2,0.04555555555555556,0.003666666666666667,0.8510158013544019,10,0,0,0,,
4,362,0.2,0.07222222222222222,0.0054444444444444445,0.8597997138769671,10,0,0,0,,
4,363,0.2,0.09,0.006333333333333334,0.8685121107266437,10,0,0,0,,
4,364,0.2,0.18888888888888888,0.01,0.8994413407821228,10,0,0,0,,
4,365,0.2,0.5444444444444445,0.04555555555555556,0.8455743879472692,10,0,0,0,,
4,366,0.2,0.8111111111111111,0.04555555555555556,0.8936446173800259,10,0,0,0,,
4,367,0.2,0.9,0.09,0.8181818181818182,10,0,0,0,,
4,368,0.2,2.7777777777777777,0.2777777777777778,0.8181818181818182,10,0,0,0,,
4,369,0.2,6.333333333333333,0.4555555555555556,0.8657937806873977,10,0,0,0,,
4,370,0.2,8.11111111111111,0.7222222222222222,0.8364779874213837,10,0,0,0,,
4,371,0.2,10.0,0.7222222222222222,0.8652849740932644,10,0,0,0,,
4,372,0.2,45.55555555555556,2.7777777777777777,0.8850574712643677,10,0,0,0,,
4,373,0.2,72.22222222222223,4.555555555555555,0.8813314037626627,10,0,0,0,,
4,374,0.2,90.0,5.444444444444445,0.8859138533178115,10,0,0,0,,
4,375,0.2,100.0,10.0,0.8181818181818182,10,0,0,0,,
4,376,0.2,544.4444444444445,36.66666666666667,0.8738049713193117,10,0,0,0,,
4,377,0.2,722.2222222222222,72.22222222222223,0.8181818181818182,10,0,0,0,,
4,378,0.2,900.0,81.11111111111111,0.8346545866364666,10,0,0,0,,
4,379,0.2,3000.0,277.77777777777777,0.8305084745762712,10,0,0,0,,
4,380,0.2,0.027777777777777776,0.001,0.9305019305019304,10,1,0,0,0.06854882264526613,12.050786086310033
4,381,0.2,0.4555555555555556,0.003666666666666667,0.9840309702395356,10,0,0,0,,
4,382,0.2,0.9,0.003666666666666667,0.9918849133161194,10,0,0,0,,
4,383,0.2,2.7777777777777777,0.0811111111111111,0.94325689856199,10,0,0,0,,
4,384,0.2,5.444444444444445,0.09,0.9674764103593656,10,0,0,0,,
4,385,0.2,8.11111111111111,0.04555555555555556,0.98882985969214,10,0,0,0,,
4,386,0.2,18.88888888888889,0.006333333333333334,0.9993296365336328,10,0,0,0,,
4,387,0.2,36.66666666666667,0.01888888888888889,0.998970227458582,10,0,0,0,,
4,388,0.2,54.44444444444444,0.027777777777777776,0.9989801121876594,10,0,0,0,,
4,389,0.2,72.22222222222223,0.027777777777777776,0.9992310649750098,10,0,0,0,,
4,390,0.2,90.0,0.009,0.9998000199980002,10,0,0,0,,
4,391,0.2,188.88888888888889,0.0054444444444444445,0.9999423546027204,10,0,0,0,,
4,392,0.2,277.77777777777777,1.0,0.9928258270227183,10,0,0,0,,
4,393,0.2,455.55555555555554,0.03666666666666667,0.9998390373457745,10,0,0,0,,
4,394,0.2,544.4444444444445,7.222222222222221,0.9738167170191341,10,0,0,0,,
4,395,0.2,722.2222222222222,0.06333333333333332,0.9998246307631483,10,0,0,0,,
4,396,0.2,811.1111111111111,8.11111111111111,0.9801980198019803,10,0,0,0,,
4,397,0.2,1000.0,0.04555555555555556,0.9999088930393171,10,0,0,0,,
4,398,0.2,2000.0,5.444444444444445,0.9945703363067206,10,0,0,0,,
4,399,0.2,3000.0,100.0,0.9354838709677419,10,0,0,0,,
5,0,0.3,0.001,0.027777777777777776,-0.9305019305019304,10,1,0,0,0.060813500127871824,12.642355379518202
5,1,0.3,0.001888888888888889,0.7222222222222222,-0.9947828755562373,10,1,0,0,0.07798301105232586,12.006997339608153
5,2,0.3,0.002777777777777778,54.44444444444444,-0.9998979643895719,10,1,1,0,0.025003453616964322,208.31307450615813
5,3,0.3,0.004555555555555556,0.1,-0.9128586609989372,10,0,0,0,,
5,4,0.3,0.0054444444444444445,45.55555555555556,-0.9997610041726721,10,1,1,0,0.038018939632056124,182.97485376091626
5,5,0.3,0.007222222222222223,0.5444444444444445,-0.9738167170191339,10,0,0,0,,
5,6,0.3,0.00811111111111111,90.0,-0.999819769329431,10,1,1,0,0.03357376142429549,194.77946994447234
5,7,0.3,0.01,2.7777777777777777,-0.9928258270227184,10,0,0,0,,
5,8,0.3,0.01888888888888889,722.2222222222222,-0.9999476936757038,10,1,1,0,0.018365383433483474,167.8724113204798
5,9,0.3,0.03666666666666667,90.0,-0.999185517011588,10,1,1,0,0.07144963260755134,192.38599152462075
5,10,0.3,0.05444444444444445,81.11111111111111,-0.998658434749278,10,1,1,0,0.09162204901220002,161.81722119834672
5,11,0.3,0.07222222222222222,100.0,-0.9985565980125465,10,1,1,0,0.09549925860214359,106.77140478635441
5,12,0.3,0.09,188.88888888888889,-0.9990475126557345,10,1,1,0,0.07798301105232586,208.95824169800392
5,13,0.3,0.18888888888888888,633.3333333333333,-0.9994036866197801,10,1,1,0,0.062230028516915954,109.0003958691327
5,14,0.3,0.4555555555555556,45.55555555555556,-0.9801980198019802,10,1,1,0,0.34796531020680455,38.322055071375516
5,15,0.3,0.7222222222222222,36.66666666666667,-0.9613670133729569,10,0,0,0,,
5,16,0.3,1.0,45.55555555555556,-0.9570405727923628,10,1,1,0,0.514876584389593,30.897892141839037
5,17,0.3,3.6666666666666665,544.4444444444445,-0.9866207176160553,10,1,1,0,0.29392928619079384,392.0338017688026
5,18,0.3,8.11111111111111,900.0,-0.9821363024593173,10,1,1,0,0.3401601067378252,408.6942441437881
5,19,0.3,100.0,3000.0,-0.9354838709677419,10,1,1,0,0.6457638425617077,888.217325584293
5,20,0.3,0.001,0.009,-0.8000000000000002,10,1,0,0,0.05861381645140291,13.126951342247704
5,21,0.3,0.003666666666666667,0.05444444444444445,-0.8738049713193117,10,0,0,0,,
5,22,0.3,0.0054444444444444445,0.0811111111111111,-0.8741976893453145,10,0,0,0,,
5,23,0.3,0.007222222222222223,0.09,-0.8514285714285713,10,0,0,0,,
5,24,0.3,0.01,0.18888888888888888,-0.8994413407821228,10,0,0,0,,
5,25,0.3,0.04555555555555556,0.5444444444444445,-0.8455743879472692,10,0,0,0,,
5,26,0.3,0.06333333333333332,0.6333333333333333,-0.8181818181818181,10,0,0,0,,
5,27,0.3,0.0811111111111111,0.9,-0.8346545866364665,10,0,0,0,,
5,28,0.3,0.2777777777777778,2.7777777777777777,-0.8181818181818182,10,0,0,0,,
5,29,0.3,0.4555555555555556,7.222222222222221,-0.8813314037626627,10,0,0,0,,
5,30,0.3,0.6333333333333333,9.0,-0.8685121107266437,10,0,0,0,,
5,31,0.3,0.9,9.0,-0.8181818181818181,10,0,0,0,,
5,32,0.3,3.6666666666666665,36.66666666666667,-0.8181818181818183,10,0,0,0,,
5,33,0.3,5.444444444444445,63.333333333333336,-0.8416801292407108,10,0,0,0,,
5,34,0.3,7.222222222222221,72.22222222222223,-0.818181818181818,10,0,0,0,,
5,35,0.3,10.0,100.0,-0.8181818181818182,10,0,0,0,,
5,36,0.3,36.66666666666667,633.3333333333333,-0.8905472636815921,10,1,1,0,0.8384923282188125,383.5161659619646
5,37,0.3,54.44444444444444,900.0,-0.8859138533178114,10,1,1,0,0.8565043362241493,502.3893897468764
5,38,0.3,72.22222222222223,1000.0,-0.8652849740932643,10,1,1,0,0.929753168779186,594.0350703735305
5,39,0.3,277.77777777777777,3000.0,-0.8305084745762712,10,0,0,0,,
5,40,0.3,0.001,0.006333333333333334,-0.7272727272727273,10,1,0,0,0.057279603098582925,13.447994782844807
5,41,0.3,0.004555555555555556,0.027777777777777776,-0.718213058419244,10,0,0,0,,
5,42,0.3,0.006333333333333334,0.05444444444444445,-0.7915904936014624,10,0,0,0,,
5,43,0.3,0.00811111111111111,0.07222222222222222,-0.7980636237897648,10,0,0,0,,
5,44,0.3,0.01,0.0811111111111111,-0.7804878048780489,10,0,0,0,,
5,45,0.3,0.05444444444444445,0.3666666666666667,-0.7414248021108178,10,0,0,0,,
5,46,0.3,0.07222222222222222,0.5444444444444445,-0.7657657657657659,10,0,0,0,,
5,47,0.3,0.09,0.6333333333333333,-0.751152073732719,10,0,0,0,,
5,48,0.3,0.3666666666666667,2.7777777777777777,-0.7667844522968198,10,0,0,0,,
5,49,0.3,0.6333333333333333,4.555555555555555,-0.7558886509635975,10,0,0,0,,
5,50,0.3,0.8111111111111111,5.444444444444445,-0.7406749555950267,10,0,0,0,,
5,51,0.3,1.0,6.333333333333333,-0.7272727272727273,10,0,0,0,,
5,52,0.3,4.555555555555555,36.66666666666667,-0.7789757412398921,10,0,0,0,,
5,53,0.3,7.222222222222221,45.55555555555556,-0.7263157894736842,10,0,0,0,,
5,54,0.3,9.0,54.44444444444444,-0.7162872154115587,10,0,0,0,,
5,55,0.3,10.0,81.11111111111111,-0.7804878048780488,10,0,0,0,,
5,56,0.3,54.44444444444444,455.55555555555554,-0.7864923747276688,10,0,0,0,,
5,57,0.3,72.22222222222223,633.3333333333333,-0.7952755905511812,10,0,0,0,,
5,58,0.3,90.0,722.2222222222222,-0.7783857729138167,10,0,0,0,,
5,59,0.3,455.55555555555554,3000.0,-0.7363344051446945,10,0,0,0,,
5,60,0.3,0.001,0.004555555555555556,-0.64,10,1,0,0,0.0554625712957911,13.754757714784954
5,61,0.3,0.001888888888888889,0.01,-0.6822429906542055,10,1,0,0,0.07762471166286919,9.952910072565546
5,62,0.3,0.006333333333333334,0.027777777777777776,-0.6286644951140065,10,0,0,0,,
5,63,0.3,0.009,0.03666666666666667,-0.6058394160583941,10,0,0,0,,
5,64,0.3,0.01888888888888889,0.0811111111111111,-0.6222222222222222,10,0,0,0,,
5,65,0.3,0.04555555555555556,0.18888888888888888,-0.6113744075829383,10,0,0,0,,
5,66,0.3,0.0811111111111111,0.3666666666666667,-0.6377171215880892,10,0,0,0,,
5,67,0.3,0.1,0.5444444444444445,-0.6896551724137931,10,0,0,0,,
5,68,0.3,0.3666666666666667,1.8888888888888888,-0.6748768472906403,10,0,0,0,,
5,69,0.3,0.7222222222222222,3.6666666666666665,-0.6708860759493671,10,0,0,0,,
5,70,0.3,0.9,4.555555555555555,-0.670061099796334,10,0,0,0,,
5,71,0.3,1.8888888888888888,9.0,-0.6530612244897959,10,0,0,0,,
5,72,0.3,5.444444444444445,27.77777777777778,-0.6722408026755854,10,0,0,0,,
5,73,0.3,9.0,36.66666666666667,-0.6058394160583942,10,0,0,0,,
5,74,0.3,18.88888888888889,81.11111111111111,-0.6222222222222222,10,0,0,0,,
5,75,0.3,45.55555555555556,188.88888888888889,-0.6113744075829383,10,0,0,0,,
5,76,0.3,81.11111111111111,366.66666666666663,-0.6377171215880894,10,0,0,0,,
5,77,0.3,100.0,455.55555555555554,-0.64,10,0,0,0,,
5,78,0.3,188.88888888888889,1000.0,-0.6822429906542056,10,0,0,0,,
5,79,0.3,722.2222222222222,3000.0,-0.6119402985074627,10,0,0,0,,
5,80,0.3,0.001,0.003666666666666667,-0.5714285714285715,10,1,0,0,0.05420008904016239,14.162661186355276
5,81,0.3,0.001888888888888889,0.007222222222222223,-0.5853658536585367,10,1,0,0,0.07481695005111545,10.260254184654006
5,82,0.3,0.0054444444444444445,0.01888888888888889,-0.5525114155251142,10,0,0,0,,
5,83,0.3,0.009,0.027777777777777776,-0.5105740181268882,10,0,0,0,,
5,84,0.3,0.01888888888888889,0.07222222222222222,-0.5853658536585367,10,0,0,0,,
5,85,0.3,0.05444444444444445,0.18888888888888888,-0.5525114155251141,10,0,0,0,,
5,86,0.3,0.09,0.2777777777777778,-0.5105740181268883,10,0,0,0,,
5,87,0.3,0.18888888888888888,0.6333333333333333,-0.5405405405405406,10,0,0,0,,
5,88,0.3,0.2777777777777778,1.0,-0.5652173913043479,10,0,0,0,,
5,89,0.3,0.8111111111111111,2.7777777777777777,-0.5479876160990712,10,0,0,0,,
5,90,0.3,1.8888888888888888,6.333333333333333,-0.5405405405405406,10,0,0,0,,
5,91,0.3,2.7777777777777777,10.0,-0.5652173913043478,10,0,0,0,,
5,92,0.3,8.11111111111111,27.77777777777778,-0.5479876160990713,10,0,0,0,,
5,93,0.3,10.0,36.66666666666667,-0.5714285714285715,10,0,0,0,,
5,94,0.3,27.77777777777778,90.0,-0.5283018867924528,10,0,0,0,,
5,95,0.3,72.22222222222223,277.77777777777777,-0.5873015873015872,10,0,0,0,,
5,96,0.3,100.0,366.66666666666663,-0.5714285714285714,10,0,0,0,,
5,97,0.3,277.77777777777777,900.0,-0.5283018867924527,10,0,0,0,,
5,98,0.3,633.3333333333333,2000.0,-0.518987341772152,10,0,0,0,,
5,99,0.3,1000.0,3000.0,-0.5,10,0,0,0,,
5,100,0.3,0.001,0.002777777777777778,-0.47058823529411764,10,1,0,0,0.05223961889991197,14.708830697941602
5,101,0.3,0.001888888888888889,0.0054444444444444445,-0.48484848484848486,10,1,0,0,0.07211074791828997,10.645541749666613
5,102,0.3,0.003666666666666667,0.009,-0.4210526315789473,10,0,0,0,,
5,103,0.3,0.007222222222222223,0.01888888888888889,-0.4468085106382978,10,0,0,0,,
5,104,0.3,0.01888888888888889,0.05444444444444445,-0.4848484848484849,10,0,0,0,,
5,105,0.3,0.027777777777777776,0.0811111111111111,-0.4897959183673469,10,0,0,0,,
5,106,0.3,0.06333333333333332,0.18888888888888888,-0.4977973568281938,10,0,0,0,,
5,107,0.3,0.18888888888888888,0.4555555555555556,-0.4137931034482759,10,0,0,0,,
5,108,0.3,0.2777777777777778,0.8111111111111111,-0.48979591836734687,10,0,0,0,,
5,109,0.3,0.6333333333333333,1.8888888888888888,-0.4977973568281938,10,0,0,0,,
5,110,0.3,1.0,2.7777777777777777,-0.47058823529411764,10,0,0,0,,
5,111,0.3,2.7777777777777777,7.222222222222221,-0.44444444444444436,10,0,0,0,,
5,112,0.3,3.6666666666666665,10.0,-0.46341463414634154,10,0,0,0,,
5,113,0.3,10.0,27.77777777777778,-0.47058823529411764,10,0,0,0,,
5,114,0.3,27.77777777777778,72.22222222222223,-0.4444444444444445,10,0,0,0,,
5,115,0.3,36.66666666666667,90.0,-0.4210526315789473,10,0,0,0,,
5,116,0.3,72.22222222222223,188.88888888888889,-0.4468085106382979,10,0,0,0,,
5,117,0.3,188.88888888888889,544.4444444444445,-0.4848484848484848,10,0,0,0,,
5,118,0.3,366.66666666666663,900.0,-0.42105263157894746,10,0,0,0,,
5,119,0.3,811.1111111111111,2000.0,-0.42292490118577075,10,0,0,0,,
5,120,0.3,0.001,0.001888888888888889,-0.3076923076923077,10,1,0,0,0.04897788193684462,15.666755156771154
5,121,0.3,0.002777777777777778,0.006333333333333334,-0.39024390243902446,10,0,0,0,,
5,122,0.3,0.004555555555555556,0.009,-0.3278688524590163,10,0,0,0,,
5,123,0.3,0.009,0.01888888888888889,-0.354581673306773,10,0,0,0,,
5,124,0.3,0.027777777777777776,0.05444444444444445,-0.3243243243243244,10,0,0,0,,
5,125,0.3,0.03666666666666667,0.0811111111111111,-0.3773584905660377,10,0,0,0,,
5,126,0.3,0.0811111111111111,0.18888888888888888,-0.39917695473251025,10,0,0,0,,
5,127,0.3,0.18888888888888888,0.3666666666666667,-0.32000000000000006,10,0,0,0,,
5,128,0.3,0.3666666666666667,0.7222222222222222,-0.3265306122448979,10,0,0,0,,
5,129,0.3,0.4555555555555556,1.0,-0.37404580152671746,10,0,0,0,,
5,130,0.3,1.8888888888888888,3.6666666666666665,-0.32,10,0,0,0,,
5,131,0.3,3.6666666666666665,7.222222222222221,-0.32653061224489793,10,0,0,0,,
5,132,0.3,4.555555555555555,10.0,-0.37404580152671757,10,0,0,0,,
5,133,0.3,10.0,18.88888888888889,-0.3076923076923077,10,0,0,0,,
5,134,0.3,27.77777777777778,63.333333333333336,-0.3902439024390244,10,0,0,0,,
5,135,0.3,45.55555555555556,90.0,-0.3278688524590164,10,0,0,0,,
5,136,0.3,90.0,188.88888888888889,-0.35458167330677287,10,0,0,0,,
5,137,0.3,277.77777777777777,544.4444444444445,-0.32432432432432434,10,0,0,0,,
5,138,0.3,366.66666666666663,811.1111111111111,-0.3773584905660377,10,0,0,0,,
5,139,0.3,1000.0,2000.0,-0.3333333333333333,10,0,0,0,,
5,140,0.3,0.002777777777777778,0.004555555555555556,-0.2424242424242424,10,1,0,0,0.07906786279998253,9.68846845973465
5,141,0.3,0.004555555555555556,0.007222222222222223,-0.22641509433962265,10,0,0,0,,
5,142,0.3,0.0054444444444444445,0.009,-0.2461538461538461,10,0,0,0,,
5,143,0.3,0.006333333333333334,0.01,-0.2244897959183673,10,0,0,0,,
5,144,0.3,0.03666666666666667,0.06333333333333332,-0.2666666666666666,10,0,0,0,,
5,145,0.3,0.05444444444444445,0.09,-0.24615384615384614,10,0,0,0,,
5,146,0.3,0.06333333333333332,0.1,-0.22448979591836743,10,0,0,0,,
5,147,0.3,0.3666666666666667,0.6333333333333333,-0.2666666666666666,10,0,0,0,,
5,148,0.3,0.4555555555555556,0.8111111111111111,-0.2807017543859649,10,0,0,0,,
5,149,0.3,0.5444444444444445,1.0,-0.29496402877697836,10,0,0,0,,
5,150,0.3,3.6666666666666665,6.333333333333333,-0.26666666666666666,10,0,0,0,,
5,151,0.3,4.555555555555555,8.11111111111111,-0.2807017543859649,10,0,0,0,,
5,152,0.3,5.444444444444445,10.0,-0.2949640287769784,10,0,0,0,,
5,153,0.3,27.77777777777778,45.55555555555556,-0.2424242424242424,10,0,0,0,,
5,154,0.3,45.55555555555556,72.22222222222223,-0.22641509433962267,10,0,0,0,,
5,155,0.3,54.44444444444444,100.0,-0.2949640287769784,10,0,0,0,,
5,156,0.3,277.77777777777777,455.55555555555554,-0.24242424242424243,10,0,0,0,,
5,157,0.3,455.55555555555554,722.2222222222222,-0.2264150943396226,10,0,0,0,,
5,158,0.3,544.4444444444445,900.0,-0.24615384615384617,10,0,0,0,,
5,159,0.3,2000.0,3000.0,-0.2,10,0,0,0,,
5,160,0.3,0.001888888888888889,0.002777777777777778,-0.19047619047619047,10,1,0,0,0.06367955209079162,12.02256846845986
5,161,0.3,0.003666666666666667,0.0054444444444444445,-0.19512195121951215,10,0,0,0,,
5,162,0.3,0.006333333333333334,0.00811111111111111,-0.123076923076923,10,0,0,0,,
5,163,0.3,0.00811111111111111,0.01,-0.1042944785276074,10,0,0,0,,
5,164,0.3,0.03666666666666667,0.04555555555555556,-0.10810810810810813,10,0,0,0,,
5,165,0.3,0.05444444444444445,0.0811111111111111,-0.1967213114754098,10,0,0,0,,
5,166,0.3,0.07222222222222222,0.1,-0.16129032258064524,10,0,0,0,,
5,167,0.3,0.3666666666666667,0.4555555555555556,-0.10810810810810811,10,0,0,0,,
5,168,0.3,0.5444444444444445,0.7222222222222222,-0.1403508771929824,10,0,0,0,,
5,169,0.3,0.7222222222222222,0.9,-0.10958904109589043,10,0,0,0,,
5,170,0.3,2.7777777777777777,3.6666666666666665,-0.13793103448275862,10,0,0,0,,
5,171,0.3,5.444444444444445,7.222222222222221,-0.1403508771929824,10,0,0,0,,
5,172,0.3,6.333333333333333,9.0,-0.1739130434782609,10,0,0,0,,
5,173,0.3,18.88888888888889,27.77777777777778,-0.19047619047619047,10,0,0,0,,
5,174,0.3,45.55555555555556,63.333333333333336,-0.163265306122449,10,0,0,0,,
5,175,0.3,63.333333333333336,90.0,-0.17391304347826084,10,0,0,0,,
5,176,0.3,81.11111111111111,100.0,-0.10429447852760734,10,0,0,0,,
5,177,0.3,366.66666666666663,544.4444444444445,-0.19512195121951226,10,0,0,0,,
5,178,0.3,633.3333333333333,811.1111111111111,-0.12307692307692313,10,0,0,0,,
5,179,0.3,811.1111111111111,1000.0,-0.10429447852760737,10,0,0,0,,
5,180,0.3,0.001,0.001,0.0,10,1,0,0,0.04207266283844442,18.087359854053247
5,181,0.3,0.004555555555555556,0.0054444444444444445,-0.08888888888888886,10,0,0,0,,
5,182,0.3,0.007222222222222223,0.007222222222222223,0.0,10,0,0,0,,
5,183,0.3,0.009,0.01,-0.05263157894736847,10,0,0,0,,
5,184,0.3,0.04555555555555556,0.04555555555555556,0.0,10,0,0,0,,
5,185,0.3,0.06333333333333332,0.07222222222222222,-0.0655737704918033,10,0,0,0,,
5,186,0.3,0.09,0.09,0.0,10,0,0,0,,
5,187,0.3,0.4555555555555556,0.4555555555555556,0.0,10,0,0,0,,
5,188,0.3,0.6333333333333333,0.7222222222222222,-0.06557377049180328,10,0,0,0,,
5,189,0.3,0.9,0.9,0.0,10,0,0,0,,
5,190,0.3,3.6666666666666665,3.6666666666666665,0.0,10,0,0,0,,
5,191,0.3,6.333333333333333,6.333333333333333,0.0,10,0,0,0,,
5,192,0.3,8.11111111111111,9.0,-0.05194805194805197,10,0,0,0,,
5,193,0.3,36.66666666666667,36.66666666666667,0.0,10,0,0,0,,
5,194,0.3,63.333333333333336,63.333333333333336,0.0,10,0,0,0,,
5,195,0.3,81.11111111111111,90.0,-0.05194805194805193,10,0,0,0,,
5,196,0.3,277.77777777777777,277.77777777777777,0.0,10,0,0,0,,
5,197,0.3,544.4444444444445,633.3333333333333,-0.07547169811320747,10,0,0,0,,
5,198,0.3,811.1111111111111,811.1111111111111,0.0,10,0,0,0,,
5,199,0.3,3000.0,3000.0,0.0,10,0,0,0,,
5,200,0.3,0.0054444444444444445,0.004555555555555556,0.08888888888888886,10,0,0,0,,
5,201,0.3,0.006333333333333334,0.0054444444444444445,0.0754716981132076,10,0,0,0,,
5,202,0.3,0.00811111111111111,0.007222222222222223,0.057971014492753555,10,0,0,0,,
5,203,0.3,0.01,0.009,0.05263157894736847,10,0,0,0,,
5,204,0.3,0.06333333333333332,0.05444444444444445,0.07547169811320745,10,0,0,0,,
5,205,0.3,0.0811111111111111,0.07222222222222222,0.05797101449275364,10,0,0,0,,
5,206,0.3,0.1,0.09,0.05263157894736847,10,0,0,0,,
5,207,0.3,0.5444444444444445,0.4555555555555556,0.0888888888888889,10,0,0,0,,
5,208,0.3,0.7222222222222222,0.6333333333333333,0.06557377049180328,10,0,0,0,,
5,209,0.3,0.9,0.8111111111111111,0.05194805194805195,10,0,0,0,,
5,210,0.3,5.444444444444445,4.555555555555555,0.08888888888888893,10,0,0,0,,
5,211,0.3,7.222222222222221,6.333333333333333,0.06557377049180325,10,0,0,0,,
5,212,0.3,9.0,8.11111111111111,0.05194805194805197,10,0,0,0,,
5,213,0.3,10.0,9.0,0.05263157894736842,10,0,0,0,,
5,214,0.3,63.333333333333336,54.44444444444444,0.07547169811320759,10,0,0,0,,
5,215,0.3,81.11111111111111,72.22222222222223,0.057971014492753596,10,0,0,0,,
5,216,0.3,100.0,90.0,0.05263157894736842,10,0,0,0,,
5,217,0.3,633.3333333333333,544.4444444444445,0.07547169811320747,10,0,0,0,,
5,218,0.3,811.1111111111111,722.2222222222222,0.057971014492753645,10,0,0,0,,
5,219,0.3,1000.0,900.0,0.05263157894736842,10,0,0,0,,
5,220,0.3,0.002777777777777778,0.001888888888888889,0.19047619047619047,10,1,0,0,0.0628058358813318,12.256225796045692
5,221,0.3,0.0054444444444444445,0.003666666666666667,0.19512195121951215,10,0,0,0,,
5,222,0.3,0.00811111111111111,0.006333333333333334,0.123076923076923,10,0,0,0,,
5,223,0.3,0.01,0.00811111111111111,0.1042944785276074,10,0,0,0,,
5,224,0.3,0.05444444444444445,0.03666666666666667,0.19512195121951223,10,0,0,0,,
5,225,0.3,0.0811111111111111,0.05444444444444445,0.1967213114754098,10,0,0,0,,
5,226,0.3,0.1,0.07222222222222222,0.16129032258064524,10,0,0,0,,
5,227,0.3,0.4555555555555556,0.3666666666666667,0.10810810810810811,10,0,0,0,,
5,228,0.3,0.8111111111111111,0.5444444444444445,0.19672131147540978,10,0,0,0,,
5,229,0.3,1.0,0.7222222222222222,0.16129032258064516,10,0,0,0,,
5,230,0.3,3.6666666666666665,2.7777777777777777,0.13793103448275862,10,0,0,0,,
5,231,0.3,7.222222222222221,5.444444444444445,0.1403508771929824,10,0,0,0,,
5,232,0.3,9.0,7.222222222222221,0.10958904109589046,10,0,0,0,,
5,233,0.3,36.66666666666667,27.77777777777778,0.13793103448275865,10,0,0,0,,
5,234,0.3,72.22222222222223,54.44444444444444,0.1403508771929825,10,0,0,0,,
5,235,0.3,90.0,63.333333333333336,0.17391304347826084,10,0,0,0,,
5,236,0.3,277.77777777777777,188.88888888888889,0.1904761904761905,10,0,0,0,,
5,237,0.3,633.3333333333333,455.55555555555554,0.16326530612244894,10,0,0,0,,
5,238,0.3,900.0,633.3333333333333,0.17391304347826092,10,0,0,0,,
5,239,0.3,3000.0,2000.0,0.2,10,0,0,0,,
5,240,0.3,0.004555555555555556,0.002777777777777778,0.2424242424242424,10,1,0,0,0.07762471166286919,9.931622911845228
5,241,0.3,0.007222222222222223,0.004555555555555556,0.22641509433962265,10,0,0,0,,
5,242,0.3,0.009,0.0054444444444444445,0.2461538461538461,10,0,0,0,,
5,243,0.3,0.01,0.006333333333333334,0.2244897959183673,10,0,0,0,,
5,244,0.3,0.06333333333333332,0.03666666666666667,0.2666666666666666,10,0,0,0,,
5,245,0.3,0.0811111111111111,0.04555555555555556,0.2807017543859649,10,0,0,0,,
5,246,0.3,0.1,0.05444444444444445,0.2949640287769784,10,0,0,0,,
5,247,0.3,0.6333333333333333,0.3666666666666667,0.2666666666666666,10,0,0,0,,
5,248,0.3,0.8111111111111111,0.4555555555555556,0.2807017543859649,10,0,0,0,,
5,249,0.3,1.0,0.5444444444444445,0.29496402877697836,10,0,0,0,,
5,250,0.3,4.555555555555555,2.7777777777777777,0.24242424242424243,10,0,0,0,,
5,251,0.3,7.222222222222221,4.555555555555555,0.22641509433962262,10,0,0,0,,
5,252,0.3,9.0,5.444444444444445,0.24615384615384614,10,0,0,0,,
5,253,0.3,45.55555555555556,27.77777777777778,0.2424242424242424,10,0,0,0,,
5,254,0.3,72.22222222222223,45.55555555555556,0.22641509433962267,10,0,0,0,,
5,255,0.3,90.0,54.44444444444444,0.24615384615384614,10,0,0,0,,
5,256,0.3,100.0,63.333333333333336,0.22448979591836732,10,0,0,0,,
5,257,0.3,633.3333333333333,366.66666666666663,0.26666666666666666,10,0,0,0,,
5,258,0.3,811.1111111111111,455.55555555555554,0.28070175438596495,10,0,0,0,,
5,259,0.3,1000.0,633.3333333333333,0.2244897959183674,10,0,0,0,,
5,260,0.3,0.001888888888888889,0.001,0.3076923076923077,10,1,0,0,0.04764309868054156,16.112328054349362
5,261,0.3,0.006333333333333334,0.002777777777777778,0.39024390243902446,10,1,0,0,0.08165823713585922,9.442150647654248
5,262,0.3,0.009,0.004555555555555556,0.3278688524590163,10,0,0,0,,
5,263,0.3,0.01888888888888889,0.009,0.354581673306773,10,0,0,0,,
5,264,0.3,0.05444444444444445,0.027777777777777776,0.3243243243243244,10,0,0,0,,
5,265,0.3,0.0811111111111111,0.03666666666666667,0.3773584905660377,10,0,0,0,,
5,266,0.3,0.18888888888888888,0.0811111111111111,0.39917695473251025,10,0,0,0,,
5,267,0.3,0.3666666666666667,0.18888888888888888,0.32000000000000006,10,0,0,0,,
5,268,0.3,0.7222222222222222,0.3666666666666667,0.3265306122448979,10,0,0,0,,
5,269,0.3,1.0,0.4555555555555556,0.37404580152671746,10,0,0,0,,
5,270,0.3,3.6666666666666665,1.8888888888888888,0.32,10,0,0,0,,
5,271,0.3,7.222222222222221,3.6666666666666665,0.32653061224489793,10,0,0,0,,
5,272,0.3,10.0,4.555555555555555,0.37404580152671757,10,0,0,0,,
5,273,0.3,18.88888888888889,10.0,0.3076923076923077,10,0,0,0,,
5,274,0.3,63.333333333333336,27.77777777777778,0.3902439024390244,10,0,0,0,,
5,275,0.3,90.0,45.55555555555556,0.3278688524590164,10,0,0,0,,
5,276,0.3,188.88888888888889,90.0,0.35458167330677287,10,0,0,0,,
5,277,0.3,544.4444444444445,277.77777777777777,0.32432432432432434,10,0,0,0,,
5,278,0.3,811.1111111111111,366.66666666666663,0.3773584905660377,10,0,0,0,,
5,279,0.3,2000.0,1000.0,0.3333333333333333,10,0,0,0,,
5,280,0.3,0.002777777777777778,0.001,0.47058823529411764,10,1,0,0,0.05011872336272725,15.350162993863623
5,281,0.3,0.0054444444444444445,0.001888888888888889,0.48484848484848486,10,1,0,0,0.06918309709189363,11.122180291509816
5,282,0.3,0.009,0.003666666666666667,0.4210526315789473,10,0,0,0,,
5,283,0.3,0.01888888888888889,0.007222222222222223,0.4468085106382978,10,0,0,0,,
5,284,0.3,0.05444444444444445,0.01888888888888889,0.4848484848484849,10,0,0,0,,
5,285,0.3,0.09,0.03666666666666667,0.4210526315789474,10,0,0,0,,
5,286,0.3,0.18888888888888888,0.07222222222222222,0.44680851063829796,10,0,0,0,,
5,287,0.3,0.4555555555555556,0.18888888888888888,0.4137931034482759,10,0,0,0,,
5,288,0.3,0.8111111111111111,0.2777777777777778,0.48979591836734687,10,0,0,0,,
5,289,0.3,1.8888888888888888,0.6333333333333333,0.4977973568281938,10,0,0,0,,
5,290,0.3,4.555555555555555,1.8888888888888888,0.4137931034482758,10,0,0,0,,
5,291,0.3,8.11111111111111,2.7777777777777777,0.48979591836734687,10,0,0,0,,
5,292,0.3,18.88888888888889,6.333333333333333,0.4977973568281939,10,0,0,0,,
5,293,0.3,27.77777777777778,10.0,0.47058823529411764,10,0,0,0,,
5,294,0.3,72.22222222222223,27.77777777777778,0.4444444444444445,10,0,0,0,,
5,295,0.3,100.0,36.66666666666667,0.4634146341463414,10,0,0,0,,
5,296,0.3,277.77777777777777,100.0,0.47058823529411764,10,0,0,0,,
5,297,0.3,722.2222222222222,277.77777777777777,0.4444444444444444,10,0,0,0,,
5,298,0.3,1000.0,366.66666666666663,0.46341463414634154,10,0,0,0,,
5,299,0.3,3000.0,1000.0,0.5,10,0,0,0,,
5,300,0.3,0.003666666666666667,0.001,0.5714285714285715,10,1,0,0,0.05152286445817567,14.893416418571052
5,301,0.3,0.007222222222222223,0.001888888888888889,0.5853658536585367,10,1,0,0,0.07112135136533289,10.801758770459656
5,302,0.3,0.01888888888888889,0.0054444444444444445,0.5525114155251142,10,0,0,0,,
5,303,0.3,0.027777777777777776,0.009,0.5105740181268882,10,0,0,0,,
5,304,0.3,0.07222222222222222,0.01888888888888889,0.5853658536585367,10,0,0,0,,
5,305,0.3,0.1,0.027777777777777776,0.5652173913043479,10,0,0,0,,
5,306,0.3,0.2777777777777778,0.0811111111111111,0.5479876160990712,10,0,0,0,,
5,307,0.3,0.6333333333333333,0.18888888888888888,0.5405405405405406,10,0,0,0,,
5,308,0.3,1.0,0.2777777777777778,0.5652173913043479,10,0,0,0,,
5,309,0.3,2.7777777777777777,0.8111111111111111,0.5479876160990712,10,0,0,0,,
5,310,0.3,3.6666666666666665,1.0,0.5714285714285715,10,0,0,0,,
5,311,0.3,9.0,2.7777777777777777,0.5283018867924528,10,0,0,0,,
5,312,0.3,27.77777777777778,7.222222222222221,0.5873015873015873,10,0,0,0,,
5,313,0.3,36.66666666666667,10.0,0.5714285714285715,10,0,0,0,,
5,314,0.3,90.0,27.77777777777778,0.5283018867924528,10,0,0,0,,
5,315,0.3,188.88888888888889,54.44444444444444,0.5525114155251143,10,0,0,0,,
5,316,0.3,277.77777777777777,90.0,0.5105740181268882,10,0,0,0,,
5,317,0.3,722.2222222222222,188.88888888888889,0.5853658536585366,10,0,0,0,,
5,318,0.3,2000.0,544.4444444444445,0.572052401746725,10,0,0,0,,
5,319,0.3,3000.0,900.0,0.5384615384615384,10,0,0,0,,
5,320,0.3,0.004555555555555556,0.001,0.64,10,1,0,0,0.052480746024977286,14.616292895444532
5,321,0.3,0.01,0.001888888888888889,0.6822429906542055,10,1,0,0,0.07311390834834172,10.536203501632341
5,322,0.3,0.027777777777777776,0.006333333333333334,0.6286644951140065,10,0,0,0,,
5,323,0.3,0.04555555555555556,0.00811111111111111,0.6977225672877847,10,0,0,0,,
5,324,0.3,0.0811111111111111,0.01888888888888889,0.6222222222222222,10,0,0,0,,
5,325,0.3,0.18888888888888888,0.04555555555555556,0.6113744075829383,10,0,0,0,,
5,326,0.3,0.3666666666666667,0.0811111111111111,0.6377171215880892,10,0,0,0,,
5,327,0.3,0.5444444444444445,0.1,0.6896551724137931,10,0,0,0,,
5,328,0.3,1.8888888888888888,0.3666666666666667,0.6748768472906403,10,0,0,0,,
5,329,0.3,3.6666666666666665,0.7222222222222222,0.6708860759493671,10,0,0,0,,
5,330,0.3,4.555555555555555,0.9,0.670061099796334,10,0,0,0,,
5,331,0.3,9.0,1.8888888888888888,0.6530612244897959,10,0,0,0,,
5,332,0.3,27.77777777777778,5.444444444444445,0.6722408026755854,10,0,0,0,,
5,333,0.3,45.55555555555556,8.11111111111111,0.6977225672877846,10,0,0,0,,
5,334,0.3,81.11111111111111,18.88888888888889,0.6222222222222222,10,0,0,0,,
5,335,0.3,188.88888888888889,45.55555555555556,0.6113744075829383,10,0,0,0,,
5,336,0.3,366.66666666666663,81.11111111111111,0.6377171215880894,10,0,0,0,,
5,337,0.3,455.55555555555554,100.0,0.64,10,0,0,0,,
5,338,0.3,1000.0,188.88888888888889,0.6822429906542056,10,0,0,0,,
5,339,0.3,3000.0,722.2222222222222,0.6119402985074627,10,0,0,0,,
5,340,0.3,0.006333333333333334,0.001,0.7272727272727273,10,1,0,0,0.05370317963702527,14.30139944828124
5,341,0.3,0.03666666666666667,0.004555555555555556,0.7789757412398922,10,0,0,0,,
5,342,0.3,0.05444444444444445,0.006333333333333334,0.7915904936014624,10,0,0,0,,
5,343,0.3,0.06333333333333332,0.009,0.7511520737327189,10,0,0,0,,
5,344,0.3,0.09,0.01,0.8,10,0,0,0,,
5,345,0.3,0.3666666666666667,0.06333333333333332,0.7054263565891472,10,0,0,0,,
5,346,0.3,0.5444444444444445,0.0811111111111111,0.7406749555950266,10,0,0,0,,
5,347,0.3,0.7222222222222222,0.0811111111111111,0.7980636237897648,10,0,0,0,,
5,348,0.3,2.7777777777777777,0.3666666666666667,0.7667844522968198,10,0,0,0,,
5,349,0.3,4.555555555555555,0.6333333333333333,0.7558886509635975,10,0,0,0,,
5,350,0.3,6.333333333333333,0.7222222222222222,0.795275590551181,10,0,0,0,,
5,351,0.3,7.222222222222221,1.0,0.7567567567567567,10,0,0,0,,
5,352,0.3,36.66666666666667,4.555555555555555,0.7789757412398921,10,0,0,0,,
5,353,0.3,54.44444444444444,6.333333333333333,0.7915904936014625,10,0,0,0,,
5,354,0.3,63.333333333333336,9.0,0.7511520737327189,10,0,0,0,,
5,355,0.3,90.0,10.0,0.8,10,0,0,0,,
5,356,0.3,366.66666666666663,63.333333333333336,0.7054263565891473,10,0,0,0,,
5,357,0.3,544.4444444444445,81.11111111111111,0.7406749555950267,10,0,0,0,,
5,358,0.3,722.2222222222222,81.11111111111111,0.7980636237897649,10,0,0,0,,
5,359,0.3,3000.0,455.55555555555554,0.7363344051446945,10,0,0,0,,
5,360,0.3,0.009,0.001,0.8000000000000002,10,1,0,0,0.05470159628939716,14.055831646965785
5,361,0.3,0.04555555555555556,0.003666666666666667,0.8510158013544019,10,0,0,0,,
5,362,0.3,0.07222222222222222,0.0054444444444444445,0.8597997138769671,10,0,0,0,,
5,363,0.3,0.09,0.006333333333333334,0.8685121107266437,10,0,0,0,,
5,364,0.3,0.18888888888888888,0.01,0.8994413407821228,10,0,0,0,,
5,365,0.3,0.5444444444444445,0.04555555555555556,0.8455743879472692,10,0,0,0,,
5,366,0.3,0.8111111111111111,0.04555555555555556,0.8936446173800259,10,0,0,0,,
5,367,0.3,0.9,0.09,0.8181818181818182,10,0,0,0,,
5,368,0.3,2.7777777777777777,0.2777777777777778,0.8181818181818182,10,0,0,0,,
5,369,0.3,6.333333333333333,0.4555555555555556,0.8657937806873977,10,0,0,0,,
5,370,0.3,8.11111111111111,0.7222222222222222,0.8364779874213837,10,0,0,0,,
5,371,0.3,10.0,0.7222222222222222,0.8652849740932644,10,0,0,0,,
5,372,0.3,45.55555555555556,2.7777777777777777,0.8850574712643677,10,0,0,0,,
5,373,0.3,72.22222222222223,4.555555555555555,0.8813314037626627,10,0,0,0,,
5,374,0.3,90.0,5.444444444444445,0.8859138533178115,10,0,0,0,,
5,375,0.3,100.0,10.0,0.8181818181818182,10,0,0,0,,
5,376,0.3,544.4444444444445,36.66666666666667,0.8738049713193117,10,0,0,0,,
5,377,0.3,722.2222222222222,72.22222222222223,0.8181818181818182,10,0,0,0,,
5,378,0.3,900.0,81.11111111111111,0.8346545866364666,10,0,0,0,,
5,379,0.3,3000.0,277.77777777777777,0.8305084745762712,10,0,0,0,,
5,380,0.3,0.027777777777777776,0.001,0.9305019305019304,10,1,0,0,0.05623413251903491,13.628535102600752
5,381,0.3,0.4555555555555556,0.003666666666666667,0.9840309702395356,10,0,0,0,,
5,382,0.3,0.9,0.003666666666666667,0.9918849133161194,10,0,0,0,,
5,383,0.3,2.7777777777777777,0.0811111111111111,0.94325689856199,10,0,0,0,,
5,384,0.3,5.444444444444445,0.09,0.9674764103593656,10,0,0,0,,
5,385,0.3,8.11111111111111,0.04555555555555556,0.98882985969214,10,0,0,0,,
5,386,0.3,18.88888888888889,0.006333333333333334,0.9993296365336328,10,0,0,0,,
5,387,0.3,36.66666666666667,0.01888888888888889,0.998970227458582,10,0,0,0,,
5,388,0.3,54.44444444444444,0.027777777777777776,0.9989801121876594,10,0,0,0,,
5,389,0.3,72.22222222222223,0.027777777777777776,0.9992310649750098,10,0,0,0,,
5,390,0.3,90.0,0.009,0.9998000199980002,10,0,0,0,,
5,391,0.3,188.88888888888889,0.0054444444444444445,0.9999423546027204,10,0,0,0,,
5,392,0.3,277.77777777777777,1.0,0.9928258270227183,10,0,0,0,,
5,393,0.3,455.55555555555554,0.03666666666666667,0.9998390373457745,10,0,0,0,,
5,394,0.3,544.4444444444445,7.222222222222221,0.9738167170191341,10,0,0,0,,
5,395,0.3,722.2222222222222,0.06333333333333332,0.9998246307631483,10,0,0,0,,
5,396,0.3,811.1111111111111,8.11111111111111,0.9801980198019803,10,0,0,0,,
5,397,0.3,1000.0,0.04555555555555556,0.9999088930393171,10,0,0,0,,
5,398,0.3,2000.0,5.444444444444445,0.9945703363067206,10,0,0,0,,
5,399,0.3,3000.0,100.0,0.9354838709677419,10,0,0,0,,
6,0,0.4,0.001,0.027777777777777776,-0.9305019305019304,10,1,0,0,0.06251726927756862,11.499047133562092
6,1,0.4,0.001888888888888889,0.7222222222222222,-0.9947828755562373,10,1,0,0,0.0783429642766212,11.687978716738362
6,2,0.4,0.002777777777777778,54.44444444444444,-0.9998979643895719,10,1,1,0,0.022594357702209782,165.79009828790515
6,3,0.4,0.004555555555555556,0.1,-0.9128586609989372,10,0,0,0,,
6,4,0.4,0.0054444444444444445,45.55555555555556,-0.9997610041726721,10,1,1,0,0.03451437393358565,196.19565171989018
6,5,0.4,0.007222222222222223,0.5444444444444445,-0.9738167170191339,10,0,0,0,,
6,6,0.4,0.00811111111111111,90.0,-0.999819769329431,10,1,1,0,0.03033891184194272,213.6778147617956
6,7,0.4,0.01,2.7777777777777777,-0.9928258270227184,10,1,0,0,0.14142761841227486,10.73486969999158
6,8,0.4,0.01888888888888889,722.2222222222222,-0.9999476936757038,10,1,1,0,0.01651961798229015,189.46408157386395
6,9,0.4,0.03666666666666667,90.0,-0.999185517011588,10,1,1,0,0.06456542290346556,192.76970750542066
6,10,0.4,0.05444444444444445,81.11111111111111,-0.998658434749278,10,1,1,0,0.08279421637123345,155.13646599359316
6,11,0.4,0.07222222222222222,100.0,-0.9985565980125465,10,1,1,0,0.08590135215053961,181.16304090835212
6,12,0.4,0.09,188.88888888888889,-0.9990475126557345,10,1,1,0,0.07014552984199714,175.02638120299596
6,13,0.4,0.18888888888888888,633.3333333333333,-0.9994036866197801,10,1,1,0,0.055718574893192985,106.68026327092454
6,14,0.4,0.4555555555555556,45.55555555555556,-0.9801980198019802,10,1,1,0,0.31494329553035355,50.99933288814519
6,15,0.4,0.7222222222222222,36.66666666666667,-0.9613670133729569,10,1,1,0,0.4392261507671781,34.10375302042472
6,16,0.4,1.0,45.55555555555556,-0.9570405727923628,10,1,1,0,0.46564376250833883,40.94903546741815
6,17,0.4,3.6666666666666665,544.4444444444445,-0.9866207176160553,10,1,1,0,0.2645096731154103,382.28262201761237
6,18,0.4,8.11111111111111,900.0,-0.9821363024593173,10,1,1,0,0.3059372915276851,400.1645899134809
6,19,0.4,100.0,3000.0,-0.9354838709677419,10,1,1,0,0.5809206137424949,931.5225482006942
6,20,0.4,0.001,0.009,-0.8000000000000002,10,1,0,0,0.059156163417547425,12.015017394714405
6,21,0.4,0.003666666666666667,0.05444444444444445,-0.8738049713193117,10,0,0,0,,
6,22,0.4,0.0054444444444444445,0.0811111111111111,-0.8741976893453145,10,0,0,0,,
6,23,0.4,0.007222222222222223,0.09,-0.8514285714285713,10,0,0,0,,
6,24,0.4,0.01,0.18888888888888888,-0.8994413407821228,10,0,0,0,,
6,25,0.4,0.04555555555555556,0.5444444444444445,-0.8455743879472692,10,0,0,0,,
6,26,0.4,0.06333333333333332,0.6333333333333333,-0.8181818181818181,10,0,0,0,,
6,27,0.4,0.0811111111111111,0.9,-0.8346545866364665,10,0,0,0,,
6,28,0.4,0.2777777777777778,2.7777777777777777,-0.8181818181818182,10,0,0,0,,
6,29,0.4,0.4555555555555556,7.222222222222221,-0.8813314037626627,10,0,0,0,,
6,30,0.4,0.6333333333333333,9.0,-0.8685121107266437,10,0,0,0,,
6,31,0.4,0.9,9.0,-0.8181818181818181,10,0,0,0,,
6,32,0.4,3.6666666666666665,36.66666666666667,-0.8181818181818183,10,1,1,0,0.9609739826551034,36.0199208441723
6,33,0.4,5.444444444444445,63.333333333333336,-0.8416801292407108,10,1,1,0,0.9015343562374916,53.376230982411364
6,34,0.4,7.222222222222221,72.22222222222223,-0.818181818181818,10,1,1,0,0.966977985323549,65.01862391057648
6,35,0.4,10.0,100.0,-0.8181818181818182,10,1,1,0,0.9687791861240826,87.7683161631038
6,36,0.4,36.66666666666667,633.3333333333333,-0.8905472636815921,10,1,1,0,0.7550366911274182,444.96910422782014
6,37,0.4,54.44444444444444,900.0,-0.8859138533178114,10,1,1,0,0.7712474983322214,722.086786397965
6,38,0.4,72.22222222222223,1000.0,-0.8652849740932643,10,1,1,0,0.8378919279519679,728.8427638577848
6,39,0.4,277.77777777777777,3000.0,-0.8305084745762712,10,1,1,0,0.9393595730486991,1396.0465339502377
6,40,0.4,0.001,0.006333333333333334,-0.7272727272727273,10,1,0,0,0.057279603098582925,12.417116005100272
6,41,0.4,0.004555555555555556,0.027777777777777776,-0.718213058419244,10,0,0,0,,
6,42,0.4,0.006333333333333334,0.05444444444444445,-0.7915904936014624,10,0,0,0,,
6,43,0.4,0.00811111111111111,0.07222222222222222,-0.7980636237897648,10,0,0,0,,
6,44,0.4,0.01,0.0811111111111111,-0.7804878048780489,10,0,0,0,,
6,45,0.4,0.05444444444444445,0.3666666666666667,-0.7414248021108178,10,0,0,0,,
6,46,0.4,0.07222222222222222,0.5444444444444445,-0.7657657657657659,10,0,0,0,,
6,47,0.4,0.09,0.6333333333333333,-0.751152073732719,10,0,0,0,,
6,48,0.4,0.3666666666666667,2.7777777777777777,-0.7667844522968198,10,0,0,0,,
6,49,0.4,0.6333333333333333,4.555555555555555,-0.7558886509635975,10,0,0,0,,
6,50,0.4,0.8111111111111111,5.444444444444445,-0.7406749555950267,10,0,0,0,,
6,51,0.4,1.0,6.333333333333333,-0.7272727272727273,10,0,0,0,,
6,52,0.4,4.555555555555555,36.66666666666667,-0.7789757412398921,10,0,0,0,,
6,53,0.4,7.222222222222221,45.55555555555556,-0.7263157894736842,10,0,0,0,,
6,54,0.4,9.0,54.44444444444444,-0.7162872154115587,10,0,0,0,,
6,55,0.4,10.0,81.11111111111111,-0.7804878048780488,10,0,0,0,,
6,56,0.4,54.44444444444444,455.55555555555554,-0.7864923747276688,10,0,0,0,,
6,57,0.4,72.22222222222223,633.3333333333333,-0.7952755905511812,10,0,0,0,,
6,58,0.4,90.0,722.2222222222222,-0.7783857729138167,10,0,0,0,,
6,59,0.4,455.55555555555554,3000.0,-0.7363344051446945,10,0,0,0,,
6,60,0.4,0.001,0.004555555555555556,-0.64,10,1,0,0,0.05520774392807573,12.95373243394237
6,61,0.4,0.001888888888888889,0.01,-0.6822429906542055,10,1,0,0,0.07726805850957022,9.275029806908588
6,62,0.4,0.006333333333333334,0.027777777777777776,-0.6286644951140065,10,0,0,0,,
6,63,0.4,0.009,0.03666666666666667,-0.6058394160583941,10,0,0,0,,
6,64,0.4,0.01888888888888889,0.0811111111111111,-0.6222222222222222,10,0,0,0,,
6,65,0.4,0.04555555555555556,0.18888888888888888,-0.6113744075829383,10,0,0,0,,
6,66,0.4,0.0811111111111111,0.3666666666666667,-0.6377171215880892,10,0,0,0,,
6,67,0.4,0.1,0.5444444444444445,-0.6896551724137931,10,0,0,0,,
6,68,0.4,0.3666666666666667,1.8888888888888888,-0.6748768472906403,10,0,0,0,,
6,69,0.4,0.7222222222222222,3.6666666666666665,-0.6708860759493671,10,0,0,0,,
6,70,0.4,0.9,4.555555555555555,-0.670061099796334,10,0,0,0,,
6,71,0.4,1.8888888888888888,9.0,-0.6530612244897959,10,0,0,0,,
6,72,0.4,5.444444444444445,27.77777777777778,-0.6722408026755854,10,0,0,0,,
6,73,0.4,9.0,36.66666666666667,-0.6058394160583942,10,0,0,0,,
6,74,0.4,18.88888888888889,81.11111111111111,-0.6222222222222222,10,0,0,0,,
6,75,0.4,45.55555555555556,188.88888888888889,-0.6113744075829383,10,0,0,0,,
6,76,0.4,81.11111111111111,366.66666666666663,-0.6377171215880894,10,0,0,0,,
6,77,0.4,100.0,455.55555555555554,-0.64,10,0,0,0,,
6,78,0.4,188.88888888888889,1000.0,-0.6822429906542056,10,0,0,0,,
6,79,0.4,722.2222222222222,3000.0,-0.6119402985074627,10,0,0,0,,
6,80,0.4,0.001,0.003666666666666667,-0.5714285714285715,10,1,0,0,0.05345643593969719,13.372085000179835
6,81,0.4,0.001888888888888889,0.007222222222222223,-0.5853658536585367,10,1,0,0,0.07379042301291007,9.680214989062623
6,82,0.4,0.0054444444444444445,0.01888888888888889,-0.5525114155251142,10,0,0,0,,
6,83,0.4,0.009,0.027777777777777776,-0.5105740181268882,10,0,0,0,,
6,84,0.4,0.01888888888888889,0.07222222222222222,-0.5853658536585367,10,0,0,0,,
6,85,0.4,0.05444444444444445,0.18888888888888888,-0.5525114155251141,10,0,0,0,,
6,86,0.4,0.09,0.2777777777777778,-0.5105740181268883,10,0,0,0,,
6,87,0.4,0.18888888888888888,0.6333333333333333,-0.5405405405405406,10,0,0,0,,
6,88,0.4,0.2777777777777778,1.0,-0.5652173913043479,10,0,0,0,,
6,89,0.4,0.8111111111111111,2.7777777777777777,-0.5479876160990712,10,0,0,0,,
6,90,0.4,1.8888888888888888,6.333333333333333,-0.5405405405405406,10,0,0,0,,
6,91,0.4,2.7777777777777777,10.0,-0.5652173913043478,10,0,0,0,,
6,92,0.4,8.11111111111111,27.77777777777778,-0.5479876160990713,10,0,0,0,,
6,93,0.4,10.0,36.66666666666667,-0.5714285714285715,10,0,0,0,,
6,94,0.4,27.77777777777778,90.0,-0.5283018867924528,10,0,0,0,,
6,95,0.4,72.22222222222223,277.77777777777777,-0.5873015873015872,10,0,0,0,,
6,96,0.4,100.0,366.66666666666663,-0.5714285714285714,10,0,0,0,,
6,97,0.4,277.77777777777777,900.0,-0.5283018867924527,10,0,0,0,,
6,98,0.4,633.3333333333333,2000.0,-0.518987341772152,10,0,0,0,,
6,99,0.4,1000.0,3000.0,-0.5,10,0,0,0,,
6,100,0.4,0.001,0.002777777777777778,-0.47058823529411764,10,1,0,0,0.050815944256056046,14.045208109341484
6,101,0.4,0.001888888888888889,0.0054444444444444445,-0.48484848484848486,10,1,0,0,0.07046930689671467,10.164811592038397
6,102,0.4,0.003666666666666667,0.009,-0.4210526315789473,10,0,0,0,,
6,103,0.4,0.007222222222222223,0.01888888888888889,-0.4468085106382978,10,0,0,0,,
6,104,0.4,0.01888888888888889,0.05444444444444445,-0.4848484848484849,10,0,0,0,,
6,105,0.4,0.027777777777777776,0.0811111111111111,-0.4897959183673469,10,0,0,0,,
6,106,0.4,0.06333333333333332,0.18888888888888888,-0.4977973568281938,10,0,0,0,,
6,107,0.4,0.18888888888888888,0.4555555555555556,-0.4137931034482759,10,0,0,0,,
6,108,0.4,0.2777777777777778,0.8111111111111111,-0.48979591836734687,10,0,0,0,,
6,109,0.4,0.6333333333333333,1.8888888888888888,-0.4977973568281938,10,0,0,0,,
6,110,0.4,1.0,2.7777777777777777,-0.47058823529411764,10,0,0,0,,
6,111,0.4,2.7777777777777777,7.222222222222221,-0.44444444444444436,10,0,0,0,,
6,112,0.4,3.6666666666666665,10.0,-0.46341463414634154,10,0,0,0,,
6,113,0.4,10.0,27.77777777777778,-0.47058823529411764,10,0,0,0,,
6,114,0.4,27.77777777777778,72.22222222222223,-0.4444444444444445,10,0,0,0,,
6,115,0.4,36.66666666666667,90.0,-0.4210526315789473,10,0,0,0,,
6,116,0.4,72.22222222222223,188.88888888888889,-0.4468085106382979,10,0,0,0,,
6,117,0.4,188.88888888888889,544.4444444444445,-0.4848484848484848,10,0,0,0,,
6,118,0.4,366.66666666666663,900.0,-0.42105263157894746,10,0,0,0,,
6,119,0.4,811.1111111111111,2000.0,-0.42292490118577075,10,0,0,0,,
6,120,0.4,0.001,0.001888888888888889,-0.3076923076923077,10,1,0,0,0.046773514128719815,15.272739520264352
6,121,0.4,0.002777777777777778,0.006333333333333334,-0.39024390243902446,10,0,0,0,,
6,122,0.4,0.004555555555555556,0.009,-0.3278688524590163,10,0,0,0,,
6,123,0.4,0.009,0.01888888888888889,-0.354581673306773,10,0,0,0,,
6,124,0.4,0.027777777777777776,0.05444444444444445,-0.3243243243243244,10,0,0,0,,
6,125,0.4,0.03666666666666667,0.0811111111111111,-0.3773584905660377,10,0,0,0,,
6,126,0.4,0.0811111111111111,0.18888888888888888,-0.39917695473251025,10,0,0,0,,
6,127,0.4,0.18888888888888888,0.3666666666666667,-0.32000000000000006,10,0,0,0,,
6,128,0.4,0.3666666666666667,0.7222222222222222,-0.3265306122448979,10,0,0,0,,
6,129,0.4,0.4555555555555556,1.0,-0.37404580152671746,10,0,0,0,,
6,130,0.4,1.8888888888888888,3.6666666666666665,-0.32,10,0,0,0,,
6,131,0.4,3.6666666666666665,7.222222222222221,-0.32653061224489793,10,0,0,0,,
6,132,0.4,4.555555555555555,10.0,-0.37404580152671757,10,0,0,0,,
6,133,0.4,10.0,18.88888888888889,-0.3076923076923077,10,0,0,0,,
6,134,0.4,27.77777777777778,63.333333333333336,-0.3902439024390244,10,0,0,0,,
6,135,0.4,45.55555555555556,90.0,-0.3278688524590164,10,0,0,0,,
6,136,0.4,90.0,188.88888888888889,-0.35458167330677287,10,0,0,0,,
6,137,0.4,277.77777777777777,544.4444444444445,-0.32432432432432434,10,0,0,0,,
6,138,0.4,366.66666666666663,811.1111111111111,-0.3773584905660377,10,0,0,0,,
6,139,0.4,1000.0,2000.0,-0.3333333333333333,10,0,0,0,,
6,140,0.4,0.002777777777777778,0.004555555555555556,-0.2424242424242424,10,1,0,0,0.07516228940182053,9.48200323502876
6,141,0.4,0.004555555555555556,0.007222222222222223,-0.22641509433962265,10,0,0,0,,
6,142,0.4,0.0054444444444444445,0.009,-0.2461538461538461,10,0,0,0,,
6,143,0.4,0.006333333333333334,0.01,-0.2244897959183673,10,0,0,0,,
6,144,0.4,0.03666666666666667,0.06333333333333332,-0.2666666666666666,10,0,0,0,,
6,145,0.4,0.05444444444444445,0.09,-0.24615384615384614,10,0,0,0,,
6,146,0.4,0.06333333333333332,0.1,-0.22448979591836743,10,0,0,0,,
6,147,0.4,0.3666666666666667,0.6333333333333333,-0.2666666666666666,10,0,0,0,,
6,148,0.4,0.4555555555555556,0.8111111111111111,-0.2807017543859649,10,0,0,0,,
6,149,0.4,0.5444444444444445,1.0,-0.29496402877697836,10,0,0,0,,
6,150,0.4,3.6666666666666665,6.333333333333333,-0.26666666666666666,10,0,0,0,,
6,151,0.4,4.555555555555555,8.11111111111111,-0.2807017543859649,10,0,0,0,,
6,152,0.4,5.444444444444445,10.0,-0.2949640287769784,10,0,0,0,,
6,153,0.4,27.77777777777778,45.55555555555556,-0.2424242424242424,10,0,0,0,,
6,154,0.4,45.55555555555556,72.22222222222223,-0.22641509433962267,10,0,0,0,,
6,155,0.4,54.44444444444444,100.0,-0.2949640287769784,10,0,0,0,,
6,156,0.4,277.77777777777777,455.55555555555554,-0.24242424242424243,10,0,0,0,,
6,157,0.4,455.55555555555554,722.2222222222222,-0.2264150943396226,10,0,0,0,,
6,158,0.4,544.4444444444445,900.0,-0.24615384615384617,10,0,0,0,,
6,159,0.4,2000.0,3000.0,-0.2,10,0,0,0,,
6,160,0.4,0.001888888888888889,0.002777777777777778,-0.19047619047619047,10,1,0,0,0.06025595860743581,11.836406802250675
6,161,0.4,0.003666666666666667,0.0054444444444444445,-0.19512195121951215,10,0,0,0,,
6,162,0.4,0.006333333333333334,0.00811111111111111,-0.123076923076923,10,0,0,0,,
6,163,0.4,0.00811111111111111,0.01,-0.1042944785276074,10,0,0,0,,
6,164,0.4,0.03666666666666667,0.04555555555555556,-0.10810810810810813,10,0,0,0,,
6,165,0.4,0.05444444444444445,0.0811111111111111,-0.1967213114754098,10,0,0,0,,
6,166,0.4,0.07222222222222222,0.1,-0.16129032258064524,10,0,0,0,,
6,167,0.4,0.3666666666666667,0.4555555555555556,-0.10810810810810811,10,0,0,0,,
6,168,0.4,0.5444444444444445,0.7222222222222222,-0.1403508771929824,10,0,0,0,,
6,169,0.4,0.7222222222222222,0.9,-0.10958904109589043,10,0,0,0,,
6,170,0.4,2.7777777777777777,3.6666666666666665,-0.13793103448275862,10,0,0,0,,
6,171,0.4,5.444444444444445,7.222222222222221,-0.1403508771929824,10,0,0,0,,
6,172,0.4,6.333333333333333,9.0,-0.1739130434782609,10,0,0,0,,
6,173,0.4,18.88888888888889,27.77777777777778,-0.19047619047619047,10,0,0,0,,
6,174,0.4,45.55555555555556,63.333333333333336,-0.163265306122449,10,0,0,0,,
6,175,0.4,63.333333333333336,90.0,-0.17391304347826084,10,0,0,0,,
6,176,0.4,81.11111111111111,100.0,-0.10429447852760734,10,0,0,0,,
6,177,0.4,366.66666666666663,544.4444444444445,-0.19512195121951226,10,0,0,0,,
6,178,0.4,633.3333333333333,811.1111111111111,-0.12307692307692313,10,0,0,0,,
6,179,0.4,811.1111111111111,1000.0,-0.10429447852760737,10,0,0,0,,
6,180,0.4,0.001,0.001,0.0,10,1,0,0,0.039084089579240214,18.130290879287326
6,181,0.4,0.004555555555555556,0.0054444444444444445,-0.08888888888888886,10,0,0,0,,
6,182,0.4,0.007222222222222223,0.007222222222222223,0.0,10,0,0,0,,
6,183,0.4,0.009,0.01,-0.05263157894736847,10,0,0,0,,
6,184,0.4,0.04555555555555556,0.04555555555555556,0.0,10,0,0,0,,
6,185,0.4,0.06333333333333332,0.07222222222222222,-0.0655737704918033,10,0,0,0,,
6,186,0.4,0.09,0.09,0.0,10,0,0,0,,
6,187,0.4,0.4555555555555556,0.4555555555555556,0.0,10,0,0,0,,
6,188,0.4,0.6333333333333333,0.7222222222222222,-0.06557377049180328,10,0,0,0,,
6,189,0.4,0.9,0.9,0.0,10,0,0,0,,
6,190,0.4,3.6666666666666665,3.6666666666666665,0.0,10,0,0,0,,
6,191,0.4,6.333333333333333,6.333333333333333,0.0,10,0,0,0,,
6,192,0.4,8.11111111111111,9.0,-0.05194805194805197,10,0,0,0,,
6,193,0.4,36.66666666666667,36.66666666666667,0.0,10,0,0,0,,
6,194,0.4,63.333333333333336,63.333333333333336,0.0,10,0,0,0,,
6,195,0.4,81.11111111111111,90.0,-0.05194805194805193,10,0,0,0,,
6,196,0.4,277.77777777777777,277.77777777777777,0.0,10,0,0,0,,
6,197,0.4,544.4444444444445,633.3333333333333,-0.07547169811320747,10,0,0,0,,
6,198,0.4,811.1111111111111,811.1111111111111,0.0,10,0,0,0,,
6,199,0.4,3000.0,3000.0,0.0,10,0,0,0,,
6,200,0.4,0.0054444444444444445,0.004555555555555556,0.08888888888888886,10,0,0,0,,
6,201,0.4,0.006333333333333334,0.0054444444444444445,0.0754716981132076,10,0,0,0,,
6,202,0.4,0.00811111111111111,0.007222222222222223,0.057971014492753555,10,0,0,0,,
6,203,0.4,0.01,0.009,0.05263157894736847,10,0,0,0,,
6,204,0.4,0.06333333333333332,0.05444444444444445,0.07547169811320745,10,0,0,0,,
6,205,0.4,0.0811111111111111,0.07222222222222222,0.05797101449275364,10,0,0,0,,
6,206,0.4,0.1,0.09,0.05263157894736847,10,0,0,0,,
6,207,0.4,0.5444444444444445,0.4555555555555556,0.0888888888888889,10,0,0,0,,
6,208,0.4,0.7222222222222222,0.6333333333333333,0.06557377049180328,10,0,0,0,,
6,209,0.4,0.9,0.8111111111111111,0.05194805194805195,10,0,0,0,,
6,210,0.4,5.444444444444445,4.555555555555555,0.08888888888888893,10,0,0,0,,
6,211,0.4,7.222222222222221,6.333333333333333,0.06557377049180325,10,0,0,0,,
6,212,0.4,9.0,8.11111111111111,0.05194805194805197,10,0,0,0,,
6,213,0.4,10.0,9.0,0.05263157894736842,10,0,0,0,,
6,214,0.4,63.333333333333336,54.44444444444444,0.07547169811320759,10,0,0,0,,
6,215,0.4,81.11111111111111,72.22222222222223,0.057971014492753596,10,0,0,0,,
6,216,0.4,100.0,90.0,0.05263157894736842,10,0,0,0,,
6,217,0.4,633.3333333333333,544.4444444444445,0.07547169811320747,10,0,0,0,,
6,218,0.4,811.1111111111111,722.2222222222222,0.057971014492753645,10,0,0,0,,
6,219,0.4,1000.0,900.0,0.05263157894736842,10,0,0,0,,
6,220,0.4,0.002777777777777778,0.001888888888888889,0.19047619047619047,10,1,0,0,0.057279603098582925,12.466277902215657
6,221,0.4,0.0054444444444444445,0.003666666666666667,0.19512195121951215,10,0,0,0,,
6,222,0.4,0.00811111111111111,0.006333333333333334,0.123076923076923,10,0,0,0,,
6,223,0.4,0.01,0.00811111111111111,0.1042944785276074,10,0,0,0,,
6,224,0.4,0.05444444444444445,0.03666666666666667,0.19512195121951223,10,0,0,0,,
6,225,0.4,0.0811111111111111,0.05444444444444445,0.1967213114754098,10,0,0,0,,
6,226,0.4,0.1,0.07222222222222222,0.16129032258064524,10,0,0,0,,
6,227,0.4,0.4555555555555556,0.3666666666666667,0.10810810810810811,10,0,0,0,,
6,228,0.4,0.8111111111111111,0.5444444444444445,0.19672131147540978,10,0,0,0,,
6,229,0.4,1.0,0.7222222222222222,0.16129032258064516,10,0,0,0,,
6,230,0.4,3.6666666666666665,2.7777777777777777,0.13793103448275862,10,0,0,0,,
6,231,0.4,7.222222222222221,5.444444444444445,0.1403508771929824,10,0,0,0,,
6,232,0.4,9.0,7.222222222222221,0.10958904109589046,10,0,0,0,,
6,233,0.4,36.66666666666667,27.77777777777778,0.13793103448275865,10,0,0,0,,
6,234,0.4,72.22222222222223,54.44444444444444,0.1403508771929825,10,0,0,0,,
6,235,0.4,90.0,63.333333333333336,0.17391304347826084,10,0,0,0,,
6,236,0.4,277.77777777777777,188.88888888888889,0.1904761904761905,10,0,0,0,,
6,237,0.4,633.3333333333333,455.55555555555554,0.16326530612244894,10,0,0,0,,
6,238,0.4,900.0,633.3333333333333,0.17391304347826092,10,0,0,0,,
6,239,0.4,3000.0,2000.0,0.2,10,0,0,0,,
6,240,0.4,0.004555555555555556,0.002777777777777778,0.2424242424242424,10,1,0,0,0.07046930689671467,10.133586617480768
6,241,0.4,0.007222222222222223,0.004555555555555556,0.22641509433962265,10,0,0,0,,
6,242,0.4,0.009,0.0054444444444444445,0.2461538461538461,10,0,0,0,,
6,243,0.4,0.01,0.006333333333333334,0.2244897959183673,10,0,0,0,,
6,244,0.4,0.06333333333333332,0.03666666666666667,0.2666666666666666,10,0,0,0,,
6,245,0.4,0.0811111111111111,0.04555555555555556,0.2807017543859649,10,0,0,0,,
6,246,0.4,0.1,0.05444444444444445,0.2949640287769784,10,0,0,0,,
6,247,0.4,0.6333333333333333,0.3666666666666667,0.2666666666666666,10,0,0,0,,
6,248,0.4,0.8111111111111111,0.4555555555555556,0.2807017543859649,10,0,0,0,,
6,249,0.4,1.0,0.5444444444444445,0.29496402877697836,10,0,0,0,,
6,250,0.4,4.555555555555555,2.7777777777777777,0.24242424242424243,10,0,0,0,,
6,251,0.4,7.222222222222221,4.555555555555555,0.22641509433962262,10,0,0,0,,
6,252,0.4,9.0,5.444444444444445,0.24615384615384614,10,0,0,0,,
6,253,0.4,45.55555555555556,27.77777777777778,0.2424242424242424,10,0,0,0,,
6,254,0.4,72.22222222222223,45.55555555555556,0.22641509433962267,10,0,0,0,,
6,255,0.4,90.0,54.44444444444444,0.24615384615384614,10,0,0,0,,
6,256,0.4,100.0,63.333333333333336,0.22448979591836732,10,0,0,0,,
6,257,0.4,633.3333333333333,366.66666666666663,0.26666666666666666,10,0,0,0,,
6,258,0.4,811.1111111111111,455.55555555555554,0.28070175438596495,10,0,0,0,,
6,259,0.4,1000.0,633.3333333333333,0.2244897959183674,10,0,0,0,,
6,260,0.4,0.001888888888888889,0.001,0.3076923076923077,10,1,0,0,0.043052661049171055,16.559679461704533
6,261,0.4,0.006333333333333334,0.002777777777777778,0.39024390243902446,10,1,0,0,0.07311390834834172,9.739283994648972
6,262,0.4,0.009,0.004555555555555556,0.3278688524590163,10,0,0,0,,
6,263,0.4,0.01888888888888889,0.009,0.354581673306773,10,0,0,0,,
6,264,0.4,0.05444444444444445,0.027777777777777776,0.3243243243243244,10,0,0,0,,
6,265,0.4,0.0811111111111111,0.03666666666666667,0.3773584905660377,10,0,0,0,,
6,266,0.4,0.18888888888888888,0.0811111111111111,0.39917695473251025,10,0,0,0,,
6,267,0.4,0.3666666666666667,0.18888888888888888,0.32000000000000006,10,0,0,0,,
6,268,0.4,0.7222222222222222,0.3666666666666667,0.3265306122448979,10,0,0,0,,
6,269,0.4,1.0,0.4555555555555556,0.37404580152671746,10,0,0,0,,
6,270,0.4,3.6666666666666665,1.8888888888888888,0.32,10,0,0,0,,
6,271,0.4,7.222222222222221,3.6666666666666665,0.32653061224489793,10,0,0,0,,
6,272,0.4,10.0,4.555555555555555,0.37404580152671757,10,0,0,0,,
6,273,0.4,18.88888888888889,10.0,0.3076923076923077,10,0,0,0,,
6,274,0.4,63.333333333333336,27.77777777777778,0.3902439024390244,10,0,0,0,,
6,275,0.4,90.0,45.55555555555556,0.3278688524590164,10,0,0,0,,
6,276,0.4,188.88888888888889,90.0,0.35458167330677287,10,0,0,0,,
6,277,0.4,544.4444444444445,277.77777777777777,0.32432432432432434,10,0,0,0,,
6,278,0.4,811.1111111111111,366.66666666666663,0.3773584905660377,10,0,0,0,,
6,279,0.4,2000.0,1000.0,0.3333333333333333,10,0,0,0,,
6,280,0.4,0.002777777777777778,0.001,0.47058823529411764,10,1,0,0,0.0446683592150963,15.936994681293546
6,281,0.4,0.0054444444444444445,0.001888888888888889,0.48484848484848486,10,1,0,0,0.06165950018614822,11.575813809781879
6,282,0.4,0.009,0.003666666666666667,0.4210526315789473,10,0,0,0,,
6,283,0.4,0.01888888888888889,0.007222222222222223,0.4468085106382978,10,0,0,0,,
6,284,0.4,0.05444444444444445,0.01888888888888889,0.4848484848484849,10,0,0,0,,
6,285,0.4,0.09,0.03666666666666667,0.4210526315789474,10,0,0,0,,
6,286,0.4,0.18888888888888888,0.07222222222222222,0.44680851063829796,10,0,0,0,,
6,287,0.4,0.4555555555555556,0.18888888888888888,0.4137931034482759,10,0,0,0,,
6,288,0.4,0.8111111111111111,0.2777777777777778,0.48979591836734687,10,0,0,0,,
6,289,0.4,1.8888888888888888,0.6333333333333333,0.4977973568281938,10,0,0,0,,
6,290,0.4,4.555555555555555,1.8888888888888888,0.4137931034482758,10,0,0,0,,
6,291,0.4,8.11111111111111,2.7777777777777777,0.48979591836734687,10,0,0,0,,
6,292,0.4,18.88888888888889,6.333333333333333,0.4977973568281939,10,0,0,0,,
6,293,0.4,27.77777777777778,10.0,0.47058823529411764,10,0,0,0,,
6,294,0.4,72.22222222222223,27.77777777777778,0.4444444444444445,10,0,0,0,,
6,295,0.4,100.0,36.66666666666667,0.4634146341463414,10,0,0,0,,
6,296,0.4,277.77777777777777,100.0,0.47058823529411764,10,0,0,0,,
6,297,0.4,722.2222222222222,277.77777777777777,0.4444444444444444,10,0,0,0,,
6,298,0.4,1000.0,366.66666666666663,0.46341463414634154,10,0,0,0,,
6,299,0.4,3000.0,1000.0,0.5,10,0,0,0,,
6,300,0.4,0.003666666666666667,0.001,0.5714285714285715,10,1,0,0,0.04570881896148752,15.620684216757638
6,301,0.4,0.007222222222222223,0.001888888888888889,0.5853658536585367,10,1,0,0,0.0628058358813318,11.282869903605038
6,302,0.4,0.01888888888888889,0.0054444444444444445,0.5525114155251142,10,0,0,0,,
6,303,0.4,0.027777777777777776,0.009,0.5105740181268882,10,0,0,0,,
6,304,0.4,0.07222222222222222,0.01888888888888889,0.5853658536585367,10,0,0,0,,
6,305,0.4,0.1,0.027777777777777776,0.5652173913043479,10,0,0,0,,
6,306,0.4,0.2777777777777778,0.0811111111111111,0.5479876160990712,10,0,0,0,,
6,307,0.4,0.6333333333333333,0.18888888888888888,0.5405405405405406,10,0,0,0,,
6,308,0.4,1.0,0.2777777777777778,0.5652173913043479,10,0,0,0,,
6,309,0.4,2.7777777777777777,0.8111111111111111,0.5479876160990712,10,0,0,0,,
6,310,0.4,3.6666666666666665,1.0,0.5714285714285715,10,0,0,0,,
6,311,0.4,9.0,2.7777777777777777,0.5283018867924528,10,0,0,0,,
6,312,0.4,27.77777777777778,7.222222222222221,0.5873015873015873,10,0,0,0,,
6,313,0.4,36.66666666666667,10.0,0.5714285714285715,10,0,0,0,,
6,314,0.4,90.0,27.77777777777778,0.5283018867924528,10,0,0,0,,
6,315,0.4,188.88888888888889,54.44444444444444,0.5525114155251143,10,0,0,0,,
6,316,0.4,277.77777777777777,90.0,0.5105740181268882,10,0,0,0,,
6,317,0.4,722.2222222222222,188.88888888888889,0.5853658536585366,10,0,0,0,,
6,318,0.4,2000.0,544.4444444444445,0.572052401746725,10,0,0,0,,
6,319,0.4,3000.0,900.0,0.5384615384615384,10,0,0,0,,
6,320,0.4,0.004555555555555556,0.001,0.64,10,1,0,0,0.046344691973628796,15.39491410786085
6,321,0.4,0.01,0.001888888888888889,0.6822429906542055,10,1,0,0,0.064268771731702,11.128091047923856
6,322,0.4,0.027777777777777776,0.006333333333333334,0.6286644951140065,10,0,0,0,,
6,323,0.4,0.04555555555555556,0.00811111111111111,0.6977225672877847,10,0,0,0,,
6,324,0.4,0.0811111111111111,0.01888888888888889,0.6222222222222222,10,0,0,0,,
6,325,0.4,0.18888888888888888,0.04555555555555556,0.6113744075829383,10,0,0,0,,
6,326,0.4,0.3666666666666667,0.0811111111111111,0.6377171215880892,10,0,0,0,,
6,327,0.4,0.5444444444444445,0.1,0.6896551724137931,10,0,0,0,,
6,328,0.4,1.8888888888888888,0.3666666666666667,0.6748768472906403,10,0,0,0,,
6,329,0.4,3.6666666666666665,0.7222222222222222,0.6708860759493671,10,0,0,0,,
6,330,0.4,4.555555555555555,0.9,0.670061099796334,10,0,0,0,,
6,331,0.4,9.0,1.8888888888888888,0.6530612244897959,10,0,0,0,,
6,332,0.4,27.77777777777778,5.444444444444445,0.6722408026755854,10,0,0,0,,
6,333,0.4,45.55555555555556,8.11111111111111,0.6977225672877846,10,0,0,0,,
6,334,0.4,81.11111111111111,18.88888888888889,0.6222222222222222,10,0,0,0,,
6,335,0.4,188.88888888888889,45.55555555555556,0.6113744075829383,10,0,0,0,,
6,336,0.4,366.66666666666663,81.11111111111111,0.6377171215880894,10,0,0,0,,
6,337,0.4,455.55555555555554,100.0,0.64,10,0,0,0,,
6,338,0.4,1000.0,188.88888888888889,0.6822429906542056,10,0,0,0,,
6,339,0.4,3000.0,722.2222222222222,0.6119402985074627,10,0,0,0,,
6,340,0.4,0.006333333333333334,0.001,0.7272727272727273,10,1,0,0,0.04698941086052156,15.152902001087924
6,341,0.4,0.03666666666666667,0.004555555555555556,0.7789757412398922,10,0,0,0,,
6,342,0.4,0.05444444444444445,0.006333333333333334,0.7915904936014624,10,0,0,0,,
6,343,0.4,0.06333333333333332,0.009,0.7511520737327189,10,0,0,0,,
6,344,0.4,0.09,0.01,0.8,10,0,0,0,,
6,345,0.4,0.3666666666666667,0.06333333333333332,0.7054263565891472,10,0,0,0,,
6,346,0.4,0.5444444444444445,0.0811111111111111,0.7406749555950266,10,0,0,0,,
6,347,0.4,0.7222222222222222,0.0811111111111111,0.7980636237897648,10,0,0,0,,
6,348,0.4,2.7777777777777777,0.3666666666666667,0.7667844522968198,10,0,0,0,,
6,349,0.4,4.555555555555555,0.6333333333333333,0.7558886509635975,10,0,0,0,,
6,350,0.4,6.333333333333333,0.7222222222222222,0.795275590551181,10,0,0,0,,
6,351,0.4,7.222222222222221,1.0,0.7567567567567567,10,0,0,0,,
6,352,0.4,36.66666666666667,4.555555555555555,0.7789757412398921,10,0,0,0,,
6,353,0.4,54.44444444444444,6.333333333333333,0.7915904936014625,10,0,0,0,,
6,354,0.4,63.333333333333336,9.0,0.7511520737327189,10,0,0,0,,
6,355,0.4,90.0,10.0,0.8,10,0,0,0,,
6,356,0.4,366.66666666666663,63.333333333333336,0.7054263565891473,10,0,0,0,,
6,357,0.4,544.4444444444445,81.11111111111111,0.7406749555950267,10,0,0,0,,
6,358,0.4,722.2222222222222,81.11111111111111,0.7980636237897649,10,0,0,0,,
6,359,0.4,3000.0,455.55555555555554,0.7363344051446945,10,0,0,0,,
6,360,0.4,0.009,0.001,0.8000000000000002,10,1,0,0,0.04764309868054156,14.979221564506217
6,361,0.4,0.04555555555555556,0.003666666666666667,0.8510158013544019,10,0,0,0,,
6,362,0.4,0.07222222222222222,0.0054444444444444445,0.8597997138769671,10,0,0,0,,
6,363,0.4,0.09,0.006333333333333334,0.8685121107266437,10,0,0,0,,
6,364,0.4,0.18888888888888888,0.01,0.8994413407821228,10,0,0,0,,
6,365,0.4,0.5444444444444445,0.04555555555555556,0.8455743879472692,10,0,0,0,,
6,366,0.4,0.8111111111111111,0.04555555555555556,0.8936446173800259,10,0,0,0,,
6,367,0.4,0.9,0.09,0.8181818181818182,10,0,0,0,,
6,368,0.4,2.7777777777777777,0.2777777777777778,0.8181818181818182,10,0,0,0,,
6,369,0.4,6.333333333333333,0.4555555555555556,0.8657937806873977,10,0,0,0,,
6,370,0.4,8.11111111111111,0.7222222222222222,0.8364779874213837,10,0,0,0,,
6,371,0.4,10.0,0.7222222222222222,0.8652849740932644,10,0,0,0,,
6,372,0.4,45.55555555555556,2.7777777777777777,0.8850574712643677,10,0,0,0,,
6,373,0.4,72.22222222222223,4.555555555555555,0.8813314037626627,10,0,0,0,,
6,374,0.4,90.0,5.444444444444445,0.8859138533178115,10,0,0,0,,
6,375,0.4,100.0,10.0,0.8181818181818182,10,0,0,0,,
6,376,0.4,544.4444444444445,36.66666666666667,0.8738049713193117,10,0,0,0,,
6,377,0.4,722.2222222222222,72.22222222222223,0.8181818181818182,10,0,0,0,,
6,378,0.4,900.0,81.11111111111111,0.8346545866364666,10,0,0,0,,
6,379,0.4,3000.0,277.77777777777777,0.8305084745762712,10,0,0,0,,
6,380,0.4,0.027777777777777776,0.001,0.9305019305019304,10,1,0,0,0.0485288500162121,14.633084498978807
6,381,0.4,0.4555555555555556,0.003666666666666667,0.9840309702395356,10,0,0,0,,
6,382,0.4,0.9,0.003666666666666667,0.9918849133161194,10,0,0,0,,
6,383,0.4,2.7777777777777777,0.0811111111111111,0.94325689856199,10,0,0,0,,
6,384,0.4,5.444444444444445,0.09,0.9674764103593656,10,0,0,0,,
6,385,0.4,8.11111111111111,0.04555555555555556,0.98882985969214,10,0,0,0,,
6,386,0.4,18.88888888888889,0.006333333333333334,0.9993296365336328,10,0,0,0,,
6,387,0.4,36.66666666666667,0.01888888888888889,0.998970227458582,10,0,0,0,,
6,388,0.4,54.44444444444444,0.027777777777777776,0.9989801121876594,10,0,0,0,,
6,389,0.4,72.22222222222223,0.027777777777777776,0.9992310649750098,10,0,0,0,,
6,390,0.4,90.0,0.009,0.9998000199980002,10,0,0,0,,
6,391,0.4,188.88888888888889,0.0054444444444444445,0.9999423546027204,10,0,0,0,,
6,392,0.4,277.77777777777777,1.0,0.9928258270227183,10,0,0,0,,
6,393,0.4,455.55555555555554,0.03666666666666667,0.9998390373457745,10,0,0,0,,
6,394,0.4,544.4444444444445,7.222222222222221,0.9738167170191341,10,0,0,0,,
6,395,0.4,722.2222222222222,0.06333333333333332,0.9998246307631483,10,0,0,0,,
6,396,0.4,811.1111111111111,8.11111111111111,0.9801980198019803,10,0,0,0,,
6,397,0.4,1000.0,0.04555555555555556,0.9999088930393171,10,0,0,0,,
6,398,0.4,2000.0,5.444444444444445,0.9945703363067206,10,0,0,0,,
6,399,0.4,3000.0,100.0,0.9354838709677419,10,0,0,0,,
7,0,0.5,0.001,0.027777777777777776,-0.9305019305019304,10,1,0,0,0.06397348354826482,10.51003418014629
7,1,0.5,0.001888888888888889,0.7222222222222222,-0.9947828755562373,10,1,0,0,0.07906786279998253,11.46757689355009
7,2,0.5,0.002777777777777778,54.44444444444444,-0.9998979643895719,10,1,1,0,0.021086281499332886,130.59460265970483
7,3,0.5,0.004555555555555556,0.1,-0.9128586609989372,10,0,0,0,,
7,4,0.5,0.0054444444444444445,45.55555555555556,-0.9997610041726721,10,1,1,0,0.032062693245054674,190.088787670903
7,5,0.5,0.007222222222222223,0.5444444444444445,-0.9738167170191339,10,0,0,0,,
7,6,0.5,0.00811111111111111,90.0,-0.999819769329431,10,1,1,0,0.02818382931264455,211.52287479616015
7,7,0.5,0.01,2.7777777777777777,-0.9928258270227184,10,1,0,0,0.13782521681120746,11.702044404874485
7,8,0.5,0.01888888888888889,722.2222222222222,-0.9999476936757038,10,1,1,0,0.015346169827992941,171.87058505169242
7,9,0.5,0.03666666666666667,90.0,-0.999185517011588,10,1,1,0,0.05997910762555094,164.37819528030957
7,10,0.5,0.05444444444444445,81.11111111111111,-0.998658434749278,10,1,1,0,0.07691304402866098,123.40886042657678
7,11,0.5,0.07222222222222222,100.0,-0.9985565980125465,10,1,1,0,0.07979946872679769,204.1224626944293
7,12,0.5,0.09,188.88888888888889,-0.9990475126557345,10,1,1,0,0.06516283940608428,211.19804382492043
7,13,0.5,0.18888888888888888,633.3333333333333,-0.9994036866197801,10,1,1,0,0.051760683195056764,209.97436589191548
7,14,0.5,0.4555555555555556,45.55555555555556,-0.9801980198019802,10,1,1,0,0.29272848565710474,62.25678996367311
7,15,0.5,0.7222222222222222,36.66666666666667,-0.9613670133729569,10,1,1,0,0.40860573715810544,42.101546305849574
7,16,0.5,1.0,45.55555555555556,-0.9570405727923628,10,1,1,0,0.4326217478318879,50.691556546457946
7,17,0.5,3.6666666666666665,544.4444444444445,-0.9866207176160553,10,1,1,0,0.2446964643095397,316.164631323152
7,18,0.5,8.11111111111111,900.0,-0.9821363024593173,10,1,1,0,0.28312208138759176,455.2160587195985
7,19,0.5,100.0,3000.0,-0.9354838709677419,10,1,1,0,0.5376917945296864,781.6896300697285
7,20,0.5,0.001,0.009,-0.8000000000000002,10,1,0,0,0.05970352865838372,11.210415591045368
7,21,0.5,0.003666666666666667,0.05444444444444445,-0.8738049713193117,10,0,0,0,,
7,22,0.5,0.0054444444444444445,0.0811111111111111,-0.8741976893453145,10,0,0,0,,
7,23,0.5,0.007222222222222223,0.09,-0.8514285714285713,10,0,0,0,,
7,24,0.5,0.01,0.18888888888888888,-0.8994413407821228,10,0,0,0,,
7,25,0.5,0.04555555555555556,0.5444444444444445,-0.8455743879472692,10,0,0,0,,
7,26,0.5,0.06333333333333332,0.6333333333333333,-0.8181818181818181,10,0,0,0,,
7,27,0.5,0.0811111111111111,0.9,-0.8346545866364665,10,0,0,0,,
7,28,0.5,0.2777777777777778,2.7777777777777777,-0.8181818181818182,10,0,0,0,,
7,29,0.5,0.4555555555555556,7.222222222222221,-0.8813314037626627,10,0,0,0,,
7,30,0.5,0.6333333333333333,9.0,-0.8685121107266437,10,0,0,0,,
7,31,0.5,0.9,9.0,-0.8181818181818181,10,0,0,0,,
7,32,0.5,3.6666666666666665,36.66666666666667,-0.8181818181818183,10,1,1,0,0.8919279519679786,38.40009172872697
7,33,0.5,5.444444444444445,63.333333333333336,-0.8416801292407108,10,1,1,0,0.8354903268845897,64.41305017236584
7,34,0.5,7.222222222222221,72.22222222222223,-0.818181818181818,10,1,1,0,0.8961307538358905,74.82538840431047
7,35,0.5,10.0,100.0,-0.8181818181818182,10,1,1,0,0.8973315543695797,103.25290069706435
7,36,0.5,36.66666666666667,633.3333333333333,-0.8905472636815921,10,1,1,0,0.6991994663108738,482.0474404903133
7,37,0.5,54.44444444444444,900.0,-0.8859138533178114,10,1,1,0,0.7142094729819879,823.3130986327446
7,38,0.5,72.22222222222223,1000.0,-0.8652849740932643,10,1,1,0,0.7760507004669779,587.0305631586904
7,39,0.5,277.77777777777777,3000.0,-0.8305084745762712,10,1,1,0,0.8697131420947297,1353.5075003884333
7,40,0.5,0.001,0.006333333333333334,-0.7272727272727273,10,1,0,0,0.057279603098582925,11.670369047930183
7,41,0.5,0.004555555555555556,0.027777777777777776,-0.718213058419244,10,0,0,0,,
7,42,0.5,0.006333333333333334,0.05444444444444445,-0.7915904936014624,10,0,0,0,,
7,43,0.5,0.00811111111111111,0.07222222222222222,-0.7980636237897648,10,0,0,0,,
7,44,0.5,0.01,0.0811111111111111,-0.7804878048780489,10,0,0,0,,
7,45,0.5,0.05444444444444445,0.3666666666666667,-0.7414248021108178,10,0,0,0,,
7,46,0.5,0.07222222222222222,0.5444444444444445,-0.7657657657657659,10,0,0,0,,
7,47,0.5,0.09,0.6333333333333333,-0.751152073732719,10,0,0,0,,
7,48,0.5,0.3666666666666667,2.7777777777777777,-0.7667844522968198,10,0,0,0,,
7,49,0.5,0.6333333333333333,4.555555555555555,-0.7558886509635975,10,0,0,0,,
7,50,0.5,0.8111111111111111,5.444444444444445,-0.7406749555950267,10,0,0,0,,
7,51,0.5,1.0,6.333333333333333,-0.7272727272727273,10,0,0,0,,
7,52,0.5,4.555555555555555,36.66666666666667,-0.7789757412398921,10,1,1,0,0.9837891927951967,58.061681948579476
7,53,0.5,7.222222222222221,45.55555555555556,-0.7263157894736842,10,0,0,0,,
7,54,0.5,9.0,54.44444444444444,-0.7162872154115587,10,0,0,0,,
7,55,0.5,10.0,81.11111111111111,-0.7804878048780488,10,1,1,0,0.9849899933288858,98.05116715287583
7,56,0.5,54.44444444444444,455.55555555555554,-0.7864923747276688,10,1,1,0,0.9747831887925282,467.2896246758061
7,57,0.5,72.22222222222223,633.3333333333333,-0.7952755905511812,10,1,1,0,0.9549699799866577,613.035020898904
7,58,0.5,90.0,722.2222222222222,-0.7783857729138167,10,1,1,0,0.9933955970647097,650.0573729353372
7,59,0.5,455.55555555555554,3000.0,-0.7363344051446945,10,0,0,0,,
7,60,0.5,0.001,0.004555555555555556,-0.64,10,1,0,0,0.05445026528424215,12.266962366268102
7,61,0.5,0.001888888888888889,0.01,-0.6822429906542055,10,0,0,0,,
7,62,0.5,0.006333333333333334,0.027777777777777776,-0.6286644951140065,10,0,0,0,,
7,63,0.5,0.009,0.03666666666666667,-0.6058394160583941,10,0,0,0,,
7,64,0.5,0.01888888888888889,0.0811111111111111,-0.6222222222222222,10,0,0,0,,
7,65,0.5,0.04555555555555556,0.18888888888888888,-0.6113744075829383,10,0,0,0,,
7,66,0.5,0.0811111111111111,0.3666666666666667,-0.6377171215880892,10,0,0,0,,
7,67,0.5,0.1,0.5444444444444445,-0.6896551724137931,10,0,0,0,,
7,68,0.5,0.3666666666666667,1.8888888888888888,-0.6748768472906403,10,0,0,0,,
7,69,0.5,0.7222222222222222,3.6666666666666665,-0.6708860759493671,10,0,0,0,,
7,70,0.5,0.9,4.555555555555555,-0.670061099796334,10,0,0,0,,
7,71,0.5,1.8888888888888888,9.0,-0.6530612244897959,10,0,0,0,,
7,72,0.5,5.444444444444445,27.77777777777778,-0.6722408026755854,10,0,0,0,,
7,73,0.5,9.0,36.66666666666667,-0.6058394160583942,10,0,0,0,,
7,74,0.5,18.88888888888889,81.11111111111111,-0.6222222222222222,10,0,0,0,,
7,75,0.5,45.55555555555556,188.88888888888889,-0.6113744075829383,10,0,0,0,,
7,76,0.5,81.11111111111111,366.66666666666663,-0.6377171215880894,10,0,0,0,,
7,77,0.5,100.0,455.55555555555554,-0.64,10,0,0,0,,
7,78,0.5,188.88888888888889,1000.0,-0.6822429906542056,10,0,0,0,,
7,79,0.5,722.2222222222222,3000.0,-0.6119402985074627,10,0,0,0,,
7,80,0.5,0.001,0.003666666666666667,-0.5714285714285715,10,1,0,0,0.05223961889991197,12.741004986794097
7,81,0.5,0.001888888888888889,0.007222222222222223,-0.5853658536585367,10,1,0,0,0.07244359600749899,9.222838848264052
7,82,0.5,0.0054444444444444445,0.01888888888888889,-0.5525114155251142,10,0,0,0,,
7,83,0.5,0.009,0.027777777777777776,-0.5105740181268882,10,0,0,0,,
7,84,0.5,0.01888888888888889,0.07222222222222222,-0.5853658536585367,10,0,0,0,,
7,85,0.5,0.05444444444444445,0.18888888888888888,-0.5525114155251141,10,0,0,0,,
7,86,0.5,0.09,0.2777777777777778,-0.5105740181268883,10,0,0,0,,
7,87,0.5,0.18888888888888888,0.6333333333333333,-0.5405405405405406,10,0,0,0,,
7,88,0.5,0.2777777777777778,1.0,-0.5652173913043479,10,0,0,0,,
7,89,0.5,0.8111111111111111,2.7777777777777777,-0.5479876160990712,10,0,0,0,,
7,90,0.5,1.8888888888888888,6.333333333333333,-0.5405405405405406,10,0,0,0,,
7,91,0.5,2.7777777777777777,10.0,-0.5652173913043478,10,0,0,0,,
7,92,0.5,8.11111111111111,27.77777777777778,-0.5479876160990713,10,0,0,0,,
7,93,0.5,10.0,36.66666666666667,-0.5714285714285715,10,0,0,0,,
7,94,0.5,27.77777777777778,90.0,-0.5283018867924528,10,0,0,0,,
7,95,0.5,72.22222222222223,277.77777777777777,-0.5873015873015872,10,0,0,0,,
7,96,0.5,100.0,366.66666666666663,-0.5714285714285714,10,0,0,0,,
7,97,0.5,277.77777777777777,900.0,-0.5283018867924527,10,0,0,0,,
7,98,0.5,633.3333333333333,2000.0,-0.518987341772152,10,0,0,0,,
7,99,0.5,1000.0,3000.0,-0.5,10,0,0,0,,
7,100,0.5,0.001,0.002777777777777778,-0.47058823529411764,10,1,0,0,0.04920395356814511,13.479365757715618
7,101,0.5,0.001888888888888889,0.0054444444444444445,-0.48484848484848486,10,1,0,0,0.06823386941416697,9.753432344278027
7,102,0.5,0.003666666666666667,0.009,-0.4210526315789473,10,0,0,0,,
7,103,0.5,0.007222222222222223,0.01888888888888889,-0.4468085106382978,10,0,0,0,,
7,104,0.5,0.01888888888888889,0.05444444444444445,-0.4848484848484849,10,0,0,0,,
7,105,0.5,0.027777777777777776,0.0811111111111111,-0.4897959183673469,10,0,0,0,,
7,106,0.5,0.06333333333333332,0.18888888888888888,-0.4977973568281938,10,0,0,0,,
7,107,0.5,0.18888888888888888,0.4555555555555556,-0.4137931034482759,10,0,0,0,,
7,108,0.5,0.2777777777777778,0.8111111111111111,-0.48979591836734687,10,0,0,0,,
7,109,0.5,0.6333333333333333,1.8888888888888888,-0.4977973568281938,10,0,0,0,,
7,110,0.5,1.0,2.7777777777777777,-0.47058823529411764,10,0,0,0,,
7,111,0.5,2.7777777777777777,7.222222222222221,-0.44444444444444436,10,0,0,0,,
7,112,0.5,3.6666666666666665,10.0,-0.46341463414634154,10,0,0,0,,
7,113,0.5,10.0,27.77777777777778,-0.47058823529411764,10,0,0,0,,
7,114,0.5,27.77777777777778,72.22222222222223,-0.4444444444444445,10,0,0,0,,
7,115,0.5,36.66666666666667,90.0,-0.4210526315789473,10,0,0,0,,
7,116,0.5,72.22222222222223,188.88888888888889,-0.4468085106382979,10,0,0,0,,
7,117,0.5,188.88888888888889,544.4444444444445,-0.4848484848484848,10,0,0,0,,
7,118,0.5,366.66666666666663,900.0,-0.42105263157894746,10,0,0,0,,
7,119,0.5,811.1111111111111,2000.0,-0.42292490118577075,10,0,0,0,,
7,120,0.5,0.001,0.001888888888888889,-0.3076923076923077,10,1,0,0,0.0446683592150963,14.90347328281344
7,121,0.5,0.002777777777777778,0.006333333333333334,-0.39024390243902446,10,0,0,0,,
7,122,0.5,0.004555555555555556,0.009,-0.3278688524590163,10,0,0,0,,
7,123,0.5,0.009,0.01888888888888889,-0.354581673306773,10,0,0,0,,
7,124,0.5,0.027777777777777776,0.05444444444444445,-0.3243243243243244,10,0,0,0,,
7,125,0.5,0.03666666666666667,0.0811111111111111,-0.3773584905660377,10,0,0,0,,
7,126,0.5,0.0811111111111111,0.18888888888888888,-0.39917695473251025,10,0,0,0,,
7,127,0.5,0.18888888888888888,0.3666666666666667,-0.32000000000000006,10,0,0,0,,
7,128,0.5,0.3666666666666667,0.7222222222222222,-0.3265306122448979,10,0,0,0,,
7,129,0.5,0.4555555555555556,1.0,-0.37404580152671746,10,0,0,0,,
7,130,0.5,1.8888888888888888,3.6666666666666665,-0.32,10,0,0,0,,
7,131,0.5,3.6666666666666665,7.222222222222221,-0.32653061224489793,10,0,0,0,,
7,132,0.5,4.555555555555555,10.0,-0.37404580152671757,10,0,0,0,,
7,133,0.5,10.0,18.88888888888889,-0.3076923076923077,10,0,0,0,,
7,134,0.5,27.77777777777778,63.333333333333336,-0.3902439024390244,10,0,0,0,,
7,135,0.5,45.55555555555556,90.0,-0.3278688524590164,10,0,0,0,,
7,136,0.5,90.0,188.88888888888889,-0.35458167330677287,10,0,0,0,,
7,137,0.5,277.77777777777777,544.4444444444445,-0.32432432432432434,10,0,0,0,,
7,138,0.5,366.66666666666663,811.1111111111111,-0.3773584905660377,10,0,0,0,,
7,139,0.5,1000.0,2000.0,-0.3333333333333333,10,0,0,0,,
7,140,0.5,0.002777777777777778,0.004555555555555556,-0.2424242424242424,10,1,0,0,0.07144963260755134,9.31679347987062
7,141,0.5,0.004555555555555556,0.007222222222222223,-0.22641509433962265,10,0,0,0,,
7,142,0.5,0.0054444444444444445,0.009,-0.2461538461538461,10,0,0,0,,
7,143,0.5,0.006333333333333334,0.01,-0.2244897959183673,10,0,0,0,,
7,144,0.5,0.03666666666666667,0.06333333333333332,-0.2666666666666666,10,0,0,0,,
7,145,0.5,0.05444444444444445,0.09,-0.24615384615384614,10,0,0,0,,
7,146,0.5,0.06333333333333332,0.1,-0.22448979591836743,10,0,0,0,,
7,147,0.5,0.3666666666666667,0.6333333333333333,-0.2666666666666666,10,0,0,0,,
7,148,0.5,0.4555555555555556,0.8111111111111111,-0.2807017543859649,10,0,0,0,,
7,149,0.5,0.5444444444444445,1.0,-0.29496402877697836,10,0,0,0,,
7,150,0.5,3.6666666666666665,6.333333333333333,-0.26666666666666666,10,0,0,0,,
7,151,0.5,4.555555555555555,8.11111111111111,-0.2807017543859649,10,0,0,0,,
7,152,0.5,5.444444444444445,10.0,-0.2949640287769784,10,0,0,0,,
7,153,0.5,27.77777777777778,45.55555555555556,-0.2424242424242424,10,0,0,0,,
7,154,0.5,45.55555555555556,72.22222222222223,-0.22641509433962267,10,0,0,0,,
7,155,0.5,54.44444444444444,100.0,-0.2949640287769784,10,0,0,0,,
7,156,0.5,277.77777777777777,455.55555555555554,-0.24242424242424243,10,0,0,0,,
7,157,0.5,455.55555555555554,722.2222222222222,-0.2264150943396226,10,0,0,0,,
7,158,0.5,544.4444444444445,900.0,-0.24615384615384617,10,0,0,0,,
7,159,0.5,2000.0,3000.0,-0.2,10,0,0,0,,
7,160,0.5,0.001888888888888889,0.002777777777777778,-0.19047619047619047,10,1,0,0,0.05701642722807478,11.673090897309553
7,161,0.5,0.003666666666666667,0.0054444444444444445,-0.19512195121951215,10,0,0,0,,
7,162,0.5,0.006333333333333334,0.00811111111111111,-0.123076923076923,10,0,0,0,,
7,163,0.5,0.00811111111111111,0.01,-0.1042944785276074,10,0,0,0,,
7,164,0.5,0.03666666666666667,0.04555555555555556,-0.10810810810810813,10,0,0,0,,
7,165,0.5,0.05444444444444445,0.0811111111111111,-0.1967213114754098,10,0,0,0,,
7,166,0.5,0.07222222222222222,0.1,-0.16129032258064524,10,0,0,0,,
7,167,0.5,0.3666666666666667,0.4555555555555556,-0.10810810810810811,10,0,0,0,,
7,168,0.5,0.5444444444444445,0.7222222222222222,-0.1403508771929824,10,0,0,0,,
7,169,0.5,0.7222222222222222,0.9,-0.10958904109589043,10,0,0,0,,
7,170,0.5,2.7777777777777777,3.6666666666666665,-0.13793103448275862,10,0,0,0,,
7,171,0.5,5.444444444444445,7.222222222222221,-0.1403508771929824,10,0,0,0,,
7,172,0.5,6.333333333333333,9.0,-0.1739130434782609,10,0,0,0,,
7,173,0.5,18.88888888888889,27.77777777777778,-0.19047619047619047,10,0,0,0,,
7,174,0.5,45.55555555555556,63.333333333333336,-0.163265306122449,10,0,0,0,,
7,175,0.5,63.333333333333336,90.0,-0.17391304347826084,10,0,0,0,,
7,176,0.5,81.11111111111111,100.0,-0.10429447852760734,10,0,0,0,,
7,177,0.5,366.66666666666663,544.4444444444445,-0.19512195121951226,10,0,0,0,,
7,178,0.5,633.3333333333333,811.1111111111111,-0.12307692307692313,10,0,0,0,,
7,179,0.5,811.1111111111111,1000.0,-0.10429447852760737,10,0,0,0,,
7,180,0.5,0.001,0.001,0.0,10,1,0,0,0.03647539469256077,18.122058628895623
7,181,0.5,0.004555555555555556,0.0054444444444444445,-0.08888888888888886,10,0,0,0,,
7,182,0.5,0.007222222222222223,0.007222222222222223,0.0,10,0,0,0,,
7,183,0.5,0.009,0.01,-0.05263157894736847,10,0,0,0,,
7,184,0.5,0.04555555555555556,0.04555555555555556,0.0,10,0,0,0,,
7,185,0.5,0.06333333333333332,0.07222222222222222,-0.0655737704918033,10,0,0,0,,
7,186,0.5,0.09,0.09,0.0,10,0,0,0,,
7,187,0.5,0.4555555555555556,0.4555555555555556,0.0,10,0,0,0,,
7,188,0.5,0.6333333333333333,0.7222222222222222,-0.06557377049180328,10,0,0,0,,
7,189,0.5,0.9,0.9,0.0,10,0,0,0,,
7,190,0.5,3.6666666666666665,3.6666666666666665,0.0,10,0,0,0,,
7,191,0.5,6.333333333333333,6.333333333333333,0.0,10,0,0,0,,
7,192,0.5,8.11111111111111,9.0,-0.05194805194805197,10,0,0,0,,
7,193,0.5,36.66666666666667,36.66666666666667,0.0,10,0,0,0,,
7,194,0.5,63.333333333333336,63.333333333333336,0.0,10,0,0,0,,
7,195,0.5,81.11111111111111,90.0,-0.05194805194805193,10,0,0,0,,
7,196,0.5,277.77777777777777,277.77777777777777,0.0,10,0,0,0,,
7,197,0.5,544.4444444444445,633.3333333333333,-0.07547169811320747,10,0,0,0,,
7,198,0.5,811.1111111111111,811.1111111111111,0.0,10,0,0,0,,
7,199,0.5,3000.0,3000.0,0.0,10,0,0,0,,
7,200,0.5,0.0054444444444444445,0.004555555555555556,0.08888888888888886,10,0,0,0,,
7,201,0.5,0.006333333333333334,0.0054444444444444445,0.0754716981132076,10,0,0,0,,
7,202,0.5,0.00811111111111111,0.007222222222222223,0.057971014492753555,10,0,0,0,,
7,203,0.5,0.01,0.009,0.05263157894736847,10,0,0,0,,
7,204,0.5,0.06333333333333332,0.05444444444444445,0.07547169811320745,10,0,0,0,,
7,205,0.5,0.0811111111111111,0.07222222222222222,0.05797101449275364,10,0,0,0,,
7,206,0.5,0.1,0.09,0.05263157894736847,10,0,0,0,,
7,207,0.5,0.5444444444444445,0.4555555555555556,0.0888888888888889,10,0,0,0,,
7,208,0.5,0.7222222222222222,0.6333333333333333,0.06557377049180328,10,0,0,0,,
7,209,0.5,0.9,0.8111111111111111,0.05194805194805195,10,0,0,0,,
7,210,0.5,5.444444444444445,4.555555555555555,0.08888888888888893,10,0,0,0,,
7,211,0.5,7.222222222222221,6.333333333333333,0.06557377049180325,10,0,0,0,,
7,212,0.5,9.0,8.11111111111111,0.05194805194805197,10,0,0,0,,
7,213,0.5,10.0,9.0,0.05263157894736842,10,0,0,0,,
7,214,0.5,63.333333333333336,54.44444444444444,0.07547169811320759,10,0,0,0,,
7,215,0.5,81.11111111111111,72.22222222222223,0.057971014492753596,10,0,0,0,,
7,216,0.5,100.0,90.0,0.05263157894736842,10,0,0,0,,
7,217,0.5,633.3333333333333,544.4444444444445,0.07547169811320747,10,0,0,0,,
7,218,0.5,811.1111111111111,722.2222222222222,0.057971014492753645,10,0,0,0,,
7,219,0.5,1000.0,900.0,0.05263157894736842,10,0,0,0,,
7,220,0.5,0.002777777777777778,0.001888888888888889,0.19047619047619047,10,1,0,0,0.05272298614228227,12.602152625997842
7,221,0.5,0.0054444444444444445,0.003666666666666667,0.19512195121951215,10,0,0,0,,
7,222,0.5,0.00811111111111111,0.006333333333333334,0.123076923076923,10,0,0,0,,
7,223,0.5,0.01,0.00811111111111111,0.1042944785276074,10,0,0,0,,
7,224,0.5,0.05444444444444445,0.03666666666666667,0.19512195121951223,10,0,0,0,,
7,225,0.5,0.0811111111111111,0.05444444444444445,0.1967213114754098,10,0,0,0,,
7,226,0.5,0.1,0.07222222222222222,0.16129032258064524,10,0,0,0,,
7,227,0.5,0.4555555555555556,0.3666666666666667,0.10810810810810811,10,0,0,0,,
7,228,0.5,0.8111111111111111,0.5444444444444445,0.19672131147540978,10,0,0,0,,
7,229,0.5,1.0,0.7222222222222222,0.16129032258064516,10,0,0,0,,
7,230,0.5,3.6666666666666665,2.7777777777777777,0.13793103448275862,10,0,0,0,,
7,231,0.5,7.222222222222221,5.444444444444445,0.1403508771929824,10,0,0,0,,
7,232,0.5,9.0,7.222222222222221,0.10958904109589046,10,0,0,0,,
7,233,0.5,36.66666666666667,27.77777777777778,0.13793103448275865,10,0,0,0,,
7,234,0.5,72.22222222222223,54.44444444444444,0.1403508771929825,10,0,0,0,,
7,235,0.5,90.0,63.333333333333336,0.17391304347826084,10,0,0,0,,
7,236,0.5,277.77777777777777,188.88888888888889,0.1904761904761905,10,0,0,0,,
7,237,0.5,633.3333333333333,455.55555555555554,0.16326530612244894,10,0,0,0,,
7,238,0.5,900.0,633.3333333333333,0.17391304347826092,10,0,0,0,,
7,239,0.5,3000.0,2000.0,0.2,10,0,0,0,,
7,240,0.5,0.004555555555555556,0.002777777777777778,0.2424242424242424,10,1,0,0,0.06486344335482389,10.290368119911918
7,241,0.5,0.007222222222222223,0.004555555555555556,0.22641509433962265,10,0,0,0,,
7,242,0.5,0.009,0.0054444444444444445,0.2461538461538461,10,0,0,0,,
7,243,0.5,0.01,0.006333333333333334,0.2244897959183673,10,0,0,0,,
7,244,0.5,0.06333333333333332,0.03666666666666667,0.2666666666666666,10,0,0,0,,
7,245,0.5,0.0811111111111111,0.04555555555555556,0.2807017543859649,10,0,0,0,,
7,246,0.5,0.1,0.05444444444444445,0.2949640287769784,10,0,0,0,,
7,247,0.5,0.6333333333333333,0.3666666666666667,0.2666666666666666,10,0,0,0,,
7,248,0.5,0.8111111111111111,0.4555555555555556,0.2807017543859649,10,0,0,0,,
7,249,0.5,1.0,0.5444444444444445,0.29496402877697836,10,0,0,0,,
7,250,0.5,4.555555555555555,2.7777777777777777,0.24242424242424243,10,0,0,0,,
7,251,0.5,7.222222222222221,4.555555555555555,0.22641509433962262,10,0,0,0,,
7,252,0.5,9.0,5.444444444444445,0.24615384615384614,10,0,0,0,,
7,253,0.5,45.55555555555556,27.77777777777778,0.2424242424242424,10,0,0,0,,
7,254,0.5,72.22222222222223,45.55555555555556,0.22641509433962267,10,0,0,0,,
7,255,0.5,90.0,54.44444444444444,0.24615384615384614,10,0,0,0,,
7,256,0.5,100.0,63.333333333333336,0.22448979591836732,10,0,0,0,,
7,257,0.5,633.3333333333333,366.66666666666663,0.26666666666666666,10,0,0,0,,
7,258,0.5,811.1111111111111,455.55555555555554,0.28070175438596495,10,0,0,0,,
7,259,0.5,1000.0,633.3333333333333,0.2244897959183674,10,0,0,0,,
7,260,0.5,0.001888888888888889,0.001,0.3076923076923077,10,1,0,0,0.03944573020752785,16.86553975760111
7,261,0.5,0.006333333333333334,0.002777777777777778,0.39024390243902446,10,1,0,0,0.06668067692136219,9.978386440175736
7,262,0.5,0.009,0.004555555555555556,0.3278688524590163,10,0,0,0,,
7,263,0.5,0.01888888888888889,0.009,0.354581673306773,10,0,0,0,,
7,264,0.5,0.05444444444444445,0.027777777777777776,0.3243243243243244,10,0,0,0,,
7,265,0.5,0.0811111111111111,0.03666666666666667,0.3773584905660377,10,0,0,0,,
7,266,0.5,0.18888888888888888,0.0811111111111111,0.39917695473251025,10,0,0,0,,
7,267,0.5,0.3666666666666667,0.18888888888888888,0.32000000000000006,10,0,0,0,,
7,268,0.5,0.7222222222222222,0.3666666666666667,0.3265306122448979,10,0,0,0,,
7,269,0.5,1.0,0.4555555555555556,0.37404580152671746,10,0,0,0,,
7,270,0.5,3.6666666666666665,1.8888888888888888,0.32,10,0,0,0,,
7,271,0.5,7.222222222222221,3.6666666666666665,0.32653061224489793,10,0,0,0,,
7,272,0.5,10.0,4.555555555555555,0.37404580152671757,10,0,0,0,,
7,273,0.5,18.88888888888889,10.0,0.3076923076923077,10,0,0,0,,
7,274,0.5,63.333333333333336,27.77777777777778,0.3902439024390244,10,0,0,0,,
7,275,0.5,90.0,45.55555555555556,0.3278688524590164,10,0,0,0,,
7,276,0.5,188.88888888888889,90.0,0.35458167330677287,10,0,0,0,,
7,277,0.5,544.4444444444445,277.77777777777777,0.32432432432432434,10,0,0,0,,
7,278,0.5,811.1111111111111,366.66666666666663,0.3773584905660377,10,0,0,0,,
7,279,0.5,2000.0,1000.0,0.3333333333333333,10,0,0,0,,
7,280,0.5,0.002777777777777778,0.001,0.47058823529411764,10,1,0,0,0.040550853544838394,16.375066480312153
7,281,0.5,0.0054444444444444445,0.001888888888888889,0.48484848484848486,10,1,0,0,0.05597576014951104,11.920038255618756
7,282,0.5,0.009,0.003666666666666667,0.4210526315789473,10,0,0,0,,
7,283,0.5,0.01888888888888889,0.007222222222222223,0.4468085106382978,10,0,0,0,,
7,284,0.5,0.05444444444444445,0.01888888888888889,0.4848484848484849,10,0,0,0,,
7,285,0.5,0.09,0.03666666666666667,0.4210526315789474,10,0,0,0,,
7,286,0.5,0.18888888888888888,0.07222222222222222,0.44680851063829796,10,0,0,0,,
7,287,0.5,0.4555555555555556,0.18888888888888888,0.4137931034482759,10,0,0,0,,
7,288,0.5,0.8111111111111111,0.2777777777777778,0.48979591836734687,10,0,0,0,,
7,289,0.5,1.8888888888888888,0.6333333333333333,0.4977973568281938,10,0,0,0,,
7,290,0.5,4.555555555555555,1.8888888888888888,0.4137931034482758,10,0,0,0,,
7,291,0.5,8.11111111111111,2.7777777777777777,0.48979591836734687,10,0,0,0,,
7,292,0.5,18.88888888888889,6.333333333333333,0.4977973568281939,10,0,0,0,,
7,293,0.5,27.77777777777778,10.0,0.47058823529411764,10,0,0,0,,
7,294,0.5,72.22222222222223,27.77777777777778,0.4444444444444445,10,0,0,0,,
7,295,0.5,100.0,36.66666666666667,0.4634146341463414,10,0,0,0,,
7,296,0.5,277.77777777777777,100.0,0.47058823529411764,10,0,0,0,,
7,297,0.5,722.2222222222222,277.77777777777777,0.4444444444444444,10,0,0,0,,
7,298,0.5,1000.0,366.66666666666663,0.46341463414634154,10,0,0,0,,
7,299,0.5,3000.0,1000.0,0.5,10,0,0,0,,
7,300,0.5,0.003666666666666667,0.001,0.5714285714285715,10,1,0,0,0.041304750199016145,16.121102502757843
7,301,0.5,0.007222222222222223,0.001888888888888889,0.5853658536585367,10,1,0,0,0.056754460540854715,11.696194719354242
7,302,0.5,0.01888888888888889,0.0054444444444444445,0.5525114155251142,10,0,0,0,,
7,303,0.5,0.027777777777777776,0.009,0.5105740181268882,10,0,0,0,,
7,304,0.5,0.07222222222222222,0.01888888888888889,0.5853658536585367,10,0,0,0,,
7,305,0.5,0.1,0.027777777777777776,0.5652173913043479,10,0,0,0,,
7,306,0.5,0.2777777777777778,0.0811111111111111,0.5479876160990712,10,0,0,0,,
7,307,0.5,0.6333333333333333,0.18888888888888888,0.5405405405405406,10,0,0,0,,
7,308,0.5,1.0,0.2777777777777778,0.5652173913043479,10,0,0,0,,
7,309,0.5,2.7777777777777777,0.8111111111111111,0.5479876160990712,10,0,0,0,,
7,310,0.5,3.6666666666666665,1.0,0.5714285714285715,10,0,0,0,,
7,311,0.5,9.0,2.7777777777777777,0.5283018867924528,10,0,0,0,,
7,312,0.5,27.77777777777778,7.222222222222221,0.5873015873015873,10,0,0,0,,
7,313,0.5,36.66666666666667,10.0,0.5714285714285715,10,0,0,0,,
7,314,0.5,90.0,27.77777777777778,0.5283018867924528,10,0,0,0,,
7,315,0.5,188.88888888888889,54.44444444444444,0.5525114155251143,10,0,0,0,,
7,316,0.5,277.77777777777777,90.0,0.5105740181268882,10,0,0,0,,
7,317,0.5,722.2222222222222,188.88888888888889,0.5853658536585366,10,0,0,0,,
7,318,0.5,2000.0,544.4444444444445,0.572052401746725,10,0,0,0,,
7,319,0.5,3000.0,900.0,0.5384615384615384,10,0,0,0,,
7,320,0.5,0.004555555555555556,0.001,0.64,10,1,0,0,0.04168693834703355,15.974327229933122
7,321,0.5,0.01,0.001888888888888889,0.6822429906542055,10,1,0,0,0.05754399373371572,11.534475984209688
7,322,0.5,0.027777777777777776,0.006333333333333334,0.6286644951140065,10,0,0,0,,
7,323,0.5,0.04555555555555556,0.00811111111111111,0.6977225672877847,10,0,0,0,,
7,324,0.5,0.0811111111111111,0.01888888888888889,0.6222222222222222,10,0,0,0,,
7,325,0.5,0.18888888888888888,0.04555555555555556,0.6113744075829383,10,0,0,0,,
7,326,0.5,0.3666666666666667,0.0811111111111111,0.6377171215880892,10,0,0,0,,
7,327,0.5,0.5444444444444445,0.1,0.6896551724137931,10,0,0,0,,
7,328,0.5,1.8888888888888888,0.3666666666666667,0.6748768472906403,10,0,0,0,,
7,329,0.5,3.6666666666666665,0.7222222222222222,0.6708860759493671,10,0,0,0,,
7,330,0.5,4.555555555555555,0.9,0.670061099796334,10,0,0,0,,
7,331,0.5,9.0,1.8888888888888888,0.6530612244897959,10,0,0,0,,
7,332,0.5,27.77777777777778,5.444444444444445,0.6722408026755854,10,0,0,0,,
7,333,0.5,45.55555555555556,8.11111111111111,0.6977225672877846,10,0,0,0,,
7,334,0.5,81.11111111111111,18.88888888888889,0.6222222222222222,10,0,0,0,,
7,335,0.5,188.88888888888889,45.55555555555556,0.6113744075829383,10,0,0,0,,
7,336,0.5,366.66666666666663,81.11111111111111,0.6377171215880894,10,0,0,0,,
7,337,0.5,455.55555555555554,100.0,0.64,10,0,0,0,,
7,338,0.5,1000.0,188.88888888888889,0.6822429906542056,10,0,0,0,,
7,339,0.5,3000.0,722.2222222222222,0.6119402985074627,10,0,0,0,,
7,340,0.5,0.006333333333333334,0.001,0.7272727272727273,10,1,0,0,0.04207266283844442,15.651288092014703
7,341,0.5,0.03666666666666667,0.004555555555555556,0.7789757412398922,10,0,0,0,,
7,342,0.5,0.05444444444444445,0.006333333333333334,0.7915904936014624,10,0,0,0,,
7,343,0.5,0.06333333333333332,0.009,0.7511520737327189,10,0,0,0,,
7,344,0.5,0.09,0.01,0.8,10,0,0,0,,
7,345,0.5,0.3666666666666667,0.06333333333333332,0.7054263565891472,10,0,0,0,,
7,346,0.5,0.5444444444444445,0.0811111111111111,0.7406749555950266,10,0,0,0,,
7,347,0.5,0.7222222222222222,0.0811111111111111,0.7980636237897648,10,0,0,0,,
7,348,0.5,2.7777777777777777,0.3666666666666667,0.7667844522968198,10,0,0,0,,
7,349,0.5,4.555555555555555,0.6333333333333333,0.7558886509635975,10,0,0,0,,
7,350,0.5,6.333333333333333,0.7222222222222222,0.795275590551181,10,0,0,0,,
7,351,0.5,7.222222222222221,1.0,0.7567567567567567,10,0,0,0,,
7,352,0.5,36.66666666666667,4.555555555555555,0.7789757412398921,10,0,0,0,,
7,353,0.5,54.44444444444444,6.333333333333333,0.7915904936014625,10,0,0,0,,
7,354,0.5,63.333333333333336,9.0,0.7511520737327189,10,0,0,0,,
7,355,0.5,90.0,10.0,0.8,10,0,0,0,,
7,356,0.5,366.66666666666663,63.333333333333336,0.7054263565891473,10,0,0,0,,
7,357,0.5,544.4444444444445,81.11111111111111,0.7406749555950267,10,0,0,0,,
7,358,0.5,722.2222222222222,81.11111111111111,0.7980636237897649,10,0,0,0,,
7,359,0.5,3000.0,455.55555555555554,0.7363344051446945,10,0,0,0,,
7,360,0.5,0.009,0.001,0.8000000000000002,10,1,0,0,0.04265795188015926,15.582684654602492
7,361,0.5,0.04555555555555556,0.003666666666666667,0.8510158013544019,10,0,0,0,,
7,362,0.5,0.07222222222222222,0.0054444444444444445,0.8597997138769671,10,0,0,0,,
7,363,0.5,0.09,0.006333333333333334,0.8685121107266437,10,0,0,0,,
7,364,0.5,0.18888888888888888,0.01,0.8994413407821228,10,0,0,0,,
7,365,0.5,0.5444444444444445,0.04555555555555556,0.8455743879472692,10,0,0,0,,
7,366,0.5,0.8111111111111111,0.04555555555555556,0.8936446173800259,10,0,0,0,,
7,367,0.5,0.9,0.09,0.8181818181818182,10,0,0,0,,
7,368,0.5,2.7777777777777777,0.2777777777777778,0.8181818181818182,10,0,0,0,,
7,369,0.5,6.333333333333333,0.4555555555555556,0.8657937806873977,10,0,0,0,,
7,370,0.5,8.11111111111111,0.7222222222222222,0.8364779874213837,10,0,0,0,,
7,371,0.5,10.0,0.7222222222222222,0.8652849740932644,10,0,0,0,,
7,372,0.5,45.55555555555556,2.7777777777777777,0.8850574712643677,10,0,0,0,,
7,373,0.5,72.22222222222223,4.555555555555555,0.8813314037626627,10,0,0,0,,
7,374,0.5,90.0,5.444444444444445,0.8859138533178115,10,0,0,0,,
7,375,0.5,100.0,10.0,0.8181818181818182,10,0,0,0,,
7,376,0.5,544.4444444444445,36.66666666666667,0.8738049713193117,10,0,0,0,,
7,377,0.5,722.2222222222222,72.22222222222223,0.8181818181818182,10,0,0,0,,
7,378,0.5,900.0,81.11111111111111,0.8346545866364666,10,0,0,0,,
7,379,0.5,3000.0,277.77777777777777,0.8305084745762712,10,0,0,0,,
7,380,0.5,0.027777777777777776,0.001,0.9305019305019304,10,1,0,0,0.04325138310350088,15.419690107353759
7,381,0.5,0.4555555555555556,0.003666666666666667,0.9840309702395356,10,0,0,0,,
7,382,0.5,0.9,0.003666666666666667,0.9918849133161194,10,0,0,0,,
7,383,0.5,2.7777777777777777,0.0811111111111111,0.94325689856199,10,0,0,0,,
7,384,0.5,5.444444444444445,0.09,0.9674764103593656,10,0,0,0,,
7,385,0.5,8.11111111111111,0.04555555555555556,0.98882985969214,10,0,0,0,,
7,386,0.5,18.88888888888889,0.006333333333333334,0.9993296365336328,10,0,0,0,,
7,387,0.5,36.66666666666667,0.01888888888888889,0.998970227458582,10,0,0,0,,
7,388,0.5,54.44444444444444,0.027777777777777776,0.9989801121876594,10,0,0,0,,
7,389,0.5,72.22222222222223,0.027777777777777776,0.9992310649750098,10,0,0,0,,
7,390,0.5,90.0,0.009,0.9998000199980002,10,0,0,0,,
7,391,0.5,188.88888888888889,0.0054444444444444445,0.9999423546027204,10,0,0,0,,
7,392,0.5,277.77777777777777,1.0,0.9928258270227183,10,0,0,0,,
7,393,0.5,455.55555555555554,0.03666666666666667,0.9998390373457745,10,0,0,0,,
7,394,0.5,544.4444444444445,7.222222222222221,0.9738167170191341,10,0,0,0,,
7,395,0.5,722.2222222222222,0.06333333333333332,0.9998246307631483,10,0,0,0,,
7,396,0.5,811.1111111111111,8.11111111111111,0.9801980198019803,10,0,0,0,,
7,397,0.5,1000.0,0.04555555555555556,0.9999088930393171,10,0,0,0,,
7,398,0.5,2000.0,5.444444444444445,0.9945703363067206,10,0,0,0,,
7,399,0.5,3000.0,100.0,0.9354838709677419,10,0,0,0,,
8,0,0.6,0.001,0.027777777777777776,-0.9305019305019304,10,1,0,0,0.06546361740672747,9.707461822057821
8,1,0.6,0.001888888888888889,0.7222222222222222,-0.9947828755562373,10,1,0,0,0.07943282347242814,11.231099618623935
8,2,0.6,0.002777777777777778,54.44444444444444,-0.9998979643895719,10,1,1,0,0.019860949173573717,125.18010752427325
8,3,0.6,0.004555555555555556,0.1,-0.9128586609989372,10,0,0,0,,
8,4,0.6,0.0054444444444444445,45.55555555555556,-0.9997610041726721,10,1,1,0,0.03033891184194272,197.10038395657233
8,5,0.6,0.007222222222222223,0.5444444444444445,-0.9738167170191339,10,0,0,0,,
8,6,0.6,0.00811111111111111,90.0,-0.999819769329431,10,1,1,0,0.02654605561975539,105.88095398775754
8,7,0.6,0.01,2.7777777777777777,-0.9928258270227184,10,1,0,0,0.13482321547698467,12.561571304689432
8,8,0.6,0.01888888888888889,722.2222222222222,-0.9999476936757038,10,1,1,0,0.01445439770745928,215.04094723088633
8,9,0.6,0.03666666666666667,90.0,-0.999185517011588,10,1,1,0,0.05649369748123028,192.41051717659155
8,10,0.6,0.05444444444444445,81.11111111111111,-0.998658434749278,10,1,1,0,0.07244359600749899,189.6284942332789
8,11,0.6,0.07222222222222222,100.0,-0.9985565980125465,10,1,1,0,0.07550922276654341,127.17424305066523
8,12,0.6,0.09,188.88888888888889,-0.9990475126557345,10,1,1,0,0.061376200516479455,193.06742552663715
8,13,0.6,0.18888888888888888,633.3333333333333,-0.9994036866197801,10,1,1,0,0.048752849010338654,214.99239461505636
8,14,0.6,0.4555555555555556,45.55555555555556,-0.9801980198019802,10,1,1,0,0.27711807871914607,74.606470752128
8,15,0.6,0.7222222222222222,36.66666666666667,-0.9613670133729569,10,1,1,0,0.3863909272848566,49.69652288399443
8,16,0.6,1.0,45.55555555555556,-0.9570405727923628,10,1,1,0,0.40860573715810544,59.91280734472567
8,17,0.6,3.6666666666666665,544.4444444444445,-0.9866207176160553,10,1,1,0,0.23088725817211475,369.4584812138578
8,18,0.6,8.11111111111111,900.0,-0.9821363024593173,10,1,1,0,0.2669112741827885,433.6371948987536
8,19,0.6,100.0,3000.0,-0.9354838709677419,10,1,1,0,0.5070713809206138,629.2263571179011
8,20,0.6,0.001,0.009,-0.8000000000000002,10,1,0,0,0.05970352865838372,10.496687751223808
8,21,0.6,0.003666666666666667,0.05444444444444445,-0.8738049713193117,10,0,0,0,,
8,22,0.6,0.0054444444444444445,0.0811111111111111,-0.8741976893453145,10,0,0,0,,
8,23,0.6,0.007222222222222223,0.09,-0.8514285714285713,10,0,0,0,,
8,24,0.6,0.01,0.18888888888888888,-0.8994413407821228,10,0,0,0,,
8,25,0.6,0.04555555555555556,0.5444444444444445,-0.8455743879472692,10,0,0,0,,
8,26,0.6,0.06333333333333332,0.6333333333333333,-0.8181818181818181,10,0,0,0,,
8,27,0.6,0.0811111111111111,0.9,-0.8346545866364665,10,0,0,0,,
8,28,0.6,0.2777777777777778,2.7777777777777777,-0.8181818181818182,10,0,0,0,,
8,29,0.6,0.4555555555555556,7.222222222222221,-0.8813314037626627,10,0,0,0,,
8,30,0.6,0.6333333333333333,9.0,-0.8685121107266437,10,0,0,0,,
8,31,0.6,0.9,9.0,-0.8181818181818181,10,0,0,0,,
8,32,0.6,3.6666666666666665,36.66666666666667,-0.8181818181818183,10,1,1,0,0.8408939292861908,44.49981686448695
8,33,0.6,5.444444444444445,63.333333333333336,-0.8416801292407108,10,1,1,0,0.7874583055370247,75.4617813419808
8,34,0.6,7.222222222222221,72.22222222222223,-0.818181818181818,10,1,1,0,0.8444963308872581,87.33251379157203
8,35,0.6,10.0,100.0,-0.8181818181818182,10,1,1,0,0.8450967311541027,119.68974021654441
8,36,0.6,36.66666666666667,633.3333333333333,-0.8905472636815921,10,1,1,0,0.6589726484322881,705.3385581186603
8,37,0.6,54.44444444444444,900.0,-0.8859138533178114,10,1,1,0,0.6727818545697131,874.8804329053627
8,38,0.6,72.22222222222223,1000.0,-0.8652849740932643,10,1,1,0,0.7304202801867912,597.6786924604768
8,39,0.6,277.77777777777777,3000.0,-0.8305084745762712,10,1,1,0,0.8186791194129419,751.2836737421112
8,40,0.6,0.001,0.006333333333333334,-0.7272727272727273,10,1,0,0,0.056754460540854715,11.022675244734176
8,41,0.6,0.004555555555555556,0.027777777777777776,-0.718213058419244,10,0,0,0,,
8,42,0.6,0.006333333333333334,0.05444444444444445,-0.7915904936014624,10,0,0,0,,
8,43,0.6,0.00811111111111111,0.07222222222222222,-0.7980636237897648,10,0,0,0,,
8,44,0.6,0.01,0.0811111111111111,-0.7804878048780489,10,0,0,0,,
8,45,0.6,0.05444444444444445,0.3666666666666667,-0.7414248021108178,10,0,0,0,,
8,46,0.6,0.07222222222222222,0.5444444444444445,-0.7657657657657659,10,0,0,0,,
8,47,0.6,0.09,0.6333333333333333,-0.751152073732719,10,0,0,0,,
8,48,0.6,0.3666666666666667,2.7777777777777777,-0.7667844522968198,10,0,0,0,,
8,49,0.6,0.6333333333333333,4.555555555555555,-0.7558886509635975,10,0,0,0,,
8,50,0.6,0.8111111111111111,5.444444444444445,-0.7406749555950267,10,0,0,0,,
8,51,0.6,1.0,6.333333333333333,-0.7272727272727273,10,0,0,0,,
8,52,0.6,4.555555555555555,36.66666666666667,-0.7789757412398921,10,1,1,0,0.9267511674449632,46.2526489312276
8,53,0.6,7.222222222222221,45.55555555555556,-0.7263157894736842,10,0,0,0,,
8,54,0.6,9.0,54.44444444444444,-0.7162872154115587,10,0,0,0,,
8,55,0.6,10.0,81.11111111111111,-0.7804878048780488,10,1,1,0,0.9273515677118078,100.28422660572508
8,56,0.6,54.44444444444444,455.55555555555554,-0.7864923747276688,10,1,1,0,0.9177451634422948,512.4861093881262
8,57,0.6,72.22222222222223,633.3333333333333,-0.7952755905511812,10,1,1,0,0.8985323549032688,582.2694659940552
8,58,0.6,90.0,722.2222222222222,-0.7783857729138167,10,1,1,0,0.9345563709139425,668.1168348861821
8,59,0.6,455.55555555555554,3000.0,-0.7363344051446945,10,0,0,0,,
8,60,0.6,0.001,0.004555555555555556,-0.64,10,1,0,0,0.05345643593969719,11.69373121193612
8,61,0.6,0.001888888888888889,0.01,-0.6822429906542055,10,0,0,0,,
8,62,0.6,0.006333333333333334,0.027777777777777776,-0.6286644951140065,10,0,0,0,,
8,63,0.6,0.009,0.03666666666666667,-0.6058394160583941,10,0,0,0,,
8,64,0.6,0.01888888888888889,0.0811111111111111,-0.6222222222222222,10,0,0,0,,
8,65,0.6,0.04555555555555556,0.18888888888888888,-0.6113744075829383,10,0,0,0,,
8,66,0.6,0.0811111111111111,0.3666666666666667,-0.6377171215880892,10,0,0,0,,
8,67,0.6,0.1,0.5444444444444445,-0.6896551724137931,10,0,0,0,,
8,68,0.6,0.3666666666666667,1.8888888888888888,-0.6748768472906403,10,0,0,0,,
8,69,0.6,0.7222222222222222,3.6666666666666665,-0.6708860759493671,10,0,0,0,,
8,70,0.6,0.9,4.555555555555555,-0.670061099796334,10,0,0,0,,
8,71,0.6,1.8888888888888888,9.0,-0.6530612244897959,10,0,0,0,,
8,72,0.6,5.444444444444445,27.77777777777778,-0.6722408026755854,10,0,0,0,,
8,73,0.6,9.0,36.66666666666667,-0.6058394160583942,10,0,0,0,,
8,74,0.6,18.88888888888889,81.11111111111111,-0.6222222222222222,10,0,0,0,,
8,75,0.6,45.55555555555556,188.88888888888889,-0.6113744075829383,10,0,0,0,,
8,76,0.6,81.11111111111111,366.66666666666663,-0.6377171215880894,10,0,0,0,,
8,77,0.6,100.0,455.55555555555554,-0.64,10,0,0,0,,
8,78,0.6,188.88888888888889,1000.0,-0.6822429906542056,10,0,0,0,,
8,79,0.6,722.2222222222222,3000.0,-0.6119402985074627,10,0,0,0,,
8,80,0.6,0.001,0.003666666666666667,-0.5714285714285715,10,1,0,0,0.051050499997540646,12.254990949759478
8,81,0.6,0.001888888888888889,0.007222222222222223,-0.5853658536585367,10,0,0,0,,
8,82,0.6,0.0054444444444444445,0.01888888888888889,-0.5525114155251142,10,0,0,0,,
8,83,0.6,0.009,0.027777777777777776,-0.5105740181268882,10,0,0,0,,
8,84,0.6,0.01888888888888889,0.07222222222222222,-0.5853658536585367,10,0,0,0,,
8,85,0.6,0.05444444444444445,0.18888888888888888,-0.5525114155251141,10,0,0,0,,
8,86,0.6,0.09,0.2777777777777778,-0.5105740181268883,10,0,0,0,,
8,87,0.6,0.18888888888888888,0.6333333333333333,-0.5405405405405406,10,0,0,0,,
8,88,0.6,0.2777777777777778,1.0,-0.5652173913043479,10,0,0,0,,
8,89,0.6,0.8111111111111111,2.7777777777777777,-0.5479876160990712,10,0,0,0,,
8,90,0.6,1.8888888888888888,6.333333333333333,-0.5405405405405406,10,0,0,0,,
8,91,0.6,2.7777777777777777,10.0,-0.5652173913043478,10,0,0,0,,
8,92,0.6,8.11111111111111,27.77777777777778,-0.5479876160990713,10,0,0,0,,
8,93,0.6,10.0,36.66666666666667,-0.5714285714285715,10,0,0,0,,
8,94,0.6,27.77777777777778,90.0,-0.5283018867924528,10,0,0,0,,
8,95,0.6,72.22222222222223,277.77777777777777,-0.5873015873015872,10,0,0,0,,
8,96,0.6,100.0,366.66666666666663,-0.5714285714285714,10,0,0,0,,
8,97,0.6,277.77777777777777,900.0,-0.5283018867924527,10,0,0,0,,
8,98,0.6,633.3333333333333,2000.0,-0.518987341772152,10,0,0,0,,
8,99,0.6,1000.0,3000.0,-0.5,10,0,0,0,,
8,100,0.6,0.001,0.002777777777777778,-0.47058823529411764,10,1,0,0,0.04764309868054156,13.100802809403264
8,101,0.6,0.001888888888888889,0.0054444444444444445,-0.48484848484848486,10,1,0,0,0.06606934480075957,9.442917134478316
8,102,0.6,0.003666666666666667,0.009,-0.4210526315789473,10,0,0,0,,
8,103,0.6,0.007222222222222223,0.01888888888888889,-0.4468085106382978,10,0,0,0,,
8,104,0.6,0.01888888888888889,0.05444444444444445,-0.4848484848484849,10,0,0,0,,
8,105,0.6,0.027777777777777776,0.0811111111111111,-0.4897959183673469,10,0,0,0,,
8,106,0.6,0.06333333333333332,0.18888888888888888,-0.4977973568281938,10,0,0,0,,
8,107,0.6,0.18888888888888888,0.4555555555555556,-0.4137931034482759,10,0,0,0,,
8,108,0.6,0.2777777777777778,0.8111111111111111,-0.48979591836734687,10,0,0,0,,
8,109,0.6,0.6333333333333333,1.8888888888888888,-0.4977973568281938,10,0,0,0,,
8,110,0.6,1.0,2.7777777777777777,-0.47058823529411764,10,0,0,0,,
8,111,0.6,2.7777777777777777,7.222222222222221,-0.44444444444444436,10,0,0,0,,
8,112,0.6,3.6666666666666665,10.0,-0.46341463414634154,10,0,0,0,,
8,113,0.6,10.0,27.77777777777778,-0.47058823529411764,10,0,0,0,,
8,114,0.6,27.77777777777778,72.22222222222223,-0.4444444444444445,10,0,0,0,,
8,115,0.6,36.66666666666667,90.0,-0.4210526315789473,10,0,0,0,,
8,116,0.6,72.22222222222223,188.88888888888889,-0.4468085106382979,10,0,0,0,,
8,117,0.6,188.88888888888889,544.4444444444445,-0.4848484848484848,10,0,0,0,,
8,118,0.6,366.66666666666663,900.0,-0.42105263157894746,10,0,0,0,,
8,119,0.6,811.1111111111111,2000.0,-0.42292490118577075,10,0,0,0,,
8,120,0.6,0.001,0.001888888888888889,-0.3076923076923077,10,1,0,0,0.04265795188015926,14.621266729256233
8,121,0.6,0.002777777777777778,0.006333333333333334,-0.39024390243902446,10,0,0,0,,
8,122,0.6,0.004555555555555556,0.009,-0.3278688524590163,10,0,0,0,,
8,123,0.6,0.009,0.01888888888888889,-0.354581673306773,10,0,0,0,,
8,124,0.6,0.027777777777777776,0.05444444444444445,-0.3243243243243244,10,0,0,0,,
8,125,0.6,0.03666666666666667,0.0811111111111111,-0.3773584905660377,10,0,0,0,,
8,126,0.6,0.0811111111111111,0.18888888888888888,-0.39917695473251025,10,0,0,0,,
8,127,0.6,0.18888888888888888,0.3666666666666667,-0.32000000000000006,10,0,0,0,,
8,128,0.6,0.3666666666666667,0.7222222222222222,-0.3265306122448979,10,0,0,0,,
8,129,0.6,0.4555555555555556,1.0,-0.37404580152671746,10,0,0,0,,
8,130,0.6,1.8888888888888888,3.6666666666666665,-0.32,10,0,0,0,,
8,131,0.6,3.6666666666666665,7.222222222222221,-0.32653061224489793,10,0,0,0,,
8,132,0.6,4.555555555555555,10.0,-0.37404580152671757,10,0,0,0,,
8,133,0.6,10.0,18.88888888888889,-0.3076923076923077,10,0,0,0,,
8,134,0.6,27.77777777777778,63.333333333333336,-0.3902439024390244,10,0,0,0,,
8,135,0.6,45.55555555555556,90.0,-0.3278688524590164,10,0,0,0,,
8,136,0.6,90.0,188.88888888888889,-0.35458167330677287,10,0,0,0,,
8,137,0.6,277.77777777777777,544.4444444444445,-0.32432432432432434,10,0,0,0,,
8,138,0.6,366.66666666666663,811.1111111111111,-0.3773584905660377,10,0,0,0,,
8,139,0.6,1000.0,2000.0,-0.3333333333333333,10,0,0,0,,
8,140,0.6,0.002777777777777778,0.004555555555555556,-0.2424242424242424,10,0,0,0,,
8,141,0.6,0.004555555555555556,0.007222222222222223,-0.22641509433962265,10,0,0,0,,
8,142,0.6,0.0054444444444444445,0.009,-0.2461538461538461,10,0,0,0,,
8,143,0.6,0.006333333333333334,0.01,-0.2244897959183673,10,0,0,0,,
8,144,0.6,0.03666666666666667,0.06333333333333332,-0.2666666666666666,10,0,0,0,,
8,145,0.6,0.05444444444444445,0.09,-0.24615384615384614,10,0,0,0,,
8,146,0.6,0.06333333333333332,0.1,-0.22448979591836743,10,0,0,0,,
8,147,0.6,0.3666666666666667,0.6333333333333333,-0.2666666666666666,10,0,0,0,,
8,148,0.6,0.4555555555555556,0.8111111111111111,-0.2807017543859649,10,0,0,0,,
8,149,0.6,0.5444444444444445,1.0,-0.29496402877697836,10,0,0,0,,
8,150,0.6,3.6666666666666665,6.333333333333333,-0.26666666666666666,10,0,0,0,,
8,151,0.6,4.555555555555555,8.11111111111111,-0.2807017543859649,10,0,0,0,,
8,152,0.6,5.444444444444445,10.0,-0.2949640287769784,10,0,0,0,,
8,153,0.6,27.77777777777778,45.55555555555556,-0.2424242424242424,10,0,0,0,,
8,154,0.6,45.55555555555556,72.22222222222223,-0.22641509433962267,10,0,0,0,,
8,155,0.6,54.44444444444444,100.0,-0.2949640287769784,10,0,0,0,,
8,156,0.6,277.77777777777777,455.55555555555554,-0.24242424242424243,10,0,0,0,,
8,157,0.6,455.55555555555554,722.2222222222222,-0.2264150943396226,10,0,0,0,,
8,158,0.6,544.4444444444445,900.0,-0.24615384615384617,10,0,0,0,,
8,159,0.6,2000.0,3000.0,-0.2,10,0,0,0,,
8,160,0.6,0.001888888888888889,0.002777777777777778,-0.19047619047619047,10,1,0,0,0.05395106225151279,11.501905419292184
8,161,0.6,0.003666666666666667,0.0054444444444444445,-0.19512195121951215,10,0,0,0,,
8,162,0.6,0.006333333333333334,0.00811111111111111,-0.123076923076923,10,0,0,0,,
8,163,0.6,0.00811111111111111,0.01,-0.1042944785276074,10,0,0,0,,
8,164,0.6,0.03666666666666667,0.04555555555555556,-0.10810810810810813,10,0,0,0,,
8,165,0.6,0.05444444444444445,0.0811111111111111,-0.1967213114754098,10,0,0,0,,
8,166,0.6,0.07222222222222222,0.1,-0.16129032258064524,10,0,0,0,,
8,167,0.6,0.3666666666666667,0.4555555555555556,-0.10810810810810811,10,0,0,0,,
8,168,0.6,0.5444444444444445,0.7222222222222222,-0.1403508771929824,10,0,0,0,,
8,169,0.6,0.7222222222222222,0.9,-0.10958904109589043,10,0,0,0,,
8,170,0.6,2.7777777777777777,3.6666666666666665,-0.13793103448275862,10,0,0,0,,
8,171,0.6,5.444444444444445,7.222222222222221,-0.1403508771929824,10,0,0,0,,
8,172,0.6,6.333333333333333,9.0,-0.1739130434782609,10,0,0,0,,
8,173,0.6,18.88888888888889,27.77777777777778,-0.19047619047619047,10,0,0,0,,
8,174,0.6,45.55555555555556,63.333333333333336,-0.163265306122449,10,0,0,0,,
8,175,0.6,63.333333333333336,90.0,-0.17391304347826084,10,0,0,0,,
8,176,0.6,81.11111111111111,100.0,-0.10429447852760734,10,0,0,0,,
8,177,0.6,366.66666666666663,544.4444444444445,-0.19512195121951226,10,0,0,0,,
8,178,0.6,633.3333333333333,811.1111111111111,-0.12307692307692313,10,0,0,0,,
8,179,0.6,811.1111111111111,1000.0,-0.10429447852760737,10,0,0,0,,
8,180,0.6,0.001,0.001,0.0,10,1,0,0,0.034197944251370904,18.12850187150963
8,181,0.6,0.004555555555555556,0.0054444444444444445,-0.08888888888888886,10,0,0,0,,
8,182,0.6,0.007222222222222223,0.007222222222222223,0.0,10,0,0,0,,
8,183,0.6,0.009,0.01,-0.05263157894736847,10,0,0,0,,
8,184,0.6,0.04555555555555556,0.04555555555555556,0.0,10,0,0,0,,
8,185,0.6,0.06333333333333332,0.07222222222222222,-0.0655737704918033,10,0,0,0,,
8,186,0.6,0.09,0.09,0.0,10,0,0,0,,
8,187,0.6,0.4555555555555556,0.4555555555555556,0.0,10,0,0,0,,
8,188,0.6,0.6333333333333333,0.7222222222222222,-0.06557377049180328,10,0,0,0,,
8,189,0.6,0.9,0.9,0.0,10,0,0,0,,
8,190,0.6,3.6666666666666665,3.6666666666666665,0.0,10,0,0,0,,
8,191,0.6,6.333333333333333,6.333333333333333,0.0,10,0,0,0,,
8,192,0.6,8.11111111111111,9.0,-0.05194805194805197,10,0,0,0,,
8,193,0.6,36.66666666666667,36.66666666666667,0.0,10,0,0,0,,
8,194,0.6,63.333333333333336,63.333333333333336,0.0,10,0,0,0,,
8,195,0.6,81.11111111111111,90.0,-0.05194805194805193,10,0,0,0,,
8,196,0.6,277.77777777777777,277.77777777777777,0.0,10,0,0,0,,
8,197,0.6,544.4444444444445,633.3333333333333,-0.07547169811320747,10,0,0,0,,
8,198,0.6,811.1111111111111,811.1111111111111,0.0,10,0,0,0,,
8,199,0.6,3000.0,3000.0,0.0,10,0,0,0,,
8,200,0.6,0.0054444444444444445,0.004555555555555556,0.08888888888888886,10,0,0,0,,
8,201,0.6,0.006333333333333334,0.0054444444444444445,0.0754716981132076,10,0,0,0,,
8,202,0.6,0.00811111111111111,0.007222222222222223,0.057971014492753555,10,0,0,0,,
8,203,0.6,0.01,0.009,0.05263157894736847,10,0,0,0,,
8,204,0.6,0.06333333333333332,0.05444444444444445,0.07547169811320745,10,0,0,0,,
8,205,0.6,0.0811111111111111,0.07222222222222222,0.05797101449275364,10,0,0,0,,
8,206,0.6,0.1,0.09,0.05263157894736847,10,0,0,0,,
8,207,0.6,0.5444444444444445,0.4555555555555556,0.0888888888888889,10,0,0,0,,
8,208,0.6,0.7222222222222222,0.6333333333333333,0.06557377049180328,10,0,0,0,,
8,209,0.6,0.9,0.8111111111111111,0.05194805194805195,10,0,0,0,,
8,210,0.6,5.444444444444445,4.555555555555555,0.08888888888888893,10,0,0,0,,
8,211,0.6,7.222222222222221,6.333333333333333,0.06557377049180325,10,0,0,0,,
8,212,0.6,9.0,8.11111111111111,0.05194805194805197,10,0,0,0,,
8,213,0.6,10.0,9.0,0.05263157894736842,10,0,0,0,,
8,214,0.6,63.333333333333336,54.44444444444444,0.07547169811320759,10,0,0,0,,
8,215,0.6,81.11111111111111,72.22222222222223,0.057971014492753596,10,0,0,0,,
8,216,0.6,100.0,90.0,0.05263157894736842,10,0,0,0,,
8,217,0.6,633.3333333333333,544.4444444444445,0.07547169811320747,10,0,0,0,,
8,218,0.6,811.1111111111111,722.2222222222222,0.057971014492753645,10,0,0,0,,
8,219,0.6,1000.0,900.0,0.05263157894736842,10,0,0,0,,
8,220,0.6,0.002777777777777778,0.001888888888888889,0.19047619047619047,10,1,0,0,0.04897788193684462,12.71660907895962
8,221,0.6,0.0054444444444444445,0.003666666666666667,0.19512195121951215,10,0,0,0,,
8,222,0.6,0.00811111111111111,0.006333333333333334,0.123076923076923,10,0,0,0,,
8,223,0.6,0.01,0.00811111111111111,0.1042944785276074,10,0,0,0,,
8,224,0.6,0.05444444444444445,0.03666666666666667,0.19512195121951223,10,0,0,0,,
8,225,0.6,0.0811111111111111,0.05444444444444445,0.1967213114754098,10,0,0,0,,
8,226,0.6,0.1,0.07222222222222222,0.16129032258064524,10,0,0,0,,
8,227,0.6,0.4555555555555556,0.3666666666666667,0.10810810810810811,10,0,0,0,,
8,228,0.6,0.8111111111111111,0.5444444444444445,0.19672131147540978,10,0,0,0,,
8,229,0.6,1.0,0.7222222222222222,0.16129032258064516,10,0,0,0,,
8,230,0.6,3.6666666666666665,2.7777777777777777,0.13793103448275862,10,0,0,0,,
8,231,0.6,7.222222222222221,5.444444444444445,0.1403508771929824,10,0,0,0,,
8,232,0.6,9.0,7.222222222222221,0.10958904109589046,10,0,0,0,,
8,233,0.6,36.66666666666667,27.77777777777778,0.13793103448275865,10,0,0,0,,
8,234,0.6,72.22222222222223,54.44444444444444,0.1403508771929825,10,0,0,0,,
8,235,0.6,90.0,63.333333333333336,0.17391304347826084,10,0,0,0,,
8,236,0.6,277.77777777777777,188.88888888888889,0.1904761904761905,10,0,0,0,,
8,237,0.6,633.3333333333333,455.55555555555554,0.16326530612244894,10,0,0,0,,
8,238,0.6,900.0,633.3333333333333,0.17391304347826092,10,0,0,0,,
8,239,0.6,3000.0,2000.0,0.2,10,0,0,0,,
8,240,0.6,0.004555555555555556,0.002777777777777778,0.2424242424242424,10,1,0,0,0.05997910762555094,10.395479719240202
8,241,0.6,0.007222222222222223,0.004555555555555556,0.22641509433962265,10,0,0,0,,
8,242,0.6,0.009,0.0054444444444444445,0.2461538461538461,10,0,0,0,,
8,243,0.6,0.01,0.006333333333333334,0.2244897959183673,10,0,0,0,,
8,244,0.6,0.06333333333333332,0.03666666666666667,0.2666666666666666,10,0,0,0,,
8,245,0.6,0.0811111111111111,0.04555555555555556,0.2807017543859649,10,0,0,0,,
8,246,0.6,0.1,0.05444444444444445,0.2949640287769784,10,0,0,0,,
8,247,0.6,0.6333333333333333,0.3666666666666667,0.2666666666666666,10,0,0,0,,
8,248,0.6,0.8111111111111111,0.4555555555555556,0.2807017543859649,10,0,0,0,,
8,249,0.6,1.0,0.5444444444444445,0.29496402877697836,10,0,0,0,,
8,250,0.6,4.555555555555555,2.7777777777777777,0.24242424242424243,10,0,0,0,,
8,251,0.6,7.222222222222221,4.555555555555555,0.22641509433962262,10,0,0,0,,
8,252,0.6,9.0,5.444444444444445,0.24615384615384614,10,0,0,0,,
8,253,0.6,45.55555555555556,27.77777777777778,0.2424242424242424,10,0,0,0,,
8,254,0.6,72.22222222222223,45.55555555555556,0.22641509433962267,10,0,0,0,,
8,255,0.6,90.0,54.44444444444444,0.24615384615384614,10,0,0,0,,
8,256,0.6,100.0,63.333333333333336,0.22448979591836732,10,0,0,0,,
8,257,0.6,633.3333333333333,366.66666666666663,0.26666666666666666,10,0,0,0,,
8,258,0.6,811.1111111111111,455.55555555555554,0.28070175438596495,10,0,0,0,,
8,259,0.6,1000.0,633.3333333333333,0.2244897959183674,10,0,0,0,,
8,260,0.6,0.001888888888888889,0.001,0.3076923076923077,10,1,0,0,0.03647539469256077,17.09581414203661
8,261,0.6,0.006333333333333334,0.002777777777777778,0.39024390243902446,10,1,0,0,0.061376200516479455,10.134741051179464
8,262,0.6,0.009,0.004555555555555556,0.3278688524590163,10,0,0,0,,
8,263,0.6,0.01888888888888889,0.009,0.354581673306773,10,0,0,0,,
8,264,0.6,0.05444444444444445,0.027777777777777776,0.3243243243243244,10,0,0,0,,
8,265,0.6,0.0811111111111111,0.03666666666666667,0.3773584905660377,10,0,0,0,,
8,266,0.6,0.18888888888888888,0.0811111111111111,0.39917695473251025,10,0,0,0,,
8,267,0.6,0.3666666666666667,0.18888888888888888,0.32000000000000006,10,0,0,0,,
8,268,0.6,0.7222222222222222,0.3666666666666667,0.3265306122448979,10,0,0,0,,
8,269,0.6,1.0,0.4555555555555556,0.37404580152671746,10,0,0,0,,
8,270,0.6,3.6666666666666665,1.8888888888888888,0.32,10,0,0,0,,
8,271,0.6,7.222222222222221,3.6666666666666665,0.32653061224489793,10,0,0,0,,
8,272,0.6,10.0,4.555555555555555,0.37404580152671757,10,0,0,0,,
8,273,0.6,18.88888888888889,10.0,0.3076923076923077,10,0,0,0,,
8,274,0.6,63.333333333333336,27.77777777777778,0.3902439024390244,10,0,0,0,,
8,275,0.6,90.0,45.55555555555556,0.3278688524590164,10,0,0,0,,
8,276,0.6,188.88888888888889,90.0,0.35458167330677287,10,0,0,0,,
8,277,0.6,544.4444444444445,277.77777777777777,0.32432432432432434,10,0,0,0,,
8,278,0.6,811.1111111111111,366.66666666666663,0.3773584905660377,10,0,0,0,,
8,279,0.6,2000.0,1000.0,0.3333333333333333,10,0,0,0,,
8,280,0.6,0.002777777777777778,0.001,0.47058823529411764,10,1,0,0,0.03732501577957206,16.71129948483908
8,281,0.6,0.0054444444444444445,0.001888888888888889,0.48484848484848486,10,1,0,0,0.05128613839913648,12.124548313854595
8,282,0.6,0.009,0.003666666666666667,0.4210526315789473,10,0,0,0,,
8,283,0.6,0.01888888888888889,0.007222222222222223,0.4468085106382978,10,0,0,0,,
8,284,0.6,0.05444444444444445,0.01888888888888889,0.4848484848484849,10,0,0,0,,
8,285,0.6,0.09,0.03666666666666667,0.4210526315789474,10,0,0,0,,
8,286,0.6,0.18888888888888888,0.07222222222222222,0.44680851063829796,10,0,0,0,,
8,287,0.6,0.4555555555555556,0.18888888888888888,0.4137931034482759,10,0,0,0,,
8,288,0.6,0.8111111111111111,0.2777777777777778,0.48979591836734687,10,0,0,0,,
8,289,0.6,1.8888888888888888,0.6333333333333333,0.4977973568281938,10,0,0,0,,
8,290,0.6,4.555555555555555,1.8888888888888888,0.4137931034482758,10,0,0,0,,
8,291,0.6,8.11111111111111,2.7777777777777777,0.48979591836734687,10,0,0,0,,
8,292,0.6,18.88888888888889,6.333333333333333,0.4977973568281939,10,0,0,0,,
8,293,0.6,27.77777777777778,10.0,0.47058823529411764,10,0,0,0,,
8,294,0.6,72.22222222222223,27.77777777777778,0.4444444444444445,10,0,0,0,,
8,295,0.6,100.0,36.66666666666667,0.4634146341463414,10,0,0,0,,
8,296,0.6,277.77777777777777,100.0,0.47058823529411764,10,0,0,0,,
8,297,0.6,722.2222222222222,277.77777777777777,0.4444444444444444,10,0,0,0,,
8,298,0.6,1000.0,366.66666666666663,0.46341463414634154,10,0,0,0,,
8,299,0.6,3000.0,1000.0,0.5,10,0,0,0,,
8,300,0.6,0.003666666666666667,0.001,0.5714285714285715,10,1,0,0,0.037844258471709316,16.47853335744831
8,301,0.6,0.007222222222222223,0.001888888888888889,0.5853658536585367,10,1,0,0,0.05199959965335162,12.006098866917924
8,302,0.6,0.01888888888888889,0.0054444444444444445,0.5525114155251142,10,0,0,0,,
8,303,0.6,0.027777777777777776,0.009,0.5105740181268882,10,0,0,0,,
8,304,0.6,0.07222222222222222,0.01888888888888889,0.5853658536585367,10,0,0,0,,
8,305,0.6,0.1,0.027777777777777776,0.5652173913043479,10,0,0,0,,
8,306,0.6,0.2777777777777778,0.0811111111111111,0.5479876160990712,10,0,0,0,,
8,307,0.6,0.6333333333333333,0.18888888888888888,0.5405405405405406,10,0,0,0,,
8,308,0.6,1.0,0.2777777777777778,0.5652173913043479,10,0,0,0,,
8,309,0.6,2.7777777777777777,0.8111111111111111,0.5479876160990712,10,0,0,0,,
8,310,0.6,3.6666666666666665,1.0,0.5714285714285715,10,0,0,0,,
8,311,0.6,9.0,2.7777777777777777,0.5283018867924528,10,0,0,0,,
8,312,0.6,27.77777777777778,7.222222222222221,0.5873015873015873,10,0,0,0,,
8,313,0.6,36.66666666666667,10.0,0.5714285714285715,10,0,0,0,,
8,314,0.6,90.0,27.77777777777778,0.5283018867924528,10,0,0,0,,
8,315,0.6,188.88888888888889,54.44444444444444,0.5525114155251143,10,0,0,0,,
8,316,0.6,277.77777777777777,90.0,0.5105740181268882,10,0,0,0,,
8,317,0.6,722.2222222222222,188.88888888888889,0.5853658536585366,10,0,0,0,,
8,318,0.6,2000.0,544.4444444444445,0.572052401746725,10,0,0,0,,
8,319,0.6,3000.0,900.0,0.5384615384615384,10,0,0,0,,
8,320,0.6,0.004555555555555556,0.001,0.64,10,1,0,0,0.038018939632056124,16.35331517484326
8,321,0.6,0.01,0.001888888888888889,0.6822429906542055,10,1,0,0,0.052480746024977286,11.828466710482704
8,322,0.6,0.027777777777777776,0.006333333333333334,0.6286644951140065,10,0,0,0,,
8,323,0.6,0.04555555555555556,0.00811111111111111,0.6977225672877847,10,0,0,0,,
8,324,0.6,0.0811111111111111,0.01888888888888889,0.6222222222222222,10,0,0,0,,
8,325,0.6,0.18888888888888888,0.04555555555555556,0.6113744075829383,10,0,0,0,,
8,326,0.6,0.3666666666666667,0.0811111111111111,0.6377171215880892,10,0,0,0,,
8,327,0.6,0.5444444444444445,0.1,0.6896551724137931,10,0,0,0,,
8,328,0.6,1.8888888888888888,0.3666666666666667,0.6748768472906403,10,0,0,0,,
8,329,0.6,3.6666666666666665,0.7222222222222222,0.6708860759493671,10,0,0,0,,
8,330,0.6,4.555555555555555,0.9,0.670061099796334,10,0,0,0,,
8,331,0.6,9.0,1.8888888888888888,0.6530612244897959,10,0,0,0,,
8,332,0.6,27.77777777777778,5.444444444444445,0.6722408026755854,10,0,0,0,,
8,333,0.6,45.55555555555556,8.11111111111111,0.6977225672877846,10,0,0,0,,
8,334,0.6,81.11111111111111,18.88888888888889,0.6222222222222222,10,0,0,0,,
8,335,0.6,188.88888888888889,45.55555555555556,0.6113744075829383,10,0,0,0,,
8,336,0.6,366.66666666666663,81.11111111111111,0.6377171215880894,10,0,0,0,,
8,337,0.6,455.55555555555554,100.0,0.64,10,0,0,0,,
8,338,0.6,1000.0,188.88888888888889,0.6822429906542056,10,0,0,0,,
8,339,0.6,3000.0,722.2222222222222,0.6119402985074627,10,0,0,0,,
8,340,0.6,0.006333333333333334,0.001,0.7272727272727273,10,1,0,0,0.03837072454922788,16.183408446357284
8,341,0.6,0.03666666666666667,0.004555555555555556,0.7789757412398922,10,0,0,0,,
8,342,0.6,0.05444444444444445,0.006333333333333334,0.7915904936014624,10,0,0,0,,
8,343,0.6,0.06333333333333332,0.009,0.7511520737327189,10,0,0,0,,
8,344,0.6,0.09,0.01,0.8,10,0,0,0,,
8,345,0.6,0.3666666666666667,0.06333333333333332,0.7054263565891472,10,0,0,0,,
8,346,0.6,0.5444444444444445,0.0811111111111111,0.7406749555950266,10,0,0,0,,
8,347,0.6,0.7222222222222222,0.0811111111111111,0.7980636237897648,10,0,0,0,,
8,348,0.6,2.7777777777777777,0.3666666666666667,0.7667844522968198,10,0,0,0,,
8,349,0.6,4.555555555555555,0.6333333333333333,0.7558886509635975,10,0,0,0,,
8,350,0.6,6.333333333333333,0.7222222222222222,0.795275590551181,10,0,0,0,,
8,351,0.6,7.222222222222221,1.0,0.7567567567567567,10,0,0,0,,
8,352,0.6,36.66666666666667,4.555555555555555,0.7789757412398921,10,0,0,0,,
8,353,0.6,54.44444444444444,6.333333333333333,0.7915904936014625,10,0,0,0,,
8,354,0.6,63.333333333333336,9.0,0.7511520737327189,10,0,0,0,,
8,355,0.6,90.0,10.0,0.8,10,0,0,0,,
8,356,0.6,366.66666666666663,63.333333333333336,0.7054263565891473,10,0,0,0,,
8,357,0.6,544.4444444444445,81.11111111111111,0.7406749555950267,10,0,0,0,,
8,358,0.6,722.2222222222222,81.11111111111111,0.7980636237897649,10,0,0,0,,
8,359,0.6,3000.0,455.55555555555554,0.7363344051446945,10,0,0,0,,
8,360,0.6,0.009,0.001,0.8000000000000002,10,1,0,0,0.038725764492161724,16.11544542549038
8,361,0.6,0.04555555555555556,0.003666666666666667,0.8510158013544019,10,0,0,0,,
8,362,0.6,0.07222222222222222,0.0054444444444444445,0.8597997138769671,10,0,0,0,,
8,363,0.6,0.09,0.006333333333333334,0.8685121107266437,10,0,0,0,,
8,364,0.6,0.18888888888888888,0.01,0.8994413407821228,10,0,0,0,,
8,365,0.6,0.5444444444444445,0.04555555555555556,0.8455743879472692,10,0,0,0,,
8,366,0.6,0.8111111111111111,0.04555555555555556,0.8936446173800259,10,0,0,0,,
8,367,0.6,0.9,0.09,0.8181818181818182,10,0,0,0,,
8,368,0.6,2.7777777777777777,0.2777777777777778,0.8181818181818182,10,0,0,0,,
8,369,0.6,6.333333333333333,0.4555555555555556,0.8657937806873977,10,0,0,0,,
8,370,0.6,8.11111111111111,0.7222222222222222,0.8364779874213837,10,0,0,0,,
8,371,0.6,10.0,0.7222222222222222,0.8652849740932644,10,0,0,0,,
8,372,0.6,45.55555555555556,2.7777777777777777,0.8850574712643677,10,0,0,0,,
8,373,0.6,72.22222222222223,4.555555555555555,0.8813314037626627,10,0,0,0,,
8,374,0.6,90.0,5.444444444444445,0.8859138533178115,10,0,0,0,,
8,375,0.6,100.0,10.0,0.8181818181818182,10,0,0,0,,
8,376,0.6,544.4444444444445,36.66666666666667,0.8738049713193117,10,0,0,0,,
8,377,0.6,722.2222222222222,72.22222222222223,0.8181818181818182,10,0,0,0,,
8,378,0.6,900.0,81.11111111111111,0.8346545866364666,10,0,0,0,,
8,379,0.6,3000.0,277.77777777777777,0.8305084745762712,10,0,0,0,,
8,380,0.6,0.027777777777777776,0.001,0.9305019305019304,10,1,0,0,0.039084089579240214,15.815722454093748
8,381,0.6,0.4555555555555556,0.003666666666666667,0.9840309702395356,10,0,0,0,,
8,382,0.6,0.9,0.003666666666666667,0.9918849133161194,10,0,0,0,,
8,383,0.6,2.7777777777777777,0.0811111111111111,0.94325689856199,10,0,0,0,,
8,384,0.6,5.444444444444445,0.09,0.9674764103593656,10,0,0,0,,
8,385,0.6,8.11111111111111,0.04555555555555556,0.98882985969214,10,0,0,0,,
8,386,0.6,18.88888888888889,0.006333333333333334,0.9993296365336328,10,0,0,0,,
8,387,0.6,36.66666666666667,0.01888888888888889,0.998970227458582,10,0,0,0,,
8,388,0.6,54.44444444444444,0.027777777777777776,0.9989801121876594,10,0,0,0,,
8,389,0.6,72.22222222222223,0.027777777777777776,0.9992310649750098,10,0,0,0,,
8,390,0.6,90.0,0.009,0.9998000199980002,10,0,0,0,,
8,391,0.6,188.88888888888889,0.0054444444444444445,0.9999423546027204,10,0,0,0,,
8,392,0.6,277.77777777777777,1.0,0.9928258270227183,10,0,0,0,,
8,393,0.6,455.55555555555554,0.03666666666666667,0.9998390373457745,10,0,0,0,,
8,394,0.6,544.4444444444445,7.222222222222221,0.9738167170191341,10,0,0,0,,
8,395,0.6,722.2222222222222,0.06333333333333332,0.9998246307631483,10,0,0,0,,
8,396,0.6,811.1111111111111,8.11111111111111,0.9801980198019803,10,0,0,0,,
8,397,0.6,1000.0,0.04555555555555556,0.9999088930393171,10,0,0,0,,
8,398,0.6,2000.0,5.444444444444445,0.9945703363067206,10,0,0,0,,
8,399,0.6,3000.0,100.0,0.9354838709677419,10,0,0,0,,
9,0,0.7,0.001,0.027777777777777776,-0.9305019305019304,10,0,0,0,,
9,1,0.7,0.001888888888888889,0.7222222222222222,-0.9947828755562373,10,1,0,0,0.07979946872679769,11.003971629310733
9,2,0.7,0.002777777777777778,54.44444444444444,-0.9998979643895719,10,1,1,0,0.019054607179632484,196.46711831036737
9,3,0.7,0.004555555555555556,0.1,-0.9128586609989372,10,0,0,0,,
9,4,0.7,0.0054444444444444445,45.55555555555556,-0.9997610041726721,10,1,1,0,0.029107171180666053,149.96258529791788
9,5,0.7,0.007222222222222223,0.5444444444444445,-0.9738167170191339,10,0,0,0,,
9,6,0.7,0.00811111111111111,90.0,-0.999819769329431,10,1,1,0,0.025468302525850417,154.6884628799293
9,7,0.7,0.01,2.7777777777777777,-0.9928258270227184,10,1,0,0,0.13182121414276185,13.281500150516806
9,8,0.7,0.01888888888888889,722.2222222222222,-0.9999476936757038,10,1,1,0,0.013803842646028852,205.4115570182084
9,9,0.7,0.03666666666666667,90.0,-0.999185517011588,10,1,1,0,0.05395106225151279,156.74012500195846
9,10,0.7,0.05444444444444445,81.11111111111111,-0.998658434749278,10,1,1,0,0.06918309709189363,149.51893354504952
9,11,0.7,0.07222222222222222,100.0,-0.9985565980125465,10,1,1,0,0.07211074791828997,174.80071700753697
9,12,0.7,0.09,188.88888888888889,-0.9990475126557345,10,1,1,0,0.05861381645140291,197.8742235226243
9,13,0.7,0.18888888888888888,633.3333333333333,-0.9994036866197801,10,1,1,0,0.04655860935229591,216.97929644189267
9,14,0.7,0.4555555555555556,45.55555555555556,-0.9801980198019802,10,1,1,0,0.26511007338225484,83.73145836606558
9,15,0.7,0.7222222222222222,36.66666666666667,-0.9613670133729569,10,1,1,0,0.3689793195463642,56.756431977574145
9,16,0.7,1.0,45.55555555555556,-0.9570405727923628,10,1,1,0,0.39059372915276847,68.76448297250356
9,17,0.7,3.6666666666666665,544.4444444444445,-0.9866207176160553,10,1,1,0,0.22008005336891262,172.89712783607285
9,18,0.7,8.11111111111111,900.0,-0.9821363024593173,10,1,1,0,0.25490326884589726,358.664459562323
9,19,0.7,100.0,3000.0,-0.9354838709677419,10,1,1,0,0.4830553702468312,551.6486559414492
9,20,0.7,0.001,0.009,-0.8000000000000002,10,1,0,0,0.05970352865838372,9.910523231866522
9,21,0.7,0.003666666666666667,0.05444444444444445,-0.8738049713193117,10,0,0,0,,
9,22,0.7,0.0054444444444444445,0.0811111111111111,-0.8741976893453145,10,0,0,0,,
9,23,0.7,0.007222222222222223,0.09,-0.8514285714285713,10,0,0,0,,
9,24,0.7,0.01,0.18888888888888888,-0.8994413407821228,10,0,0,0,,
9,25,0.7,0.04555555555555556,0.5444444444444445,-0.8455743879472692,10,0,0,0,,
9,26,0.7,0.06333333333333332,0.6333333333333333,-0.8181818181818181,10,0,0,0,,
9,27,0.7,0.0811111111111111,0.9,-0.8346545866364665,10,0,0,0,,
9,28,0.7,0.2777777777777778,2.7777777777777777,-0.8181818181818182,10,0,0,0,,
9,29,0.7,0.4555555555555556,7.222222222222221,-0.8813314037626627,10,0,0,0,,
9,30,0.7,0.6333333333333333,9.0,-0.8685121107266437,10,0,0,0,,
9,31,0.7,0.9,9.0,-0.8181818181818181,10,0,0,0,,
9,32,0.7,3.6666666666666665,36.66666666666667,-0.8181818181818183,10,1,1,0,0.8012675116744495,50.564698415663436
9,33,0.7,5.444444444444445,63.333333333333336,-0.8416801292407108,10,1,1,0,0.7508338892595062,86.34027075135032
9,34,0.7,7.222222222222221,72.22222222222223,-0.818181818181818,10,1,1,0,0.8042695130086723,99.44531691034955
9,35,0.7,10.0,100.0,-0.8181818181818182,10,1,1,0,0.8054703135423615,135.9907214895292
9,36,0.7,36.66666666666667,633.3333333333333,-0.8905472636815921,10,1,1,0,0.6277518345563708,515.0067320181802
9,37,0.7,54.44444444444444,900.0,-0.8859138533178114,10,1,1,0,0.6409606404269512,784.7460704645263
9,38,0.7,72.22222222222223,1000.0,-0.8652849740932643,10,1,1,0,0.696197464976651,933.9928577847171
9,39,0.7,277.77777777777777,3000.0,-0.8305084745762712,10,1,1,0,0.7796531020680453,1172.0167977361125
9,40,0.7,0.001,0.006333333333333334,-0.7272727272727273,10,1,0,0,0.05623413251903491,10.498265222571519
9,41,0.7,0.004555555555555556,0.027777777777777776,-0.718213058419244,10,0,0,0,,
9,42,0.7,0.006333333333333334,0.05444444444444445,-0.7915904936014624,10,0,0,0,,
9,43,0.7,0.00811111111111111,0.07222222222222222,-0.7980636237897648,10,0,0,0,,
9,44,0.7,0.01,0.0811111111111111,-0.7804878048780489,10,0,0,0,,
9,45,0.7,0.05444444444444445,0.3666666666666667,-0.7414248021108178,10,0,0,0,,
9,46,0.7,0.07222222222222222,0.5444444444444445,-0.7657657657657659,10,0,0,0,,
9,47,0.7,0.09,0.6333333333333333,-0.751152073732719,10,0,0,0,,
9,48,0.7,0.3666666666666667,2.7777777777777777,-0.7667844522968198,10,0,0,0,,
9,49,0.7,0.6333333333333333,4.555555555555555,-0.7558886509635975,10,0,0,0,,
9,50,0.7,0.8111111111111111,5.444444444444445,-0.7406749555950267,10,0,0,0,,
9,51,0.7,1.0,6.333333333333333,-0.7272727272727273,10,0,0,0,,
9,52,0.7,4.555555555555555,36.66666666666667,-0.7789757412398921,10,1,1,0,0.8829219479653101,51.7693609335372
9,53,0.7,7.222222222222221,45.55555555555556,-0.7263157894736842,10,1,1,0,0.9825883922615076,76.6035045113596
9,54,0.7,9.0,54.44444444444444,-0.7162872154115587,10,0,0,0,,
9,55,0.7,10.0,81.11111111111111,-0.7804878048780488,10,1,1,0,0.8829219479653101,113.70470936152643
9,56,0.7,54.44444444444444,455.55555555555554,-0.7864923747276688,10,1,1,0,0.8733155436957971,600.513153971447
9,57,0.7,72.22222222222223,633.3333333333333,-0.7952755905511812,10,1,1,0,0.8553035356904602,667.4227186868493
9,58,0.7,90.0,722.2222222222222,-0.7783857729138167,10,1,1,0,0.8895263509006003,968.5103696131904
9,59,0.7,455.55555555555554,3000.0,-0.7363344051446945,10,1,1,0,0.9687791861240826,1534.363230417517
9,60,0.7,0.001,0.004555555555555556,-0.64,10,1,0,0,0.052480746024977286,11.234617507416875
9,61,0.7,0.001888888888888889,0.01,-0.6822429906542055,10,0,0,0,,
9,62,0.7,0.006333333333333334,0.027777777777777776,-0.6286644951140065,10,0,0,0,,
9,63,0.7,0.009,0.03666666666666667,-0.6058394160583941,10,0,0,0,,
9,64,0.7,0.01888888888888889,0.0811111111111111,-0.6222222222222222,10,0,0,0,,
9,65,0.7,0.04555555555555556,0.18888888888888888,-0.6113744075829383,10,0,0,0,,
9,66,0.7,0.0811111111111111,0.3666666666666667,-0.6377171215880892,10,0,0,0,,
9,67,0.7,0.1,0.5444444444444445,-0.6896551724137931,10,0,0,0,,
9,68,0.7,0.3666666666666667,1.8888888888888888,-0.6748768472906403,10,0,0,0,,
9,69,0.7,0.7222222222222222,3.6666666666666665,-0.6708860759493671,10,0,0,0,,
9,70,0.7,0.9,4.555555555555555,-0.670061099796334,10,0,0,0,,
9,71,0.7,1.8888888888888888,9.0,-0.6530612244897959,10,0,0,0,,
9,72,0.7,5.444444444444445,27.77777777777778,-0.6722408026755854,10,0,0,0,,
9,73,0.7,9.0,36.66666666666667,-0.6058394160583942,10,0,0,0,,
9,74,0.7,18.88888888888889,81.11111111111111,-0.6222222222222222,10,0,0,0,,
9,75,0.7,45.55555555555556,188.88888888888889,-0.6113744075829383,10,0,0,0,,
9,76,0.7,81.11111111111111,366.66666666666663,-0.6377171215880894,10,0,0,0,,
9,77,0.7,100.0,455.55555555555554,-0.64,10,0,0,0,,
9,78,0.7,188.88888888888889,1000.0,-0.6822429906542056,10,0,0,0,,
9,79,0.7,722.2222222222222,3000.0,-0.6119402985074627,10,0,0,0,,
9,80,0.7,0.001,0.003666666666666667,-0.5714285714285715,10,1,0,0,0.04965923214503363,11.82979968844605
9,81,0.7,0.001888888888888889,0.007222222222222223,-0.5853658536585367,10,0,0,0,,
9,82,0.7,0.0054444444444444445,0.01888888888888889,-0.5525114155251142,10,0,0,0,,
9,83,0.7,0.009,0.027777777777777776,-0.5105740181268882,10,0,0,0,,
9,84,0.7,0.01888888888888889,0.07222222222222222,-0.5853658536585367,10,0,0,0,,
9,85,0.7,0.05444444444444445,0.18888888888888888,-0.5525114155251141,10,0,0,0,,
9,86,0.7,0.09,0.2777777777777778,-0.5105740181268883,10,0,0,0,,
9,87,0.7,0.18888888888888888,0.6333333333333333,-0.5405405405405406,10,0,0,0,,
9,88,0.7,0.2777777777777778,1.0,-0.5652173913043479,10,0,0,0,,
9,89,0.7,0.8111111111111111,2.7777777777777777,-0.5479876160990712,10,0,0,0,,
9,90,0.7,1.8888888888888888,6.333333333333333,-0.5405405405405406,10,0,0,0,,
9,91,0.7,2.7777777777777777,10.0,-0.5652173913043478,10,0,0,0,,
9,92,0.7,8.11111111111111,27.77777777777778,-0.5479876160990713,10,0,0,0,,
9,93,0.7,10.0,36.66666666666667,-0.5714285714285715,10,0,0,0,,
9,94,0.7,27.77777777777778,90.0,-0.5283018867924528,10,0,0,0,,
9,95,0.7,72.22222222222223,277.77777777777777,-0.5873015873015872,10,0,0,0,,
9,96,0.7,100.0,366.66666666666663,-0.5714285714285714,10,0,0,0,,
9,97,0.7,277.77777777777777,900.0,-0.5283018867924527,10,0,0,0,,
9,98,0.7,633.3333333333333,2000.0,-0.518987341772152,10,0,0,0,,
9,99,0.7,1000.0,3000.0,-0.5,10,0,0,0,,
9,100,0.7,0.001,0.002777777777777778,-0.47058823529411764,10,1,0,0,0.04613175745603795,12.760286672782113
9,101,0.7,0.001888888888888889,0.0054444444444444445,-0.48484848484848486,10,0,0,0,,
9,102,0.7,0.003666666666666667,0.009,-0.4210526315789473,10,0,0,0,,
9,103,0.7,0.007222222222222223,0.01888888888888889,-0.4468085106382978,10,0,0,0,,
9,104,0.7,0.01888888888888889,0.05444444444444445,-0.4848484848484849,10,0,0,0,,
9,105,0.7,0.027777777777777776,0.0811111111111111,-0.4897959183673469,10,0,0,0,,
9,106,0.7,0.06333333333333332,0.18888888888888888,-0.4977973568281938,10,0,0,0,,
9,107,0.7,0.18888888888888888,0.4555555555555556,-0.4137931034482759,10,0,0,0,,
9,108,0.7,0.2777777777777778,0.8111111111111111,-0.48979591836734687,10,0,0,0,,
9,109,0.7,0.6333333333333333,1.8888888888888888,-0.4977973568281938,10,0,0,0,,
9,110,0.7,1.0,2.7777777777777777,-0.47058823529411764,10,0,0,0,,
9,111,0.7,2.7777777777777777,7.222222222222221,-0.44444444444444436,10,0,0,0,,
9,112,0.7,3.6666666666666665,10.0,-0.46341463414634154,10,0,0,0,,
9,113,0.7,10.0,27.77777777777778,-0.47058823529411764,10,0,0,0,,
9,114,0.7,27.77777777777778,72.22222222222223,-0.4444444444444445,10,0,0,0,,
9,115,0.7,36.66666666666667,90.0,-0.4210526315789473,10,0,0,0,,
9,116,0.7,72.22222222222223,188.88888888888889,-0.4468085106382979,10,0,0,0,,
9,117,0.7,188.88888888888889,544.4444444444445,-0.4848484848484848,10,0,0,0,,
9,118,0.7,366.66666666666663,900.0,-0.42105263157894746,10,0,0,0,,
9,119,0.7,811.1111111111111,2000.0,-0.42292490118577075,10,0,0,0,,
9,120,0.7,0.001,0.001888888888888889,-0.3076923076923077,10,1,0,0,0.04073802778041126,14.397392863872291
9,121,0.7,0.002777777777777778,0.006333333333333334,-0.39024390243902446,10,0,0,0,,
9,122,0.7,0.004555555555555556,0.009,-0.3278688524590163,10,0,0,0,,
9,123,0.7,0.009,0.01888888888888889,-0.354581673306773,10,0,0,0,,
9,124,0.7,0.027777777777777776,0.05444444444444445,-0.3243243243243244,10,0,0,0,,
9,125,0.7,0.03666666666666667,0.0811111111111111,-0.3773584905660377,10,0,0,0,,
9,126,0.7,0.0811111111111111,0.18888888888888888,-0.39917695473251025,10,0,0,0,,
9,127,0.7,0.18888888888888888,0.3666666666666667,-0.32000000000000006,10,0,0,0,,
9,128,0.7,0.3666666666666667,0.7222222222222222,-0.3265306122448979,10,0,0,0,,
9,129,0.7,0.4555555555555556,1.0,-0.37404580152671746,10,0,0,0,,
9,130,0.7,1.8888888888888888,3.6666666666666665,-0.32,10,0,0,0,,
9,131,0.7,3.6666666666666665,7.222222222222221,-0.32653061224489793,10,0,0,0,,
9,132,0.7,4.555555555555555,10.0,-0.37404580152671757,10,0,0,0,,
9,133,0.7,10.0,18.88888888888889,-0.3076923076923077,10,0,0,0,,
9,134,0.7,27.77777777777778,63.333333333333336,-0.3902439024390244,10,0,0,0,,
9,135,0.7,45.55555555555556,90.0,-0.3278688524590164,10,0,0,0,,
9,136,0.7,90.0,188.88888888888889,-0.35458167330677287,10,0,0,0,,
9,137,0.7,277.77777777777777,544.4444444444445,-0.32432432432432434,10,0,0,0,,
9,138,0.7,366.66666666666663,811.1111111111111,-0.3773584905660377,10,0,0,0,,
9,139,0.7,1000.0,2000.0,-0.3333333333333333,10,0,0,0,,
9,140,0.7,0.002777777777777778,0.004555555555555556,-0.2424242424242424,10,0,0,0,,
9,141,0.7,0.004555555555555556,0.007222222222222223,-0.22641509433962265,10,0,0,0,,
9,142,0.7,0.0054444444444444445,0.009,-0.2461538461538461,10,0,0,0,,
9,143,0.7,0.006333333333333334,0.01,-0.2244897959183673,10,0,0,0,,
9,144,0.7,0.03666666666666667,0.06333333333333332,-0.2666666666666666,10,0,0,0,,
9,145,0.7,0.05444444444444445,0.09,-0.24615384615384614,10,0,0,0,,
9,146,0.7,0.06333333333333332,0.1,-0.22448979591836743,10,0,0,0,,
9,147,0.7,0.3666666666666667,0.6333333333333333,-0.2666666666666666,10,0,0,0,,
9,148,0.7,0.4555555555555556,0.8111111111111111,-0.2807017543859649,10,0,0,0,,
9,149,0.7,0.5444444444444445,1.0,-0.29496402877697836,10,0,0,0,,
9,150,0.7,3.6666666666666665,6.333333333333333,-0.26666666666666666,10,0,0,0,,
9,151,0.7,4.555555555555555,8.11111111111111,-0.2807017543859649,10,0,0,0,,
9,152,0.7,5.444444444444445,10.0,-0.2949640287769784,10,0,0,0,,
9,153,0.7,27.77777777777778,45.55555555555556,-0.2424242424242424,10,0,0,0,,
9,154,0.7,45.55555555555556,72.22222222222223,-0.22641509433962267,10,0,0,0,,
9,155,0.7,54.44444444444444,100.0,-0.2949640287769784,10,0,0,0,,
9,156,0.7,277.77777777777777,455.55555555555554,-0.24242424242424243,10,0,0,0,,
9,157,0.7,455.55555555555554,722.2222222222222,-0.2264150943396226,10,0,0,0,,
9,158,0.7,544.4444444444445,900.0,-0.24615384615384617,10,0,0,0,,
9,159,0.7,2000.0,3000.0,-0.2,10,0,0,0,,
9,160,0.7,0.001888888888888889,0.002777777777777778,-0.19047619047619047,10,1,0,0,0.05128613839913648,11.4441780923368
9,161,0.7,0.003666666666666667,0.0054444444444444445,-0.19512195121951215,10,0,0,0,,
9,162,0.7,0.006333333333333334,0.00811111111111111,-0.123076923076923,10,0,0,0,,
9,163,0.7,0.00811111111111111,0.01,-0.1042944785276074,10,0,0,0,,
9,164,0.7,0.03666666666666667,0.04555555555555556,-0.10810810810810813,10,0,0,0,,
9,165,0.7,0.05444444444444445,0.0811111111111111,-0.1967213114754098,10,0,0,0,,
9,166,0.7,0.07222222222222222,0.1,-0.16129032258064524,10,0,0,0,,
9,167,0.7,0.3666666666666667,0.4555555555555556,-0.10810810810810811,10,0,0,0,,
9,168,0.7,0.5444444444444445,0.7222222222222222,-0.1403508771929824,10,0,0,0,,
9,169,0.7,0.7222222222222222,0.9,-0.10958904109589043,10,0,0,0,,
9,170,0.7,2.7777777777777777,3.6666666666666665,-0.13793103448275862,10,0,0,0,,
9,171,0.7,5.444444444444445,7.222222222222221,-0.1403508771929824,10,0,0,0,,
9,172,0.7,6.333333333333333,9.0,-0.1739130434782609,10,0,0,0,,
9,173,0.7,18.88888888888889,27.77777777777778,-0.19047619047619047,10,0,0,0,,
9,174,0.7,45.55555555555556,63.333333333333336,-0.163265306122449,10,0,0,0,,
9,175,0.7,63.333333333333336,90.0,-0.17391304347826084,10,0,0,0,,
9,176,0.7,81.11111111111111,100.0,-0.10429447852760734,10,0,0,0,,
9,177,0.7,366.66666666666663,544.4444444444445,-0.19512195121951226,10,0,0,0,,
9,178,0.7,633.3333333333333,811.1111111111111,-0.12307692307692313,10,0,0,0,,
9,179,0.7,811.1111111111111,1000.0,-0.10429447852760737,10,0,0,0,,
9,180,0.7,0.001,0.001,0.0,10,1,0,0,0.032210687912834345,18.19522245865091
9,181,0.7,0.004555555555555556,0.0054444444444444445,-0.08888888888888886,10,0,0,0,,
9,182,0.7,0.007222222222222223,0.007222222222222223,0.0,10,0,0,0,,
9,183,0.7,0.009,0.01,-0.05263157894736847,10,0,0,0,,
9,184,0.7,0.04555555555555556,0.04555555555555556,0.0,10,0,0,0,,
9,185,0.7,0.06333333333333332,0.07222222222222222,-0.0655737704918033,10,0,0,0,,
9,186,0.7,0.09,0.09,0.0,10,0,0,0,,
9,187,0.7,0.4555555555555556,0.4555555555555556,0.0,10,0,0,0,,
9,188,0.7,0.6333333333333333,0.7222222222222222,-0.06557377049180328,10,0,0,0,,
9,189,0.7,0.9,0.9,0.0,10,0,0,0,,
9,190,0.7,3.6666666666666665,3.6666666666666665,0.0,10,0,0,0,,
9,191,0.7,6.333333333333333,6.333333333333333,0.0,10,0,0,0,,
9,192,0.7,8.11111111111111,9.0,-0.05194805194805197,10,0,0,0,,
9,193,0.7,36.66666666666667,36.66666666666667,0.0,10,0,0,0,,
9,194,0.7,63.333333333333336,63.333333333333336,0.0,10,0,0,0,,
9,195,0.7,81.11111111111111,90.0,-0.05194805194805193,10,0,0,0,,
9,196,0.7,277.77777777777777,277.77777777777777,0.0,10,0,0,0,,
9,197,0.7,544.4444444444445,633.3333333333333,-0.07547169811320747,10,0,0,0,,
9,198,0.7,811.1111111111111,811.1111111111111,0.0,10,0,0,0,,
9,199,0.7,3000.0,3000.0,0.0,10,0,0,0,,
9,200,0.7,0.0054444444444444445,0.004555555555555556,0.08888888888888886,10,0,0,0,,
9,201,0.7,0.006333333333333334,0.0054444444444444445,0.0754716981132076,10,0,0,0,,
9,202,0.7,0.00811111111111111,0.007222222222222223,0.057971014492753555,10,0,0,0,,
9,203,0.7,0.01,0.009,0.05263157894736847,10,0,0,0,,
9,204,0.7,0.06333333333333332,0.05444444444444445,0.07547169811320745,10,0,0,0,,
9,205,0.7,0.0811111111111111,0.07222222222222222,0.05797101449275364,10,0,0,0,,
9,206,0.7,0.1,0.09,0.05263157894736847,10,0,0,0,,
9,207,0.7,0.5444444444444445,0.4555555555555556,0.0888888888888889,10,0,0,0,,
9,208,0.7,0.7222222222222222,0.6333333333333333,0.06557377049180328,10,0,0,0,,
9,209,0.7,0.9,0.8111111111111111,0.05194805194805195,10,0,0,0,,
9,210,0.7,5.444444444444445,4.555555555555555,0.08888888888888893,10,0,0,0,,
9,211,0.7,7.222222222222221,6.333333333333333,0.06557377049180325,10,0,0,0,,
9,212,0.7,9.0,8.11111111111111,0.05194805194805197,10,0,0,0,,
9,213,0.7,10.0,9.0,0.05263157894736842,10,0,0,0,,
9,214,0.7,63.333333333333336,54.44444444444444,0.07547169811320759,10,0,0,0,,
9,215,0.7,81.11111111111111,72.22222222222223,0.057971014492753596,10,0,0,0,,
9,216,0.7,100.0,90.0,0.05263157894736842,10,0,0,0,,
9,217,0.7,633.3333333333333,544.4444444444445,0.07547169811320747,10,0,0,0,,
9,218,0.7,811.1111111111111,722.2222222222222,0.057971014492753645,10,0,0,0,,
9,219,0.7,1000.0,900.0,0.05263157894736842,10,0,0,0,,
9,220,0.7,0.002777777777777778,0.001888888888888889,0.19047619047619047,10,1,0,0,0.045919801283686855,12.812760374945034
9,221,0.7,0.0054444444444444445,0.003666666666666667,0.19512195121951215,10,1,0,0,0.06397348354826482,9.209511907747075
9,222,0.7,0.00811111111111111,0.006333333333333334,0.123076923076923,10,0,0,0,,
9,223,0.7,0.01,0.00811111111111111,0.1042944785276074,10,0,0,0,,
9,224,0.7,0.05444444444444445,0.03666666666666667,0.19512195121951223,10,0,0,0,,
9,225,0.7,0.0811111111111111,0.05444444444444445,0.1967213114754098,10,0,0,0,,
9,226,0.7,0.1,0.07222222222222222,0.16129032258064524,10,0,0,0,,
9,227,0.7,0.4555555555555556,0.3666666666666667,0.10810810810810811,10,0,0,0,,
9,228,0.7,0.8111111111111111,0.5444444444444445,0.19672131147540978,10,0,0,0,,
9,229,0.7,1.0,0.7222222222222222,0.16129032258064516,10,0,0,0,,
9,230,0.7,3.6666666666666665,2.7777777777777777,0.13793103448275862,10,0,0,0,,
9,231,0.7,7.222222222222221,5.444444444444445,0.1403508771929824,10,0,0,0,,
9,232,0.7,9.0,7.222222222222221,0.10958904109589046,10,0,0,0,,
9,233,0.7,36.66666666666667,27.77777777777778,0.13793103448275865,10,0,0,0,,
9,234,0.7,72.22222222222223,54.44444444444444,0.1403508771929825,10,0,0,0,,
9,235,0.7,90.0,63.333333333333336,0.17391304347826084,10,0,0,0,,
9,236,0.7,277.77777777777777,188.88888888888889,0.1904761904761905,10,0,0,0,,
9,237,0.7,633.3333333333333,455.55555555555554,0.16326530612244894,10,0,0,0,,
9,238,0.7,900.0,633.3333333333333,0.17391304347826092,10,0,0,0,,
9,239,0.7,3000.0,2000.0,0.2,10,0,0,0,,
9,240,0.7,0.004555555555555556,0.002777777777777778,0.2424242424242424,10,1,0,0,0.05597576014951104,10.487729449960156
9,241,0.7,0.007222222222222223,0.004555555555555556,0.22641509433962265,10,0,0,0,,
9,242,0.7,0.009,0.0054444444444444445,0.2461538461538461,10,0,0,0,,
9,243,0.7,0.01,0.006333333333333334,0.2244897959183673,10,0,0,0,,
9,244,0.7,0.06333333333333332,0.03666666666666667,0.2666666666666666,10,0,0,0,,
9,245,0.7,0.0811111111111111,0.04555555555555556,0.2807017543859649,10,0,0,0,,
9,246,0.7,0.1,0.05444444444444445,0.2949640287769784,10,0,0,0,,
9,247,0.7,0.6333333333333333,0.3666666666666667,0.2666666666666666,10,0,0,0,,
9,248,0.7,0.8111111111111111,0.4555555555555556,0.2807017543859649,10,0,0,0,,
9,249,0.7,1.0,0.5444444444444445,0.29496402877697836,10,0,0,0,,
9,250,0.7,4.555555555555555,2.7777777777777777,0.24242424242424243,10,0,0,0,,
9,251,0.7,7.222222222222221,4.555555555555555,0.22641509433962262,10,0,0,0,,
9,252,0.7,9.0,5.444444444444445,0.24615384615384614,10,0,0,0,,
9,253,0.7,45.55555555555556,27.77777777777778,0.2424242424242424,10,0,0,0,,
9,254,0.7,72.22222222222223,45.55555555555556,0.22641509433962267,10,0,0,0,,
9,255,0.7,90.0,54.44444444444444,0.24615384615384614,10,0,0,0,,
9,256,0.7,100.0,63.333333333333336,0.22448979591836732,10,0,0,0,,
9,257,0.7,633.3333333333333,366.66666666666663,0.26666666666666666,10,0,0,0,,
9,258,0.7,811.1111111111111,455.55555555555554,0.28070175438596495,10,0,0,0,,
9,259,0.7,1000.0,633.3333333333333,0.2244897959183674,10,0,0,0,,
9,260,0.7,0.001888888888888889,0.001,0.3076923076923077,10,1,0,0,0.03388441561392028,17.308214817743274
9,261,0.7,0.006333333333333334,0.002777777777777778,0.39024390243902446,10,1,0,0,0.05701642722807478,10.269293453967903
9,262,0.7,0.009,0.004555555555555556,0.3278688524590163,10,0,0,0,,
9,263,0.7,0.01888888888888889,0.009,0.354581673306773,10,0,0,0,,
9,264,0.7,0.05444444444444445,0.027777777777777776,0.3243243243243244,10,0,0,0,,
9,265,0.7,0.0811111111111111,0.03666666666666667,0.3773584905660377,10,0,0,0,,
9,266,0.7,0.18888888888888888,0.0811111111111111,0.39917695473251025,10,0,0,0,,
9,267,0.7,0.3666666666666667,0.18888888888888888,0.32000000000000006,10,0,0,0,,
9,268,0.7,0.7222222222222222,0.3666666666666667,0.3265306122448979,10,0,0,0,,
9,269,0.7,1.0,0.4555555555555556,0.37404580152671746,10,0,0,0,,
9,270,0.7,3.6666666666666665,1.8888888888888888,0.32,10,0,0,0,,
9,271,0.7,7.222222222222221,3.6666666666666665,0.32653061224489793,10,0,0,0,,
9,272,0.7,10.0,4.555555555555555,0.37404580152671757,10,0,0,0,,
9,273,0.7,18.88888888888889,10.0,0.3076923076923077,10,0,0,0,,
9,274,0.7,63.333333333333336,27.77777777777778,0.3902439024390244,10,0,0,0,,
9,275,0.7,90.0,45.55555555555556,0.3278688524590164,10,0,0,0,,
9,276,0.7,188.88888888888889,90.0,0.35458167330677287,10,0,0,0,,
9,277,0.7,544.4444444444445,277.77777777777777,0.32432432432432434,10,0,0,0,,
9,278,0.7,811.1111111111111,366.66666666666663,0.3773584905660377,10,0,0,0,,
9,279,0.7,2000.0,1000.0,0.3333333333333333,10,0,0,0,,
9,280,0.7,0.002777777777777778,0.001,0.47058823529411764,10,1,0,0,0.03451437393358565,16.942386827042093
9,281,0.7,0.0054444444444444445,0.001888888888888889,0.48484848484848486,10,1,0,0,0.04764309868054156,12.352877509867433
9,282,0.7,0.009,0.003666666666666667,0.4210526315789473,10,0,0,0,,
9,283,0.7,0.01888888888888889,0.007222222222222223,0.4468085106382978,10,0,0,0,,
9,284,0.7,0.05444444444444445,0.01888888888888889,0.4848484848484849,10,0,0,0,,
9,285,0.7,0.09,0.03666666666666667,0.4210526315789474,10,0,0,0,,
9,286,0.7,0.18888888888888888,0.07222222222222222,0.44680851063829796,10,0,0,0,,
9,287,0.7,0.4555555555555556,0.18888888888888888,0.4137931034482759,10,0,0,0,,
9,288,0.7,0.8111111111111111,0.2777777777777778,0.48979591836734687,10,0,0,0,,
9,289,0.7,1.8888888888888888,0.6333333333333333,0.4977973568281938,10,0,0,0,,
9,290,0.7,4.555555555555555,1.8888888888888888,0.4137931034482758,10,0,0,0,,
9,291,0.7,8.11111111111111,2.7777777777777777,0.48979591836734687,10,0,0,0,,
9,292,0.7,18.88888888888889,6.333333333333333,0.4977973568281939,10,0,0,0,,
9,293,0.7,27.77777777777778,10.0,0.47058823529411764,10,0,0,0,,
9,294,0.7,72.22222222222223,27.77777777777778,0.4444444444444445,10,0,0,0,,
9,295,0.7,100.0,36.66666666666667,0.4634146341463414,10,0,0,0,,
9,296,0.7,277.77777777777777,100.0,0.47058823529411764,10,0,0,0,,
9,297,0.7,722.2222222222222,277.77777777777777,0.4444444444444444,10,0,0,0,,
9,298,0.7,1000.0,366.66666666666663,0.46341463414634154,10,0,0,0,,
9,299,0.7,3000.0,1000.0,0.5,10,0,0,0,,
9,300,0.7,0.003666666666666667,0.001,0.5714285714285715,10,1,0,0,0.03499451670283573,16.769225511547578
9,301,0.7,0.007222222222222223,0.001888888888888889,0.5853658536585367,10,1,0,0,0.04808393484497285,12.232680243426305
9,302,0.7,0.01888888888888889,0.0054444444444444445,0.5525114155251142,10,0,0,0,,
9,303,0.7,0.027777777777777776,0.009,0.5105740181268882,10,0,0,0,,
9,304,0.7,0.07222222222222222,0.01888888888888889,0.5853658536585367,10,0,0,0,,
9,305,0.7,0.1,0.027777777777777776,0.5652173913043479,10,0,0,0,,
9,306,0.7,0.2777777777777778,0.0811111111111111,0.5479876160990712,10,0,0,0,,
9,307,0.7,0.6333333333333333,0.18888888888888888,0.5405405405405406,10,0,0,0,,
9,308,0.7,1.0,0.2777777777777778,0.5652173913043479,10,0,0,0,,
9,309,0.7,2.7777777777777777,0.8111111111111111,0.5479876160990712,10,0,0,0,,
9,310,0.7,3.6666666666666665,1.0,0.5714285714285715,10,0,0,0,,
9,311,0.7,9.0,2.7777777777777777,0.5283018867924528,10,0,0,0,,
9,312,0.7,27.77777777777778,7.222222222222221,0.5873015873015873,10,0,0,0,,
9,313,0.7,36.66666666666667,10.0,0.5714285714285715,10,0,0,0,,
9,314,0.7,90.0,27.77777777777778,0.5283018867924528,10,0,0,0,,
9,315,0.7,188.88888888888889,54.44444444444444,0.5525114155251143,10,0,0,0,,
9,316,0.7,277.77777777777777,90.0,0.5105740181268882,10,0,0,0,,
9,317,0.7,722.2222222222222,188.88888888888889,0.5853658536585366,10,0,0,0,,
9,318,0.7,2000.0,544.4444444444445,0.572052401746725,10,0,0,0,,
9,319,0.7,3000.0,900.0,0.5384615384615384,10,0,0,0,,
9,320,0.7,0.004555555555555556,0.001,0.64,10,1,0,0,0.035156044052829835,16.690170774317142
9,321,0.7,0.01,0.001888888888888889,0.6822429906542055,10,1,0,0,0.0485288500162121,12.131361310457107
9,322,0.7,0.027777777777777776,0.006333333333333334,0.6286644951140065,10,0,0,0,,
9,323,0.7,0.04555555555555556,0.00811111111111111,0.6977225672877847,10,0,0,0,,
9,324,0.7,0.0811111111111111,0.01888888888888889,0.6222222222222222,10,0,0,0,,
9,325,0.7,0.18888888888888888,0.04555555555555556,0.6113744075829383,10,0,0,0,,
9,326,0.7,0.3666666666666667,0.0811111111111111,0.6377171215880892,10,0,0,0,,
9,327,0.7,0.5444444444444445,0.1,0.6896551724137931,10,0,0,0,,
9,328,0.7,1.8888888888888888,0.3666666666666667,0.6748768472906403,10,0,0,0,,
9,329,0.7,3.6666666666666665,0.7222222222222222,0.6708860759493671,10,0,0,0,,
9,330,0.7,4.555555555555555,0.9,0.670061099796334,10,0,0,0,,
9,331,0.7,9.0,1.8888888888888888,0.6530612244897959,10,0,0,0,,
9,332,0.7,27.77777777777778,5.444444444444445,0.6722408026755854,10,0,0,0,,
9,333,0.7,45.55555555555556,8.11111111111111,0.6977225672877846,10,0,0,0,,
9,334,0.7,81.11111111111111,18.88888888888889,0.6222222222222222,10,0,0,0,,
9,335,0.7,188.88888888888889,45.55555555555556,0.6113744075829383,10,0,0,0,,
9,336,0.7,366.66666666666663,81.11111111111111,0.6377171215880894,10,0,0,0,,
9,337,0.7,455.55555555555554,100.0,0.64,10,0,0,0,,
9,338,0.7,1000.0,188.88888888888889,0.6822429906542056,10,0,0,0,,
9,339,0.7,3000.0,722.2222222222222,0.6119402985074627,10,0,0,0,,
9,340,0.7,0.006333333333333334,0.001,0.7272727272727273,10,1,0,0,0.035481338923357565,16.542684353200695
9,341,0.7,0.03666666666666667,0.004555555555555556,0.7789757412398922,10,0,0,0,,
9,342,0.7,0.05444444444444445,0.006333333333333334,0.7915904936014624,10,0,0,0,,
9,343,0.7,0.06333333333333332,0.009,0.7511520737327189,10,0,0,0,,
9,344,0.7,0.09,0.01,0.8,10,0,0,0,,
9,345,0.7,0.3666666666666667,0.06333333333333332,0.7054263565891472,10,0,0,0,,
9,346,0.7,0.5444444444444445,0.0811111111111111,0.7406749555950266,10,0,0,0,,
9,347,0.7,0.7222222222222222,0.0811111111111111,0.7980636237897648,10,0,0,0,,
9,348,0.7,2.7777777777777777,0.3666666666666667,0.7667844522968198,10,0,0,0,,
9,349,0.7,4.555555555555555,0.6333333333333333,0.7558886509635975,10,0,0,0,,
9,350,0.7,6.333333333333333,0.7222222222222222,0.795275590551181,10,0,0,0,,
9,351,0.7,7.222222222222221,1.0,0.7567567567567567,10,0,0,0,,
9,352,0.7,36.66666666666667,4.555555555555555,0.7789757412398921,10,0,0,0,,
9,353,0.7,54.44444444444444,6.333333333333333,0.7915904936014625,10,0,0,0,,
9,354,0.7,63.333333333333336,9.0,0.7511520737327189,10,0,0,0,,
9,355,0.7,90.0,10.0,0.8,10,0,0,0,,
9,356,0.7,366.66666666666663,63.333333333333336,0.7054263565891473,10,0,0,0,,
9,357,0.7,544.4444444444445,81.11111111111111,0.7406749555950267,10,0,0,0,,
9,358,0.7,722.2222222222222,81.11111111111111,0.7980636237897649,10,0,0,0,,
9,359,0.7,3000.0,455.55555555555554,0.7363344051446945,10,0,0,0,,
9,360,0.7,0.009,0.001,0.8000000000000002,10,1,0,0,0.03564511334262443,16.47080525610302
9,361,0.7,0.04555555555555556,0.003666666666666667,0.8510158013544019,10,0,0,0,,
9,362,0.7,0.07222222222222222,0.0054444444444444445,0.8597997138769671,10,0,0,0,,
9,363,0.7,0.09,0.006333333333333334,0.8685121107266437,10,0,0,0,,
9,364,0.7,0.18888888888888888,0.01,0.8994413407821228,10,0,0,0,,
9,365,0.7,0.5444444444444445,0.04555555555555556,0.8455743879472692,10,0,0,0,,
9,366,0.7,0.8111111111111111,0.04555555555555556,0.8936446173800259,10,0,0,0,,
9,367,0.7,0.9,0.09,0.8181818181818182,10,0,0,0,,
9,368,0.7,2.7777777777777777,0.2777777777777778,0.8181818181818182,10,0,0,0,,
9,369,0.7,6.333333333333333,0.4555555555555556,0.8657937806873977,10,0,0,0,,
9,370,0.7,8.11111111111111,0.7222222222222222,0.8364779874213837,10,0,0,0,,
9,371,0.7,10.0,0.7222222222222222,0.8652849740932644,10,0,0,0,,
9,372,0.7,45.55555555555556,2.7777777777777777,0.8850574712643677,10,0,0,0,,
9,373,0.7,72.22222222222223,4.555555555555555,0.8813314037626627,10,0,0,0,,
9,374,0.7,90.0,5.444444444444445,0.8859138533178115,10,0,0,0,,
9,375,0.7,100.0,10.0,0.8181818181818182,10,0,0,0,,
9,376,0.7,544.4444444444445,36.66666666666667,0.8738049713193117,10,0,0,0,,
9,377,0.7,722.2222222222222,72.22222222222223,0.8181818181818182,10,0,0,0,,
9,378,0.7,900.0,81.11111111111111,0.8346545866364666,10,0,0,0,,
9,379,0.7,3000.0,277.77777777777777,0.8305084745762712,10,0,0,0,,
9,380,0.7,0.027777777777777776,0.001,0.9305019305019304,10,1,0,0,0.03597493351557424,16.321066788485854
9,381,0.7,0.4555555555555556,0.003666666666666667,0.9840309702395356,10,0,0,0,,
9,382,0.7,0.9,0.003666666666666667,0.9918849133161194,10,0,0,0,,
9,383,0.7,2.7777777777777777,0.0811111111111111,0.94325689856199,10,0,0,0,,
9,384,0.7,5.444444444444445,0.09,0.9674764103593656,10,0,0,0,,
9,385,0.7,8.11111111111111,0.04555555555555556,0.98882985969214,10,0,0,0,,
9,386,0.7,18.88888888888889,0.006333333333333334,0.9993296365336328,10,0,0,0,,
9,387,0.7,36.66666666666667,0.01888888888888889,0.998970227458582,10,0,0,0,,
9,388,0.7,54.44444444444444,0.027777777777777776,0.9989801121876594,10,0,0,0,,
9,389,0.7,72.22222222222223,0.027777777777777776,0.9992310649750098,10,0,0,0,,
9,390,0.7,90.0,0.009,0.9998000199980002,10,0,0,0,,
9,391,0.7,188.88888888888889,0.0054444444444444445,0.9999423546027204,10,0,0,0,,
9,392,0.7,277.77777777777777,1.0,0.9928258270227183,10,0,0,0,,
9,393,0.7,455.55555555555554,0.03666666666666667,0.9998390373457745,10,0,0,0,,
9,394,0.7,544.4444444444445,7.222222222222221,0.9738167170191341,10,0,0,0,,
9,395,0.7,722.2222222222222,0.06333333333333332,0.9998246307631483,10,0,0,0,,
9,396,0.7,811.1111111111111,8.11111111111111,0.9801980198019803,10,0,0,0,,
9,397,0.7,1000.0,0.04555555555555556,0.9999088930393171,10,0,0,0,,
9,398,0.7,2000.0,5.444444444444445,0.9945703363067206,10,0,0,0,,
9,399,0.7,3000.0,100.0,0.9354838709677419,10,0,0,0,,
10,0,0.8,0.001,0.027777777777777776,-0.9305019305019304,10,0,0,0,,
10,1,0.8,0.001888888888888889,0.7222222222222222,-0.9947828755562373,10,1,0,0,0.08053784411990669,10.883654240920745
10,2,0.8,0.002777777777777778,54.44444444444444,-0.9998979643895719,10,1,1,0,0.018365383433483474,204.9714751184613
10,3,0.8,0.004555555555555556,0.1,-0.9128586609989372,10,0,0,0,,
10,4,0.8,0.0054444444444444445,45.55555555555556,-0.9997610041726721,10,1,1,0,0.028054336379517132,191.8709836911257
10,5,0.8,0.007222222222222223,0.5444444444444445,-0.9738167170191339,10,0,0,0,,
10,6,0.8,0.00811111111111111,90.0,-0.999819769329431,10,1,1,0,0.02454708915685031,109.77304672476998
10,7,0.8,0.01,2.7777777777777777,-0.9928258270227184,10,1,0,0,0.13002001334222815,14.034648899591287
10,8,0.8,0.01888888888888889,722.2222222222222,-0.9999476936757038,10,1,1,0,0.013304544179780914,107.14018547794144
10,9,0.8,0.03666666666666667,90.0,-0.999185517011588,10,1,1,0,0.05199959965335162,187.2171381806178
10,10,0.8,0.05444444444444445,81.11111111111111,-0.998658434749278,10,1,1,0,0.06668067692136219,176.74082136075427
10,11,0.8,0.07222222222222222,100.0,-0.9985565980125465,10,1,1,0,0.0695024317588797,122.36680448520184
10,12,0.8,0.09,188.88888888888889,-0.9990475126557345,10,1,1,0,0.05649369748123028,215.19942802260115
10,13,0.8,0.18888888888888888,633.3333333333333,-0.9994036866197801,10,1,1,0,0.04487453899331323,194.10833329236817
10,14,0.8,0.4555555555555556,45.55555555555556,-0.9801980198019802,10,1,1,0,0.2555036691127418,92.9592512703354
10,15,0.8,0.7222222222222222,36.66666666666667,-0.9613670133729569,10,1,1,0,0.35577051367578383,63.96606120717039
10,16,0.8,1.0,45.55555555555556,-0.9570405727923628,10,1,1,0,0.376184122748499,77.59240441572685
10,17,0.8,3.6666666666666665,544.4444444444445,-0.9866207176160553,10,1,1,0,0.21227484989993328,309.6039986233121
10,18,0.8,8.11111111111111,900.0,-0.9821363024593173,10,1,1,0,0.24529686457638425,357.72151356926935
10,19,0.8,100.0,3000.0,-0.9354838709677419,10,1,1,0,0.46444296197464974,425.62008601439584
10,20,0.8,0.001,0.009,-0.8000000000000002,10,1,0,0,0.059156163417547425,9.399895457338852
10,21,0.8,0.003666666666666667,0.05444444444444445,-0.8738049713193117,10,0,0,0,,
10,22,0.8,0.0054444444444444445,0.0811111111111111,-0.8741976893453145,10,0,0,0,,
10,23,0.8,0.007222222222222223,0.09,-0.8514285714285713,10,0,0,0,,
10,24,0.8,0.01,0.18888888888888888,-0.8994413407821228,10,0,0,0,,
10,25,0.8,0.04555555555555556,0.5444444444444445,-0.8455743879472692,10,0,0,0,,
10,26,0.8,0.06333333333333332,0.6333333333333333,-0.8181818181818181,10,0,0,0,,
10,27,0.8,0.0811111111111111,0.9,-0.8346545866364665,10,0,0,0,,
10,28,0.8,0.2777777777777778,2.7777777777777777,-0.8181818181818182,10,0,0,0,,
10,29,0.8,0.4555555555555556,7.222222222222221,-0.8813314037626627,10,0,0,0,,
10,30,0.8,0.6333333333333333,9.0,-0.8685121107266437,10,0,0,0,,
10,31,0.8,0.9,9.0,-0.8181818181818181,10,0,0,0,,
10,32,0.8,3.6666666666666665,36.66666666666667,-0.8181818181818183,10,1,1,0,0.7700466977985323,56.52156265232937
10,33,0.8,5.444444444444445,63.333333333333336,-0.8416801292407108,10,1,1,0,0.7208138759172781,96.24061098304483
10,34,0.8,7.222222222222221,72.22222222222223,-0.818181818181818,10,1,1,0,0.7724482988659106,110.90625417424461
10,35,0.8,10.0,100.0,-0.8181818181818182,10,1,1,0,0.7730486991327551,153.68246621347157
10,36,0.8,36.66666666666667,633.3333333333333,-0.8905472636815921,10,1,1,0,0.6031354236157438,456.0735014491909
10,37,0.8,54.44444444444444,900.0,-0.8859138533178114,10,1,1,0,0.6157438292194796,583.1786948553115
10,38,0.8,72.22222222222223,1000.0,-0.8652849740932643,10,1,1,0,0.6685790527018012,981.8181519261486
10,39,0.8,277.77777777777777,3000.0,-0.8305084745762712,10,1,1,0,0.748432288192128,1204.7813593036085
10,40,0.8,0.001,0.006333333333333334,-0.7272727272727273,10,1,0,0,0.0554625712957911,10.060885117366004
10,41,0.8,0.004555555555555556,0.027777777777777776,-0.718213058419244,10,0,0,0,,
10,42,0.8,0.006333333333333334,0.05444444444444445,-0.7915904936014624,10,0,0,0,,
10,43,0.8,0.00811111111111111,0.07222222222222222,-0.7980636237897648,10,0,0,0,,
10,44,0.8,0.01,0.0811111111111111,-0.7804878048780489,10,0,0,0,,
10,45,0.8,0.05444444444444445,0.3666666666666667,-0.7414248021108178,10,0,0,0,,
10,46,0.8,0.07222222222222222,0.5444444444444445,-0.7657657657657659,10,0,0,0,,
10,47,0.8,0.09,0.6333333333333333,-0.751152073732719,10,0,0,0,,
10,48,0.8,0.3666666666666667,2.7777777777777777,-0.7667844522968198,10,0,0,0,,
10,49,0.8,0.6333333333333333,4.555555555555555,-0.7558886509635975,10,0,0,0,,
10,50,0.8,0.8111111111111111,5.444444444444445,-0.7406749555950267,10,0,0,0,,
10,51,0.8,1.0,6.333333333333333,-0.7272727272727273,10,0,0,0,,
10,52,0.8,4.555555555555555,36.66666666666667,-0.7789757412398921,10,1,1,0,0.847498332221481,57.45851824208751
10,53,0.8,7.222222222222221,45.55555555555556,-0.7263157894736842,10,1,1,0,0.9417611741160773,73.6245968384174
10,54,0.8,9.0,54.44444444444444,-0.7162872154115587,10,1,1,0,0.9591727818545697,88.66709129233789
10,55,0.8,10.0,81.11111111111111,-0.7804878048780488,10,1,1,0,0.847498332221481,126.06375341660974
10,56,0.8,54.44444444444444,455.55555555555554,-0.7864923747276688,10,1,1,0,0.8378919279519679,539.8669741709646
10,57,0.8,72.22222222222223,633.3333333333333,-0.7952755905511812,10,1,1,0,0.8204803202134756,645.5144588076512
10,58,0.8,90.0,722.2222222222222,-0.7783857729138167,10,1,1,0,0.852901934623082,755.2374776273514
10,59,0.8,455.55555555555554,3000.0,-0.7363344051446945,10,1,1,0,0.9285523682454969,1482.7190601101117
10,60,0.8,0.001,0.004555555555555556,-0.64,10,1,0,0,0.05128613839913648,10.864131662922645
10,61,0.8,0.001888888888888889,0.01,-0.6822429906542055,10,0,0,0,,
10,62,0.8,0.006333333333333334,0.027777777777777776,-0.6286644951140065,10,0,0,0,,
10,63,0.8,0.009,0.03666666666666667,-0.6058394160583941,10,0,0,0,,
10,64,0.8,0.01888888888888889,0.0811111111111111,-0.6222222222222222,10,0,0,0,,
10,65,0.8,0.04555555555555556,0.18888888888888888,-0.6113744075829383,10,0,0,0,,
10,66,0.8,0.0811111111111111,0.3666666666666667,-0.6377171215880892,10,0,0,0,,
10,67,0.8,0.1,0.5444444444444445,-0.6896551724137931,10,0,0,0,,
10,68,0.8,0.3666666666666667,1.8888888888888888,-0.6748768472906403,10,0,0,0,,
10,69,0.8,0.7222222222222222,3.6666666666666665,-0.6708860759493671,10,0,0,0,,
10,70,0.8,0.9,4.555555555555555,-0.670061099796334,10,0,0,0,,
10,71,0.8,1.8888888888888888,9.0,-0.6530612244897959,10,0,0,0,,
10,72,0.8,5.444444444444445,27.77777777777778,-0.6722408026755854,10,0,0,0,,
10,73,0.8,9.0,36.66666666666667,-0.6058394160583942,10,0,0,0,,
10,74,0.8,18.88888888888889,81.11111111111111,-0.6222222222222222,10,0,0,0,,
10,75,0.8,45.55555555555556,188.88888888888889,-0.6113744075829383,10,0,0,0,,
10,76,0.8,81.11111111111111,366.66666666666663,-0.6377171215880894,10,0,0,0,,
10,77,0.8,100.0,455.55555555555554,-0.64,10,0,0,0,,
10,78,0.8,188.88888888888889,1000.0,-0.6822429906542056,10,0,0,0,,
10,79,0.8,722.2222222222222,3000.0,-0.6119402985074627,10,0,0,0,,
10,80,0.8,0.001,0.003666666666666667,-0.5714285714285715,10,1,0,0,0.04830588020397728,11.5060031705223
10,81,0.8,0.001888888888888889,0.007222222222222223,-0.5853658536585367,10,0,0,0,,
10,82,0.8,0.0054444444444444445,0.01888888888888889,-0.5525114155251142,10,0,0,0,,
10,83,0.8,0.009,0.027777777777777776,-0.5105740181268882,10,0,0,0,,
10,84,0.8,0.01888888888888889,0.07222222222222222,-0.5853658536585367,10,0,0,0,,
10,85,0.8,0.05444444444444445,0.18888888888888888,-0.5525114155251141,10,0,0,0,,
10,86,0.8,0.09,0.2777777777777778,-0.5105740181268883,10,0,0,0,,
10,87,0.8,0.18888888888888888,0.6333333333333333,-0.5405405405405406,10,0,0,0,,
10,88,0.8,0.2777777777777778,1.0,-0.5652173913043479,10,0,0,0,,
10,89,0.8,0.8111111111111111,2.7777777777777777,-0.5479876160990712,10,0,0,0,,
10,90,0.8,1.8888888888888888,6.333333333333333,-0.5405405405405406,10,0,0,0,,
10,91,0.8,2.7777777777777777,10.0,-0.5652173913043478,10,0,0,0,,
10,92,0.8,8.11111111111111,27.77777777777778,-0.5479876160990713,10,0,0,0,,
10,93,0.8,10.0,36.66666666666667,-0.5714285714285715,10,0,0,0,,
10,94,0.8,27.77777777777778,90.0,-0.5283018867924528,10,0,0,0,,
10,95,0.8,72.22222222222223,277.77777777777777,-0.5873015873015872,10,0,0,0,,
10,96,0.8,100.0,366.66666666666663,-0.5714285714285714,10,0,0,0,,
10,97,0.8,277.77777777777777,900.0,-0.5283018867924527,10,0,0,0,,
10,98,0.8,633.3333333333333,2000.0,-0.518987341772152,10,0,0,0,,
10,99,0.8,1000.0,3000.0,-0.5,10,0,0,0,,
10,100,0.8,0.001,0.002777777777777778,-0.47058823529411764,10,1,0,0,0.044463126746910886,12.501630116449505
10,101,0.8,0.001888888888888889,0.0054444444444444445,-0.48484848484848486,10,0,0,0,,
10,102,0.8,0.003666666666666667,0.009,-0.4210526315789473,10,0,0,0,,
10,103,0.8,0.007222222222222223,0.01888888888888889,-0.4468085106382978,10,0,0,0,,
10,104,0.8,0.01888888888888889,0.05444444444444445,-0.4848484848484849,10,0,0,0,,
10,105,0.8,0.027777777777777776,0.0811111111111111,-0.4897959183673469,10,0,0,0,,
10,106,0.8,0.06333333333333332,0.18888888888888888,-0.4977973568281938,10,0,0,0,,
10,107,0.8,0.18888888888888888,0.4555555555555556,-0.4137931034482759,10,0,0,0,,
10,108,0.8,0.2777777777777778,0.8111111111111111,-0.48979591836734687,10,0,0,0,,
10,109,0.8,0.6333333333333333,1.8888888888888888,-0.4977973568281938,10,0,0,0,,
10,110,0.8,1.0,2.7777777777777777,-0.47058823529411764,10,0,0,0,,
10,111,0.8,2.7777777777777777,7.222222222222221,-0.44444444444444436,10,0,0,0,,
10,112,0.8,3.6666666666666665,10.0,-0.46341463414634154,10,0,0,0,,
10,113,0.8,10.0,27.77777777777778,-0.47058823529411764,10,0,0,0,,
10,114,0.8,27.77777777777778,72.22222222222223,-0.4444444444444445,10,0,0,0,,
10,115,0.8,36.66666666666667,90.0,-0.4210526315789473,10,0,0,0,,
10,116,0.8,72.22222222222223,188.88888888888889,-0.4468085106382979,10,0,0,0,,
10,117,0.8,188.88888888888889,544.4444444444445,-0.4848484848484848,10,0,0,0,,
10,118,0.8,366.66666666666663,900.0,-0.42105263157894746,10,0,0,0,,
10,119,0.8,811.1111111111111,2000.0,-0.42292490118577075,10,0,0,0,,
10,120,0.8,0.001,0.001888888888888889,-0.3076923076923077,10,1,0,0,0.03890451449942805,14.184203066865093
10,121,0.8,0.002777777777777778,0.006333333333333334,-0.39024390243902446,10,0,0,0,,
10,122,0.8,0.004555555555555556,0.009,-0.3278688524590163,10,0,0,0,,
10,123,0.8,0.009,0.01888888888888889,-0.354581673306773,10,0,0,0,,
10,124,0.8,0.027777777777777776,0.05444444444444445,-0.3243243243243244,10,0,0,0,,
10,125,0.8,0.03666666666666667,0.0811111111111111,-0.3773584905660377,10,0,0,0,,
10,126,0.8,0.0811111111111111,0.18888888888888888,-0.39917695473251025,10,0,0,0,,
10,127,0.8,0.18888888888888888,0.3666666666666667,-0.32000000000000006,10,0,0,0,,
10,128,0.8,0.3666666666666667,0.7222222222222222,-0.3265306122448979,10,0,0,0,,
10,129,0.8,0.4555555555555556,1.0,-0.37404580152671746,10,0,0,0,,
10,130,0.8,1.8888888888888888,3.6666666666666665,-0.32,10,0,0,0,,
10,131,0.8,3.6666666666666665,7.222222222222221,-0.32653061224489793,10,0,0,0,,
10,132,0.8,4.555555555555555,10.0,-0.37404580152671757,10,0,0,0,,
10,133,0.8,10.0,18.88888888888889,-0.3076923076923077,10,0,0,0,,
10,134,0.8,27.77777777777778,63.333333333333336,-0.3902439024390244,10,0,0,0,,
10,135,0.8,45.55555555555556,90.0,-0.3278688524590164,10,0,0,0,,
10,136,0.8,90.0,188.88888888888889,-0.35458167330677287,10,0,0,0,,
10,137,0.8,277.77777777777777,544.4444444444445,-0.32432432432432434,10,0,0,0,,
10,138,0.8,366.66666666666663,811.1111111111111,-0.3773584905660377,10,0,0,0,,
10,139,0.8,1000.0,2000.0,-0.3333333333333333,10,0,0,0,,
10,140,0.8,0.002777777777777778,0.004555555555555556,-0.2424242424242424,10,0,0,0,,
10,141,0.8,0.004555555555555556,0.007222222222222223,-0.22641509433962265,10,0,0,0,,
10,142,0.8,0.0054444444444444445,0.009,-0.2461538461538461,10,0,0,0,,
10,143,0.8,0.006333333333333334,0.01,-0.2244897959183673,10,0,0,0,,
10,144,0.8,0.03666666666666667,0.06333333333333332,-0.2666666666666666,10,0,0,0,,
10,145,0.8,0.05444444444444445,0.09,-0.24615384615384614,10,0,0,0,,
10,146,0.8,0.06333333333333332,0.1,-0.22448979591836743,10,0,0,0,,
10,147,0.8,0.3666666666666667,0.6333333333333333,-0.2666666666666666,10,0,0,0,,
10,148,0.8,0.4555555555555556,0.8111111111111111,-0.2807017543859649,10,0,0,0,,
10,149,0.8,0.5444444444444445,1.0,-0.29496402877697836,10,0,0,0,,
10,150,0.8,3.6666666666666665,6.333333333333333,-0.26666666666666666,10,0,0,0,,
10,151,0.8,4.555555555555555,8.11111111111111,-0.2807017543859649,10,0,0,0,,
10,152,0.8,5.444444444444445,10.0,-0.2949640287769784,10,0,0,0,,
10,153,0.8,27.77777777777778,45.55555555555556,-0.2424242424242424,10,0,0,0,,
10,154,0.8,45.55555555555556,72.22222222222223,-0.22641509433962267,10,0,0,0,,
10,155,0.8,54.44444444444444,100.0,-0.2949640287769784,10,0,0,0,,
10,156,0.8,277.77777777777777,455.55555555555554,-0.24242424242424243,10,0,0,0,,
10,157,0.8,455.55555555555554,722.2222222222222,-0.2264150943396226,10,0,0,0,,
10,158,0.8,544.4444444444445,900.0,-0.24615384615384617,10,0,0,0,,
10,159,0.8,2000.0,3000.0,-0.2,10,0,0,0,,
10,160,0.8,0.001888888888888889,0.002777777777777778,-0.19047619047619047,10,1,0,0,0.048752849010338654,11.35815831531366
10,161,0.8,0.003666666666666667,0.0054444444444444445,-0.19512195121951215,10,0,0,0,,
10,162,0.8,0.006333333333333334,0.00811111111111111,-0.123076923076923,10,0,0,0,,
10,163,0.8,0.00811111111111111,0.01,-0.1042944785276074,10,0,0,0,,
10,164,0.8,0.03666666666666667,0.04555555555555556,-0.10810810810810813,10,0,0,0,,
10,165,0.8,0.05444444444444445,0.0811111111111111,-0.1967213114754098,10,0,0,0,,
10,166,0.8,0.07222222222222222,0.1,-0.16129032258064524,10,0,0,0,,
10,167,0.8,0.3666666666666667,0.4555555555555556,-0.10810810810810811,10,0,0,0,,
10,168,0.8,0.5444444444444445,0.7222222222222222,-0.1403508771929824,10,0,0,0,,
10,169,0.8,0.7222222222222222,0.9,-0.10958904109589043,10,0,0,0,,
10,170,0.8,2.7777777777777777,3.6666666666666665,-0.13793103448275862,10,0,0,0,,
10,171,0.8,5.444444444444445,7.222222222222221,-0.1403508771929824,10,0,0,0,,
10,172,0.8,6.333333333333333,9.0,-0.1739130434782609,10,0,0,0,,
10,173,0.8,18.88888888888889,27.77777777777778,-0.19047619047619047,10,0,0,0,,
10,174,0.8,45.55555555555556,63.333333333333336,-0.163265306122449,10,0,0,0,,
10,175,0.8,63.333333333333336,90.0,-0.17391304347826084,10,0,0,0,,
10,176,0.8,81.11111111111111,100.0,-0.10429447852760734,10,0,0,0,,
10,177,0.8,366.66666666666663,544.4444444444445,-0.19512195121951226,10,0,0,0,,
10,178,0.8,633.3333333333333,811.1111111111111,-0.12307692307692313,10,0,0,0,,
10,179,0.8,811.1111111111111,1000.0,-0.10429447852760737,10,0,0,0,,
10,180,0.8,0.001,0.001,0.0,10,1,0,0,0.03047894989627983,18.187877510994735
10,181,0.8,0.004555555555555556,0.0054444444444444445,-0.08888888888888886,10,0,0,0,,
10,182,0.8,0.007222222222222223,0.007222222222222223,0.0,10,0,0,0,,
10,183,0.8,0.009,0.01,-0.05263157894736847,10,0,0,0,,
10,184,0.8,0.04555555555555556,0.04555555555555556,0.0,10,0,0,0,,
10,185,0.8,0.06333333333333332,0.07222222222222222,-0.0655737704918033,10,0,0,0,,
10,186,0.8,0.09,0.09,0.0,10,0,0,0,,
10,187,0.8,0.4555555555555556,0.4555555555555556,0.0,10,0,0,0,,
10,188,0.8,0.6333333333333333,0.7222222222222222,-0.06557377049180328,10,0,0,0,,
10,189,0.8,0.9,0.9,0.0,10,0,0,0,,
10,190,0.8,3.6666666666666665,3.6666666666666665,0.0,10,0,0,0,,
10,191,0.8,6.333333333333333,6.333333333333333,0.0,10,0,0,0,,
10,192,0.8,8.11111111111111,9.0,-0.05194805194805197,10,0,0,0,,
10,193,0.8,36.66666666666667,36.66666666666667,0.0,10,0,0,0,,
10,194,0.8,63.333333333333336,63.333333333333336,0.0,10,0,0,0,,
10,195,0.8,81.11111111111111,90.0,-0.05194805194805193,10,0,0,0,,
10,196,0.8,277.77777777777777,277.77777777777777,0.0,10,0,0,0,,
10,197,0.8,544.4444444444445,633.3333333333333,-0.07547169811320747,10,0,0,0,,
10,198,0.8,811.1111111111111,811.1111111111111,0.0,10,0,0,0,,
10,199,0.8,3000.0,3000.0,0.0,10,0,0,0,,
10,200,0.8,0.0054444444444444445,0.004555555555555556,0.08888888888888886,10,0,0,0,,
10,201,0.8,0.006333333333333334,0.0054444444444444445,0.0754716981132076,10,0,0,0,,
10,202,0.8,0.00811111111111111,0.007222222222222223,0.057971014492753555,10,0,0,0,,
10,203,0.8,0.01,0.009,0.05263157894736847,10,0,0,0,,
10,204,0.8,0.06333333333333332,0.05444444444444445,0.07547169811320745,10,0,0,0,,
10,205,0.8,0.0811111111111111,0.07222222222222222,0.05797101449275364,10,0,0,0,,
10,206,0.8,0.1,0.09,0.05263157894736847,10,0,0,0,,
10,207,0.8,0.5444444444444445,0.4555555555555556,0.0888888888888889,10,0,0,0,,
10,208,0.8,0.7222222222222222,0.6333333333333333,0.06557377049180328,10,0,0,0,,
10,209,0.8,0.9,0.8111111111111111,0.05194805194805195,10,0,0,0,,
10,210,0.8,5.444444444444445,4.555555555555555,0.08888888888888893,10,0,0,0,,
10,211,0.8,7.222222222222221,6.333333333333333,0.06557377049180325,10,0,0,0,,
10,212,0.8,9.0,8.11111111111111,0.05194805194805197,10,0,0,0,,
10,213,0.8,10.0,9.0,0.05263157894736842,10,0,0,0,,
10,214,0.8,63.333333333333336,54.44444444444444,0.07547169811320759,10,0,0,0,,
10,215,0.8,81.11111111111111,72.22222222222223,0.057971014492753596,10,0,0,0,,
10,216,0.8,100.0,90.0,0.05263157894736842,10,0,0,0,,
10,217,0.8,633.3333333333333,544.4444444444445,0.07547169811320747,10,0,0,0,,
10,218,0.8,811.1111111111111,722.2222222222222,0.057971014492753645,10,0,0,0,,
10,219,0.8,1000.0,900.0,0.05263157894736842,10,0,0,0,,
10,220,0.8,0.002777777777777778,0.001888888888888889,0.19047619047619047,10,1,0,0,0.043052661049171055,12.889325395536599
10,221,0.8,0.0054444444444444445,0.003666666666666667,0.19512195121951215,10,1,0,0,0.05997910762555094,9.242904041203115
10,222,0.8,0.00811111111111111,0.006333333333333334,0.123076923076923,10,0,0,0,,
10,223,0.8,0.01,0.00811111111111111,0.1042944785276074,10,0,0,0,,
10,224,0.8,0.05444444444444445,0.03666666666666667,0.19512195121951223,10,0,0,0,,
10,225,0.8,0.0811111111111111,0.05444444444444445,0.1967213114754098,10,0,0,0,,
10,226,0.8,0.1,0.07222222222222222,0.16129032258064524,10,0,0,0,,
10,227,0.8,0.4555555555555556,0.3666666666666667,0.10810810810810811,10,0,0,0,,
10,228,0.8,0.8111111111111111,0.5444444444444445,0.19672131147540978,10,0,0,0,,
10,229,0.8,1.0,0.7222222222222222,0.16129032258064516,10,0,0,0,,
10,230,0.8,3.6666666666666665,2.7777777777777777,0.13793103448275862,10,0,0,0,,
10,231,0.8,7.222222222222221,5.444444444444445,0.1403508771929824,10,0,0,0,,
10,232,0.8,9.0,7.222222222222221,0.10958904109589046,10,0,0,0,,
10,233,0.8,36.66666666666667,27.77777777777778,0.13793103448275865,10,0,0,0,,
10,234,0.8,72.22222222222223,54.44444444444444,0.1403508771929825,10,0,0,0,,
10,235,0.8,90.0,63.333333333333336,0.17391304347826084,10,0,0,0,,
10,236,0.8,277.77777777777777,188.88888888888889,0.1904761904761905,10,0,0,0,,
10,237,0.8,633.3333333333333,455.55555555555554,0.16326530612244894,10,0,0,0,,
10,238,0.8,900.0,633.3333333333333,0.17391304347826092,10,0,0,0,,
10,239,0.8,3000.0,2000.0,0.2,10,0,0,0,,
10,240,0.8,0.004555555555555556,0.002777777777777778,0.2424242424242424,10,1,0,0,0.052480746024977286,10.545986144318691
10,241,0.8,0.007222222222222223,0.004555555555555556,0.22641509433962265,10,0,0,0,,
10,242,0.8,0.009,0.0054444444444444445,0.2461538461538461,10,0,0,0,,
10,243,0.8,0.01,0.006333333333333334,0.2244897959183673,10,0,0,0,,
10,244,0.8,0.06333333333333332,0.03666666666666667,0.2666666666666666,10,0,0,0,,
10,245,0.8,0.0811111111111111,0.04555555555555556,0.2807017543859649,10,0,0,0,,
10,246,0.8,0.1,0.05444444444444445,0.2949640287769784,10,0,0,0,,
10,247,0.8,0.6333333333333333,0.3666666666666667,0.2666666666666666,10,0,0,0,,
10,248,0.8,0.8111111111111111,0.4555555555555556,0.2807017543859649,10,0,0,0,,
10,249,0.8,1.0,0.5444444444444445,0.29496402877697836,10,0,0,0,,
10,250,0.8,4.555555555555555,2.7777777777777777,0.24242424242424243,10,0,0,0,,
10,251,0.8,7.222222222222221,4.555555555555555,0.22641509433962262,10,0,0,0,,
10,252,0.8,9.0,5.444444444444445,0.24615384615384614,10,0,0,0,,
10,253,0.8,45.55555555555556,27.77777777777778,0.2424242424242424,10,0,0,0,,
10,254,0.8,72.22222222222223,45.55555555555556,0.22641509433962267,10,0,0,0,,
10,255,0.8,90.0,54.44444444444444,0.24615384615384614,10,0,0,0,,
10,256,0.8,100.0,63.333333333333336,0.22448979591836732,10,0,0,0,,
10,257,0.8,633.3333333333333,366.66666666666663,0.26666666666666666,10,0,0,0,,
10,258,0.8,811.1111111111111,455.55555555555554,0.28070175438596495,10,0,0,0,,
10,259,0.8,1000.0,633.3333333333333,0.2244897959183674,10,0,0,0,,
10,260,0.8,0.001888888888888889,0.001,0.3076923076923077,10,1,0,0,0.031768740706497725,17.462483538091895
10,261,0.8,0.006333333333333334,0.002777777777777778,0.39024390243902446,10,1,0,0,0.05345643593969719,10.402194021396658
10,262,0.8,0.009,0.004555555555555556,0.3278688524590163,10,0,0,0,,
10,263,0.8,0.01888888888888889,0.009,0.354581673306773,10,0,0,0,,
10,264,0.8,0.05444444444444445,0.027777777777777776,0.3243243243243244,10,0,0,0,,
10,265,0.8,0.0811111111111111,0.03666666666666667,0.3773584905660377,10,0,0,0,,
10,266,0.8,0.18888888888888888,0.0811111111111111,0.39917695473251025,10,0,0,0,,
10,267,0.8,0.3666666666666667,0.18888888888888888,0.32000000000000006,10,0,0,0,,
10,268,0.8,0.7222222222222222,0.3666666666666667,0.3265306122448979,10,0,0,0,,
10,269,0.8,1.0,0.4555555555555556,0.37404580152671746,10,0,0,0,,
10,270,0.8,3.6666666666666665,1.8888888888888888,0.32,10,0,0,0,,
10,271,0.8,7.222222222222221,3.6666666666666665,0.32653061224489793,10,0,0,0,,
10,272,0.8,10.0,4.555555555555555,0.37404580152671757,10,0,0,0,,
10,273,0.8,18.88888888888889,10.0,0.3076923076923077,10,0,0,0,,
10,274,0.8,63.333333333333336,27.77777777777778,0.3902439024390244,10,0,0,0,,
10,275,0.8,90.0,45.55555555555556,0.3278688524590164,10,0,0,0,,
10,276,0.8,188.88888888888889,90.0,0.35458167330677287,10,0,0,0,,
10,277,0.8,544.4444444444445,277.77777777777777,0.32432432432432434,10,0,0,0,,
10,278,0.8,811.1111111111111,366.66666666666663,0.3773584905660377,10,0,0,0,,
10,279,0.8,2000.0,1000.0,0.3333333333333333,10,0,0,0,,
10,280,0.8,0.002777777777777778,0.001,0.47058823529411764,10,1,0,0,0.032210687912834345,17.1124681532635
10,281,0.8,0.0054444444444444445,0.001888888888888889,0.48484848484848486,10,1,0,0,0.044463126746910886,12.49693915937179
10,282,0.8,0.009,0.003666666666666667,0.4210526315789473,10,0,0,0,,
10,283,0.8,0.01888888888888889,0.007222222222222223,0.4468085106382978,10,0,0,0,,
10,284,0.8,0.05444444444444445,0.01888888888888889,0.4848484848484849,10,0,0,0,,
10,285,0.8,0.09,0.03666666666666667,0.4210526315789474,10,0,0,0,,
10,286,0.8,0.18888888888888888,0.07222222222222222,0.44680851063829796,10,0,0,0,,
10,287,0.8,0.4555555555555556,0.18888888888888888,0.4137931034482759,10,0,0,0,,
10,288,0.8,0.8111111111111111,0.2777777777777778,0.48979591836734687,10,0,0,0,,
10,289,0.8,1.8888888888888888,0.6333333333333333,0.4977973568281938,10,0,0,0,,
10,290,0.8,4.555555555555555,1.8888888888888888,0.4137931034482758,10,0,0,0,,
10,291,0.8,8.11111111111111,2.7777777777777777,0.48979591836734687,10,0,0,0,,
10,292,0.8,18.88888888888889,6.333333333333333,0.4977973568281939,10,0,0,0,,
10,293,0.8,27.77777777777778,10.0,0.47058823529411764,10,0,0,0,,
10,294,0.8,72.22222222222223,27.77777777777778,0.4444444444444445,10,0,0,0,,
10,295,0.8,100.0,36.66666666666667,0.4634146341463414,10,0,0,0,,
10,296,0.8,277.77777777777777,100.0,0.47058823529411764,10,0,0,0,,
10,297,0.8,722.2222222222222,277.77777777777777,0.4444444444444444,10,0,0,0,,
10,298,0.8,1000.0,366.66666666666663,0.46341463414634154,10,0,0,0,,
10,299,0.8,3000.0,1000.0,0.5,10,0,0,0,,
10,300,0.8,0.003666666666666667,0.001,0.5714285714285715,10,1,0,0,0.032508729738543435,17.011336850681115
10,301,0.8,0.007222222222222223,0.001888888888888889,0.5853658536585367,10,1,0,0,0.04487453899331323,12.386187233650775
10,302,0.8,0.01888888888888889,0.0054444444444444445,0.5525114155251142,10,0,0,0,,
10,303,0.8,0.027777777777777776,0.009,0.5105740181268882,10,0,0,0,,
10,304,0.8,0.07222222222222222,0.01888888888888889,0.5853658536585367,10,0,0,0,,
10,305,0.8,0.1,0.027777777777777776,0.5652173913043479,10,0,0,0,,
10,306,0.8,0.2777777777777778,0.0811111111111111,0.5479876160990712,10,0,0,0,,
10,307,0.8,0.6333333333333333,0.18888888888888888,0.5405405405405406,10,0,0,0,,
10,308,0.8,1.0,0.2777777777777778,0.5652173913043479,10,0,0,0,,
10,309,0.8,2.7777777777777777,0.8111111111111111,0.5479876160990712,10,0,0,0,,
10,310,0.8,3.6666666666666665,1.0,0.5714285714285715,10,0,0,0,,
10,311,0.8,9.0,2.7777777777777777,0.5283018867924528,10,0,0,0,,
10,312,0.8,27.77777777777778,7.222222222222221,0.5873015873015873,10,0,0,0,,
10,313,0.8,36.66666666666667,10.0,0.5714285714285715,10,0,0,0,,
10,314,0.8,90.0,27.77777777777778,0.5283018867924528,10,0,0,0,,
10,315,0.8,188.88888888888889,54.44444444444444,0.5525114155251143,10,0,0,0,,
10,316,0.8,277.77777777777777,90.0,0.5105740181268882,10,0,0,0,,
10,317,0.8,722.2222222222222,188.88888888888889,0.5853658536585366,10,0,0,0,,
10,318,0.8,2000.0,544.4444444444445,0.572052401746725,10,0,0,0,,
10,319,0.8,3000.0,900.0,0.5384615384615384,10,0,0,0,,
10,320,0.8,0.004555555555555556,0.001,0.64,10,1,0,0,0.032658783217233596,16.8997398891806
10,321,0.8,0.01,0.001888888888888889,0.6822429906542055,10,1,0,0,0.045081670454146,12.297778470742875
10,322,0.8,0.027777777777777776,0.006333333333333334,0.6286644951140065,10,0,0,0,,
10,323,0.8,0.04555555555555556,0.00811111111111111,0.6977225672877847,10,0,0,0,,
10,324,0.8,0.0811111111111111,0.01888888888888889,0.6222222222222222,10,0,0,0,,
10,325,0.8,0.18888888888888888,0.04555555555555556,0.6113744075829383,10,0,0,0,,
10,326,0.8,0.3666666666666667,0.0811111111111111,0.6377171215880892,10,0,0,0,,
10,327,0.8,0.5444444444444445,0.1,0.6896551724137931,10,0,0,0,,
10,328,0.8,1.8888888888888888,0.3666666666666667,0.6748768472906403,10,0,0,0,,
10,329,0.8,3.6666666666666665,0.7222222222222222,0.6708860759493671,10,0,0,0,,
10,330,0.8,4.555555555555555,0.9,0.670061099796334,10,0,0,0,,
10,331,0.8,9.0,1.8888888888888888,0.6530612244897959,10,0,0,0,,
10,332,0.8,27.77777777777778,5.444444444444445,0.6722408026755854,10,0,0,0,,
10,333,0.8,45.55555555555556,8.11111111111111,0.6977225672877846,10,0,0,0,,
10,334,0.8,81.11111111111111,18.88888888888889,0.6222222222222222,10,0,0,0,,
10,335,0.8,188.88888888888889,45.55555555555556,0.6113744075829383,10,0,0,0,,
10,336,0.8,366.66666666666663,81.11111111111111,0.6377171215880894,10,0,0,0,,
10,337,0.8,455.55555555555554,100.0,0.64,10,0,0,0,,
10,338,0.8,1000.0,188.88888888888889,0.6822429906542056,10,0,0,0,,
10,339,0.8,3000.0,722.2222222222222,0.6119402985074627,10,0,0,0,,
10,340,0.8,0.006333333333333334,0.001,0.7272727272727273,10,1,0,0,0.03296097121774579,16.820665989328983
10,341,0.8,0.03666666666666667,0.004555555555555556,0.7789757412398922,10,0,0,0,,
10,342,0.8,0.05444444444444445,0.006333333333333334,0.7915904936014624,10,0,0,0,,
10,343,0.8,0.06333333333333332,0.009,0.7511520737327189,10,0,0,0,,
10,344,0.8,0.09,0.01,0.8,10,0,0,0,,
10,345,0.8,0.3666666666666667,0.06333333333333332,0.7054263565891472,10,0,0,0,,
10,346,0.8,0.5444444444444445,0.0811111111111111,0.7406749555950266,10,0,0,0,,
10,347,0.8,0.7222222222222222,0.0811111111111111,0.7980636237897648,10,0,0,0,,
10,348,0.8,2.7777777777777777,0.3666666666666667,0.7667844522968198,10,0,0,0,,
10,349,0.8,4.555555555555555,0.6333333333333333,0.7558886509635975,10,0,0,0,,
10,350,0.8,6.333333333333333,0.7222222222222222,0.795275590551181,10,0,0,0,,
10,351,0.8,7.222222222222221,1.0,0.7567567567567567,10,0,0,0,,
10,352,0.8,36.66666666666667,4.555555555555555,0.7789757412398921,10,0,0,0,,
10,353,0.8,54.44444444444444,6.333333333333333,0.7915904936014625,10,0,0,0,,
10,354,0.8,63.333333333333336,9.0,0.7511520737327189,10,0,0,0,,
10,355,0.8,90.0,10.0,0.8,10,0,0,0,,
10,356,0.8,366.66666666666663,63.333333333333336,0.7054263565891473,10,0,0,0,,
10,357,0.8,544.4444444444445,81.11111111111111,0.7406749555950267,10,0,0,0,,
10,358,0.8,722.2222222222222,81.11111111111111,0.7980636237897649,10,0,0,0,,
10,359,0.8,3000.0,455.55555555555554,0.7363344051446945,10,0,0,0,,
10,360,0.8,0.009,0.001,0.8000000000000002,10,1,0,0,0.03311311214825911,16.743877365886917
10,361,0.8,0.04555555555555556,0.003666666666666667,0.8510158013544019,10,0,0,0,,
10,362,0.8,0.07222222222222222,0.0054444444444444445,0.8597997138769671,10,0,0,0,,
10,363,0.8,0.09,0.006333333333333334,0.8685121107266437,10,0,0,0,,
10,364,0.8,0.18888888888888888,0.01,0.8994413407821228,10,0,0,0,,
10,365,0.8,0.5444444444444445,0.04555555555555556,0.8455743879472692,10,0,0,0,,
10,366,0.8,0.8111111111111111,0.04555555555555556,0.8936446173800259,10,0,0,0,,
10,367,0.8,0.9,0.09,0.8181818181818182,10,0,0,0,,
10,368,0.8,2.7777777777777777,0.2777777777777778,0.8181818181818182,10,0,0,0,,
10,369,0.8,6.333333333333333,0.4555555555555556,0.8657937806873977,10,0,0,0,,
10,370,0.8,8.11111111111111,0.7222222222222222,0.8364779874213837,10,0,0,0,,
10,371,0.8,10.0,0.7222222222222222,0.8652849740932644,10,0,0,0,,
10,372,0.8,45.55555555555556,2.7777777777777777,0.8850574712643677,10,0,0,0,,
10,373,0.8,72.22222222222223,4.555555555555555,0.8813314037626627,10,0,0,0,,
10,374,0.8,90.0,5.444444444444445,0.8859138533178115,10,0,0,0,,
10,375,0.8,100.0,10.0,0.8181818181818182,10,0,0,0,,
10,376,0.8,544.4444444444445,36.66666666666667,0.8738049713193117,10,0,0,0,,
10,377,0.8,722.2222222222222,72.22222222222223,0.8181818181818182,10,0,0,0,,
10,378,0.8,900.0,81.11111111111111,0.8346545866364666,10,0,0,0,,
10,379,0.8,3000.0,277.77777777777777,0.8305084745762712,10,0,0,0,,
10,380,0.8,0.027777777777777776,0.001,0.9305019305019304,10,1,0,0,0.03326595532940047,16.588661206046066
10,381,0.8,0.4555555555555556,0.003666666666666667,0.9840309702395356,10,0,0,0,,
10,382,0.8,0.9,0.003666666666666667,0.9918849133161194,10,1,0,0,0.9969979986657771,283.0949425320452
10,383,0.8,2.7777777777777777,0.0811111111111111,0.94325689856199,10,0,0,0,,
10,384,0.8,5.444444444444445,0.09,0.9674764103593656,10,0,0,0,,
10,385,0.8,8.11111111111111,0.04555555555555556,0.98882985969214,10,0,0,0,,
10,386,0.8,18.88888888888889,0.006333333333333334,0.9993296365336328,10,0,0,0,,
10,387,0.8,36.66666666666667,0.01888888888888889,0.998970227458582,10,0,0,0,,
10,388,0.8,54.44444444444444,0.027777777777777776,0.9989801121876594,10,0,0,0,,
10,389,0.8,72.22222222222223,0.027777777777777776,0.9992310649750098,10,0,0,0,,
10,390,0.8,90.0,0.009,0.9998000199980002,10,0,0,0,,
10,391,0.8,188.88888888888889,0.0054444444444444445,0.9999423546027204,10,0,0,0,,
10,392,0.8,277.77777777777777,1.0,0.9928258270227183,10,0,0,0,,
10,393,0.8,455.55555555555554,0.03666666666666667,0.9998390373457745,10,0,0,0,,
10,394,0.8,544.4444444444445,7.222222222222221,0.9738167170191341,10,0,0,0,,
10,395,0.8,722.2222222222222,0.06333333333333332,0.9998246307631483,10,0,0,0,,
10,396,0.8,811.1111111111111,8.11111111111111,0.9801980198019803,10,0,0,0,,
10,397,0.8,1000.0,0.04555555555555556,0.9999088930393171,10,0,0,0,,
10,398,0.8,2000.0,5.444444444444445,0.9945703363067206,10,0,0,0,,
10,399,0.8,3000.0,100.0,0.9354838709677419,10,0,0,0,,
11,0,0.9,0.001,0.027777777777777776,-0.9305019305019304,10,0,0,0,,
11,1,0.9,0.001888888888888889,0.7222222222222222,-0.9947828755562373,10,1,0,0,0.08090958991783821,10.73113725246382
11,2,0.9,0.002777777777777778,54.44444444444444,-0.9998979643895719,10,1,1,0,0.01778279410038923,211.00988356733833
11,3,0.9,0.004555555555555556,0.1,-0.9128586609989372,10,0,0,0,,
11,4,0.9,0.0054444444444444445,45.55555555555556,-0.9997610041726721,10,1,1,0,0.027164392688390836,209.09500470269705
11,5,0.9,0.007222222222222223,0.5444444444444445,-0.9738167170191339,10,0,0,0,,
11,6,0.9,0.00811111111111111,90.0,-0.999819769329431,10,1,1,0,0.02376840286624876,203.36257656561597
11,7,0.9,0.01,2.7777777777777777,-0.9928258270227184,10,1,0,0,0.12821881254169448,14.675447342147068
11,8,0.9,0.01888888888888889,722.2222222222222,-0.9999476936757038,10,1,1,0,0.012882495516931335,162.8471479045062
11,9,0.9,0.03666666666666667,90.0,-0.999185517011588,10,1,1,0,0.05058246620031143,111.45176110807553
11,10,0.9,0.05444444444444445,81.11111111111111,-0.998658434749278,10,1,1,0,0.06486344335482389,125.10715423942324
11,11,0.9,0.07222222222222222,100.0,-0.9985565980125465,10,1,1,0,0.06729766562843176,200.9718236549076
11,12,0.9,0.09,188.88888888888889,-0.9990475126557345,10,1,1,0,0.05470159628939716,204.0135587039789
11,13,0.9,0.18888888888888888,633.3333333333333,-0.9994036866197801,10,1,1,0,0.04345102241715714,209.28721311969153
11,14,0.9,0.4555555555555556,45.55555555555556,-0.9801980198019802,10,1,1,0,0.2476984656437625,101.46829473811134
11,15,0.9,0.7222222222222222,36.66666666666667,-0.9613670133729569,10,1,1,0,0.34496330887258175,71.02416657975424
11,16,0.9,1.0,45.55555555555556,-0.9570405727923628,10,1,1,0,0.3641761174116077,83.98164516653695
11,17,0.9,3.6666666666666665,544.4444444444445,-0.9866207176160553,10,1,1,0,0.2056704469646431,229.7314124384227
11,18,0.9,8.11111111111111,900.0,-0.9821363024593173,10,1,1,0,0.23749166110740494,375.57535205314537
11,19,0.9,100.0,3000.0,-0.9354838709677419,10,1,1,0,0.44943295530353566,648.9790224418552
11,20,0.9,0.001,0.009,-0.8000000000000002,10,0,0,0,,
11,21,0.9,0.003666666666666667,0.05444444444444445,-0.8738049713193117,10,0,0,0,,
11,22,0.9,0.0054444444444444445,0.0811111111111111,-0.8741976893453145,10,0,0,0,,
11,23,0.9,0.007222222222222223,0.09,-0.8514285714285713,10,0,0,0,,
11,24,0.9,0.01,0.18888888888888888,-0.8994413407821228,10,0,0,0,,
11,25,0.9,0.04555555555555556,0.5444444444444445,-0.8455743879472692,10,0,0,0,,
11,26,0.9,0.06333333333333332,0.6333333333333333,-0.8181818181818181,10,0,0,0,,
11,27,0.9,0.0811111111111111,0.9,-0.8346545866364665,10,0,0,0,,
11,28,0.9,0.2777777777777778,2.7777777777777777,-0.8181818181818182,10,0,0,0,,
11,29,0.9,0.4555555555555556,7.222222222222221,-0.8813314037626627,10,0,0,0,,
11,30,0.9,0.6333333333333333,9.0,-0.8685121107266437,10,0,0,0,,
11,31,0.9,0.9,9.0,-0.8181818181818181,10,0,0,0,,
11,32,0.9,3.6666666666666665,36.66666666666667,-0.8181818181818183,10,1,1,0,0.7436290860573715,62.282422436290794
11,33,0.9,5.444444444444445,63.333333333333336,-0.8416801292407108,10,1,1,0,0.6967978652434956,106.71362044230996
11,34,0.9,7.222222222222221,72.22222222222223,-0.818181818181818,10,1,1,0,0.7460306871247497,121.49441892085032
11,35,0.9,10.0,100.0,-0.8181818181818182,10,1,1,0,0.7466310873915943,166.7609306664334
11,36,0.9,36.66666666666667,633.3333333333333,-0.8905472636815921,10,1,1,0,0.5833222148098732,801.3587736974395
11,37,0.9,54.44444444444444,900.0,-0.8859138533178114,10,1,1,0,0.5953302201467645,857.5920130880243
11,38,0.9,72.22222222222223,1000.0,-0.8652849740932643,10,1,1,0,0.6457638425617077,604.0995388051005
11,39,0.9,277.77777777777777,3000.0,-0.8305084745762712,10,1,1,0,0.7226150767178118,1106.4600506905067
11,40,0.9,0.001,0.006333333333333334,-0.7272727272727273,10,1,0,0,0.05445026528424215,9.697344005415475
11,41,0.9,0.004555555555555556,0.027777777777777776,-0.718213058419244,10,0,0,0,,
11,42,0.9,0.006333333333333334,0.05444444444444445,-0.7915904936014624,10,0,0,0,,
11,43,0.9,0.00811111111111111,0.07222222222222222,-0.7980636237897648,10,0,0,0,,
11,44,0.9,0.01,0.0811111111111111,-0.7804878048780489,10,0,0,0,,
11,45,0.9,0.05444444444444445,0.3666666666666667,-0.7414248021108178,10,0,0,0,,
11,46,0.9,0.07222222222222222,0.5444444444444445,-0.7657657657657659,10,0,0,0,,
11,47,0.9,0.09,0.6333333333333333,-0.751152073732719,10,0,0,0,,
11,48,0.9,0.3666666666666667,2.7777777777777777,-0.7667844522968198,10,0,0,0,,
11,49,0.9,0.6333333333333333,4.555555555555555,-0.7558886509635975,10,0,0,0,,
11,50,0.9,0.8111111111111111,5.444444444444445,-0.7406749555950267,10,0,0,0,,
11,51,0.9,1.0,6.333333333333333,-0.7272727272727273,10,0,0,0,,
11,52,0.9,4.555555555555555,36.66666666666667,-0.7789757412398921,10,1,1,0,0.8180787191460973,62.96598891616264
11,53,0.9,7.222222222222221,45.55555555555556,-0.7263157894736842,10,1,1,0,0.9075383589059373,79.51615249992504
11,54,0.9,9.0,54.44444444444444,-0.7162872154115587,10,1,1,0,0.924349566377585,95.31085639042668
11,55,0.9,10.0,81.11111111111111,-0.7804878048780488,10,1,1,0,0.8174783188792528,139.2762065466321
11,56,0.9,54.44444444444444,455.55555555555554,-0.7864923747276688,10,1,1,0,0.8078719146097397,565.2264147783162
11,57,0.9,72.22222222222223,633.3333333333333,-0.7952755905511812,10,1,1,0,0.7916611074049366,571.2273228899088
11,58,0.9,90.0,722.2222222222222,-0.7783857729138167,10,1,1,0,0.8228819212808538,1035.2112107388364
11,59,0.9,455.55555555555554,3000.0,-0.7363344051446945,10,1,1,0,0.8949299533022014,1453.0607964590622
11,60,0.9,0.001,0.004555555555555556,-0.64,10,1,0,0,0.049888448746001214,10.525449738548518
11,61,0.9,0.001888888888888889,0.01,-0.6822429906542055,10,0,0,0,,
11,62,0.9,0.006333333333333334,0.027777777777777776,-0.6286644951140065,10,0,0,0,,
11,63,0.9,0.009,0.03666666666666667,-0.6058394160583941,10,0,0,0,,
11,64,0.9,0.01888888888888889,0.0811111111111111,-0.6222222222222222,10,0,0,0,,
11,65,0.9,0.04555555555555556,0.18888888888888888,-0.6113744075829383,10,0,0,0,,
11,66,0.9,0.0811111111111111,0.3666666666666667,-0.6377171215880892,10,0,0,0,,
11,67,0.9,0.1,0.5444444444444445,-0.6896551724137931,10,0,0,0,,
11,68,0.9,0.3666666666666667,1.8888888888888888,-0.6748768472906403,10,0,0,0,,
11,69,0.9,0.7222222222222222,3.6666666666666665,-0.6708860759493671,10,0,0,0,,
11,70,0.9,0.9,4.555555555555555,-0.670061099796334,10,0,0,0,,
11,71,0.9,1.8888888888888888,9.0,-0.6530612244897959,10,0,0,0,,
11,72,0.9,5.444444444444445,27.77777777777778,-0.6722408026755854,10,1,1,0,0.9873915943962641,74.76169466761483
11,73,0.9,9.0,36.66666666666667,-0.6058394160583942,10,0,0,0,,
11,74,0.9,18.88888888888889,81.11111111111111,-0.6222222222222222,10,0,0,0,,
11,75,0.9,45.55555555555556,188.88888888888889,-0.6113744075829383,10,0,0,0,,
11,76,0.9,81.11111111111111,366.66666666666663,-0.6377171215880894,10,0,0,0,,
11,77,0.9,100.0,455.55555555555554,-0.64,10,0,0,0,,
11,78,0.9,188.88888888888889,1000.0,-0.6822429906542056,10,1,1,0,0.9783855903935956,1193.3284299492634
11,79,0.9,722.2222222222222,3000.0,-0.6119402985074627,10,0,0,0,,
11,80,0.9,0.001,0.003666666666666667,-0.5714285714285715,10,1,0,0,0.046773514128719815,11.195415536678684
11,81,0.9,0.001888888888888889,0.007222222222222223,-0.5853658536585367,10,0,0,0,,
11,82,0.9,0.0054444444444444445,0.01888888888888889,-0.5525114155251142,10,0,0,0,,
11,83,0.9,0.009,0.027777777777777776,-0.5105740181268882,10,0,0,0,,
11,84,0.9,0.01888888888888889,0.07222222222222222,-0.5853658536585367,10,0,0,0,,
11,85,0.9,0.05444444444444445,0.18888888888888888,-0.5525114155251141,10,0,0,0,,
11,86,0.9,0.09,0.2777777777777778,-0.5105740181268883,10,0,0,0,,
11,87,0.9,0.18888888888888888,0.6333333333333333,-0.5405405405405406,10,0,0,0,,
11,88,0.9,0.2777777777777778,1.0,-0.5652173913043479,10,0,0,0,,
11,89,0.9,0.8111111111111111,2.7777777777777777,-0.5479876160990712,10,0,0,0,,
11,90,0.9,1.8888888888888888,6.333333333333333,-0.5405405405405406,10,0,0,0,,
11,91,0.9,2.7777777777777777,10.0,-0.5652173913043478,10,0,0,0,,
11,92,0.9,8.11111111111111,27.77777777777778,-0.5479876160990713,10,0,0,0,,
11,93,0.9,10.0,36.66666666666667,-0.5714285714285715,10,0,0,0,,
11,94,0.9,27.77777777777778,90.0,-0.5283018867924528,10,0,0,0,,
11,95,0.9,72.22222222222223,277.77777777777777,-0.5873015873015872,10,0,0,0,,
11,96,0.9,100.0,366.66666666666663,-0.5714285714285714,10,0,0,0,,
11,97,0.9,277.77777777777777,900.0,-0.5283018867924527,10,0,0,0,,
11,98,0.9,633.3333333333333,2000.0,-0.518987341772152,10,0,0,0,,
11,99,0.9,1000.0,3000.0,-0.5,10,0,0,0,,
11,100,0.9,0.001,0.002777777777777778,-0.47058823529411764,10,1,0,0,0.042854852039743964,12.287581825580613
11,101,0.9,0.001888888888888889,0.0054444444444444445,-0.48484848484848486,10,0,0,0,,
11,102,0.9,0.003666666666666667,0.009,-0.4210526315789473,10,0,0,0,,
11,103,0.9,0.007222222222222223,0.01888888888888889,-0.4468085106382978,10,0,0,0,,
11,104,0.9,0.01888888888888889,0.05444444444444445,-0.4848484848484849,10,0,0,0,,
11,105,0.9,0.027777777777777776,0.0811111111111111,-0.4897959183673469,10,0,0,0,,
11,106,0.9,0.06333333333333332,0.18888888888888888,-0.4977973568281938,10,0,0,0,,
11,107,0.9,0.18888888888888888,0.4555555555555556,-0.4137931034482759,10,0,0,0,,
11,108,0.9,0.2777777777777778,0.8111111111111111,-0.48979591836734687,10,0,0,0,,
11,109,0.9,0.6333333333333333,1.8888888888888888,-0.4977973568281938,10,0,0,0,,
11,110,0.9,1.0,2.7777777777777777,-0.47058823529411764,10,0,0,0,,
11,111,0.9,2.7777777777777777,7.222222222222221,-0.44444444444444436,10,0,0,0,,
11,112,0.9,3.6666666666666665,10.0,-0.46341463414634154,10,0,0,0,,
11,113,0.9,10.0,27.77777777777778,-0.47058823529411764,10,0,0,0,,
11,114,0.9,27.77777777777778,72.22222222222223,-0.4444444444444445,10,0,0,0,,
11,115,0.9,36.66666666666667,90.0,-0.4210526315789473,10,0,0,0,,
11,116,0.9,72.22222222222223,188.88888888888889,-0.4468085106382979,10,0,0,0,,
11,117,0.9,188.88888888888889,544.4444444444445,-0.4848484848484848,10,0,0,0,,
11,118,0.9,366.66666666666663,900.0,-0.42105263157894746,10,0,0,0,,
11,119,0.9,811.1111111111111,2000.0,-0.42292490118577075,10,0,0,0,,
11,120,0.9,0.001,0.001888888888888889,-0.3076923076923077,10,1,0,0,0.03732501577957206,14.09466058417557
11,121,0.9,0.002777777777777778,0.006333333333333334,-0.39024390243902446,10,0,0,0,,
11,122,0.9,0.004555555555555556,0.009,-0.3278688524590163,10,0,0,0,,
11,123,0.9,0.009,0.01888888888888889,-0.354581673306773,10,0,0,0,,
11,124,0.9,0.027777777777777776,0.05444444444444445,-0.3243243243243244,10,0,0,0,,
11,125,0.9,0.03666666666666667,0.0811111111111111,-0.3773584905660377,10,0,0,0,,
11,126,0.9,0.0811111111111111,0.18888888888888888,-0.39917695473251025,10,0,0,0,,
11,127,0.9,0.18888888888888888,0.3666666666666667,-0.32000000000000006,10,0,0,0,,
11,128,0.9,0.3666666666666667,0.7222222222222222,-0.3265306122448979,10,0,0,0,,
11,129,0.9,0.4555555555555556,1.0,-0.37404580152671746,10,0,0,0,,
11,130,0.9,1.8888888888888888,3.6666666666666665,-0.32,10,0,0,0,,
11,131,0.9,3.6666666666666665,7.222222222222221,-0.32653061224489793,10,0,0,0,,
11,132,0.9,4.555555555555555,10.0,-0.37404580152671757,10,0,0,0,,
11,133,0.9,10.0,18.88888888888889,-0.3076923076923077,10,0,0,0,,
11,134,0.9,27.77777777777778,63.333333333333336,-0.3902439024390244,10,0,0,0,,
11,135,0.9,45.55555555555556,90.0,-0.3278688524590164,10,0,0,0,,
11,136,0.9,90.0,188.88888888888889,-0.35458167330677287,10,0,0,0,,
11,137,0.9,277.77777777777777,544.4444444444445,-0.32432432432432434,10,0,0,0,,
11,138,0.9,366.66666666666663,811.1111111111111,-0.3773584905660377,10,0,0,0,,
11,139,0.9,1000.0,2000.0,-0.3333333333333333,10,0,0,0,,
11,140,0.9,0.002777777777777778,0.004555555555555556,-0.2424242424242424,10,0,0,0,,
11,141,0.9,0.004555555555555556,0.007222222222222223,-0.22641509433962265,10,0,0,0,,
11,142,0.9,0.0054444444444444445,0.009,-0.2461538461538461,10,0,0,0,,
11,143,0.9,0.006333333333333334,0.01,-0.2244897959183673,10,0,0,0,,
11,144,0.9,0.03666666666666667,0.06333333333333332,-0.2666666666666666,10,0,0,0,,
11,145,0.9,0.05444444444444445,0.09,-0.24615384615384614,10,0,0,0,,
11,146,0.9,0.06333333333333332,0.1,-0.22448979591836743,10,0,0,0,,
11,147,0.9,0.3666666666666667,0.6333333333333333,-0.2666666666666666,10,0,0,0,,
11,148,0.9,0.4555555555555556,0.8111111111111111,-0.2807017543859649,10,0,0,0,,
11,149,0.9,0.5444444444444445,1.0,-0.29496402877697836,10,0,0,0,,
11,150,0.9,3.6666666666666665,6.333333333333333,-0.26666666666666666,10,0,0,0,,
11,151,0.9,4.555555555555555,8.11111111111111,-0.2807017543859649,10,0,0,0,,
11,152,0.9,5.444444444444445,10.0,-0.2949640287769784,10,0,0,0,,
11,153,0.9,27.77777777777778,45.55555555555556,-0.2424242424242424,10,0,0,0,,
11,154,0.9,45.55555555555556,72.22222222222223,-0.22641509433962267,10,0,0,0,,
11,155,0.9,54.44444444444444,100.0,-0.2949640287769784,10,0,0,0,,
11,156,0.9,277.77777777777777,455.55555555555554,-0.24242424242424243,10,0,0,0,,
11,157,0.9,455.55555555555554,722.2222222222222,-0.2264150943396226,10,0,0,0,,
11,158,0.9,544.4444444444445,900.0,-0.24615384615384617,10,0,0,0,,
11,159,0.9,2000.0,3000.0,-0.2,10,0,0,0,,
11,160,0.9,0.001888888888888889,0.002777777777777778,-0.19047619047619047,10,1,0,0,0.04655860935229591,11.311869034538256
11,161,0.9,0.003666666666666667,0.0054444444444444445,-0.19512195121951215,10,0,0,0,,
11,162,0.9,0.006333333333333334,0.00811111111111111,-0.123076923076923,10,0,0,0,,
11,163,0.9,0.00811111111111111,0.01,-0.1042944785276074,10,0,0,0,,
11,164,0.9,0.03666666666666667,0.04555555555555556,-0.10810810810810813,10,0,0,0,,
11,165,0.9,0.05444444444444445,0.0811111111111111,-0.1967213114754098,10,0,0,0,,
11,166,0.9,0.07222222222222222,0.1,-0.16129032258064524,10,0,0,0,,
11,167,0.9,0.3666666666666667,0.4555555555555556,-0.10810810810810811,10,0,0,0,,
11,168,0.9,0.5444444444444445,0.7222222222222222,-0.1403508771929824,10,0,0,0,,
11,169,0.9,0.7222222222222222,0.9,-0.10958904109589043,10,0,0,0,,
11,170,0.9,2.7777777777777777,3.6666666666666665,-0.13793103448275862,10,0,0,0,,
11,171,0.9,5.444444444444445,7.222222222222221,-0.1403508771929824,10,0,0,0,,
11,172,0.9,6.333333333333333,9.0,-0.1739130434782609,10,0,0,0,,
11,173,0.9,18.88888888888889,27.77777777777778,-0.19047619047619047,10,0,0,0,,
11,174,0.9,45.55555555555556,63.333333333333336,-0.163265306122449,10,0,0,0,,
11,175,0.9,63.333333333333336,90.0,-0.17391304347826084,10,0,0,0,,
11,176,0.9,81.11111111111111,100.0,-0.10429447852760734,10,0,0,0,,
11,177,0.9,366.66666666666663,544.4444444444445,-0.19512195121951226,10,0,0,0,,
11,178,0.9,633.3333333333333,811.1111111111111,-0.12307692307692313,10,0,0,0,,
11,179,0.9,811.1111111111111,1000.0,-0.10429447852760737,10,0,0,0,,
11,180,0.9,0.001,0.001,0.0,10,1,0,0,0.028840315031266057,18.242450632708493
11,181,0.9,0.004555555555555556,0.0054444444444444445,-0.08888888888888886,10,0,0,0,,
11,182,0.9,0.007222222222222223,0.007222222222222223,0.0,10,0,0,0,,
11,183,0.9,0.009,0.01,-0.05263157894736847,10,0,0,0,,
11,184,0.9,0.04555555555555556,0.04555555555555556,0.0,10,0,0,0,,
11,185,0.9,0.06333333333333332,0.07222222222222222,-0.0655737704918033,10,0,0,0,,
11,186,0.9,0.09,0.09,0.0,10,0,0,0,,
11,187,0.9,0.4555555555555556,0.4555555555555556,0.0,10,0,0,0,,
11,188,0.9,0.6333333333333333,0.7222222222222222,-0.06557377049180328,10,0,0,0,,
11,189,0.9,0.9,0.9,0.0,10,0,0,0,,
11,190,0.9,3.6666666666666665,3.6666666666666665,0.0,10,0,0,0,,
11,191,0.9,6.333333333333333,6.333333333333333,0.0,10,0,0,0,,
11,192,0.9,8.11111111111111,9.0,-0.05194805194805197,10,0,0,0,,
11,193,0.9,36.66666666666667,36.66666666666667,0.0,10,0,0,0,,
11,194,0.9,63.333333333333336,63.333333333333336,0.0,10,0,0,0,,
11,195,0.9,81.11111111111111,90.0,-0.05194805194805193,10,0,0,0,,
11,196,0.9,277.77777777777777,277.77777777777777,0.0,10,0,0,0,,
11,197,0.9,544.4444444444445,633.3333333333333,-0.07547169811320747,10,0,0,0,,
11,198,0.9,811.1111111111111,811.1111111111111,0.0,10,0,0,0,,
11,199,0.9,3000.0,3000.0,0.0,10,0,0,0,,
11,200,0.9,0.0054444444444444445,0.004555555555555556,0.08888888888888886,10,0,0,0,,
11,201,0.9,0.006333333333333334,0.0054444444444444445,0.0754716981132076,10,0,0,0,,
11,202,0.9,0.00811111111111111,0.007222222222222223,0.057971014492753555,10,0,0,0,,
11,203,0.9,0.01,0.009,0.05263157894736847,10,0,0,0,,
11,204,0.9,0.06333333333333332,0.05444444444444445,0.07547169811320745,10,0,0,0,,
11,205,0.9,0.0811111111111111,0.07222222222222222,0.05797101449275364,10,0,0,0,,
11,206,0.9,0.1,0.09,0.05263157894736847,10,0,0,0,,
11,207,0.9,0.5444444444444445,0.4555555555555556,0.0888888888888889,10,0,0,0,,
11,208,0.9,0.7222222222222222,0.6333333333333333,0.06557377049180328,10,0,0,0,,
11,209,0.9,0.9,0.8111111111111111,0.05194805194805195,10,0,0,0,,
11,210,0.9,5.444444444444445,4.555555555555555,0.08888888888888893,10,0,0,0,,
11,211,0.9,7.222222222222221,6.333333333333333,0.06557377049180325,10,0,0,0,,
11,212,0.9,9.0,8.11111111111111,0.05194805194805197,10,0,0,0,,
11,213,0.9,10.0,9.0,0.05263157894736842,10,0,0,0,,
11,214,0.9,63.333333333333336,54.44444444444444,0.07547169811320759,10,0,0,0,,
11,215,0.9,81.11111111111111,72.22222222222223,0.057971014492753596,10,0,0,0,,
11,216,0.9,100.0,90.0,0.05263157894736842,10,0,0,0,,
11,217,0.9,633.3333333333333,544.4444444444445,0.07547169811320747,10,0,0,0,,
11,218,0.9,811.1111111111111,722.2222222222222,0.057971014492753645,10,0,0,0,,
11,219,0.9,1000.0,900.0,0.05263157894736842,10,0,0,0,,
11,220,0.9,0.002777777777777778,0.001888888888888889,0.19047619047619047,10,1,0,0,0.040550853544838394,12.925382011225063
11,221,0.9,0.0054444444444444445,0.003666666666666667,0.19512195121951215,10,1,0,0,0.056754460540854715,9.299790472962185
11,222,0.9,0.00811111111111111,0.006333333333333334,0.123076923076923,10,0,0,0,,
11,223,0.9,0.01,0.00811111111111111,0.1042944785276074,10,0,0,0,,
11,224,0.9,0.05444444444444445,0.03666666666666667,0.19512195121951223,10,0,0,0,,
11,225,0.9,0.0811111111111111,0.05444444444444445,0.1967213114754098,10,0,0,0,,
11,226,0.9,0.1,0.07222222222222222,0.16129032258064524,10,0,0,0,,
11,227,0.9,0.4555555555555556,0.3666666666666667,0.10810810810810811,10,0,0,0,,
11,228,0.9,0.8111111111111111,0.5444444444444445,0.19672131147540978,10,0,0,0,,
11,229,0.9,1.0,0.7222222222222222,0.16129032258064516,10,0,0,0,,
11,230,0.9,3.6666666666666665,2.7777777777777777,0.13793103448275862,10,0,0,0,,
11,231,0.9,7.222222222222221,5.444444444444445,0.1403508771929824,10,0,0,0,,
11,232,0.9,9.0,7.222222222222221,0.10958904109589046,10,0,0,0,,
11,233,0.9,36.66666666666667,27.77777777777778,0.13793103448275865,10,0,0,0,,
11,234,0.9,72.22222222222223,54.44444444444444,0.1403508771929825,10,0,0,0,,
11,235,0.9,90.0,63.333333333333336,0.17391304347826084,10,0,0,0,,
11,236,0.9,277.77777777777777,188.88888888888889,0.1904761904761905,10,0,0,0,,
11,237,0.9,633.3333333333333,455.55555555555554,0.16326530612244894,10,0,0,0,,
11,238,0.9,900.0,633.3333333333333,0.17391304347826092,10,0,0,0,,
11,239,0.9,3000.0,2000.0,0.2,10,0,0,0,,
11,240,0.9,0.004555555555555556,0.002777777777777778,0.2424242424242424,10,1,0,0,0.049431068698683536,10.590894442374374
11,241,0.9,0.007222222222222223,0.004555555555555556,0.22641509433962265,10,0,0,0,,
11,242,0.9,0.009,0.0054444444444444445,0.2461538461538461,10,0,0,0,,
11,243,0.9,0.01,0.006333333333333334,0.2244897959183673,10,0,0,0,,
11,244,0.9,0.06333333333333332,0.03666666666666667,0.2666666666666666,10,0,0,0,,
11,245,0.9,0.0811111111111111,0.04555555555555556,0.2807017543859649,10,0,0,0,,
11,246,0.9,0.1,0.05444444444444445,0.2949640287769784,10,0,0,0,,
11,247,0.9,0.6333333333333333,0.3666666666666667,0.2666666666666666,10,0,0,0,,
11,248,0.9,0.8111111111111111,0.4555555555555556,0.2807017543859649,10,0,0,0,,
11,249,0.9,1.0,0.5444444444444445,0.29496402877697836,10,0,0,0,,
11,250,0.9,4.555555555555555,2.7777777777777777,0.24242424242424243,10,0,0,0,,
11,251,0.9,7.222222222222221,4.555555555555555,0.22641509433962262,10,0,0,0,,
11,252,0.9,9.0,5.444444444444445,0.24615384615384614,10,0,0,0,,
11,253,0.9,45.55555555555556,27.77777777777778,0.2424242424242424,10,0,0,0,,
11,254,0.9,72.22222222222223,45.55555555555556,0.22641509433962267,10,0,0,0,,
11,255,0.9,90.0,54.44444444444444,0.24615384615384614,10,0,0,0,,
11,256,0.9,100.0,63.333333333333336,0.22448979591836732,10,0,0,0,,
11,257,0.9,633.3333333333333,366.66666666666663,0.26666666666666666,10,0,0,0,,
11,258,0.9,811.1111111111111,455.55555555555554,0.28070175438596495,10,0,0,0,,
11,259,0.9,1000.0,633.3333333333333,0.2244897959183674,10,0,0,0,,
11,260,0.9,0.001888888888888889,0.001,0.3076923076923077,10,1,0,0,0.02992264636608189,17.561643028959974
11,261,0.9,0.006333333333333334,0.002777777777777778,0.39024390243902446,10,1,0,0,0.05011872336272725,10.461955891785276
11,262,0.9,0.009,0.004555555555555556,0.3278688524590163,10,0,0,0,,
11,263,0.9,0.01888888888888889,0.009,0.354581673306773,10,0,0,0,,
11,264,0.9,0.05444444444444445,0.027777777777777776,0.3243243243243244,10,0,0,0,,
11,265,0.9,0.0811111111111111,0.03666666666666667,0.3773584905660377,10,0,0,0,,
11,266,0.9,0.18888888888888888,0.0811111111111111,0.39917695473251025,10,0,0,0,,
11,267,0.9,0.3666666666666667,0.18888888888888888,0.32000000000000006,10,0,0,0,,
11,268,0.9,0.7222222222222222,0.3666666666666667,0.3265306122448979,10,0,0,0,,
11,269,0.9,1.0,0.4555555555555556,0.37404580152671746,10,0,0,0,,
11,270,0.9,3.6666666666666665,1.8888888888888888,0.32,10,0,0,0,,
11,271,0.9,7.222222222222221,3.6666666666666665,0.32653061224489793,10,0,0,0,,
11,272,0.9,10.0,4.555555555555555,0.37404580152671757,10,0,0,0,,
11,273,0.9,18.88888888888889,10.0,0.3076923076923077,10,0,0,0,,
11,274,0.9,63.333333333333336,27.77777777777778,0.3902439024390244,10,0,0,0,,
11,275,0.9,90.0,45.55555555555556,0.3278688524590164,10,0,0,0,,
11,276,0.9,188.88888888888889,90.0,0.35458167330677287,10,0,0,0,,
11,277,0.9,544.4444444444445,277.77777777777777,0.32432432432432434,10,0,0,0,,
11,278,0.9,811.1111111111111,366.66666666666663,0.3773584905660377,10,0,0,0,,
11,279,0.9,2000.0,1000.0,0.3333333333333333,10,0,0,0,,
11,280,0.9,0.002777777777777778,0.001,0.47058823529411764,10,1,0,0,0.03033891184194272,17.31256916809396
11,281,0.9,0.0054444444444444445,0.001888888888888889,0.48484848484848486,10,1,0,0,0.04168693834703355,12.611845709507664
11,282,0.9,0.009,0.003666666666666667,0.4210526315789473,10,0,0,0,,
11,283,0.9,0.01888888888888889,0.007222222222222223,0.4468085106382978,10,0,0,0,,
11,284,0.9,0.05444444444444445,0.01888888888888889,0.4848484848484849,10,0,0,0,,
11,285,0.9,0.09,0.03666666666666667,0.4210526315789474,10,0,0,0,,
11,286,0.9,0.18888888888888888,0.07222222222222222,0.44680851063829796,10,0,0,0,,
11,287,0.9,0.4555555555555556,0.18888888888888888,0.4137931034482759,10,0,0,0,,
11,288,0.9,0.8111111111111111,0.2777777777777778,0.48979591836734687,10,0,0,0,,
11,289,0.9,1.8888888888888888,0.6333333333333333,0.4977973568281938,10,0,0,0,,
11,290,0.9,4.555555555555555,1.8888888888888888,0.4137931034482758,10,0,0,0,,
11,291,0.9,8.11111111111111,2.7777777777777777,0.48979591836734687,10,0,0,0,,
11,292,0.9,18.88888888888889,6.333333333333333,0.4977973568281939,10,0,0,0,,
11,293,0.9,27.77777777777778,10.0,0.47058823529411764,10,0,0,0,,
11,294,0.9,72.22222222222223,27.77777777777778,0.4444444444444445,10,0,0,0,,
11,295,0.9,100.0,36.66666666666667,0.4634146341463414,10,0,0,0,,
11,296,0.9,277.77777777777777,100.0,0.47058823529411764,10,0,0,0,,
11,297,0.9,722.2222222222222,277.77777777777777,0.4444444444444444,10,0,0,0,,
11,298,0.9,1000.0,366.66666666666663,0.46341463414634154,10,0,0,0,,
11,299,0.9,3000.0,1000.0,0.5,10,0,0,0,,
11,300,0.9,0.003666666666666667,0.001,0.5714285714285715,10,1,0,0,0.03047894989627983,17.199368421220562
11,301,0.9,0.007222222222222223,0.001888888888888889,0.5853658536585367,10,1,0,0,0.041879356511791824,12.467410434927704
11,302,0.9,0.01888888888888889,0.0054444444444444445,0.5525114155251142,10,0,0,0,,
11,303,0.9,0.027777777777777776,0.009,0.5105740181268882,10,0,0,0,,
11,304,0.9,0.07222222222222222,0.01888888888888889,0.5853658536585367,10,0,0,0,,
11,305,0.9,0.1,0.027777777777777776,0.5652173913043479,10,0,0,0,,
11,306,0.9,0.2777777777777778,0.0811111111111111,0.5479876160990712,10,0,0,0,,
11,307,0.9,0.6333333333333333,0.18888888888888888,0.5405405405405406,10,0,0,0,,
11,308,0.9,1.0,0.2777777777777778,0.5652173913043479,10,0,0,0,,
11,309,0.9,2.7777777777777777,0.8111111111111111,0.5479876160990712,10,0,0,0,,
11,310,0.9,3.6666666666666665,1.0,0.5714285714285715,10,0,0,0,,
11,311,0.9,9.0,2.7777777777777777,0.5283018867924528,10,0,0,0,,
11,312,0.9,27.77777777777778,7.222222222222221,0.5873015873015873,10,0,0,0,,
11,313,0.9,36.66666666666667,10.0,0.5714285714285715,10,0,0,0,,
11,314,0.9,90.0,27.77777777777778,0.5283018867924528,10,0,0,0,,
11,315,0.9,188.88888888888889,54.44444444444444,0.5525114155251143,10,0,0,0,,
11,316,0.9,277.77777777777777,90.0,0.5105740181268882,10,0,0,0,,
11,317,0.9,722.2222222222222,188.88888888888889,0.5853658536585366,10,0,0,0,,
11,318,0.9,2000.0,544.4444444444445,0.572052401746725,10,0,0,0,,
11,319,0.9,3000.0,900.0,0.5384615384615384,10,0,0,0,,
11,320,0.9,0.004555555555555556,0.001,0.64,10,2,0,0,0.030619634336906787,580.6359885350993
11,321,0.9,0.01,0.001888888888888889,0.6822429906542055,10,2,0,0,0.04226686142656028,347.63633175319626
11,322,0.9,0.027777777777777776,0.006333333333333334,0.6286644951140065,10,0,0,0,,
11,323,0.9,0.04555555555555556,0.00811111111111111,0.6977225672877847,10,1,0,0,0.9927951967978652,129.4824134962178
11,324,0.9,0.0811111111111111,0.01888888888888889,0.6222222222222222,10,0,0,0,,
11,325,0.9,0.18888888888888888,0.04555555555555556,0.6113744075829383,10,0,0,0,,
11,326,0.9,0.3666666666666667,0.0811111111111111,0.6377171215880892,10,0,0,0,,
11,327,0.9,0.5444444444444445,0.1,0.6896551724137931,10,0,0,0,,
11,328,0.9,1.8888888888888888,0.3666666666666667,0.6748768472906403,10,0,0,0,,
11,329,0.9,3.6666666666666665,0.7222222222222222,0.6708860759493671,10,0,0,0,,
11,330,0.9,4.555555555555555,0.9,0.670061099796334,10,0,0,0,,
11,331,0.9,9.0,1.8888888888888888,0.6530612244897959,10,0,0,0,,
11,332,0.9,27.77777777777778,5.444444444444445,0.6722408026755854,10,0,0,0,,
11,333,0.9,45.55555555555556,8.11111111111111,0.6977225672877846,10,0,0,0,,
11,334,0.9,81.11111111111111,18.88888888888889,0.6222222222222222,10,0,0,0,,
11,335,0.9,188.88888888888889,45.55555555555556,0.6113744075829383,10,0,0,0,,
11,336,0.9,366.66666666666663,81.11111111111111,0.6377171215880894,10,0,0,0,,
11,337,0.9,455.55555555555554,100.0,0.64,10,0,0,0,,
11,338,0.9,1000.0,188.88888888888889,0.6822429906542056,10,0,0,0,,
11,339,0.9,3000.0,722.2222222222222,0.6119402985074627,10,0,0,0,,
11,340,0.9,0.006333333333333334,0.001,0.7272727272727273,10,2,0,0,0.03076096814740708,603.9057486381386
11,341,0.9,0.03666666666666667,0.004555555555555556,0.7789757412398922,10,1,0,0,0.9813875917278184,147.26070782555422
11,342,0.9,0.05444444444444445,0.006333333333333334,0.7915904936014624,10,1,0,0,0.9813875917278184,109.2983049552401
11,343,0.9,0.06333333333333332,0.009,0.7511520737327189,10,1,0,0,0.9873915943962641,91.89323378577724
11,344,0.9,0.09,0.01,0.8,10,1,0,0,0.9825883922615076,76.88188551170968
11,345,0.9,0.3666666666666667,0.06333333333333332,0.7054263565891472,10,0,0,0,,
11,346,0.9,0.5444444444444445,0.0811111111111111,0.7406749555950266,10,0,0,0,,
11,347,0.9,0.7222222222222222,0.0811111111111111,0.7980636237897648,10,0,0,0,,
11,348,0.9,2.7777777777777777,0.3666666666666667,0.7667844522968198,10,0,0,0,,
11,349,0.9,4.555555555555555,0.6333333333333333,0.7558886509635975,10,0,0,0,,
11,350,0.9,6.333333333333333,0.7222222222222222,0.795275590551181,10,0,0,0,,
11,351,0.9,7.222222222222221,1.0,0.7567567567567567,10,0,0,0,,
11,352,0.9,36.66666666666667,4.555555555555555,0.7789757412398921,10,0,0,0,,
11,353,0.9,54.44444444444444,6.333333333333333,0.7915904936014625,10,0,0,0,,
11,354,0.9,63.333333333333336,9.0,0.7511520737327189,10,0,0,0,,
11,355,0.9,90.0,10.0,0.8,10,0,0,0,,
11,356,0.9,366.66666666666663,63.333333333333336,0.7054263565891473,10,0,0,0,,
11,357,0.9,544.4444444444445,81.11111111111111,0.7406749555950267,10,0,0,0,,
11,358,0.9,722.2222222222222,81.11111111111111,0.7980636237897649,10,0,0,0,,
11,359,0.9,3000.0,455.55555555555554,0.7363344051446945,10,0,0,0,,
11,360,0.9,0.009,0.001,0.8000000000000002,10,2,0,0,0.03090295432513592,573.4192526289818
11,361,0.9,0.04555555555555556,0.003666666666666667,0.8510158013544019,10,1,0,0,0.9729819879919945,177.35385973027275
11,362,0.9,0.07222222222222222,0.0054444444444444445,0.8597997138769671,10,1,0,0,0.9735823882588391,121.39405708693322
11,363,0.9,0.09,0.006333333333333334,0.8685121107266437,10,1,0,0,0.9729819879919945,105.49634460903724
11,364,0.9,0.18888888888888888,0.01,0.8994413407821228,10,1,0,0,0.97238158772515,69.59332843584579
11,365,0.9,0.5444444444444445,0.04555555555555556,0.8455743879472692,10,0,0,0,,
11,366,0.9,0.8111111111111111,0.04555555555555556,0.8936446173800259,10,0,0,0,,
11,367,0.9,0.9,0.09,0.8181818181818182,10,0,0,0,,
11,368,0.9,2.7777777777777777,0.2777777777777778,0.8181818181818182,10,0,0,0,,
11,369,0.9,6.333333333333333,0.4555555555555556,0.8657937806873977,10,0,0,0,,
11,370,0.9,8.11111111111111,0.7222222222222222,0.8364779874213837,10,0,0,0,,
11,371,0.9,10.0,0.7222222222222222,0.8652849740932644,10,0,0,0,,
11,372,0.9,45.55555555555556,2.7777777777777777,0.8850574712643677,10,0,0,0,,
11,373,0.9,72.22222222222223,4.555555555555555,0.8813314037626627,10,0,0,0,,
11,374,0.9,90.0,5.444444444444445,0.8859138533178115,10,0,0,0,,
11,375,0.9,100.0,10.0,0.8181818181818182,10,0,0,0,,
11,376,0.9,544.4444444444445,36.66666666666667,0.8738049713193117,10,0,0,0,,
11,377,0.9,722.2222222222222,72.22222222222223,0.8181818181818182,10,0,0,0,,
11,378,0.9,900.0,81.11111111111111,0.8346545866364666,10,0,0,0,,
11,379,0.9,3000.0,277.77777777777777,0.8305084745762712,10,0,0,0,,
11,380,0.9,0.027777777777777776,0.001,0.9305019305019304,10,2,0,0,0.031045595881283555,569.0891047788986
11,381,0.9,0.4555555555555556,0.003666666666666667,0.9840309702395356,10,1,0,0,0.9597731821214142,174.43564532221515
11,382,0.9,0.9,0.003666666666666667,0.9918849133161194,10,1,0,0,0.9585723815877251,174.64809203490455
11,383,0.9,2.7777777777777777,0.0811111111111111,0.94325689856199,10,0,0,0,,
11,384,0.9,5.444444444444445,0.09,0.9674764103593656,10,0,0,0,,
11,385,0.9,8.11111111111111,0.04555555555555556,0.98882985969214,10,0,0,0,,
11,386,0.9,18.88888888888889,0.006333333333333334,0.9993296365336328,10,1,0,0,0.9597731821214142,102.99599580459594
11,387,0.9,36.66666666666667,0.01888888888888889,0.998970227458582,10,1,0,0,0.968178785857238,40.8279144293692
11,388,0.9,54.44444444444444,0.027777777777777776,0.9989801121876594,10,1,0,0,0.9735823882588391,35.619815858182825
11,389,0.9,72.22222222222223,0.027777777777777776,0.9992310649750098,10,1,0,0,0.9735823882588391,35.60262733201682
11,390,0.9,90.0,0.009,0.9998000199980002,10,1,0,0,0.9615743829219479,73.933481460401
11,391,0.9,188.88888888888889,0.0054444444444444445,0.9999423546027204,10,1,0,0,0.9591727818545697,119.13008328846531
11,392,0.9,277.77777777777777,1.0,0.9928258270227183,10,0,0,0,,
11,393,0.9,455.55555555555554,0.03666666666666667,0.9998390373457745,10,0,0,0,,
11,394,0.9,544.4444444444445,7.222222222222221,0.9738167170191341,10,0,0,0,,
11,395,0.9,722.2222222222222,0.06333333333333332,0.9998246307631483,10,0,0,0,,
11,396,0.9,811.1111111111111,8.11111111111111,0.9801980198019803,10,0,0,0,,
11,397,0.9,1000.0,0.04555555555555556,0.9999088930393171,10,0,0,0,,
11,398,0.9,2000.0,5.444444444444445,0.9945703363067206,10,0,0,0,,
11,399,0.9,3000.0,100.0,0.9354838709677419,10,0,0,0,,
12,0,1.0,0.001,0.027777777777777776,-0.9305019305019304,10,0,0,0,,
12,1,1.0,0.001888888888888889,0.7222222222222222,-0.9947828755562373,10,1,0,0,0.08090958991783821,10.547393146215192
12,2,1.0,0.002777777777777778,54.44444444444444,-0.9998979643895719,10,1,1,0,0.017298163592151014,103.4813954581468
12,3,1.0,0.004555555555555556,0.1,-0.9128586609989372,10,0,0,0,,
12,4,1.0,0.0054444444444444445,45.55555555555556,-0.9997610041726721,10,1,1,0,0.02654605561975539,107.12369724215952
12,5,1.0,0.007222222222222223,0.5444444444444445,-0.9738167170191339,10,0,0,0,,
12,6,1.0,0.00811111111111111,90.0,-0.999819769329431,10,1,1,0,0.023120647901755942,216.20201805227225
12,7,1.0,0.01,2.7777777777777777,-0.9928258270227184,10,1,0,0,0.12641761174116078,15.303554030635375
12,8,1.0,0.01888888888888889,722.2222222222222,-0.9999476936757038,10,1,1,0,0.012531411749414155,203.1911351486127
12,9,1.0,0.03666666666666667,90.0,-0.999185517011588,10,1,1,0,0.04920395356814511,203.4650379924538
12,10,1.0,0.05444444444444445,81.11111111111111,-0.998658434749278,10,1,1,0,0.06309573444801936,205.37936116011576
12,11,1.0,0.07222222222222222,100.0,-0.9985565980125465,10,1,1,0,0.06546361740672747,212.81812276723332
12,12,1.0,0.09,188.88888888888889,-0.9990475126557345,10,1,1,0,0.053210825926679424,144.07328598997748
12,13,1.0,0.18888888888888888,633.3333333333333,-0.9994036866197801,10,1,1,0,0.04226686142656028,216.84735037512147
12,14,1.0,0.4555555555555556,45.55555555555556,-0.9801980198019802,10,1,1,0,0.2410940627084723,113.10179031583203
12,15,1.0,0.7222222222222222,36.66666666666667,-0.9613670133729569,10,1,1,0,0.33595730486991326,76.89897796985983
12,16,1.0,1.0,45.55555555555556,-0.9570405727923628,10,1,1,0,0.35456971314209473,91.98725943282294
12,17,1.0,3.6666666666666665,544.4444444444445,-0.9866207176160553,10,1,1,0,0.19966644429619745,206.27040408091682
12,18,1.0,8.11111111111111,900.0,-0.9821363024593173,10,1,1,0,0.23088725817211475,372.5770101564852
12,19,1.0,100.0,3000.0,-0.9354838709677419,10,1,1,0,0.4368245496997999,473.6742019313025
12,20,1.0,0.001,0.009,-0.8000000000000002,10,0,0,0,,
12,21,1.0,0.003666666666666667,0.05444444444444445,-0.8738049713193117,10,0,0,0,,
12,22,1.0,0.0054444444444444445,0.0811111111111111,-0.8741976893453145,10,0,0,0,,
12,23,1.0,0.007222222222222223,0.09,-0.8514285714285713,10,0,0,0,,
12,24,1.0,0.01,0.18888888888888888,-0.8994413407821228,10,0,0,0,,
12,25,1.0,0.04555555555555556,0.5444444444444445,-0.8455743879472692,10,0,0,0,,
12,26,1.0,0.06333333333333332,0.6333333333333333,-0.8181818181818181,10,0,0,0,,
12,27,1.0,0.0811111111111111,0.9,-0.8346545866364665,10,0,0,0,,
12,28,1.0,0.2777777777777778,2.7777777777777777,-0.8181818181818182,10,0,0,0,,
12,29,1.0,0.4555555555555556,7.222222222222221,-0.8813314037626627,10,0,0,0,,
12,30,1.0,0.6333333333333333,9.0,-0.8685121107266437,10,0,0,0,,
12,31,1.0,0.9,9.0,-0.8181818181818181,10,0,0,0,,
12,32,1.0,3.6666666666666665,36.66666666666667,-0.8181818181818183,10,1,1,0,0.7214142761841227,67.63390163426355
12,33,1.0,5.444444444444445,63.333333333333336,-0.8416801292407108,10,1,1,0,0.6763842561707805,116.2965512843802
12,34,1.0,7.222222222222221,72.22222222222223,-0.818181818181818,10,1,1,0,0.7232154769846564,132.64676456381582
12,35,1.0,10.0,100.0,-0.8181818181818182,10,1,1,0,0.723815877251501,183.36044315452415
12,36,1.0,36.66666666666667,633.3333333333333,-0.8905472636815921,10,1,1,0,0.5665110073382255,793.7338723495984
12,37,1.0,54.44444444444444,900.0,-0.8859138533178114,10,1,1,0,0.5785190126751167,501.15996587922035
12,38,1.0,72.22222222222223,1000.0,-0.8652849740932643,10,1,1,0,0.6271514342895262,958.1268739736603
12,39,1.0,277.77777777777777,3000.0,-0.8305084745762712,10,1,1,0,0.7010006671114075,1134.6292522307238
12,40,1.0,0.001,0.006333333333333334,-0.7272727272727273,10,1,0,0,0.05345643593969719,9.38789929323693
12,41,1.0,0.004555555555555556,0.027777777777777776,-0.718213058419244,10,0,0,0,,
12,42,1.0,0.006333333333333334,0.05444444444444445,-0.7915904936014624,10,0,0,0,,
12,43,1.0,0.00811111111111111,0.07222222222222222,-0.7980636237897648,10,0,0,0,,
12,44,1.0,0.01,0.0811111111111111,-0.7804878048780489,10,0,0,0,,
12,45,1.0,0.05444444444444445,0.3666666666666667,-0.7414248021108178,10,0,0,0,,
12,46,1.0,0.07222222222222222,0.5444444444444445,-0.7657657657657659,10,0,0,0,,
12,47,1.0,0.09,0.6333333333333333,-0.751152073732719,10,0,0,0,,
12,48,1.0,0.3666666666666667,2.7777777777777777,-0.7667844522968198,10,0,0,0,,
12,49,1.0,0.6333333333333333,4.555555555555555,-0.7558886509635975,10,0,0,0,,
12,50,1.0,0.8111111111111111,5.444444444444445,-0.7406749555950267,10,0,0,0,,
12,51,1.0,1.0,6.333333333333333,-0.7272727272727273,10,0,0,0,,
12,52,1.0,4.555555555555555,36.66666666666667,-0.7789757412398921,10,1,1,0,0.7928619079386257,68.20451533921975
12,53,1.0,7.222222222222221,45.55555555555556,-0.7263157894736842,10,1,1,0,0.8787191460973982,85.53522252181068
12,54,1.0,9.0,54.44444444444444,-0.7162872154115587,10,1,1,0,0.8943295530353569,102.41807683853457
12,55,1.0,10.0,81.11111111111111,-0.7804878048780488,10,1,1,0,0.7922615076717812,150.41419364660047
12,56,1.0,54.44444444444444,455.55555555555554,-0.7864923747276688,10,1,1,0,0.7832555036691127,796.9554527305974
12,57,1.0,72.22222222222223,633.3333333333333,-0.7952755905511812,10,1,1,0,0.767645096731154,988.6251699542289
12,58,1.0,90.0,722.2222222222222,-0.7783857729138167,10,1,1,0,0.7976651100733821,619.1392624720766
12,59,1.0,455.55555555555554,3000.0,-0.7363344051446945,10,1,1,0,0.8661107404936623,1230.6804829416114
12,60,1.0,0.001,0.004555555555555556,-0.64,10,1,0,0,0.048752849010338654,10.285133168953829
12,61,1.0,0.001888888888888889,0.01,-0.6822429906542055,10,0,0,0,,
12,62,1.0,0.006333333333333334,0.027777777777777776,-0.6286644951140065,10,0,0,0,,
12,63,1.0,0.009,0.03666666666666667,-0.6058394160583941,10,0,0,0,,
12,64,1.0,0.01888888888888889,0.0811111111111111,-0.6222222222222222,10,0,0,0,,
12,65,1.0,0.04555555555555556,0.18888888888888888,-0.6113744075829383,10,0,0,0,,
12,66,1.0,0.0811111111111111,0.3666666666666667,-0.6377171215880892,10,0,0,0,,
12,67,1.0,0.1,0.5444444444444445,-0.6896551724137931,10,0,0,0,,
12,68,1.0,0.3666666666666667,1.8888888888888888,-0.6748768472906403,10,0,0,0,,
12,69,1.0,0.7222222222222222,3.6666666666666665,-0.6708860759493671,10,0,0,0,,
12,70,1.0,0.9,4.555555555555555,-0.670061099796334,10,0,0,0,,
12,71,1.0,1.8888888888888888,9.0,-0.6530612244897959,10,0,0,0,,
12,72,1.0,5.444444444444445,27.77777777777778,-0.6722408026755854,10,1,1,0,0.9549699799866577,54.47072567849144
12,73,1.0,9.0,36.66666666666667,-0.6058394160583942,10,0,0,0,,
12,74,1.0,18.88888888888889,81.11111111111111,-0.6222222222222222,10,0,0,0,,
12,75,1.0,45.55555555555556,188.88888888888889,-0.6113744075829383,10,0,0,0,,
12,76,1.0,81.11111111111111,366.66666666666663,-0.6377171215880894,10,0,0,0,,
12,77,1.0,100.0,455.55555555555554,-0.64,10,0,0,0,,
12,78,1.0,188.88888888888889,1000.0,-0.6822429906542056,10,1,1,0,0.9459639759839893,1270.3841676400514
12,79,1.0,722.2222222222222,3000.0,-0.6119402985074627,10,0,0,0,,
12,80,1.0,0.001,0.003666666666666667,-0.5714285714285715,10,1,0,0,0.04549880601500485,11.01364907527385
12,81,1.0,0.001888888888888889,0.007222222222222223,-0.5853658536585367,10,0,0,0,,
12,82,1.0,0.0054444444444444445,0.01888888888888889,-0.5525114155251142,10,0,0,0,,
12,83,1.0,0.009,0.027777777777777776,-0.5105740181268882,10,0,0,0,,
12,84,1.0,0.01888888888888889,0.07222222222222222,-0.5853658536585367,10,0,0,0,,
12,85,1.0,0.05444444444444445,0.18888888888888888,-0.5525114155251141,10,0,0,0,,
12,86,1.0,0.09,0.2777777777777778,-0.5105740181268883,10,0,0,0,,
12,87,1.0,0.18888888888888888,0.6333333333333333,-0.5405405405405406,10,0,0,0,,
12,88,1.0,0.2777777777777778,1.0,-0.5652173913043479,10,0,0,0,,
12,89,1.0,0.8111111111111111,2.7777777777777777,-0.5479876160990712,10,0,0,0,,
12,90,1.0,1.8888888888888888,6.333333333333333,-0.5405405405405406,10,0,0,0,,
12,91,1.0,2.7777777777777777,10.0,-0.5652173913043478,10,0,0,0,,
12,92,1.0,8.11111111111111,27.77777777777778,-0.5479876160990713,10,0,0,0,,
12,93,1.0,10.0,36.66666666666667,-0.5714285714285715,10,0,0,0,,
12,94,1.0,27.77777777777778,90.0,-0.5283018867924528,10,0,0,0,,
12,95,1.0,72.22222222222223,277.77777777777777,-0.5873015873015872,10,0,0,0,,
12,96,1.0,100.0,366.66666666666663,-0.5714285714285714,10,0,0,0,,
12,97,1.0,277.77777777777777,900.0,-0.5283018867924527,10,0,0,0,,
12,98,1.0,633.3333333333333,2000.0,-0.518987341772152,10,0,0,0,,
12,99,1.0,1000.0,3000.0,-0.5,10,0,0,0,,
12,100,1.0,0.001,0.002777777777777778,-0.47058823529411764,10,1,0,0,0.041304750199016145,12.10032101339139
12,101,1.0,0.001888888888888889,0.0054444444444444445,-0.48484848484848486,10,0,0,0,,
12,102,1.0,0.003666666666666667,0.009,-0.4210526315789473,10,0,0,0,,
12,103,1.0,0.007222222222222223,0.01888888888888889,-0.4468085106382978,10,0,0,0,,
12,104,1.0,0.01888888888888889,0.05444444444444445,-0.4848484848484849,10,0,0,0,,
12,105,1.0,0.027777777777777776,0.0811111111111111,-0.4897959183673469,10,0,0,0,,
12,106,1.0,0.06333333333333332,0.18888888888888888,-0.4977973568281938,10,0,0,0,,
12,107,1.0,0.18888888888888888,0.4555555555555556,-0.4137931034482759,10,0,0,0,,
12,108,1.0,0.2777777777777778,0.8111111111111111,-0.48979591836734687,10,0,0,0,,
12,109,1.0,0.6333333333333333,1.8888888888888888,-0.4977973568281938,10,0,0,0,,
12,110,1.0,1.0,2.7777777777777777,-0.47058823529411764,10,0,0,0,,
12,111,1.0,2.7777777777777777,7.222222222222221,-0.44444444444444436,10,0,0,0,,
12,112,1.0,3.6666666666666665,10.0,-0.46341463414634154,10,0,0,0,,
12,113,1.0,10.0,27.77777777777778,-0.47058823529411764,10,0,0,0,,
12,114,1.0,27.77777777777778,72.22222222222223,-0.4444444444444445,10,0,0,0,,
12,115,1.0,36.66666666666667,90.0,-0.4210526315789473,10,0,0,0,,
12,116,1.0,72.22222222222223,188.88888888888889,-0.4468085106382979,10,0,0,0,,
12,117,1.0,188.88888888888889,544.4444444444445,-0.4848484848484848,10,0,0,0,,
12,118,1.0,366.66666666666663,900.0,-0.42105263157894746,10,0,0,0,,
12,119,1.0,811.1111111111111,2000.0,-0.42292490118577075,10,0,0,0,,
12,120,1.0,0.001,0.001888888888888889,-0.3076923076923077,10,1,0,0,0.03564511334262443,13.896105936765148
12,121,1.0,0.002777777777777778,0.006333333333333334,-0.39024390243902446,10,0,0,0,,
12,122,1.0,0.004555555555555556,0.009,-0.3278688524590163,10,0,0,0,,
12,123,1.0,0.009,0.01888888888888889,-0.354581673306773,10,0,0,0,,
12,124,1.0,0.027777777777777776,0.05444444444444445,-0.3243243243243244,10,0,0,0,,
12,125,1.0,0.03666666666666667,0.0811111111111111,-0.3773584905660377,10,0,0,0,,
12,126,1.0,0.0811111111111111,0.18888888888888888,-0.39917695473251025,10,0,0,0,,
12,127,1.0,0.18888888888888888,0.3666666666666667,-0.32000000000000006,10,0,0,0,,
12,128,1.0,0.3666666666666667,0.7222222222222222,-0.3265306122448979,10,0,0,0,,
12,129,1.0,0.4555555555555556,1.0,-0.37404580152671746,10,0,0,0,,
12,130,1.0,1.8888888888888888,3.6666666666666665,-0.32,10,0,0,0,,
12,131,1.0,3.6666666666666665,7.222222222222221,-0.32653061224489793,10,0,0,0,,
12,132,1.0,4.555555555555555,10.0,-0.37404580152671757,10,0,0,0,,
12,133,1.0,10.0,18.88888888888889,-0.3076923076923077,10,0,0,0,,
12,134,1.0,27.77777777777778,63.333333333333336,-0.3902439024390244,10,0,0,0,,
12,135,1.0,45.55555555555556,90.0,-0.3278688524590164,10,0,0,0,,
12,136,1.0,90.0,188.88888888888889,-0.35458167330677287,10,0,0,0,,
12,137,1.0,277.77777777777777,544.4444444444445,-0.32432432432432434,10,0,0,0,,
12,138,1.0,366.66666666666663,811.1111111111111,-0.3773584905660377,10,0,0,0,,
12,139,1.0,1000.0,2000.0,-0.3333333333333333,10,0,0,0,,
12,140,1.0,0.002777777777777778,0.004555555555555556,-0.2424242424242424,10,0,0,0,,
12,141,1.0,0.004555555555555556,0.007222222222222223,-0.22641509433962265,10,0,0,0,,
12,142,1.0,0.0054444444444444445,0.009,-0.2461538461538461,10,0,0,0,,
12,143,1.0,0.006333333333333334,0.01,-0.2244897959183673,10,0,0,0,,
12,144,1.0,0.03666666666666667,0.06333333333333332,-0.2666666666666666,10,0,0,0,,
12,145,1.0,0.05444444444444445,0.09,-0.24615384615384614,10,0,0,0,,
12,146,1.0,0.06333333333333332,0.1,-0.22448979591836743,10,0,0,0,,
12,147,1.0,0.3666666666666667,0.6333333333333333,-0.2666666666666666,10,0,0,0,,
12,148,1.0,0.4555555555555556,0.8111111111111111,-0.2807017543859649,10,0,0,0,,
12,149,1.0,0.5444444444444445,1.0,-0.29496402877697836,10,0,0,0,,
12,150,1.0,3.6666666666666665,6.333333333333333,-0.26666666666666666,10,0,0,0,,
12,151,1.0,4.555555555555555,8.11111111111111,-0.2807017543859649,10,0,0,0,,
12,152,1.0,5.444444444444445,10.0,-0.2949640287769784,10,0,0,0,,
12,153,1.0,27.77777777777778,45.55555555555556,-0.2424242424242424,10,0,0,0,,
12,154,1.0,45.55555555555556,72.22222222222223,-0.22641509433962267,10,0,0,0,,
12,155,1.0,54.44444444444444,100.0,-0.2949640287769784,10,0,0,0,,
12,156,1.0,277.77777777777777,455.55555555555554,-0.24242424242424243,10,0,0,0,,
12,157,1.0,455.55555555555554,722.2222222222222,-0.2264150943396226,10,0,0,0,,
12,158,1.0,544.4444444444445,900.0,-0.24615384615384617,10,0,0,0,,
12,159,1.0,2000.0,3000.0,-0.2,10,0,0,0,,
12,160,1.0,0.001888888888888889,0.002777777777777778,-0.19047619047619047,10,1,0,0,0.044463126746910886,11.259046312958414
12,161,1.0,0.003666666666666667,0.0054444444444444445,-0.19512195121951215,10,0,0,0,,
12,162,1.0,0.006333333333333334,0.00811111111111111,-0.123076923076923,10,0,0,0,,
12,163,1.0,0.00811111111111111,0.01,-0.1042944785276074,10,0,0,0,,
12,164,1.0,0.03666666666666667,0.04555555555555556,-0.10810810810810813,10,0,0,0,,
12,165,1.0,0.05444444444444445,0.0811111111111111,-0.1967213114754098,10,0,0,0,,
12,166,1.0,0.07222222222222222,0.1,-0.16129032258064524,10,0,0,0,,
12,167,1.0,0.3666666666666667,0.4555555555555556,-0.10810810810810811,10,0,0,0,,
12,168,1.0,0.5444444444444445,0.7222222222222222,-0.1403508771929824,10,0,0,0,,
12,169,1.0,0.7222222222222222,0.9,-0.10958904109589043,10,0,0,0,,
12,170,1.0,2.7777777777777777,3.6666666666666665,-0.13793103448275862,10,0,0,0,,
12,171,1.0,5.444444444444445,7.222222222222221,-0.1403508771929824,10,0,0,0,,
12,172,1.0,6.333333333333333,9.0,-0.1739130434782609,10,0,0,0,,
12,173,1.0,18.88888888888889,27.77777777777778,-0.19047619047619047,10,0,0,0,,
12,174,1.0,45.55555555555556,63.333333333333336,-0.163265306122449,10,0,0,0,,
12,175,1.0,63.333333333333336,90.0,-0.17391304347826084,10,0,0,0,,
12,176,1.0,81.11111111111111,100.0,-0.10429447852760734,10,0,0,0,,
12,177,1.0,366.66666666666663,544.4444444444445,-0.19512195121951226,10,0,0,0,,
12,178,1.0,633.3333333333333,811.1111111111111,-0.12307692307692313,10,0,0,0,,
12,179,1.0,811.1111111111111,1000.0,-0.10429447852760737,10,0,0,0,,
12,180,1.0,0.001,0.001,0.0,10,1,0,0,0.027415741719278835,18.228974729942312
12,181,1.0,0.004555555555555556,0.0054444444444444445,-0.08888888888888886,10,0,0,0,,
12,182,1.0,0.007222222222222223,0.007222222222222223,0.0,10,0,0,0,,
12,183,1.0,0.009,0.01,-0.05263157894736847,10,0,0,0,,
12,184,1.0,0.04555555555555556,0.04555555555555556,0.0,10,0,0,0,,
12,185,1.0,0.06333333333333332,0.07222222222222222,-0.0655737704918033,10,0,0,0,,
12,186,1.0,0.09,0.09,0.0,10,0,0,0,,
12,187,1.0,0.4555555555555556,0.4555555555555556,0.0,10,0,0,0,,
12,188,1.0,0.6333333333333333,0.7222222222222222,-0.06557377049180328,10,0,0,0,,
12,189,1.0,0.9,0.9,0.0,10,0,0,0,,
12,190,1.0,3.6666666666666665,3.6666666666666665,0.0,10,0,0,0,,
12,191,1.0,6.333333333333333,6.333333333333333,0.0,10,0,0,0,,
12,192,1.0,8.11111111111111,9.0,-0.05194805194805197,10,0,0,0,,
12,193,1.0,36.66666666666667,36.66666666666667,0.0,10,0,0,0,,
12,194,1.0,63.333333333333336,63.333333333333336,0.0,10,0,0,0,,
12,195,1.0,81.11111111111111,90.0,-0.05194805194805193,10,0,0,0,,
12,196,1.0,277.77777777777777,277.77777777777777,0.0,10,0,0,0,,
12,197,1.0,544.4444444444445,633.3333333333333,-0.07547169811320747,10,0,0,0,,
12,198,1.0,811.1111111111111,811.1111111111111,0.0,10,0,0,0,,
12,199,1.0,3000.0,3000.0,0.0,10,0,0,0,,
12,200,1.0,0.0054444444444444445,0.004555555555555556,0.08888888888888886,10,0,0,0,,
12,201,1.0,0.006333333333333334,0.0054444444444444445,0.0754716981132076,10,0,0,0,,
12,202,1.0,0.00811111111111111,0.007222222222222223,0.057971014492753555,10,0,0,0,,
12,203,1.0,0.01,0.009,0.05263157894736847,10,0,0,0,,
12,204,1.0,0.06333333333333332,0.05444444444444445,0.07547169811320745,10,0,0,0,,
12,205,1.0,0.0811111111111111,0.07222222222222222,0.05797101449275364,10,0,0,0,,
12,206,1.0,0.1,0.09,0.05263157894736847,10,0,0,0,,
12,207,1.0,0.5444444444444445,0.4555555555555556,0.0888888888888889,10,0,0,0,,
12,208,1.0,0.7222222222222222,0.6333333333333333,0.06557377049180328,10,0,0,0,,
12,209,1.0,0.9,0.8111111111111111,0.05194805194805195,10,0,0,0,,
12,210,1.0,5.444444444444445,4.555555555555555,0.08888888888888893,10,0,0,0,,
12,211,1.0,7.222222222222221,6.333333333333333,0.06557377049180325,10,0,0,0,,
12,212,1.0,9.0,8.11111111111111,0.05194805194805197,10,0,0,0,,
12,213,1.0,10.0,9.0,0.05263157894736842,10,0,0,0,,
12,214,1.0,63.333333333333336,54.44444444444444,0.07547169811320759,10,0,0,0,,
12,215,1.0,81.11111111111111,72.22222222222223,0.057971014492753596,10,0,0,0,,
12,216,1.0,100.0,90.0,0.05263157894736842,10,0,0,0,,
12,217,1.0,633.3333333333333,544.4444444444445,0.07547169811320747,10,0,0,0,,
12,218,1.0,811.1111111111111,722.2222222222222,0.057971014492753645,10,0,0,0,,
12,219,1.0,1000.0,900.0,0.05263157894736842,10,0,0,0,,
12,220,1.0,0.002777777777777778,0.001888888888888889,0.19047619047619047,10,1,0,0,0.03837072454922788,12.950403072681338
12,221,1.0,0.0054444444444444445,0.003666666666666667,0.19512195121951215,10,1,0,0,0.05370317963702527,9.333324222697719
12,222,1.0,0.00811111111111111,0.006333333333333334,0.123076923076923,10,0,0,0,,
12,223,1.0,0.01,0.00811111111111111,0.1042944785276074,10,0,0,0,,
12,224,1.0,0.05444444444444445,0.03666666666666667,0.19512195121951223,10,0,0,0,,
12,225,1.0,0.0811111111111111,0.05444444444444445,0.1967213114754098,10,0,0,0,,
12,226,1.0,0.1,0.07222222222222222,0.16129032258064524,10,0,0,0,,
12,227,1.0,0.4555555555555556,0.3666666666666667,0.10810810810810811,10,0,0,0,,
12,228,1.0,0.8111111111111111,0.5444444444444445,0.19672131147540978,10,0,0,0,,
12,229,1.0,1.0,0.7222222222222222,0.16129032258064516,10,0,0,0,,
12,230,1.0,3.6666666666666665,2.7777777777777777,0.13793103448275862,10,0,0,0,,
12,231,1.0,7.222222222222221,5.444444444444445,0.1403508771929824,10,0,0,0,,
12,232,1.0,9.0,7.222222222222221,0.10958904109589046,10,0,0,0,,
12,233,1.0,36.66666666666667,27.77777777777778,0.13793103448275865,10,0,0,0,,
12,234,1.0,72.22222222222223,54.44444444444444,0.1403508771929825,10,0,0,0,,
12,235,1.0,90.0,63.333333333333336,0.17391304347826084,10,0,0,0,,
12,236,1.0,277.77777777777777,188.88888888888889,0.1904761904761905,10,0,0,0,,
12,237,1.0,633.3333333333333,455.55555555555554,0.16326530612244894,10,0,0,0,,
12,238,1.0,900.0,633.3333333333333,0.17391304347826092,10,0,0,0,,
12,239,1.0,3000.0,2000.0,0.2,10,0,0,0,,
12,240,1.0,0.004555555555555556,0.002777777777777778,0.2424242424242424,10,1,0,0,0.046773514128719815,10.643083049301802
12,241,1.0,0.007222222222222223,0.004555555555555556,0.22641509433962265,10,0,0,0,,
12,242,1.0,0.009,0.0054444444444444445,0.2461538461538461,10,0,0,0,,
12,243,1.0,0.01,0.006333333333333334,0.2244897959183673,10,0,0,0,,
12,244,1.0,0.06333333333333332,0.03666666666666667,0.2666666666666666,10,0,0,0,,
12,245,1.0,0.0811111111111111,0.04555555555555556,0.2807017543859649,10,0,0,0,,
12,246,1.0,0.1,0.05444444444444445,0.2949640287769784,10,0,0,0,,
12,247,1.0,0.6333333333333333,0.3666666666666667,0.2666666666666666,10,0,0,0,,
12,248,1.0,0.8111111111111111,0.4555555555555556,0.2807017543859649,10,0,0,0,,
12,249,1.0,1.0,0.5444444444444445,0.29496402877697836,10,0,0,0,,
12,250,1.0,4.555555555555555,2.7777777777777777,0.24242424242424243,10,0,0,0,,
12,251,1.0,7.222222222222221,4.555555555555555,0.22641509433962262,10,0,0,0,,
12,252,1.0,9.0,5.444444444444445,0.24615384615384614,10,0,0,0,,
12,253,1.0,45.55555555555556,27.77777777777778,0.2424242424242424,10,0,0,0,,
12,254,1.0,72.22222222222223,45.55555555555556,0.22641509433962267,10,0,0,0,,
12,255,1.0,90.0,54.44444444444444,0.24615384615384614,10,0,0,0,,
12,256,1.0,100.0,63.333333333333336,0.22448979591836732,10,0,0,0,,
12,257,1.0,633.3333333333333,366.66666666666663,0.26666666666666666,10,0,0,0,,
12,258,1.0,811.1111111111111,455.55555555555554,0.28070175438596495,10,0,0,0,,
12,259,1.0,1000.0,633.3333333333333,0.2244897959183674,10,0,0,0,,
12,260,1.0,0.001888888888888889,0.001,0.3076923076923077,10,2,0,0,0.02818382931264455,644.9355789160415
12,261,1.0,0.006333333333333334,0.002777777777777778,0.39024390243902446,10,2,0,0,0.04742419852602448,244.61823494203693
12,262,1.0,0.009,0.004555555555555556,0.3278688524590163,10,1,0,0,0.9933955970647097,182.2285421762106
12,263,1.0,0.01888888888888889,0.009,0.354581673306773,10,1,0,0,0.9921947965310206,118.94117616697609
12,264,1.0,0.05444444444444445,0.027777777777777776,0.3243243243243244,10,0,0,0,,
12,265,1.0,0.0811111111111111,0.03666666666666667,0.3773584905660377,10,0,0,0,,
12,266,1.0,0.18888888888888888,0.0811111111111111,0.39917695473251025,10,0,0,0,,
12,267,1.0,0.3666666666666667,0.18888888888888888,0.32000000000000006,10,0,0,0,,
12,268,1.0,0.7222222222222222,0.3666666666666667,0.3265306122448979,10,0,0,0,,
12,269,1.0,1.0,0.4555555555555556,0.37404580152671746,10,0,0,0,,
12,270,1.0,3.6666666666666665,1.8888888888888888,0.32,10,0,0,0,,
12,271,1.0,7.222222222222221,3.6666666666666665,0.32653061224489793,10,0,0,0,,
12,272,1.0,10.0,4.555555555555555,0.37404580152671757,10,0,0,0,,
12,273,1.0,18.88888888888889,10.0,0.3076923076923077,10,0,0,0,,
12,274,1.0,63.333333333333336,27.77777777777778,0.3902439024390244,10,0,0,0,,
12,275,1.0,90.0,45.55555555555556,0.3278688524590164,10,0,0,0,,
12,276,1.0,188.88888888888889,90.0,0.35458167330677287,10,0,0,0,,
12,277,1.0,544.4444444444445,277.77777777777777,0.32432432432432434,10,0,0,0,,
12,278,1.0,811.1111111111111,366.66666666666663,0.3773584905660377,10,0,0,0,,
12,279,1.0,2000.0,1000.0,0.3333333333333333,10,0,0,0,,
12,280,1.0,0.002777777777777778,0.001,0.47058823529411764,10,2,0,0,0.028575905433749466,625.5695040387641
12,281,1.0,0.0054444444444444445,0.001888888888888889,0.48484848484848486,10,2,0,0,0.03926449353995997,348.636352942596
12,282,1.0,0.009,0.003666666666666667,0.4210526315789473,10,1,0,0,0.9807871914609739,186.12088884076985
12,283,1.0,0.01888888888888889,0.007222222222222223,0.4468085106382978,10,1,0,0,0.9795863909272848,99.45820826361691
12,284,1.0,0.05444444444444445,0.01888888888888889,0.4848484848484849,10,1,0,0,0.981987991994663,53.01013293313858
12,285,1.0,0.09,0.03666666666666667,0.4210526315789474,10,0,0,0,,
12,286,1.0,0.18888888888888888,0.07222222222222222,0.44680851063829796,10,0,0,0,,
12,287,1.0,0.4555555555555556,0.18888888888888888,0.4137931034482759,10,0,0,0,,
12,288,1.0,0.8111111111111111,0.2777777777777778,0.48979591836734687,10,0,0,0,,
12,289,1.0,1.8888888888888888,0.6333333333333333,0.4977973568281938,10,0,0,0,,
12,290,1.0,4.555555555555555,1.8888888888888888,0.4137931034482758,10,0,0,0,,
12,291,1.0,8.11111111111111,2.7777777777777777,0.48979591836734687,10,0,0,0,,
12,292,1.0,18.88888888888889,6.333333333333333,0.4977973568281939,10,0,0,0,,
12,293,1.0,27.77777777777778,10.0,0.47058823529411764,10,0,0,0,,
12,294,1.0,72.22222222222223,27.77777777777778,0.4444444444444445,10,0,0,0,,
12,295,1.0,100.0,36.66666666666667,0.4634146341463414,10,0,0,0,,
12,296,1.0,277.77777777777777,100.0,0.47058823529411764,10,0,0,0,,
12,297,1.0,722.2222222222222,277.77777777777777,0.4444444444444444,10,0,0,0,,
12,298,1.0,1000.0,366.66666666666663,0.46341463414634154,10,0,0,0,,
12,299,1.0,3000.0,1000.0,0.5,10,0,0,0,,
12,300,1.0,0.003666666666666667,0.001,0.5714285714285715,10,2,0,0,0.028707805820246922,584.3398702052069
12,301,1.0,0.007222222222222223,0.001888888888888889,0.5853658536585367,10,2,0,0,0.03944573020752785,346.7210265643828
12,302,1.0,0.01888888888888889,0.0054444444444444445,0.5525114155251142,10,1,0,0,0.9663775850567043,124.48939620062197
12,303,1.0,0.027777777777777776,0.009,0.5105740181268882,10,1,0,0,0.9735823882588391,79.30915148526226
12,304,1.0,0.07222222222222222,0.01888888888888889,0.5853658536585367,10,1,0,0,0.9705803869246163,43.09177583503036
12,305,1.0,0.1,0.027777777777777776,0.5652173913043479,10,0,0,0,,
12,306,1.0,0.2777777777777778,0.0811111111111111,0.5479876160990712,10,0,0,0,,
12,307,1.0,0.6333333333333333,0.18888888888888888,0.5405405405405406,10,0,0,0,,
12,308,1.0,1.0,0.2777777777777778,0.5652173913043479,10,0,0,0,,
12,309,1.0,2.7777777777777777,0.8111111111111111,0.5479876160990712,10,0,0,0,,
12,310,1.0,3.6666666666666665,1.0,0.5714285714285715,10,0,0,0,,
12,311,1.0,9.0,2.7777777777777777,0.5283018867924528,10,0,0,0,,
12,312,1.0,27.77777777777778,7.222222222222221,0.5873015873015873,10,0,0,0,,
12,313,1.0,36.66666666666667,10.0,0.5714285714285715,10,0,0,0,,
12,314,1.0,90.0,27.77777777777778,0.5283018867924528,10,0,0,0,,
12,315,1.0,188.88888888888889,54.44444444444444,0.5525114155251143,10,0,0,0,,
12,316,1.0,277.77777777777777,90.0,0.5105740181268882,10,0,0,0,,
12,317,1.0,722.2222222222222,188.88888888888889,0.5853658536585366,10,0,0,0,,
12,318,1.0,2000.0,544.4444444444445,0.572052401746725,10,0,0,0,,
12,319,1.0,3000.0,900.0,0.5384615384615384,10,0,0,0,,
12,320,1.0,0.004555555555555556,0.001,0.64,10,2,0,0,0.028840315031266057,607.4766892052712
12,321,1.0,0.01,0.001888888888888889,0.6822429906542055,10,2,0,0,0.039810717055349734,344.5374622038266
12,322,1.0,0.027777777777777776,0.006333333333333334,0.6286644951140065,10,1,0,0,0.9585723815877251,106.59450740237837
12,323,1.0,0.04555555555555556,0.00811111111111111,0.6977225672877847,10,1,0,0,0.9525683789192795,83.50996816978335
12,324,1.0,0.0811111111111111,0.01888888888888889,0.6222222222222222,10,1,0,0,0.966977985323549,41.52531443584753
12,325,1.0,0.18888888888888888,0.04555555555555556,0.6113744075829383,10,0,0,0,,
12,326,1.0,0.3666666666666667,0.0811111111111111,0.6377171215880892,10,0,0,0,,
12,327,1.0,0.5444444444444445,0.1,0.6896551724137931,10,0,0,0,,
12,328,1.0,1.8888888888888888,0.3666666666666667,0.6748768472906403,10,0,0,0,,
12,329,1.0,3.6666666666666665,0.7222222222222222,0.6708860759493671,10,0,0,0,,
12,330,1.0,4.555555555555555,0.9,0.670061099796334,10,0,0,0,,
12,331,1.0,9.0,1.8888888888888888,0.6530612244897959,10,0,0,0,,
12,332,1.0,27.77777777777778,5.444444444444445,0.6722408026755854,10,0,0,0,,
12,333,1.0,45.55555555555556,8.11111111111111,0.6977225672877846,10,0,0,0,,
12,334,1.0,81.11111111111111,18.88888888888889,0.6222222222222222,10,0,0,0,,
12,335,1.0,188.88888888888889,45.55555555555556,0.6113744075829383,10,0,0,0,,
12,336,1.0,366.66666666666663,81.11111111111111,0.6377171215880894,10,0,0,0,,
12,337,1.0,455.55555555555554,100.0,0.64,10,0,0,0,,
12,338,1.0,1000.0,188.88888888888889,0.6822429906542056,10,0,0,0,,
12,339,1.0,3000.0,722.2222222222222,0.6119402985074627,10,0,0,0,,
12,340,1.0,0.006333333333333334,0.001,0.7272727272727273,10,2,0,0,0.028973435877013242,575.2971233254627
12,341,1.0,0.03666666666666667,0.004555555555555556,0.7789757412398922,10,1,0,0,0.9423615743829219,144.6634205241157
12,342,1.0,0.05444444444444445,0.006333333333333334,0.7915904936014624,10,1,0,0,0.9423615743829219,105.24861060997813
12,343,1.0,0.06333333333333332,0.009,0.7511520737327189,10,1,0,0,0.947765176784523,75.16651995986473
12,344,1.0,0.09,0.01,0.8,10,1,0,0,0.9441627751834556,67.61086689671454
12,345,1.0,0.3666666666666667,0.06333333333333332,0.7054263565891472,10,0,0,0,,
12,346,1.0,0.5444444444444445,0.0811111111111111,0.7406749555950266,10,0,0,0,,
12,347,1.0,0.7222222222222222,0.0811111111111111,0.7980636237897648,10,0,0,0,,
12,348,1.0,2.7777777777777777,0.3666666666666667,0.7667844522968198,10,0,0,0,,
12,349,1.0,4.555555555555555,0.6333333333333333,0.7558886509635975,10,0,0,0,,
12,350,1.0,6.333333333333333,0.7222222222222222,0.795275590551181,10,0,0,0,,
12,351,1.0,7.222222222222221,1.0,0.7567567567567567,10,0,0,0,,
12,352,1.0,36.66666666666667,4.555555555555555,0.7789757412398921,10,0,0,0,,
12,353,1.0,54.44444444444444,6.333333333333333,0.7915904936014625,10,0,0,0,,
12,354,1.0,63.333333333333336,9.0,0.7511520737327189,10,0,0,0,,
12,355,1.0,90.0,10.0,0.8,10,0,0,0,,
12,356,1.0,366.66666666666663,63.333333333333336,0.7054263565891473,10,0,0,0,,
12,357,1.0,544.4444444444445,81.11111111111111,0.7406749555950267,10,0,0,0,,
12,358,1.0,722.2222222222222,81.11111111111111,0.7980636237897649,10,0,0,0,,
12,359,1.0,3000.0,455.55555555555554,0.7363344051446945,10,0,0,0,,
12,360,1.0,0.009,0.001,0.8000000000000002,10,2,0,0,0.029107171180666053,588.8139450245993
12,361,1.0,0.04555555555555556,0.003666666666666667,0.8510158013544019,10,1,0,0,0.9351567711807871,178.52379919324787
12,362,1.0,0.07222222222222222,0.0054444444444444445,0.8597997138769671,10,1,0,0,0.9357571714476317,121.57217358485347
12,363,1.0,0.09,0.006333333333333334,0.8685121107266437,10,1,0,0,0.9351567711807871,104.66993550529801
12,364,1.0,0.18888888888888888,0.01,0.8994413407821228,10,1,0,0,0.9345563709139425,67.03445616447985
12,365,1.0,0.5444444444444445,0.04555555555555556,0.8455743879472692,10,0,0,0,,
12,366,1.0,0.8111111111111111,0.04555555555555556,0.8936446173800259,10,0,0,0,,
12,367,1.0,0.9,0.09,0.8181818181818182,10,0,0,0,,
12,368,1.0,2.7777777777777777,0.2777777777777778,0.8181818181818182,10,0,0,0,,
12,369,1.0,6.333333333333333,0.4555555555555556,0.8657937806873977,10,0,0,0,,
12,370,1.0,8.11111111111111,0.7222222222222222,0.8364779874213837,10,0,0,0,,
12,371,1.0,10.0,0.7222222222222222,0.8652849740932644,10,0,0,0,,
12,372,1.0,45.55555555555556,2.7777777777777777,0.8850574712643677,10,0,0,0,,
12,373,1.0,72.22222222222223,4.555555555555555,0.8813314037626627,10,0,0,0,,
12,374,1.0,90.0,5.444444444444445,0.8859138533178115,10,0,0,0,,
12,375,1.0,100.0,10.0,0.8181818181818182,10,0,0,0,,
12,376,1.0,544.4444444444445,36.66666666666667,0.8738049713193117,10,0,0,0,,
12,377,1.0,722.2222222222222,72.22222222222223,0.8181818181818182,10,0,0,0,,
12,378,1.0,900.0,81.11111111111111,0.8346545866364666,10,0,0,0,,
12,379,1.0,3000.0,277.77777777777777,0.8305084745762712,10,0,0,0,,
12,380,1.0,0.027777777777777776,0.001,0.9305019305019304,10,2,0,0,0.02924152377843337,616.5135338686324
12,381,1.0,0.4555555555555556,0.003666666666666667,0.9840309702395356,10,1,0,0,0.9237491661107404,178.33890756211076
12,382,1.0,0.9,0.003666666666666667,0.9918849133161194,10,1,0,0,0.9231487658438958,178.15481764842232
12,383,1.0,2.7777777777777777,0.0811111111111111,0.94325689856199,10,0,0,0,,
12,384,1.0,5.444444444444445,0.09,0.9674764103593656,10,0,0,0,,
12,385,1.0,8.11111111111111,0.04555555555555556,0.98882985969214,10,0,0,0,,
12,386,1.0,18.88888888888889,0.006333333333333334,0.9993296365336328,10,1,0,0,0.9237491661107404,103.81411519097244
12,387,1.0,36.66666666666667,0.01888888888888889,0.998970227458582,10,1,0,0,0.9315543695797197,36.657366908531934
12,388,1.0,54.44444444444444,0.027777777777777776,0.9989801121876594,10,0,0,0,,
12,389,1.0,72.22222222222223,0.027777777777777776,0.9992310649750098,10,0,0,0,,
12,390,1.0,90.0,0.009,0.9998000199980002,10,1,0,0,0.9255503669112741,73.80410745458234
12,391,1.0,188.88888888888889,0.0054444444444444445,0.9999423546027204,10,1,0,0,0.9231487658438958,120.2649395600012
12,392,1.0,277.77777777777777,1.0,0.9928258270227183,10,0,0,0,,
12,393,1.0,455.55555555555554,0.03666666666666667,0.9998390373457745,10,0,0,0,,
12,394,1.0,544.4444444444445,7.222222222222221,0.9738167170191341,10,0,0,0,,
12,395,1.0,722.2222222222222,0.06333333333333332,0.9998246307631483,10,0,0,0,,
12,396,1.0,811.1111111111111,8.11111111111111,0.9801980198019803,10,0,0,0,,
12,397,1.0,1000.0,0.04555555555555556,0.9999088930393171,10,0,0,0,,
12,398,1.0,2000.0,5.444444444444445,0.9945703363067206,10,0,0,0,,
12,399,1.0,3000.0,100.0,0.9354838709677419,10,0,0,0,,
13,0,1.1,0.001,0.027777777777777776,-0.9305019305019304,10,0,0,0,,
13,1,1.1,0.001888888888888889,0.7222222222222222,-0.9947828755562373,10,1,0,0,0.08128305161640995,10.445241256700841
13,2,1.1,0.002777777777777778,54.44444444444444,-0.9998979643895719,10,1,1,0,0.016982436524617443,160.40438318791337
13,3,1.1,0.004555555555555556,0.1,-0.9128586609989372,10,0,0,0,,
13,4,1.1,0.0054444444444444445,45.55555555555556,-0.9997610041726721,10,1,1,0,0.02594179362118815,182.05527352608834
13,5,1.1,0.007222222222222223,0.5444444444444445,-0.9738167170191339,10,0,0,0,,
13,6,1.1,0.00811111111111111,90.0,-0.999819769329431,10,1,1,0,0.022594357702209782,214.63429605809364
13,7,1.1,0.01,2.7777777777777777,-0.9928258270227184,10,1,0,0,0.12521681120747166,15.81349394422302
13,8,1.1,0.01888888888888889,722.2222222222222,-0.9999476936757038,10,1,1,0,0.01224616199265049,196.98892261445
13,9,1.1,0.03666666666666667,90.0,-0.999185517011588,10,1,1,0,0.04808393484497285,209.08089879614593
13,10,1.1,0.05444444444444445,81.11111111111111,-0.998658434749278,10,1,1,0,0.06165950018614822,210.06886657798958
13,11,1.1,0.07222222222222222,100.0,-0.9985565980125465,10,1,1,0,0.06397348354826482,212.39548497399812
13,12,1.1,0.09,188.88888888888889,-0.9990475126557345,10,1,1,0,0.05199959965335162,146.55839462755299
13,13,1.1,0.18888888888888888,633.3333333333333,-0.9994036866197801,10,1,1,0,0.041304750199016145,215.95969483249422
13,14,1.1,0.4555555555555556,45.55555555555556,-0.9801980198019802,10,1,1,0,0.23569046030687124,119.5714567632758
13,15,1.1,0.7222222222222222,36.66666666666667,-0.9613670133729569,10,1,1,0,0.328152101400934,83.10514831495837
13,16,1.1,1.0,45.55555555555556,-0.9570405727923628,10,1,1,0,0.3467645096731154,99.25745047360626
13,17,1.1,3.6666666666666665,544.4444444444445,-0.9866207176160553,10,1,1,0,0.1954636424282855,280.6513546355091
13,18,1.1,8.11111111111111,900.0,-0.9821363024593173,10,1,1,0,0.22548365577051369,359.2190725421435
13,19,1.1,100.0,3000.0,-0.9354838709677419,10,1,1,0,0.4266177451634423,639.2724988159538
13,20,1.1,0.001,0.009,-0.8000000000000002,10,0,0,0,,
13,21,1.1,0.003666666666666667,0.05444444444444445,-0.8738049713193117,10,0,0,0,,
13,22,1.1,0.0054444444444444445,0.0811111111111111,-0.8741976893453145,10,0,0,0,,
13,23,1.1,0.007222222222222223,0.09,-0.8514285714285713,10,0,0,0,,
13,24,1.1,0.01,0.18888888888888888,-0.8994413407821228,10,0,0,0,,
13,25,1.1,0.04555555555555556,0.5444444444444445,-0.8455743879472692,10,0,0,0,,
13,26,1.1,0.06333333333333332,0.6333333333333333,-0.8181818181818181,10,0,0,0,,
13,27,1.1,0.0811111111111111,0.9,-0.8346545866364665,10,0,0,0,,
13,28,1.1,0.2777777777777778,2.7777777777777777,-0.8181818181818182,10,0,0,0,,
13,29,1.1,0.4555555555555556,7.222222222222221,-0.8813314037626627,10,0,0,0,,
13,30,1.1,0.6333333333333333,9.0,-0.8685121107266437,10,0,0,0,,
13,31,1.1,0.9,9.0,-0.8181818181818181,10,0,0,0,,
13,32,1.1,3.6666666666666665,36.66666666666667,-0.8181818181818183,10,1,1,0,0.7028018679119412,72.84304113973793
13,33,1.1,5.444444444444445,63.333333333333336,-0.8416801292407108,10,1,1,0,0.6583722481654436,124.48387628656657
13,34,1.1,7.222222222222221,72.22222222222223,-0.818181818181818,10,1,1,0,0.7040026684456303,142.43516507671148
13,35,1.1,10.0,100.0,-0.8181818181818182,10,1,1,0,0.7046030687124749,198.91624705907068
13,36,1.1,36.66666666666667,633.3333333333333,-0.8905472636815921,10,1,1,0,0.552101400933956,636.878838779341
13,37,1.1,54.44444444444444,900.0,-0.8859138533178114,10,1,1,0,0.5635090060040027,843.8922185199427
13,38,1.1,72.22222222222223,1000.0,-0.8652849740932643,10,1,1,0,0.6109406270847231,955.5521853934541
13,39,1.1,277.77777777777777,3000.0,-0.8305084745762712,10,1,1,0,0.682388258839226,1097.527569598194
13,40,1.1,0.001,0.006333333333333334,-0.7272727272727273,10,0,0,0,,
13,41,1.1,0.004555555555555556,0.027777777777777776,-0.718213058419244,10,0,0,0,,
13,42,1.1,0.006333333333333334,0.05444444444444445,-0.7915904936014624,10,0,0,0,,
13,43,1.1,0.00811111111111111,0.07222222222222222,-0.7980636237897648,10,0,0,0,,
13,44,1.1,0.01,0.0811111111111111,-0.7804878048780489,10,0,0,0,,
13,45,1.1,0.05444444444444445,0.3666666666666667,-0.7414248021108178,10,0,0,0,,
13,46,1.1,0.07222222222222222,0.5444444444444445,-0.7657657657657659,10,0,0,0,,
13,47,1.1,0.09,0.6333333333333333,-0.751152073732719,10,0,0,0,,
13,48,1.1,0.3666666666666667,2.7777777777777777,-0.7667844522968198,10,0,0,0,,
13,49,1.1,0.6333333333333333,4.555555555555555,-0.7558886509635975,10,0,0,0,,
13,50,1.1,0.8111111111111111,5.444444444444445,-0.7406749555950267,10,0,0,0,,
13,51,1.1,1.0,6.333333333333333,-0.7272727272727273,10,0,0,0,,
13,52,1.1,4.555555555555555,36.66666666666667,-0.7789757412398921,10,1,1,0,0.7712474983322214,73.17465136967431
13,53,1.1,7.222222222222221,45.55555555555556,-0.7263157894736842,10,1,1,0,0.8535023348899266,90.96450626246063
13,54,1.1,9.0,54.44444444444444,-0.7162872154115587,10,1,1,0,0.8685123415610406,108.96091478075618
13,55,1.1,10.0,81.11111111111111,-0.7804878048780488,10,1,1,0,0.7706470980653769,161.538670025523
13,56,1.1,54.44444444444444,455.55555555555554,-0.7864923747276688,10,1,1,0,0.7616410940627084,851.9012617829513
13,57,1.1,72.22222222222223,633.3333333333333,-0.7952755905511812,10,1,1,0,0.7466310873915943,975.6369095293202
13,58,1.1,90.0,722.2222222222222,-0.7783857729138167,10,1,1,0,0.7754503002001334,1005.6976353991914
13,59,1.1,455.55555555555554,3000.0,-0.7363344051446945,10,1,1,0,0.8414943295530353,1382.9453626503616
13,60,1.1,0.001,0.004555555555555556,-0.64,10,1,0,0,0.04742419852602448,10.071572301995223
13,61,1.1,0.001888888888888889,0.01,-0.6822429906542055,10,0,0,0,,
13,62,1.1,0.006333333333333334,0.027777777777777776,-0.6286644951140065,10,0,0,0,,
13,63,1.1,0.009,0.03666666666666667,-0.6058394160583941,10,0,0,0,,
13,64,1.1,0.01888888888888889,0.0811111111111111,-0.6222222222222222,10,0,0,0,,
13,65,1.1,0.04555555555555556,0.18888888888888888,-0.6113744075829383,10,0,0,0,,
13,66,1.1,0.0811111111111111,0.3666666666666667,-0.6377171215880892,10,0,0,0,,
13,67,1.1,0.1,0.5444444444444445,-0.6896551724137931,10,0,0,0,,
13,68,1.1,0.3666666666666667,1.8888888888888888,-0.6748768472906403,10,0,0,0,,
13,69,1.1,0.7222222222222222,3.6666666666666665,-0.6708860759493671,10,0,0,0,,
13,70,1.1,0.9,4.555555555555555,-0.670061099796334,10,0,0,0,,
13,71,1.1,1.8888888888888888,9.0,-0.6530612244897959,10,0,0,0,,
13,72,1.1,5.444444444444445,27.77777777777778,-0.6722408026755854,10,1,1,0,0.9267511674449632,56.15721996797668
13,73,1.1,9.0,36.66666666666667,-0.6058394160583942,10,0,0,0,,
13,74,1.1,18.88888888888889,81.11111111111111,-0.6222222222222222,10,1,1,0,0.991594396264176,182.45330606239153
13,75,1.1,45.55555555555556,188.88888888888889,-0.6113744075829383,10,0,0,0,,
13,76,1.1,81.11111111111111,366.66666666666663,-0.6377171215880894,10,1,1,0,0.9741827885256837,702.129241989628
13,77,1.1,100.0,455.55555555555554,-0.64,10,1,1,0,0.9717811874583054,659.7536439608801
13,78,1.1,188.88888888888889,1000.0,-0.6822429906542056,10,1,1,0,0.9177451634422948,1222.7180759337773
13,79,1.1,722.2222222222222,3000.0,-0.6119402985074627,10,0,0,0,,
13,80,1.1,0.001,0.003666666666666667,-0.5714285714285715,10,1,0,0,0.04405548635065534,10.825519822766156
13,81,1.1,0.001888888888888889,0.007222222222222223,-0.5853658536585367,10,0,0,0,,
13,82,1.1,0.0054444444444444445,0.01888888888888889,-0.5525114155251142,10,0,0,0,,
13,83,1.1,0.009,0.027777777777777776,-0.5105740181268882,10,0,0,0,,
13,84,1.1,0.01888888888888889,0.07222222222222222,-0.5853658536585367,10,0,0,0,,
13,85,1.1,0.05444444444444445,0.18888888888888888,-0.5525114155251141,10,0,0,0,,
13,86,1.1,0.09,0.2777777777777778,-0.5105740181268883,10,0,0,0,,
13,87,1.1,0.18888888888888888,0.6333333333333333,-0.5405405405405406,10,0,0,0,,
13,88,1.1,0.2777777777777778,1.0,-0.5652173913043479,10,0,0,0,,
13,89,1.1,0.8111111111111111,2.7777777777777777,-0.5479876160990712,10,0,0,0,,
13,90,1.1,1.8888888888888888,6.333333333333333,-0.5405405405405406,10,0,0,0,,
13,91,1.1,2.7777777777777777,10.0,-0.5652173913043478,10,0,0,0,,
13,92,1.1,8.11111111111111,27.77777777777778,-0.5479876160990713,10,0,0,0,,
13,93,1.1,10.0,36.66666666666667,-0.5714285714285715,10,0,0,0,,
13,94,1.1,27.77777777777778,90.0,-0.5283018867924528,10,0,0,0,,
13,95,1.1,72.22222222222223,277.77777777777777,-0.5873015873015872,10,0,0,0,,
13,96,1.1,100.0,366.66666666666663,-0.5714285714285714,10,0,0,0,,
13,97,1.1,277.77777777777777,900.0,-0.5283018867924527,10,0,0,0,,
13,98,1.1,633.3333333333333,2000.0,-0.518987341772152,10,0,0,0,,
13,99,1.1,1000.0,3000.0,-0.5,10,0,0,0,,
13,100,1.1,0.001,0.002777777777777778,-0.47058823529411764,10,1,0,0,0.039810717055349734,11.934434949574163
13,101,1.1,0.001888888888888889,0.0054444444444444445,-0.48484848484848486,10,0,0,0,,
13,102,1.1,0.003666666666666667,0.009,-0.4210526315789473,10,0,0,0,,
13,103,1.1,0.007222222222222223,0.01888888888888889,-0.4468085106382978,10,0,0,0,,
13,104,1.1,0.01888888888888889,0.05444444444444445,-0.4848484848484849,10,0,0,0,,
13,105,1.1,0.027777777777777776,0.0811111111111111,-0.4897959183673469,10,0,0,0,,
13,106,1.1,0.06333333333333332,0.18888888888888888,-0.4977973568281938,10,0,0,0,,
13,107,1.1,0.18888888888888888,0.4555555555555556,-0.4137931034482759,10,0,0,0,,
13,108,1.1,0.2777777777777778,0.8111111111111111,-0.48979591836734687,10,0,0,0,,
13,109,1.1,0.6333333333333333,1.8888888888888888,-0.4977973568281938,10,0,0,0,,
13,110,1.1,1.0,2.7777777777777777,-0.47058823529411764,10,0,0,0,,
13,111,1.1,2.7777777777777777,7.222222222222221,-0.44444444444444436,10,0,0,0,,
13,112,1.1,3.6666666666666665,10.0,-0.46341463414634154,10,0,0,0,,
13,113,1.1,10.0,27.77777777777778,-0.47058823529411764,10,0,0,0,,
13,114,1.1,27.77777777777778,72.22222222222223,-0.4444444444444445,10,0,0,0,,
13,115,1.1,36.66666666666667,90.0,-0.4210526315789473,10,0,0,0,,
13,116,1.1,72.22222222222223,188.88888888888889,-0.4468085106382979,10,0,0,0,,
13,117,1.1,188.88888888888889,544.4444444444445,-0.4848484848484848,10,0,0,0,,
13,118,1.1,366.66666666666663,900.0,-0.42105263157894746,10,0,0,0,,
13,119,1.1,811.1111111111111,2000.0,-0.42292490118577075,10,0,0,0,,
13,120,1.1,0.001,0.001888888888888889,-0.3076923076923077,10,1,0,0,0.034197944251370904,13.82508131234253
13,121,1.1,0.002777777777777778,0.006333333333333334,-0.39024390243902446,10,0,0,0,,
13,122,1.1,0.004555555555555556,0.009,-0.3278688524590163,10,0,0,0,,
13,123,1.1,0.009,0.01888888888888889,-0.354581673306773,10,0,0,0,,
13,124,1.1,0.027777777777777776,0.05444444444444445,-0.3243243243243244,10,0,0,0,,
13,125,1.1,0.03666666666666667,0.0811111111111111,-0.3773584905660377,10,0,0,0,,
13,126,1.1,0.0811111111111111,0.18888888888888888,-0.39917695473251025,10,0,0,0,,
13,127,1.1,0.18888888888888888,0.3666666666666667,-0.32000000000000006,10,0,0,0,,
13,128,1.1,0.3666666666666667,0.7222222222222222,-0.3265306122448979,10,0,0,0,,
13,129,1.1,0.4555555555555556,1.0,-0.37404580152671746,10,0,0,0,,
13,130,1.1,1.8888888888888888,3.6666666666666665,-0.32,10,0,0,0,,
13,131,1.1,3.6666666666666665,7.222222222222221,-0.32653061224489793,10,0,0,0,,
13,132,1.1,4.555555555555555,10.0,-0.37404580152671757,10,0,0,0,,
13,133,1.1,10.0,18.88888888888889,-0.3076923076923077,10,0,0,0,,
13,134,1.1,27.77777777777778,63.333333333333336,-0.3902439024390244,10,0,0,0,,
13,135,1.1,45.55555555555556,90.0,-0.3278688524590164,10,0,0,0,,
13,136,1.1,90.0,188.88888888888889,-0.35458167330677287,10,0,0,0,,
13,137,1.1,277.77777777777777,544.4444444444445,-0.32432432432432434,10,0,0,0,,
13,138,1.1,366.66666666666663,811.1111111111111,-0.3773584905660377,10,0,0,0,,
13,139,1.1,1000.0,2000.0,-0.3333333333333333,10,0,0,0,,
13,140,1.1,0.002777777777777778,0.004555555555555556,-0.2424242424242424,10,0,0,0,,
13,141,1.1,0.004555555555555556,0.007222222222222223,-0.22641509433962265,10,0,0,0,,
13,142,1.1,0.0054444444444444445,0.009,-0.2461538461538461,10,0,0,0,,
13,143,1.1,0.006333333333333334,0.01,-0.2244897959183673,10,0,0,0,,
13,144,1.1,0.03666666666666667,0.06333333333333332,-0.2666666666666666,10,0,0,0,,
13,145,1.1,0.05444444444444445,0.09,-0.24615384615384614,10,0,0,0,,
13,146,1.1,0.06333333333333332,0.1,-0.22448979591836743,10,0,0,0,,
13,147,1.1,0.3666666666666667,0.6333333333333333,-0.2666666666666666,10,0,0,0,,
13,148,1.1,0.4555555555555556,0.8111111111111111,-0.2807017543859649,10,0,0,0,,
13,149,1.1,0.5444444444444445,1.0,-0.29496402877697836,10,0,0,0,,
13,150,1.1,3.6666666666666665,6.333333333333333,-0.26666666666666666,10,0,0,0,,
13,151,1.1,4.555555555555555,8.11111111111111,-0.2807017543859649,10,0,0,0,,
13,152,1.1,5.444444444444445,10.0,-0.2949640287769784,10,0,0,0,,
13,153,1.1,27.77777777777778,45.55555555555556,-0.2424242424242424,10,0,0,0,,
13,154,1.1,45.55555555555556,72.22222222222223,-0.22641509433962267,10,0,0,0,,
13,155,1.1,54.44444444444444,100.0,-0.2949640287769784,10,0,0,0,,
13,156,1.1,277.77777777777777,455.55555555555554,-0.24242424242424243,10,0,0,0,,
13,157,1.1,455.55555555555554,722.2222222222222,-0.2264150943396226,10,0,0,0,,
13,158,1.1,544.4444444444445,900.0,-0.24615384615384617,10,0,0,0,,
13,159,1.1,2000.0,3000.0,-0.2,10,0,0,0,,
13,160,1.1,0.001888888888888889,0.002777777777777778,-0.19047619047619047,10,1,0,0,0.0424619563946313,11.218358167621233
13,161,1.1,0.003666666666666667,0.0054444444444444445,-0.19512195121951215,10,0,0,0,,
13,162,1.1,0.006333333333333334,0.00811111111111111,-0.123076923076923,10,0,0,0,,
13,163,1.1,0.00811111111111111,0.01,-0.1042944785276074,10,0,0,0,,
13,164,1.1,0.03666666666666667,0.04555555555555556,-0.10810810810810813,10,0,0,0,,
13,165,1.1,0.05444444444444445,0.0811111111111111,-0.1967213114754098,10,0,0,0,,
13,166,1.1,0.07222222222222222,0.1,-0.16129032258064524,10,0,0,0,,
13,167,1.1,0.3666666666666667,0.4555555555555556,-0.10810810810810811,10,0,0,0,,
13,168,1.1,0.5444444444444445,0.7222222222222222,-0.1403508771929824,10,0,0,0,,
13,169,1.1,0.7222222222222222,0.9,-0.10958904109589043,10,0,0,0,,
13,170,1.1,2.7777777777777777,3.6666666666666665,-0.13793103448275862,10,0,0,0,,
13,171,1.1,5.444444444444445,7.222222222222221,-0.1403508771929824,10,0,0,0,,
13,172,1.1,6.333333333333333,9.0,-0.1739130434782609,10,0,0,0,,
13,173,1.1,18.88888888888889,27.77777777777778,-0.19047619047619047,10,0,0,0,,
13,174,1.1,45.55555555555556,63.333333333333336,-0.163265306122449,10,0,0,0,,
13,175,1.1,63.333333333333336,90.0,-0.17391304347826084,10,0,0,0,,
13,176,1.1,81.11111111111111,100.0,-0.10429447852760734,10,0,0,0,,
13,177,1.1,366.66666666666663,544.4444444444445,-0.19512195121951226,10,0,0,0,,
13,178,1.1,633.3333333333333,811.1111111111111,-0.12307692307692313,10,0,0,0,,
13,179,1.1,811.1111111111111,1000.0,-0.10429447852760737,10,0,0,0,,
13,180,1.1,0.001,0.001,0.0,10,2,0,0,0.02606153549998895,644.7247438047809
13,181,1.1,0.004555555555555556,0.0054444444444444445,-0.08888888888888886,10,0,0,0,,
13,182,1.1,0.007222222222222223,0.007222222222222223,0.0,10,0,0,0,,
13,183,1.1,0.009,0.01,-0.05263157894736847,10,0,0,0,,
13,184,1.1,0.04555555555555556,0.04555555555555556,0.0,10,0,0,0,,
13,185,1.1,0.06333333333333332,0.07222222222222222,-0.0655737704918033,10,0,0,0,,
13,186,1.1,0.09,0.09,0.0,10,0,0,0,,
13,187,1.1,0.4555555555555556,0.4555555555555556,0.0,10,0,0,0,,
13,188,1.1,0.6333333333333333,0.7222222222222222,-0.06557377049180328,10,0,0,0,,
13,189,1.1,0.9,0.9,0.0,10,0,0,0,,
13,190,1.1,3.6666666666666665,3.6666666666666665,0.0,10,0,0,0,,
13,191,1.1,6.333333333333333,6.333333333333333,0.0,10,0,0,0,,
13,192,1.1,8.11111111111111,9.0,-0.05194805194805197,10,0,0,0,,
13,193,1.1,36.66666666666667,36.66666666666667,0.0,10,0,0,0,,
13,194,1.1,63.333333333333336,63.333333333333336,0.0,10,0,0,0,,
13,195,1.1,81.11111111111111,90.0,-0.05194805194805193,10,0,0,0,,
13,196,1.1,277.77777777777777,277.77777777777777,0.0,10,0,0,0,,
13,197,1.1,544.4444444444445,633.3333333333333,-0.07547169811320747,10,0,0,0,,
13,198,1.1,811.1111111111111,811.1111111111111,0.0,10,0,0,0,,
13,199,1.1,3000.0,3000.0,0.0,10,0,0,0,,
13,200,1.1,0.0054444444444444445,0.004555555555555556,0.08888888888888886,10,1,0,0,0.9807871914609739,154.82345849418553
13,201,1.1,0.006333333333333334,0.0054444444444444445,0.0754716981132076,10,1,0,0,0.9831887925283521,132.50991244113138
13,202,1.1,0.00811111111111111,0.007222222222222223,0.057971014492753555,10,1,0,0,0.986190793862575,108.56755411012207
13,203,1.1,0.01,0.009,0.05263157894736847,10,1,0,0,0.9879919946631086,96.72797179510522
13,204,1.1,0.06333333333333332,0.05444444444444445,0.07547169811320745,10,0,0,0,,
13,205,1.1,0.0811111111111111,0.07222222222222222,0.05797101449275364,10,0,0,0,,
13,206,1.1,0.1,0.09,0.05263157894736847,10,0,0,0,,
13,207,1.1,0.5444444444444445,0.4555555555555556,0.0888888888888889,10,0,0,0,,
13,208,1.1,0.7222222222222222,0.6333333333333333,0.06557377049180328,10,0,0,0,,
13,209,1.1,0.9,0.8111111111111111,0.05194805194805195,10,0,0,0,,
13,210,1.1,5.444444444444445,4.555555555555555,0.08888888888888893,10,0,0,0,,
13,211,1.1,7.222222222222221,6.333333333333333,0.06557377049180325,10,0,0,0,,
13,212,1.1,9.0,8.11111111111111,0.05194805194805197,10,0,0,0,,
13,213,1.1,10.0,9.0,0.05263157894736842,10,0,0,0,,
13,214,1.1,63.333333333333336,54.44444444444444,0.07547169811320759,10,0,0,0,,
13,215,1.1,81.11111111111111,72.22222222222223,0.057971014492753596,10,0,0,0,,
13,216,1.1,100.0,90.0,0.05263157894736842,10,0,0,0,,
13,217,1.1,633.3333333333333,544.4444444444445,0.07547169811320747,10,0,0,0,,
13,218,1.1,811.1111111111111,722.2222222222222,0.057971014492753645,10,0,0,0,,
13,219,1.1,1000.0,900.0,0.05263157894736842,10,0,0,0,,
13,220,1.1,0.002777777777777778,0.001888888888888889,0.19047619047619047,10,2,0,0,0.03647539469256077,355.3701158099783
13,221,1.1,0.0054444444444444445,0.003666666666666667,0.19512195121951215,10,2,0,0,0.050815944256056046,186.50022265831163
13,222,1.1,0.00811111111111111,0.006333333333333334,0.123076923076923,10,1,0,0,0.9765843895930619,112.56318807776314
13,223,1.1,0.01,0.00811111111111111,0.1042944785276074,10,1,0,0,0.9801867911941293,92.29429045879841
13,224,1.1,0.05444444444444445,0.03666666666666667,0.19512195121951223,10,0,0,0,,
13,225,1.1,0.0811111111111111,0.05444444444444445,0.1967213114754098,10,0,0,0,,
13,226,1.1,0.1,0.07222222222222222,0.16129032258064524,10,0,0,0,,
13,227,1.1,0.4555555555555556,0.3666666666666667,0.10810810810810811,10,0,0,0,,
13,228,1.1,0.8111111111111111,0.5444444444444445,0.19672131147540978,10,0,0,0,,
13,229,1.1,1.0,0.7222222222222222,0.16129032258064516,10,0,0,0,,
13,230,1.1,3.6666666666666665,2.7777777777777777,0.13793103448275862,10,0,0,0,,
13,231,1.1,7.222222222222221,5.444444444444445,0.1403508771929824,10,0,0,0,,
13,232,1.1,9.0,7.222222222222221,0.10958904109589046,10,0,0,0,,
13,233,1.1,36.66666666666667,27.77777777777778,0.13793103448275865,10,0,0,0,,
13,234,1.1,72.22222222222223,54.44444444444444,0.1403508771929825,10,0,0,0,,
13,235,1.1,90.0,63.333333333333336,0.17391304347826084,10,0,0,0,,
13,236,1.1,277.77777777777777,188.88888888888889,0.1904761904761905,10,0,0,0,,
13,237,1.1,633.3333333333333,455.55555555555554,0.16326530612244894,10,0,0,0,,
13,238,1.1,900.0,633.3333333333333,0.17391304347826092,10,0,0,0,,
13,239,1.1,3000.0,2000.0,0.2,10,0,0,0,,
13,240,1.1,0.004555555555555556,0.002777777777777778,0.2424242424242424,10,2,0,0,0.044463126746910886,243.84643367513408
13,241,1.1,0.007222222222222223,0.004555555555555556,0.22641509433962265,10,1,0,0,0.9627751834556371,150.33714457926368
13,242,1.1,0.009,0.0054444444444444445,0.2461538461538461,10,1,0,0,0.9603735823882588,126.7899918325186
13,243,1.1,0.01,0.006333333333333334,0.2244897959183673,10,1,0,0,0.9633755837224816,109.54946763402228
13,244,1.1,0.06333333333333332,0.03666666666666667,0.2666666666666666,10,0,0,0,,
13,245,1.1,0.0811111111111111,0.04555555555555556,0.2807017543859649,10,0,0,0,,
13,246,1.1,0.1,0.05444444444444445,0.2949640287769784,10,0,0,0,,
13,247,1.1,0.6333333333333333,0.3666666666666667,0.2666666666666666,10,0,0,0,,
13,248,1.1,0.8111111111111111,0.4555555555555556,0.2807017543859649,10,0,0,0,,
13,249,1.1,1.0,0.5444444444444445,0.29496402877697836,10,0,0,0,,
13,250,1.1,4.555555555555555,2.7777777777777777,0.24242424242424243,10,0,0,0,,
13,251,1.1,7.222222222222221,4.555555555555555,0.22641509433962262,10,0,0,0,,
13,252,1.1,9.0,5.444444444444445,0.24615384615384614,10,0,0,0,,
13,253,1.1,45.55555555555556,27.77777777777778,0.2424242424242424,10,0,0,0,,
13,254,1.1,72.22222222222223,45.55555555555556,0.22641509433962267,10,0,0,0,,
13,255,1.1,90.0,54.44444444444444,0.24615384615384614,10,0,0,0,,
13,256,1.1,100.0,63.333333333333336,0.22448979591836732,10,0,0,0,,
13,257,1.1,633.3333333333333,366.66666666666663,0.26666666666666666,10,0,0,0,,
13,258,1.1,811.1111111111111,455.55555555555554,0.28070175438596495,10,0,0,0,,
13,259,1.1,1000.0,633.3333333333333,0.2244897959183674,10,0,0,0,,
13,260,1.1,0.001888888888888889,0.001,0.3076923076923077,10,2,0,0,0.026791683248190316,634.7367896943082
13,261,1.1,0.006333333333333334,0.002777777777777778,0.39024390243902446,10,2,0,0,0.04487453899331323,241.87946790561494
13,262,1.1,0.009,0.004555555555555556,0.3278688524590163,10,1,0,0,0.9501667778519012,149.2305640471509
13,263,1.1,0.01888888888888889,0.009,0.354581673306773,10,1,0,0,0.9495663775850566,77.25582245440042
13,264,1.1,0.05444444444444445,0.027777777777777776,0.3243243243243244,10,1,0,0,0.9627751834556371,31.362348802990336
13,265,1.1,0.0811111111111111,0.03666666666666667,0.3773584905660377,10,0,0,0,,
13,266,1.1,0.18888888888888888,0.0811111111111111,0.39917695473251025,10,0,0,0,,
13,267,1.1,0.3666666666666667,0.18888888888888888,0.32000000000000006,10,0,0,0,,
13,268,1.1,0.7222222222222222,0.3666666666666667,0.3265306122448979,10,0,0,0,,
13,269,1.1,1.0,0.4555555555555556,0.37404580152671746,10,0,0,0,,
13,270,1.1,3.6666666666666665,1.8888888888888888,0.32,10,0,0,0,,
13,271,1.1,7.222222222222221,3.6666666666666665,0.32653061224489793,10,0,0,0,,
13,272,1.1,10.0,4.555555555555555,0.37404580152671757,10,0,0,0,,
13,273,1.1,18.88888888888889,10.0,0.3076923076923077,10,0,0,0,,
13,274,1.1,63.333333333333336,27.77777777777778,0.3902439024390244,10,0,0,0,,
13,275,1.1,90.0,45.55555555555556,0.3278688524590164,10,0,0,0,,
13,276,1.1,188.88888888888889,90.0,0.35458167330677287,10,0,0,0,,
13,277,1.1,544.4444444444445,277.77777777777777,0.32432432432432434,10,0,0,0,,
13,278,1.1,811.1111111111111,366.66666666666663,0.3773584905660377,10,0,0,0,,
13,279,1.1,2000.0,1000.0,0.3333333333333333,10,0,0,0,,
13,280,1.1,0.002777777777777778,0.001,0.47058823529411764,10,2,0,0,0.027039583641088435,566.003861889176
13,281,1.1,0.0054444444444444445,0.001888888888888889,0.48484848484848486,10,2,0,0,0.03715352290971724,352.8455556705483
13,282,1.1,0.009,0.003666666666666667,0.4210526315789473,10,2,0,0,0.051760683195056764,182.81045214640054
13,283,1.1,0.01888888888888889,0.007222222222222223,0.4468085106382978,10,1,0,0,0.9387591727818545,94.94966376543341
13,284,1.1,0.05444444444444445,0.01888888888888889,0.4848484848484849,10,1,0,0,0.9411607738492328,38.261414536611746
13,285,1.1,0.09,0.03666666666666667,0.4210526315789474,10,0,0,0,,
13,286,1.1,0.18888888888888888,0.07222222222222222,0.44680851063829796,10,0,0,0,,
13,287,1.1,0.4555555555555556,0.18888888888888888,0.4137931034482759,10,0,0,0,,
13,288,1.1,0.8111111111111111,0.2777777777777778,0.48979591836734687,10,0,0,0,,
13,289,1.1,1.8888888888888888,0.6333333333333333,0.4977973568281938,10,0,0,0,,
13,290,1.1,4.555555555555555,1.8888888888888888,0.4137931034482758,10,0,0,0,,
13,291,1.1,8.11111111111111,2.7777777777777777,0.48979591836734687,10,0,0,0,,
13,292,1.1,18.88888888888889,6.333333333333333,0.4977973568281939,10,0,0,0,,
13,293,1.1,27.77777777777778,10.0,0.47058823529411764,10,0,0,0,,
13,294,1.1,72.22222222222223,27.77777777777778,0.4444444444444445,10,0,0,0,,
13,295,1.1,100.0,36.66666666666667,0.4634146341463414,10,0,0,0,,
13,296,1.1,277.77777777777777,100.0,0.47058823529411764,10,0,0,0,,
13,297,1.1,722.2222222222222,277.77777777777777,0.4444444444444444,10,0,0,0,,
13,298,1.1,1000.0,366.66666666666663,0.46341463414634154,10,0,0,0,,
13,299,1.1,3000.0,1000.0,0.5,10,0,0,0,,
13,300,1.1,0.003666666666666667,0.001,0.5714285714285715,10,2,0,0,0.027164392688390836,636.7375013658
13,301,1.1,0.007222222222222223,0.001888888888888889,0.5853658536585367,10,2,0,0,0.03732501577957206,335.2180405423958
13,302,1.1,0.01888888888888889,0.0054444444444444445,0.5525114155251142,10,1,0,0,0.9273515677118078,124.67083376300741
13,303,1.1,0.027777777777777776,0.009,0.5105740181268882,10,1,0,0,0.9333555703802534,76.35667150097485
13,304,1.1,0.07222222222222222,0.01888888888888889,0.5853658536585367,10,1,0,0,0.9315543695797197,37.648289379856934
13,305,1.1,0.1,0.027777777777777776,0.5652173913043479,10,0,0,0,,
13,306,1.1,0.2777777777777778,0.0811111111111111,0.5479876160990712,10,0,0,0,,
13,307,1.1,0.6333333333333333,0.18888888888888888,0.5405405405405406,10,0,0,0,,
13,308,1.1,1.0,0.2777777777777778,0.5652173913043479,10,0,0,0,,
13,309,1.1,2.7777777777777777,0.8111111111111111,0.5479876160990712,10,0,0,0,,
13,310,1.1,3.6666666666666665,1.0,0.5714285714285715,10,0,0,0,,
13,311,1.1,9.0,2.7777777777777777,0.5283018867924528,10,0,0,0,,
13,312,1.1,27.77777777777778,7.222222222222221,0.5873015873015873,10,0,0,0,,
13,313,1.1,36.66666666666667,10.0,0.5714285714285715,10,0,0,0,,
13,314,1.1,90.0,27.77777777777778,0.5283018867924528,10,0,0,0,,
13,315,1.1,188.88888888888889,54.44444444444444,0.5525114155251143,10,0,0,0,,
13,316,1.1,277.77777777777777,90.0,0.5105740181268882,10,0,0,0,,
13,317,1.1,722.2222222222222,188.88888888888889,0.5853658536585366,10,0,0,0,,
13,318,1.1,2000.0,544.4444444444445,0.572052401746725,10,0,0,0,,
13,319,1.1,3000.0,900.0,0.5384615384615384,10,0,0,0,,
13,320,1.1,0.004555555555555556,0.001,0.64,10,2,0,0,0.027289777828080404,617.7547352410126
13,321,1.1,0.01,0.001888888888888889,0.6822429906542055,10,2,0,0,0.037497300224548336,344.0304553092475
13,322,1.1,0.027777777777777776,0.006333333333333334,0.6286644951140065,10,1,0,0,0.9207471647765176,106.99977725276844
13,323,1.1,0.04555555555555556,0.00811111111111111,0.6977225672877847,10,1,0,0,0.9153435623749165,83.72794151061595
13,324,1.1,0.0811111111111111,0.01888888888888889,0.6222222222222222,10,1,0,0,0.9279519679786523,37.48029205224245
13,325,1.1,0.18888888888888888,0.04555555555555556,0.6113744075829383,10,0,0,0,,
13,326,1.1,0.3666666666666667,0.0811111111111111,0.6377171215880892,10,0,0,0,,
13,327,1.1,0.5444444444444445,0.1,0.6896551724137931,10,0,0,0,,
13,328,1.1,1.8888888888888888,0.3666666666666667,0.6748768472906403,10,0,0,0,,
13,329,1.1,3.6666666666666665,0.7222222222222222,0.6708860759493671,10,0,0,0,,
13,330,1.1,4.555555555555555,0.9,0.670061099796334,10,0,0,0,,
13,331,1.1,9.0,1.8888888888888888,0.6530612244897959,10,0,0,0,,
13,332,1.1,27.77777777777778,5.444444444444445,0.6722408026755854,10,0,0,0,,
13,333,1.1,45.55555555555556,8.11111111111111,0.6977225672877846,10,0,0,0,,
13,334,1.1,81.11111111111111,18.88888888888889,0.6222222222222222,10,0,0,0,,
13,335,1.1,188.88888888888889,45.55555555555556,0.6113744075829383,10,0,0,0,,
13,336,1.1,366.66666666666663,81.11111111111111,0.6377171215880894,10,0,0,0,,
13,337,1.1,455.55555555555554,100.0,0.64,10,0,0,0,,
13,338,1.1,1000.0,188.88888888888889,0.6822429906542056,10,0,0,0,,
13,339,1.1,3000.0,722.2222222222222,0.6119402985074627,10,0,0,0,,
13,340,1.1,0.006333333333333334,0.001,0.7272727272727273,10,2,0,0,0.027415741719278835,582.3952901305065
13,341,1.1,0.03666666666666667,0.004555555555555556,0.7789757412398922,10,1,0,0,0.906337558372248,146.5511927014536
13,342,1.1,0.05444444444444445,0.006333333333333334,0.7915904936014624,10,1,0,0,0.906337558372248,106.24485192438625
13,343,1.1,0.06333333333333332,0.009,0.7511520737327189,10,1,0,0,0.9111407605070045,75.34301088075156
13,344,1.1,0.09,0.01,0.8,10,1,0,0,0.9075383589059373,67.75865176203166
13,345,1.1,0.3666666666666667,0.06333333333333332,0.7054263565891472,10,0,0,0,,
13,346,1.1,0.5444444444444445,0.0811111111111111,0.7406749555950266,10,0,0,0,,
13,347,1.1,0.7222222222222222,0.0811111111111111,0.7980636237897648,10,0,0,0,,
13,348,1.1,2.7777777777777777,0.3666666666666667,0.7667844522968198,10,0,0,0,,
13,349,1.1,4.555555555555555,0.6333333333333333,0.7558886509635975,10,0,0,0,,
13,350,1.1,6.333333333333333,0.7222222222222222,0.795275590551181,10,0,0,0,,
13,351,1.1,7.222222222222221,1.0,0.7567567567567567,10,0,0,0,,
13,352,1.1,36.66666666666667,4.555555555555555,0.7789757412398921,10,0,0,0,,
13,353,1.1,54.44444444444444,6.333333333333333,0.7915904936014625,10,0,0,0,,
13,354,1.1,63.333333333333336,9.0,0.7511520737327189,10,0,0,0,,
13,355,1.1,90.0,10.0,0.8,10,0,0,0,,
13,356,1.1,366.66666666666663,63.333333333333336,0.7054263565891473,10,0,0,0,,
13,357,1.1,544.4444444444445,81.11111111111111,0.7406749555950267,10,0,0,0,,
13,358,1.1,722.2222222222222,81.11111111111111,0.7980636237897649,10,0,0,0,,
13,359,1.1,3000.0,455.55555555555554,0.7363344051446945,10,0,0,0,,
13,360,1.1,0.009,0.001,0.8000000000000002,10,2,0,0,0.027415741719278835,621.6141839768045
13,361,1.1,0.04555555555555556,0.003666666666666667,0.8510158013544019,10,1,0,0,0.9003335557038025,181.78869962852002
13,362,1.1,0.07222222222222222,0.0054444444444444445,0.8597997138769671,10,1,0,0,0.9003335557038025,122.88027737687096
13,363,1.1,0.09,0.006333333333333334,0.8685121107266437,10,1,0,0,0.9003335557038025,106.22255377633
13,364,1.1,0.18888888888888888,0.01,0.8994413407821228,10,1,0,0,0.8997331554369579,67.52564253131995
13,365,1.1,0.5444444444444445,0.04555555555555556,0.8455743879472692,10,0,0,0,,
13,366,1.1,0.8111111111111111,0.04555555555555556,0.8936446173800259,10,0,0,0,,
13,367,1.1,0.9,0.09,0.8181818181818182,10,0,0,0,,
13,368,1.1,2.7777777777777777,0.2777777777777778,0.8181818181818182,10,0,0,0,,
13,369,1.1,6.333333333333333,0.4555555555555556,0.8657937806873977,10,0,0,0,,
13,370,1.1,8.11111111111111,0.7222222222222222,0.8364779874213837,10,0,0,0,,
13,371,1.1,10.0,0.7222222222222222,0.8652849740932644,10,0,0,0,,
13,372,1.1,45.55555555555556,2.7777777777777777,0.8850574712643677,10,0,0,0,,
13,373,1.1,72.22222222222223,4.555555555555555,0.8813314037626627,10,0,0,0,,
13,374,1.1,90.0,5.444444444444445,0.8859138533178115,10,0,0,0,,
13,375,1.1,100.0,10.0,0.8181818181818182,10,0,0,0,,
13,376,1.1,544.4444444444445,36.66666666666667,0.8738049713193117,10,0,0,0,,
13,377,1.1,722.2222222222222,72.22222222222223,0.8181818181818182,10,0,0,0,,
13,378,1.1,900.0,81.11111111111111,0.8346545866364666,10,0,0,0,,
13,379,1.1,3000.0,277.77777777777777,0.8305084745762712,10,0,0,0,,
13,380,1.1,0.027777777777777776,0.001,0.9305019305019304,10,2,0,0,0.02754228703338166,633.9642980183545
13,381,1.1,0.4555555555555556,0.003666666666666667,0.9840309702395356,10,1,0,0,0.8901267511674449,181.82985087563733
13,382,1.1,0.9,0.003666666666666667,0.9918849133161194,10,1,0,0,0.8895263509006003,181.807870904173
13,383,1.1,2.7777777777777777,0.0811111111111111,0.94325689856199,10,0,0,0,,
13,384,1.1,5.444444444444445,0.09,0.9674764103593656,10,0,0,0,,
13,385,1.1,8.11111111111111,0.04555555555555556,0.98882985969214,10,0,0,0,,
13,386,1.1,18.88888888888889,0.006333333333333334,0.9993296365336328,10,1,0,0,0.8907271514342895,105.23932419690574
13,387,1.1,36.66666666666667,0.01888888888888889,0.998970227458582,10,1,0,0,0.8973315543695797,36.42783997639065
13,388,1.1,54.44444444444444,0.027777777777777776,0.9989801121876594,10,0,0,0,,
13,389,1.1,72.22222222222223,0.027777777777777776,0.9992310649750098,10,0,0,0,,
13,390,1.1,90.0,0.009,0.9998000199980002,10,1,0,0,0.8919279519679786,74.76279525341778
13,391,1.1,188.88888888888889,0.0054444444444444445,0.9999423546027204,10,1,0,0,0.8901267511674449,122.29078926701261
13,392,1.1,277.77777777777777,1.0,0.9928258270227183,10,0,0,0,,
13,393,1.1,455.55555555555554,0.03666666666666667,0.9998390373457745,10,0,0,0,,
13,394,1.1,544.4444444444445,7.222222222222221,0.9738167170191341,10,0,0,0,,
13,395,1.1,722.2222222222222,0.06333333333333332,0.9998246307631483,10,0,0,0,,
13,396,1.1,811.1111111111111,8.11111111111111,0.9801980198019803,10,0,0,0,,
13,397,1.1,1000.0,0.04555555555555556,0.9999088930393171,10,0,0,0,,
13,398,1.1,2000.0,5.444444444444445,0.9945703363067206,10,0,0,0,,
13,399,1.1,3000.0,100.0,0.9354838709677419,10,0,0,0,,
14,0,1.2,0.001,0.027777777777777776,-0.9305019305019304,10,0,0,0,,
14,1,1.2,0.001888888888888889,0.7222222222222222,-0.9947828755562373,10,1,0,0,0.08165823713585922,10.347672952056666
14,2,1.2,0.002777777777777778,54.44444444444444,-0.9998979643895719,10,1,1,0,0.016595869074375613,165.09195350202287
14,3,1.2,0.004555555555555556,0.1,-0.9128586609989372,10,0,0,0,,
14,4,1.2,0.0054444444444444445,45.55555555555556,-0.9997610041726721,10,1,1,0,0.02535128630497907,112.10259462299369
14,5,1.2,0.007222222222222223,0.5444444444444445,-0.9738167170191339,10,0,0,0,,
14,6,1.2,0.00811111111111111,90.0,-0.999819769329431,10,1,1,0,0.022181964198002193,205.12726283870424
14,7,1.2,0.01,2.7777777777777777,-0.9928258270227184,10,1,0,0,0.12401601067378253,16.319297684597313
14,8,1.2,0.01888888888888889,722.2222222222222,-0.9999476936757038,10,1,1,0,0.011967405313072431,176.7428638496889
14,9,1.2,0.03666666666666667,90.0,-0.999185517011588,10,1,1,0,0.047206304126359046,112.38413144840875
14,10,1.2,0.05444444444444445,81.11111111111111,-0.998658434749278,10,1,1,0,0.06053408747539136,146.43971373300332
14,11,1.2,0.07222222222222222,100.0,-0.9985565980125465,10,1,1,0,0.0628058358813318,196.87474992712242
14,12,1.2,0.09,188.88888888888889,-0.9990475126557345,10,1,1,0,0.051050499997540646,216.07065350533713
14,13,1.2,0.18888888888888888,633.3333333333333,-0.9994036866197801,10,1,1,0,0.040550853544838394,114.7796929813919
14,14,1.2,0.4555555555555556,45.55555555555556,-0.9801980198019802,10,1,1,0,0.23088725817211475,125.55080423022213
14,15,1.2,0.7222222222222222,36.66666666666667,-0.9613670133729569,10,1,1,0,0.3215476984656438,89.32745711685669
14,16,1.2,1.0,45.55555555555556,-0.9570405727923628,10,1,1,0,0.33955970647098066,107.33815927263362
14,17,1.2,3.6666666666666665,544.4444444444445,-0.9866207176160553,10,1,1,0,0.19126084056037357,312.22815260352456
14,18,1.2,8.11111111111111,900.0,-0.9821363024593173,10,1,1,0,0.22128085390260172,184.94752248918962
14,19,1.2,100.0,3000.0,-0.9354838709677419,10,1,1,0,0.4176117411607738,347.2034311474167
14,20,1.2,0.001,0.009,-0.8000000000000002,10,0,0,0,,
14,21,1.2,0.003666666666666667,0.05444444444444445,-0.8738049713193117,10,0,0,0,,
14,22,1.2,0.0054444444444444445,0.0811111111111111,-0.8741976893453145,10,0,0,0,,
14,23,1.2,0.007222222222222223,0.09,-0.8514285714285713,10,0,0,0,,
14,24,1.2,0.01,0.18888888888888888,-0.8994413407821228,10,0,0,0,,
14,25,1.2,0.04555555555555556,0.5444444444444445,-0.8455743879472692,10,0,0,0,,
14,26,1.2,0.06333333333333332,0.6333333333333333,-0.8181818181818181,10,0,0,0,,
14,27,1.2,0.0811111111111111,0.9,-0.8346545866364665,10,0,0,0,,
14,28,1.2,0.2777777777777778,2.7777777777777777,-0.8181818181818182,10,0,0,0,,
14,29,1.2,0.4555555555555556,7.222222222222221,-0.8813314037626627,10,0,0,0,,
14,30,1.2,0.6333333333333333,9.0,-0.8685121107266437,10,0,0,0,,
14,31,1.2,0.9,9.0,-0.8181818181818181,10,0,0,0,,
14,32,1.2,3.6666666666666665,36.66666666666667,-0.8181818181818183,10,1,1,0,0.6859906604402934,77.89904513548659
14,33,1.2,5.444444444444445,63.333333333333336,-0.8416801292407108,10,1,1,0,0.6433622414943295,135.13492751856015
14,34,1.2,7.222222222222221,72.22222222222223,-0.818181818181818,10,1,1,0,0.6871914609739826,151.7000753957732
14,35,1.2,10.0,100.0,-0.8181818181818182,10,1,1,0,0.6877918612408271,210.6736991572585
14,36,1.2,36.66666666666667,633.3333333333333,-0.8905472636815921,10,1,1,0,0.5400933955970647,741.681243374841
14,37,1.2,54.44444444444444,900.0,-0.8859138533178114,10,1,1,0,0.5509006004002668,863.1533128839164
14,38,1.2,72.22222222222223,1000.0,-0.8652849740932643,10,1,1,0,0.5971314209472982,759.0171515770176
14,39,1.2,277.77777777777777,3000.0,-0.8305084745762712,10,1,1,0,0.6661774516344229,1069.7554348602719
14,40,1.2,0.001,0.006333333333333334,-0.7272727272727273,10,0,0,0,,
14,41,1.2,0.004555555555555556,0.027777777777777776,-0.718213058419244,10,0,0,0,,
14,42,1.2,0.006333333333333334,0.05444444444444445,-0.7915904936014624,10,0,0,0,,
14,43,1.2,0.00811111111111111,0.07222222222222222,-0.7980636237897648,10,0,0,0,,
14,44,1.2,0.01,0.0811111111111111,-0.7804878048780489,10,0,0,0,,
14,45,1.2,0.05444444444444445,0.3666666666666667,-0.7414248021108178,10,0,0,0,,
14,46,1.2,0.07222222222222222,0.5444444444444445,-0.7657657657657659,10,0,0,0,,
14,47,1.2,0.09,0.6333333333333333,-0.751152073732719,10,0,0,0,,
14,48,1.2,0.3666666666666667,2.7777777777777777,-0.7667844522968198,10,0,0,0,,
14,49,1.2,0.6333333333333333,4.555555555555555,-0.7558886509635975,10,0,0,0,,
14,50,1.2,0.8111111111111111,5.444444444444445,-0.7406749555950267,10,0,0,0,,
14,51,1.2,1.0,6.333333333333333,-0.7272727272727273,10,0,0,0,,
14,52,1.2,4.555555555555555,36.66666666666667,-0.7789757412398921,10,1,1,0,0.7520346897931954,77.51338653010035
14,53,1.2,7.222222222222221,45.55555555555556,-0.7263157894736842,10,1,1,0,0.8312875250166777,96.00352032892158
14,54,1.2,9.0,54.44444444444444,-0.7162872154115587,10,1,1,0,0.8456971314209473,115.03353490573151
14,55,1.2,10.0,81.11111111111111,-0.7804878048780488,10,1,1,0,0.7514342895263508,171.44895203016048
14,56,1.2,54.44444444444444,455.55555555555554,-0.7864923747276688,10,1,1,0,0.7430286857905269,647.0134138733226
14,57,1.2,72.22222222222223,633.3333333333333,-0.7952755905511812,10,1,1,0,0.7286190793862575,649.247362769688
14,58,1.2,90.0,722.2222222222222,-0.7783857729138167,10,1,1,0,0.7562374916611073,665.5330159622633
14,59,1.2,455.55555555555554,3000.0,-0.7363344051446945,10,1,1,0,0.819879919946631,1003.7386457633833
14,60,1.2,0.001,0.004555555555555556,-0.64,10,1,0,0,0.04613175745603795,9.886175936012474
14,61,1.2,0.001888888888888889,0.01,-0.6822429906542055,10,0,0,0,,
14,62,1.2,0.006333333333333334,0.027777777777777776,-0.6286644951140065,10,0,0,0,,
14,63,1.2,0.009,0.03666666666666667,-0.6058394160583941,10,0,0,0,,
14,64,1.2,0.01888888888888889,0.0811111111111111,-0.6222222222222222,10,0,0,0,,
14,65,1.2,0.04555555555555556,0.18888888888888888,-0.6113744075829383,10,0,0,0,,
14,66,1.2,0.0811111111111111,0.3666666666666667,-0.6377171215880892,10,0,0,0,,
14,67,1.2,0.1,0.5444444444444445,-0.6896551724137931,10,0,0,0,,
14,68,1.2,0.3666666666666667,1.8888888888888888,-0.6748768472906403,10,0,0,0,,
14,69,1.2,0.7222222222222222,3.6666666666666665,-0.6708860759493671,10,0,0,0,,
14,70,1.2,0.9,4.555555555555555,-0.670061099796334,10,0,0,0,,
14,71,1.2,1.8888888888888888,9.0,-0.6530612244897959,10,0,0,0,,
14,72,1.2,5.444444444444445,27.77777777777778,-0.6722408026755854,10,1,1,0,0.9015343562374916,58.59199448781258
14,73,1.2,9.0,36.66666666666667,-0.6058394160583942,10,1,1,0,0.9801867911941293,83.8034555877656
14,74,1.2,18.88888888888889,81.11111111111111,-0.6222222222222222,10,1,1,0,0.9633755837224816,169.99987330508935
14,75,1.2,45.55555555555556,188.88888888888889,-0.6113744075829383,10,1,1,0,0.9765843895930619,370.4948926375622
14,76,1.2,81.11111111111111,366.66666666666663,-0.6377171215880894,10,1,1,0,0.9465643762508338,741.0410265757148
14,77,1.2,100.0,455.55555555555554,-0.64,10,1,1,0,0.9441627751834556,785.8764570869314
14,78,1.2,188.88888888888889,1000.0,-0.6822429906542056,10,1,1,0,0.8925283522348232,1306.3915209043105
14,79,1.2,722.2222222222222,3000.0,-0.6119402985074627,10,1,1,0,0.9759839893262174,1060.5968951061807
14,80,1.2,0.001,0.003666666666666667,-0.5714285714285715,10,1,0,0,0.04265795188015926,10.658993784300424
14,81,1.2,0.001888888888888889,0.007222222222222223,-0.5853658536585367,10,0,0,0,,
14,82,1.2,0.0054444444444444445,0.01888888888888889,-0.5525114155251142,10,0,0,0,,
14,83,1.2,0.009,0.027777777777777776,-0.5105740181268882,10,0,0,0,,
14,84,1.2,0.01888888888888889,0.07222222222222222,-0.5853658536585367,10,0,0,0,,
14,85,1.2,0.05444444444444445,0.18888888888888888,-0.5525114155251141,10,0,0,0,,
14,86,1.2,0.09,0.2777777777777778,-0.5105740181268883,10,0,0,0,,
14,87,1.2,0.18888888888888888,0.6333333333333333,-0.5405405405405406,10,0,0,0,,
14,88,1.2,0.2777777777777778,1.0,-0.5652173913043479,10,0,0,0,,
14,89,1.2,0.8111111111111111,2.7777777777777777,-0.5479876160990712,10,0,0,0,,
14,90,1.2,1.8888888888888888,6.333333333333333,-0.5405405405405406,10,0,0,0,,
14,91,1.2,2.7777777777777777,10.0,-0.5652173913043478,10,0,0,0,,
14,92,1.2,8.11111111111111,27.77777777777778,-0.5479876160990713,10,0,0,0,,
14,93,1.2,10.0,36.66666666666667,-0.5714285714285715,10,0,0,0,,
14,94,1.2,27.77777777777778,90.0,-0.5283018867924528,10,0,0,0,,
14,95,1.2,72.22222222222223,277.77777777777777,-0.5873015873015872,10,0,0,0,,
14,96,1.2,100.0,366.66666666666663,-0.5714285714285714,10,0,0,0,,
14,97,1.2,277.77777777777777,900.0,-0.5283018867924527,10,0,0,0,,
14,98,1.2,633.3333333333333,2000.0,-0.518987341772152,10,0,0,0,,
14,99,1.2,1000.0,3000.0,-0.5,10,0,0,0,,
14,100,1.2,0.001,0.002777777777777778,-0.47058823529411764,10,1,0,0,0.03837072454922788,11.783726101495013
14,101,1.2,0.001888888888888889,0.0054444444444444445,-0.48484848484848486,10,0,0,0,,
14,102,1.2,0.003666666666666667,0.009,-0.4210526315789473,10,0,0,0,,
14,103,1.2,0.007222222222222223,0.01888888888888889,-0.4468085106382978,10,0,0,0,,
14,104,1.2,0.01888888888888889,0.05444444444444445,-0.4848484848484849,10,0,0,0,,
14,105,1.2,0.027777777777777776,0.0811111111111111,-0.4897959183673469,10,0,0,0,,
14,106,1.2,0.06333333333333332,0.18888888888888888,-0.4977973568281938,10,0,0,0,,
14,107,1.2,0.18888888888888888,0.4555555555555556,-0.4137931034482759,10,0,0,0,,
14,108,1.2,0.2777777777777778,0.8111111111111111,-0.48979591836734687,10,0,0,0,,
14,109,1.2,0.6333333333333333,1.8888888888888888,-0.4977973568281938,10,0,0,0,,
14,110,1.2,1.0,2.7777777777777777,-0.47058823529411764,10,0,0,0,,
14,111,1.2,2.7777777777777777,7.222222222222221,-0.44444444444444436,10,0,0,0,,
14,112,1.2,3.6666666666666665,10.0,-0.46341463414634154,10,0,0,0,,
14,113,1.2,10.0,27.77777777777778,-0.47058823529411764,10,0,0,0,,
14,114,1.2,27.77777777777778,72.22222222222223,-0.4444444444444445,10,0,0,0,,
14,115,1.2,36.66666666666667,90.0,-0.4210526315789473,10,0,0,0,,
14,116,1.2,72.22222222222223,188.88888888888889,-0.4468085106382979,10,0,0,0,,
14,117,1.2,188.88888888888889,544.4444444444445,-0.4848484848484848,10,0,0,0,,
14,118,1.2,366.66666666666663,900.0,-0.42105263157894746,10,0,0,0,,
14,119,1.2,811.1111111111111,2000.0,-0.42292490118577075,10,0,0,0,,
14,120,1.2,0.001,0.001888888888888889,-0.3076923076923077,10,2,0,0,0.03296097121774579,370.5672274171247
14,121,1.2,0.002777777777777778,0.006333333333333334,-0.39024390243902446,10,0,0,0,,
14,122,1.2,0.004555555555555556,0.009,-0.3278688524590163,10,0,0,0,,
14,123,1.2,0.009,0.01888888888888889,-0.354581673306773,10,0,0,0,,
14,124,1.2,0.027777777777777776,0.05444444444444445,-0.3243243243243244,10,0,0,0,,
14,125,1.2,0.03666666666666667,0.0811111111111111,-0.3773584905660377,10,0,0,0,,
14,126,1.2,0.0811111111111111,0.18888888888888888,-0.39917695473251025,10,0,0,0,,
14,127,1.2,0.18888888888888888,0.3666666666666667,-0.32000000000000006,10,0,0,0,,
14,128,1.2,0.3666666666666667,0.7222222222222222,-0.3265306122448979,10,0,0,0,,
14,129,1.2,0.4555555555555556,1.0,-0.37404580152671746,10,0,0,0,,
14,130,1.2,1.8888888888888888,3.6666666666666665,-0.32,10,0,0,0,,
14,131,1.2,3.6666666666666665,7.222222222222221,-0.32653061224489793,10,0,0,0,,
14,132,1.2,4.555555555555555,10.0,-0.37404580152671757,10,0,0,0,,
14,133,1.2,10.0,18.88888888888889,-0.3076923076923077,10,0,0,0,,
14,134,1.2,27.77777777777778,63.333333333333336,-0.3902439024390244,10,0,0,0,,
14,135,1.2,45.55555555555556,90.0,-0.3278688524590164,10,0,0,0,,
14,136,1.2,90.0,188.88888888888889,-0.35458167330677287,10,0,0,0,,
14,137,1.2,277.77777777777777,544.4444444444445,-0.32432432432432434,10,0,0,0,,
14,138,1.2,366.66666666666663,811.1111111111111,-0.3773584905660377,10,0,0,0,,
14,139,1.2,1000.0,2000.0,-0.3333333333333333,10,0,0,0,,
14,140,1.2,0.002777777777777778,0.004555555555555556,-0.2424242424242424,10,1,0,0,0.9843895930620413,157.84619882345854
14,141,1.2,0.004555555555555556,0.007222222222222223,-0.22641509433962265,10,1,0,0,0.9825883922615076,104.48604558539832
14,142,1.2,0.0054444444444444445,0.009,-0.2461538461538461,10,1,0,0,0.9867911941294195,94.21690169832026
14,143,1.2,0.006333333333333334,0.01,-0.2244897959183673,10,1,0,0,0.9837891927951967,82.17183858138362
14,144,1.2,0.03666666666666667,0.06333333333333332,-0.2666666666666666,10,0,0,0,,
14,145,1.2,0.05444444444444445,0.09,-0.24615384615384614,10,0,0,0,,
14,146,1.2,0.06333333333333332,0.1,-0.22448979591836743,10,0,0,0,,
14,147,1.2,0.3666666666666667,0.6333333333333333,-0.2666666666666666,10,0,0,0,,
14,148,1.2,0.4555555555555556,0.8111111111111111,-0.2807017543859649,10,0,0,0,,
14,149,1.2,0.5444444444444445,1.0,-0.29496402877697836,10,0,0,0,,
14,150,1.2,3.6666666666666665,6.333333333333333,-0.26666666666666666,10,0,0,0,,
14,151,1.2,4.555555555555555,8.11111111111111,-0.2807017543859649,10,0,0,0,,
14,152,1.2,5.444444444444445,10.0,-0.2949640287769784,10,0,0,0,,
14,153,1.2,27.77777777777778,45.55555555555556,-0.2424242424242424,10,0,0,0,,
14,154,1.2,45.55555555555556,72.22222222222223,-0.22641509433962267,10,0,0,0,,
14,155,1.2,54.44444444444444,100.0,-0.2949640287769784,10,0,0,0,,
14,156,1.2,277.77777777777777,455.55555555555554,-0.24242424242424243,10,0,0,0,,
14,157,1.2,455.55555555555554,722.2222222222222,-0.2264150943396226,10,0,0,0,,
14,158,1.2,544.4444444444445,900.0,-0.24615384615384617,10,0,0,0,,
14,159,1.2,2000.0,3000.0,-0.2,10,0,0,0,,
14,160,1.2,0.001888888888888889,0.002777777777777778,-0.19047619047619047,10,2,0,0,0.040550853544838394,248.73171405433763
14,161,1.2,0.003666666666666667,0.0054444444444444445,-0.19512195121951215,10,1,0,0,0.9771847898599065,130.3114291512396
14,162,1.2,0.006333333333333334,0.00811111111111111,-0.123076923076923,10,1,0,0,0.966977985323549,88.23455932429118
14,163,1.2,0.00811111111111111,0.01,-0.1042944785276074,10,1,0,0,0.9651767845230153,72.46337120274289
14,164,1.2,0.03666666666666667,0.04555555555555556,-0.10810810810810813,10,0,0,0,,
14,165,1.2,0.05444444444444445,0.0811111111111111,-0.1967213114754098,10,0,0,0,,
14,166,1.2,0.07222222222222222,0.1,-0.16129032258064524,10,0,0,0,,
14,167,1.2,0.3666666666666667,0.4555555555555556,-0.10810810810810811,10,0,0,0,,
14,168,1.2,0.5444444444444445,0.7222222222222222,-0.1403508771929824,10,0,0,0,,
14,169,1.2,0.7222222222222222,0.9,-0.10958904109589043,10,0,0,0,,
14,170,1.2,2.7777777777777777,3.6666666666666665,-0.13793103448275862,10,0,0,0,,
14,171,1.2,5.444444444444445,7.222222222222221,-0.1403508771929824,10,0,0,0,,
14,172,1.2,6.333333333333333,9.0,-0.1739130434782609,10,0,0,0,,
14,173,1.2,18.88888888888889,27.77777777777778,-0.19047619047619047,10,0,0,0,,
14,174,1.2,45.55555555555556,63.333333333333336,-0.163265306122449,10,0,0,0,,
14,175,1.2,63.333333333333336,90.0,-0.17391304347826084,10,0,0,0,,
14,176,1.2,81.11111111111111,100.0,-0.10429447852760734,10,0,0,0,,
14,177,1.2,366.66666666666663,544.4444444444445,-0.19512195121951226,10,0,0,0,,
14,178,1.2,633.3333333333333,811.1111111111111,-0.12307692307692313,10,0,0,0,,
14,179,1.2,811.1111111111111,1000.0,-0.10429447852760737,10,0,0,0,,
14,180,1.2,0.001,0.001,0.0,10,2,0,0,0.024888573182823902,648.7850165271998
14,181,1.2,0.004555555555555556,0.0054444444444444445,-0.08888888888888886,10,1,0,0,0.9609739826551034,128.44530184979587
14,182,1.2,0.007222222222222223,0.007222222222222223,0.0,10,1,0,0,0.9495663775850566,96.94149941478733
14,183,1.2,0.009,0.01,-0.05263157894736847,10,1,0,0,0.9579719813208805,71.53145975009042
14,184,1.2,0.04555555555555556,0.04555555555555556,0.0,10,0,0,0,,
14,185,1.2,0.06333333333333332,0.07222222222222222,-0.0655737704918033,10,0,0,0,,
14,186,1.2,0.09,0.09,0.0,10,0,0,0,,
14,187,1.2,0.4555555555555556,0.4555555555555556,0.0,10,0,0,0,,
14,188,1.2,0.6333333333333333,0.7222222222222222,-0.06557377049180328,10,0,0,0,,
14,189,1.2,0.9,0.9,0.0,10,0,0,0,,
14,190,1.2,3.6666666666666665,3.6666666666666665,0.0,10,0,0,0,,
14,191,1.2,6.333333333333333,6.333333333333333,0.0,10,0,0,0,,
14,192,1.2,8.11111111111111,9.0,-0.05194805194805197,10,0,0,0,,
14,193,1.2,36.66666666666667,36.66666666666667,0.0,10,0,0,0,,
14,194,1.2,63.333333333333336,63.333333333333336,0.0,10,0,0,0,,
14,195,1.2,81.11111111111111,90.0,-0.05194805194805193,10,0,0,0,,
14,196,1.2,277.77777777777777,277.77777777777777,0.0,10,0,0,0,,
14,197,1.2,544.4444444444445,633.3333333333333,-0.07547169811320747,10,0,0,0,,
14,198,1.2,811.1111111111111,811.1111111111111,0.0,10,0,0,0,,
14,199,1.2,3000.0,3000.0,0.0,10,0,0,0,,
14,200,1.2,0.0054444444444444445,0.004555555555555556,0.08888888888888886,10,1,0,0,0.9369579719813208,150.68683014440415
14,201,1.2,0.006333333333333334,0.0054444444444444445,0.0754716981132076,10,1,0,0,0.9393595730486991,127.1818771967251
14,202,1.2,0.00811111111111111,0.007222222222222223,0.057971014492753555,10,1,0,0,0.9423615743829219,96.55846255184572
14,203,1.2,0.01,0.009,0.05263157894736847,10,1,0,0,0.943562374916611,77.89030141564103
14,204,1.2,0.06333333333333332,0.05444444444444445,0.07547169811320745,10,0,0,0,,
14,205,1.2,0.0811111111111111,0.07222222222222222,0.05797101449275364,10,0,0,0,,
14,206,1.2,0.1,0.09,0.05263157894736847,10,0,0,0,,
14,207,1.2,0.5444444444444445,0.4555555555555556,0.0888888888888889,10,0,0,0,,
14,208,1.2,0.7222222222222222,0.6333333333333333,0.06557377049180328,10,0,0,0,,
14,209,1.2,0.9,0.8111111111111111,0.05194805194805195,10,0,0,0,,
14,210,1.2,5.444444444444445,4.555555555555555,0.08888888888888893,10,0,0,0,,
14,211,1.2,7.222222222222221,6.333333333333333,0.06557377049180325,10,0,0,0,,
14,212,1.2,9.0,8.11111111111111,0.05194805194805197,10,0,0,0,,
14,213,1.2,10.0,9.0,0.05263157894736842,10,0,0,0,,
14,214,1.2,63.333333333333336,54.44444444444444,0.07547169811320759,10,0,0,0,,
14,215,1.2,81.11111111111111,72.22222222222223,0.057971014492753596,10,0,0,0,,
14,216,1.2,100.0,90.0,0.05263157894736842,10,0,0,0,,
14,217,1.2,633.3333333333333,544.4444444444445,0.07547169811320747,10,0,0,0,,
14,218,1.2,811.1111111111111,722.2222222222222,0.057971014492753645,10,0,0,0,,
14,219,1.2,1000.0,900.0,0.05263157894736842,10,0,0,0,,
14,220,1.2,0.002777777777777778,0.001888888888888889,0.19047619047619047,10,2,0,0,0.0348337315036012,344.6661957591309
14,221,1.2,0.0054444444444444445,0.003666666666666667,0.19512195121951215,10,2,0,0,0.0485288500162121,186.73571741391854
14,222,1.2,0.00811111111111111,0.006333333333333334,0.123076923076923,10,1,0,0,0.933955970647098,109.55188058553074
14,223,1.2,0.01,0.00811111111111111,0.1042944785276074,10,1,0,0,0.9369579719813208,85.9855134836254
14,224,1.2,0.05444444444444445,0.03666666666666667,0.19512195121951223,10,0,0,0,,
14,225,1.2,0.0811111111111111,0.05444444444444445,0.1967213114754098,10,0,0,0,,
14,226,1.2,0.1,0.07222222222222222,0.16129032258064524,10,0,0,0,,
14,227,1.2,0.4555555555555556,0.3666666666666667,0.10810810810810811,10,0,0,0,,
14,228,1.2,0.8111111111111111,0.5444444444444445,0.19672131147540978,10,0,0,0,,
14,229,1.2,1.0,0.7222222222222222,0.16129032258064516,10,0,0,0,,
14,230,1.2,3.6666666666666665,2.7777777777777777,0.13793103448275862,10,0,0,0,,
14,231,1.2,7.222222222222221,5.444444444444445,0.1403508771929824,10,0,0,0,,
14,232,1.2,9.0,7.222222222222221,0.10958904109589046,10,0,0,0,,
14,233,1.2,36.66666666666667,27.77777777777778,0.13793103448275865,10,0,0,0,,
14,234,1.2,72.22222222222223,54.44444444444444,0.1403508771929825,10,0,0,0,,
14,235,1.2,90.0,63.333333333333336,0.17391304347826084,10,0,0,0,,
14,236,1.2,277.77777777777777,188.88888888888889,0.1904761904761905,10,0,0,0,,
14,237,1.2,633.3333333333333,455.55555555555554,0.16326530612244894,10,0,0,0,,
14,238,1.2,900.0,633.3333333333333,0.17391304347826092,10,0,0,0,,
14,239,1.2,3000.0,2000.0,0.2,10,0,0,0,,
14,240,1.2,0.004555555555555556,0.002777777777777778,0.2424242424242424,10,2,0,0,0.04226686142656028,246.29165375390178
14,241,1.2,0.007222222222222223,0.004555555555555556,0.22641509433962265,10,1,0,0,0.9213475650433621,150.5166491659104
14,242,1.2,0.009,0.0054444444444444445,0.2461538461538461,10,1,0,0,0.9195463642428284,125.62242739156812
14,243,1.2,0.01,0.006333333333333334,0.2244897959183673,10,1,0,0,0.9225483655770513,109.17536307238736
14,244,1.2,0.06333333333333332,0.03666666666666667,0.2666666666666666,10,0,0,0,,
14,245,1.2,0.0811111111111111,0.04555555555555556,0.2807017543859649,10,0,0,0,,
14,246,1.2,0.1,0.05444444444444445,0.2949640287769784,10,0,0,0,,
14,247,1.2,0.6333333333333333,0.3666666666666667,0.2666666666666666,10,0,0,0,,
14,248,1.2,0.8111111111111111,0.4555555555555556,0.2807017543859649,10,0,0,0,,
14,249,1.2,1.0,0.5444444444444445,0.29496402877697836,10,0,0,0,,
14,250,1.2,4.555555555555555,2.7777777777777777,0.24242424242424243,10,0,0,0,,
14,251,1.2,7.222222222222221,4.555555555555555,0.22641509433962262,10,0,0,0,,
14,252,1.2,9.0,5.444444444444445,0.24615384615384614,10,0,0,0,,
14,253,1.2,45.55555555555556,27.77777777777778,0.2424242424242424,10,0,0,0,,
14,254,1.2,72.22222222222223,45.55555555555556,0.22641509433962267,10,0,0,0,,
14,255,1.2,90.0,54.44444444444444,0.24615384615384614,10,0,0,0,,
14,256,1.2,100.0,63.333333333333336,0.22448979591836732,10,0,0,0,,
14,257,1.2,633.3333333333333,366.66666666666663,0.26666666666666666,10,0,0,0,,
14,258,1.2,811.1111111111111,455.55555555555554,0.28070175438596495,10,0,0,0,,
14,259,1.2,1000.0,633.3333333333333,0.2244897959183674,10,0,0,0,,
14,260,1.2,0.001888888888888889,0.001,0.3076923076923077,10,2,0,0,0.025468302525850417,631.3180634642332
14,261,1.2,0.006333333333333334,0.002777777777777778,0.39024390243902446,10,2,0,0,0.04265795188015926,242.9542543899466
14,262,1.2,0.009,0.004555555555555556,0.3278688524590163,10,1,0,0,0.9111407605070045,150.1904549750017
14,263,1.2,0.01888888888888889,0.009,0.354581673306773,10,1,0,0,0.91054036024016,76.88293651447552
14,264,1.2,0.05444444444444445,0.027777777777777776,0.3243243243243244,10,0,0,0,,
14,265,1.2,0.0811111111111111,0.03666666666666667,0.3773584905660377,10,0,0,0,,
14,266,1.2,0.18888888888888888,0.0811111111111111,0.39917695473251025,10,0,0,0,,
14,267,1.2,0.3666666666666667,0.18888888888888888,0.32000000000000006,10,0,0,0,,
14,268,1.2,0.7222222222222222,0.3666666666666667,0.3265306122448979,10,0,0,0,,
14,269,1.2,1.0,0.4555555555555556,0.37404580152671746,10,0,0,0,,
14,270,1.2,3.6666666666666665,1.8888888888888888,0.32,10,0,0,0,,
14,271,1.2,7.222222222222221,3.6666666666666665,0.32653061224489793,10,0,0,0,,
14,272,1.2,10.0,4.555555555555555,0.37404580152671757,10,0,0,0,,
14,273,1.2,18.88888888888889,10.0,0.3076923076923077,10,0,0,0,,
14,274,1.2,63.333333333333336,27.77777777777778,0.3902439024390244,10,0,0,0,,
14,275,1.2,90.0,45.55555555555556,0.3278688524590164,10,0,0,0,,
14,276,1.2,188.88888888888889,90.0,0.35458167330677287,10,0,0,0,,
14,277,1.2,544.4444444444445,277.77777777777777,0.32432432432432434,10,0,0,0,,
14,278,1.2,811.1111111111111,366.66666666666663,0.3773584905660377,10,0,0,0,,
14,279,1.2,2000.0,1000.0,0.3333333333333333,10,0,0,0,,
14,280,1.2,0.002777777777777778,0.001,0.47058823529411764,10,2,0,0,0.025703957827688646,562.840097706156
14,281,1.2,0.0054444444444444445,0.001888888888888889,0.48484848484848486,10,2,0,0,0.0353183169791957,357.77483536818033
14,282,1.2,0.009,0.003666666666666667,0.4210526315789473,10,2,0,0,0.04920395356814511,185.69320524676442
14,283,1.2,0.01888888888888889,0.007222222222222223,0.4468085106382978,10,1,0,0,0.9009339559706471,95.07970345859006
14,284,1.2,0.05444444444444445,0.01888888888888889,0.4848484848484849,10,1,0,0,0.9033355570380253,37.33130313855909
14,285,1.2,0.09,0.03666666666666667,0.4210526315789474,10,0,0,0,,
14,286,1.2,0.18888888888888888,0.07222222222222222,0.44680851063829796,10,0,0,0,,
14,287,1.2,0.4555555555555556,0.18888888888888888,0.4137931034482759,10,0,0,0,,
14,288,1.2,0.8111111111111111,0.2777777777777778,0.48979591836734687,10,0,0,0,,
14,289,1.2,1.8888888888888888,0.6333333333333333,0.4977973568281938,10,0,0,0,,
14,290,1.2,4.555555555555555,1.8888888888888888,0.4137931034482758,10,0,0,0,,
14,291,1.2,8.11111111111111,2.7777777777777777,0.48979591836734687,10,0,0,0,,
14,292,1.2,18.88888888888889,6.333333333333333,0.4977973568281939,10,0,0,0,,
14,293,1.2,27.77777777777778,10.0,0.47058823529411764,10,0,0,0,,
14,294,1.2,72.22222222222223,27.77777777777778,0.4444444444444445,10,0,0,0,,
14,295,1.2,100.0,36.66666666666667,0.4634146341463414,10,0,0,0,,
14,296,1.2,277.77777777777777,100.0,0.47058823529411764,10,0,0,0,,
14,297,1.2,722.2222222222222,277.77777777777777,0.4444444444444444,10,0,0,0,,
14,298,1.2,1000.0,366.66666666666663,0.46341463414634154,10,0,0,0,,
14,299,1.2,3000.0,1000.0,0.5,10,0,0,0,,
14,300,1.2,0.003666666666666667,0.001,0.5714285714285715,10,2,0,0,0.025822601906345957,653.4109810692191
14,301,1.2,0.007222222222222223,0.001888888888888889,0.5853658536585367,10,2,0,0,0.035481338923357565,351.51534212747475
14,302,1.2,0.01888888888888889,0.0054444444444444445,0.5525114155251142,10,1,0,0,0.8907271514342895,124.79375017308912
14,303,1.2,0.027777777777777776,0.009,0.5105740181268882,10,1,0,0,0.8961307538358905,76.39314584689235
14,304,1.2,0.07222222222222222,0.01888888888888889,0.5853658536585367,10,1,0,0,0.8949299533022014,37.15118433378117
14,305,1.2,0.1,0.027777777777777776,0.5652173913043479,10,0,0,0,,
14,306,1.2,0.2777777777777778,0.0811111111111111,0.5479876160990712,10,0,0,0,,
14,307,1.2,0.6333333333333333,0.18888888888888888,0.5405405405405406,10,0,0,0,,
14,308,1.2,1.0,0.2777777777777778,0.5652173913043479,10,0,0,0,,
14,309,1.2,2.7777777777777777,0.8111111111111111,0.5479876160990712,10,0,0,0,,
14,310,1.2,3.6666666666666665,1.0,0.5714285714285715,10,0,0,0,,
14,311,1.2,9.0,2.7777777777777777,0.5283018867924528,10,0,0,0,,
14,312,1.2,27.77777777777778,7.222222222222221,0.5873015873015873,10,0,0,0,,
14,313,1.2,36.66666666666667,10.0,0.5714285714285715,10,0,0,0,,
14,314,1.2,90.0,27.77777777777778,0.5283018867924528,10,0,0,0,,
14,315,1.2,188.88888888888889,54.44444444444444,0.5525114155251143,10,0,0,0,,
14,316,1.2,277.77777777777777,90.0,0.5105740181268882,10,0,0,0,,
14,317,1.2,722.2222222222222,188.88888888888889,0.5853658536585366,10,0,0,0,,
14,318,1.2,2000.0,544.4444444444445,0.572052401746725,10,0,0,0,,
14,319,1.2,3000.0,900.0,0.5384615384615384,10,0,0,0,,
14,320,1.2,0.004555555555555556,0.001,0.64,10,2,0,0,0.025822601906345957,597.1347717768731
14,321,1.2,0.01,0.001888888888888889,0.6822429906542055,10,2,0,0,0.03564511334262443,358.0290032022118
14,322,1.2,0.027777777777777776,0.006333333333333334,0.6286644951140065,10,1,0,0,0.8853235490326884,107.68585171327042
14,323,1.2,0.04555555555555556,0.00811111111111111,0.6977225672877847,10,1,0,0,0.8805203468979319,84.18298938494686
14,324,1.2,0.0811111111111111,0.01888888888888889,0.6222222222222222,10,1,0,0,0.8919279519679786,37.085942861729826
14,325,1.2,0.18888888888888888,0.04555555555555556,0.6113744075829383,10,0,0,0,,
14,326,1.2,0.3666666666666667,0.0811111111111111,0.6377171215880892,10,0,0,0,,
14,327,1.2,0.5444444444444445,0.1,0.6896551724137931,10,0,0,0,,
14,328,1.2,1.8888888888888888,0.3666666666666667,0.6748768472906403,10,0,0,0,,
14,329,1.2,3.6666666666666665,0.7222222222222222,0.6708860759493671,10,0,0,0,,
14,330,1.2,4.555555555555555,0.9,0.670061099796334,10,0,0,0,,
14,331,1.2,9.0,1.8888888888888888,0.6530612244897959,10,0,0,0,,
14,332,1.2,27.77777777777778,5.444444444444445,0.6722408026755854,10,0,0,0,,
14,333,1.2,45.55555555555556,8.11111111111111,0.6977225672877846,10,0,0,0,,
14,334,1.2,81.11111111111111,18.88888888888889,0.6222222222222222,10,0,0,0,,
14,335,1.2,188.88888888888889,45.55555555555556,0.6113744075829383,10,0,0,0,,
14,336,1.2,366.66666666666663,81.11111111111111,0.6377171215880894,10,0,0,0,,
14,337,1.2,455.55555555555554,100.0,0.64,10,0,0,0,,
14,338,1.2,1000.0,188.88888888888889,0.6822429906542056,10,0,0,0,,
14,339,1.2,3000.0,722.2222222222222,0.6119402985074627,10,0,0,0,,
14,340,1.2,0.006333333333333334,0.001,0.7272727272727273,10,2,0,0,0.02594179362118815,544.8054926104234
14,341,1.2,0.03666666666666667,0.004555555555555556,0.7789757412398922,10,1,0,0,0.8727151434289525,148.25463387986528
14,342,1.2,0.05444444444444445,0.006333333333333334,0.7915904936014624,10,1,0,0,0.8727151434289525,107.18354011325196
14,343,1.2,0.06333333333333332,0.009,0.7511520737327189,10,1,0,0,0.8769179452968645,75.82767202262681
14,344,1.2,0.09,0.01,0.8,10,1,0,0,0.8739159439626417,68.29709530198795
14,345,1.2,0.3666666666666667,0.06333333333333332,0.7054263565891472,10,0,0,0,,
14,346,1.2,0.5444444444444445,0.0811111111111111,0.7406749555950266,10,0,0,0,,
14,347,1.2,0.7222222222222222,0.0811111111111111,0.7980636237897648,10,0,0,0,,
14,348,1.2,2.7777777777777777,0.3666666666666667,0.7667844522968198,10,0,0,0,,
14,349,1.2,4.555555555555555,0.6333333333333333,0.7558886509635975,10,0,0,0,,
14,350,1.2,6.333333333333333,0.7222222222222222,0.795275590551181,10,0,0,0,,
14,351,1.2,7.222222222222221,1.0,0.7567567567567567,10,0,0,0,,
14,352,1.2,36.66666666666667,4.555555555555555,0.7789757412398921,10,0,0,0,,
14,353,1.2,54.44444444444444,6.333333333333333,0.7915904936014625,10,0,0,0,,
14,354,1.2,63.333333333333336,9.0,0.7511520737327189,10,0,0,0,,
14,355,1.2,90.0,10.0,0.8,10,0,0,0,,
14,356,1.2,366.66666666666663,63.333333333333336,0.7054263565891473,10,0,0,0,,
14,357,1.2,544.4444444444445,81.11111111111111,0.7406749555950267,10,0,0,0,,
14,358,1.2,722.2222222222222,81.11111111111111,0.7980636237897649,10,0,0,0,,
14,359,1.2,3000.0,455.55555555555554,0.7363344051446945,10,0,0,0,,
14,360,1.2,0.009,0.001,0.8000000000000002,10,2,0,0,0.02606153549998895,584.4608293133554
14,361,1.2,0.04555555555555556,0.003666666666666667,0.8510158013544019,10,1,0,0,0.8673115410273515,184.49608065101535
14,362,1.2,0.07222222222222222,0.0054444444444444445,0.8597997138769671,10,1,0,0,0.867911941294196,123.72907345623263
14,363,1.2,0.09,0.006333333333333334,0.8685121107266437,10,1,0,0,0.8673115410273515,106.8775290889501
14,364,1.2,0.18888888888888888,0.01,0.8994413407821228,10,1,0,0,0.8673115410273515,68.22443233195699
14,365,1.2,0.5444444444444445,0.04555555555555556,0.8455743879472692,10,0,0,0,,
14,366,1.2,0.8111111111111111,0.04555555555555556,0.8936446173800259,10,0,0,0,,
14,367,1.2,0.9,0.09,0.8181818181818182,10,0,0,0,,
14,368,1.2,2.7777777777777777,0.2777777777777778,0.8181818181818182,10,0,0,0,,
14,369,1.2,6.333333333333333,0.4555555555555556,0.8657937806873977,10,0,0,0,,
14,370,1.2,8.11111111111111,0.7222222222222222,0.8364779874213837,10,0,0,0,,
14,371,1.2,10.0,0.7222222222222222,0.8652849740932644,10,0,0,0,,
14,372,1.2,45.55555555555556,2.7777777777777777,0.8850574712643677,10,0,0,0,,
14,373,1.2,72.22222222222223,4.555555555555555,0.8813314037626627,10,0,0,0,,
14,374,1.2,90.0,5.444444444444445,0.8859138533178115,10,0,0,0,,
14,375,1.2,100.0,10.0,0.8181818181818182,10,0,0,0,,
14,376,1.2,544.4444444444445,36.66666666666667,0.8738049713193117,10,0,0,0,,
14,377,1.2,722.2222222222222,72.22222222222223,0.8181818181818182,10,0,0,0,,
14,378,1.2,900.0,81.11111111111111,0.8346545866364666,10,0,0,0,,
14,379,1.2,3000.0,277.77777777777777,0.8305084745762712,10,0,0,0,,
14,380,1.2,0.027777777777777776,0.001,0.9305019305019304,10,2,0,0,0.02606153549998895,617.2395002481459
14,381,1.2,0.4555555555555556,0.003666666666666667,0.9840309702395356,10,1,0,0,0.858305537024683,181.313530153394
14,382,1.2,0.9,0.003666666666666667,0.9918849133161194,10,1,0,0,0.858305537024683,180.48882578705303
14,383,1.2,2.7777777777777777,0.0811111111111111,0.94325689856199,10,0,0,0,,
14,384,1.2,5.444444444444445,0.09,0.9674764103593656,10,0,0,0,,
14,385,1.2,8.11111111111111,0.04555555555555556,0.98882985969214,10,0,0,0,,
14,386,1.2,18.88888888888889,0.006333333333333334,0.9993296365336328,10,1,0,0,0.8589059372915276,106.80476283528635
14,387,1.2,36.66666666666667,0.01888888888888889,0.998970227458582,10,1,0,0,0.8655103402268178,36.61469950660406
14,388,1.2,54.44444444444444,0.027777777777777776,0.9989801121876594,10,0,0,0,,
14,389,1.2,72.22222222222223,0.027777777777777776,0.9992310649750098,10,0,0,0,,
14,390,1.2,90.0,0.009,0.9998000199980002,10,1,0,0,0.8601067378252167,75.43942808675253
14,391,1.2,188.88888888888889,0.0054444444444444445,0.9999423546027204,10,1,0,0,0.858305537024683,123.89529074345354
14,392,1.2,277.77777777777777,1.0,0.9928258270227183,10,0,0,0,,
14,393,1.2,455.55555555555554,0.03666666666666667,0.9998390373457745,10,0,0,0,,
14,394,1.2,544.4444444444445,7.222222222222221,0.9738167170191341,10,0,0,0,,
14,395,1.2,722.2222222222222,0.06333333333333332,0.9998246307631483,10,0,0,0,,
14,396,1.2,811.1111111111111,8.11111111111111,0.9801980198019803,10,0,0,0,,
14,397,1.2,1000.0,0.04555555555555556,0.9999088930393171,10,0,0,0,,
14,398,1.2,2000.0,5.444444444444445,0.9945703363067206,10,0,0,0,,
14,399,1.2,3000.0,100.0,0.9354838709677419,10,0,0,0,,
15,0,1.35,0.001,0.027777777777777776,-0.9305019305019304,10,0,0,0,,
15,1,1.35,0.001888888888888889,0.7222222222222222,-0.9947828755562373,10,1,0,0,0.08203515443298186,10.19403910080854
15,2,1.35,0.002777777777777778,54.44444444444444,-0.9998979643895719,10,1,1,0,0.0162181009735893,215.23434347469558
15,3,1.35,0.004555555555555556,0.1,-0.9128586609989372,10,0,0,0,,
15,4,1.35,0.0054444444444444445,45.55555555555556,-0.9997610041726721,10,1,1,0,0.024774220576332863,214.426444113213
15,5,1.35,0.007222222222222223,0.5444444444444445,-0.9738167170191339,10,0,0,0,,
15,6,1.35,0.00811111111111111,90.0,-0.999819769329431,10,1,1,0,0.02157744409152667,196.5378487651589
15,7,1.35,0.01,2.7777777777777777,-0.9928258270227184,10,1,0,0,0.12221480987324884,17.113360508873072
15,8,1.35,0.01888888888888889,722.2222222222222,-0.9999476936757038,10,1,1,0,0.011694993910198712,197.27966698575227
15,9,1.35,0.03666666666666667,90.0,-0.999185517011588,10,1,1,0,0.045919801283686855,215.16632030281227
15,10,1.35,0.05444444444444445,81.11111111111111,-0.998658434749278,10,1,1,0,0.0588843655355589,211.54917466411277
15,11,1.35,0.07222222222222222,100.0,-0.9985565980125465,10,1,1,0,0.061094202490557206,202.90010315837122
15,12,1.35,0.09,188.88888888888889,-0.9990475126557345,10,1,1,0,0.04965923214503363,111.22249561043583
15,13,1.35,0.18888888888888888,633.3333333333333,-0.9994036866197801,10,1,1,0,0.03944573020752785,215.92326794216513
15,14,1.35,0.4555555555555556,45.55555555555556,-0.9801980198019802,10,1,1,0,0.2248832555036691,130.67129739895992
15,15,1.35,0.7222222222222222,36.66666666666667,-0.9613670133729569,10,1,1,0,0.3131420947298199,96.78489034022692
15,16,1.35,1.0,45.55555555555556,-0.9570405727923628,10,1,1,0,0.33055370246831217,117.3782196406602
15,17,1.35,3.6666666666666665,544.4444444444445,-0.9866207176160553,10,1,1,0,0.18645763842561708,300.2801134194394
15,18,1.35,8.11111111111111,900.0,-0.9821363024593173,10,1,1,0,0.2152768512341561,354.6002792909708
15,19,1.35,100.0,3000.0,-0.9354838709677419,10,1,1,0,0.40560373582388254,604.1263362792982
15,20,1.35,0.001,0.009,-0.8000000000000002,10,0,0,0,,
15,21,1.35,0.003666666666666667,0.05444444444444445,-0.8738049713193117,10,0,0,0,,
15,22,1.35,0.0054444444444444445,0.0811111111111111,-0.8741976893453145,10,0,0,0,,
15,23,1.35,0.007222222222222223,0.09,-0.8514285714285713,10,0,0,0,,
15,24,1.35,0.01,0.18888888888888888,-0.8994413407821228,10,0,0,0,,
15,25,1.35,0.04555555555555556,0.5444444444444445,-0.8455743879472692,10,0,0,0,,
15,26,1.35,0.06333333333333332,0.6333333333333333,-0.8181818181818181,10,0,0,0,,
15,27,1.35,0.0811111111111111,0.9,-0.8346545866364665,10,0,0,0,,
15,28,1.35,0.2777777777777778,2.7777777777777777,-0.8181818181818182,10,0,0,0,,
15,29,1.35,0.4555555555555556,7.222222222222221,-0.8813314037626627,10,0,0,0,,
15,30,1.35,0.6333333333333333,9.0,-0.8685121107266437,10,0,0,0,,
15,31,1.35,0.9,9.0,-0.8181818181818181,10,0,0,0,,
15,32,1.35,3.6666666666666665,36.66666666666667,-0.8181818181818183,10,1,1,0,0.6643762508338892,84.72305035040081
15,33,1.35,5.444444444444445,63.333333333333336,-0.8416801292407108,10,1,1,0,0.623549032688459,146.3517129266931
15,34,1.35,7.222222222222221,72.22222222222223,-0.818181818181818,10,1,1,0,0.6655770513675783,165.85362760613995
15,35,1.35,10.0,100.0,-0.8181818181818182,10,1,1,0,0.6661774516344229,227.34396963275347
15,36,1.35,36.66666666666667,633.3333333333333,-0.8905472636815921,10,1,1,0,0.524482988659106,411.41830527868456
15,37,1.35,54.44444444444444,900.0,-0.8859138533178114,10,1,1,0,0.5346897931954636,835.7200469602185
15,38,1.35,72.22222222222223,1000.0,-0.8652849740932643,10,1,1,0,0.5791194129419612,846.7851956868138
15,39,1.35,277.77777777777777,3000.0,-0.8305084745762712,10,1,1,0,0.6451634422948632,765.7690299979073
15,40,1.35,0.001,0.006333333333333334,-0.7272727272727273,10,0,0,0,,
15,41,1.35,0.004555555555555556,0.027777777777777776,-0.718213058419244,10,0,0,0,,
15,42,1.35,0.006333333333333334,0.05444444444444445,-0.7915904936014624,10,0,0,0,,
15,43,1.35,0.00811111111111111,0.07222222222222222,-0.7980636237897648,10,0,0,0,,
15,44,1.35,0.01,0.0811111111111111,-0.7804878048780489,10,0,0,0,,
15,45,1.35,0.05444444444444445,0.3666666666666667,-0.7414248021108178,10,0,0,0,,
15,46,1.35,0.07222222222222222,0.5444444444444445,-0.7657657657657659,10,0,0,0,,
15,47,1.35,0.09,0.6333333333333333,-0.751152073732719,10,0,0,0,,
15,48,1.35,0.3666666666666667,2.7777777777777777,-0.7667844522968198,10,0,0,0,,
15,49,1.35,0.6333333333333333,4.555555555555555,-0.7558886509635975,10,0,0,0,,
15,50,1.35,0.8111111111111111,5.444444444444445,-0.7406749555950267,10,0,0,0,,
15,51,1.35,1.0,6.333333333333333,-0.7272727272727273,10,0,0,0,,
15,52,1.35,4.555555555555555,36.66666666666667,-0.7789757412398921,10,1,1,0,0.7274182788525683,83.9626655102919
15,53,1.35,7.222222222222221,45.55555555555556,-0.7263157894736842,10,1,1,0,0.8024683122081387,103.24308528056365
15,54,1.35,9.0,54.44444444444444,-0.7162872154115587,10,1,1,0,0.8156771180787191,122.67081594432145
15,55,1.35,10.0,81.11111111111111,-0.7804878048780488,10,1,1,0,0.7268178785857238,185.18423982914564
15,56,1.35,54.44444444444444,455.55555555555554,-0.7864923747276688,10,1,1,0,0.7184122748498999,902.605294245331
15,57,1.35,72.22222222222223,633.3333333333333,-0.7952755905511812,10,1,1,0,0.7046030687124749,1005.8420729870734
15,58,1.35,90.0,722.2222222222222,-0.7783857729138167,10,1,1,0,0.7310206804536357,984.2620900280335
15,59,1.35,455.55555555555554,3000.0,-0.7363344051446945,10,1,1,0,0.791060707138092,1282.6582343194739
15,60,1.35,0.001,0.004555555555555556,-0.64,10,2,0,0,0.04405548635065534,156.23481814555058
15,61,1.35,0.001888888888888889,0.01,-0.6822429906542055,10,0,0,0,,
15,62,1.35,0.006333333333333334,0.027777777777777776,-0.6286644951140065,10,0,0,0,,
15,63,1.35,0.009,0.03666666666666667,-0.6058394160583941,10,0,0,0,,
15,64,1.35,0.01888888888888889,0.0811111111111111,-0.6222222222222222,10,0,0,0,,
15,65,1.35,0.04555555555555556,0.18888888888888888,-0.6113744075829383,10,0,0,0,,
15,66,1.35,0.0811111111111111,0.3666666666666667,-0.6377171215880892,10,0,0,0,,
15,67,1.35,0.1,0.5444444444444445,-0.6896551724137931,10,0,0,0,,
15,68,1.35,0.3666666666666667,1.8888888888888888,-0.6748768472906403,10,0,0,0,,
15,69,1.35,0.7222222222222222,3.6666666666666665,-0.6708860759493671,10,0,0,0,,
15,70,1.35,0.9,4.555555555555555,-0.670061099796334,10,0,0,0,,
15,71,1.35,1.8888888888888888,9.0,-0.6530612244897959,10,0,0,0,,
15,72,1.35,5.444444444444445,27.77777777777778,-0.6722408026755854,10,1,1,0,0.8685123415610406,61.9420626977427
15,73,1.35,9.0,36.66666666666667,-0.6058394160583942,10,1,1,0,0.9411607738492328,80.73091209376902
15,74,1.35,18.88888888888889,81.11111111111111,-0.6222222222222222,10,1,1,0,0.9255503669112741,177.39078419340154
15,75,1.35,45.55555555555556,188.88888888888889,-0.6113744075829383,10,1,1,0,0.9375583722481654,399.4379504697148
15,76,1.35,81.11111111111111,366.66666666666663,-0.6377171215880894,10,1,1,0,0.9099399599733154,662.4272328279527
15,77,1.35,100.0,455.55555555555554,-0.64,10,1,1,0,0.9075383589059373,791.3056699667306
15,78,1.35,188.88888888888889,1000.0,-0.6822429906542056,10,1,1,0,0.8595063375583721,1028.2712244853487
15,79,1.35,722.2222222222222,3000.0,-0.6119402985074627,10,1,1,0,0.9375583722481654,1532.7465944072937
15,80,1.35,0.001,0.003666666666666667,-0.5714285714285715,10,2,0,0,0.04073802778041126,188.00819858417748
15,81,1.35,0.001888888888888889,0.007222222222222223,-0.5853658536585367,10,1,0,0,0.9735823882588391,98.95182232823767
15,82,1.35,0.0054444444444444445,0.01888888888888889,-0.5525114155251142,10,1,0,0,0.97238158772515,44.761997599282935
15,83,1.35,0.009,0.027777777777777776,-0.5105740181268882,10,1,0,0,0.968178785857238,33.60199339608766
15,84,1.35,0.01888888888888889,0.07222222222222222,-0.5853658536585367,10,0,0,0,,
15,85,1.35,0.05444444444444445,0.18888888888888888,-0.5525114155251141,10,0,0,0,,
15,86,1.35,0.09,0.2777777777777778,-0.5105740181268883,10,0,0,0,,
15,87,1.35,0.18888888888888888,0.6333333333333333,-0.5405405405405406,10,0,0,0,,
15,88,1.35,0.2777777777777778,1.0,-0.5652173913043479,10,0,0,0,,
15,89,1.35,0.8111111111111111,2.7777777777777777,-0.5479876160990712,10,0,0,0,,
15,90,1.35,1.8888888888888888,6.333333333333333,-0.5405405405405406,10,0,0,0,,
15,91,1.35,2.7777777777777777,10.0,-0.5652173913043478,10,1,1,0,0.9741827885256837,34.57650602698084
15,92,1.35,8.11111111111111,27.77777777777778,-0.5479876160990713,10,0,0,0,,
15,93,1.35,10.0,36.66666666666667,-0.5714285714285715,10,1,1,0,0.9753835890593728,83.68543234307444
15,94,1.35,27.77777777777778,90.0,-0.5283018867924528,10,0,0,0,,
15,95,1.35,72.22222222222223,277.77777777777777,-0.5873015873015872,10,1,1,0,0.9621747831887925,564.3297142898712
15,96,1.35,100.0,366.66666666666663,-0.5714285714285714,10,1,1,0,0.9777851901267511,630.9115421758106
15,97,1.35,277.77777777777777,900.0,-0.5283018867924527,10,0,0,0,,
15,98,1.35,633.3333333333333,2000.0,-0.518987341772152,10,0,0,0,,
15,99,1.35,1000.0,3000.0,-0.5,10,0,0,0,,
15,100,1.35,0.001,0.002777777777777778,-0.47058823529411764,10,2,0,0,0.03647539469256077,242.5954874368052
15,101,1.35,0.001888888888888889,0.0054444444444444445,-0.48484848484848486,10,1,0,0,0.9543695797198132,127.18091384635402
15,102,1.35,0.003666666666666667,0.009,-0.4210526315789473,10,1,0,0,0.9447631754503001,77.99244468262287
15,103,1.35,0.007222222222222223,0.01888888888888889,-0.4468085106382978,10,1,0,0,0.953168779186124,39.876036352640924
15,104,1.35,0.01888888888888889,0.05444444444444445,-0.4848484848484849,10,0,0,0,,
15,105,1.35,0.027777777777777776,0.0811111111111111,-0.4897959183673469,10,0,0,0,,
15,106,1.35,0.06333333333333332,0.18888888888888888,-0.4977973568281938,10,0,0,0,,
15,107,1.35,0.18888888888888888,0.4555555555555556,-0.4137931034482759,10,0,0,0,,
15,108,1.35,0.2777777777777778,0.8111111111111111,-0.48979591836734687,10,0,0,0,,
15,109,1.35,0.6333333333333333,1.8888888888888888,-0.4977973568281938,10,0,0,0,,
15,110,1.35,1.0,2.7777777777777777,-0.47058823529411764,10,0,0,0,,
15,111,1.35,2.7777777777777777,7.222222222222221,-0.44444444444444436,10,0,0,0,,
15,112,1.35,3.6666666666666665,10.0,-0.46341463414634154,10,0,0,0,,
15,113,1.35,10.0,27.77777777777778,-0.47058823529411764,10,0,0,0,,
15,114,1.35,27.77777777777778,72.22222222222223,-0.4444444444444445,10,0,0,0,,
15,115,1.35,36.66666666666667,90.0,-0.4210526315789473,10,0,0,0,,
15,116,1.35,72.22222222222223,188.88888888888889,-0.4468085106382979,10,0,0,0,,
15,117,1.35,188.88888888888889,544.4444444444445,-0.4848484848484848,10,0,0,0,,
15,118,1.35,366.66666666666663,900.0,-0.42105263157894746,10,0,0,0,,
15,119,1.35,811.1111111111111,2000.0,-0.42292490118577075,10,0,0,0,,
15,120,1.35,0.001,0.001888888888888889,-0.3076923076923077,10,2,0,0,0.031045595881283555,353.0770831705386
15,121,1.35,0.002777777777777778,0.006333333333333334,-0.39024390243902446,10,1,0,0,0.9387591727818545,109.81009850513666
15,122,1.35,0.004555555555555556,0.009,-0.3278688524590163,10,1,0,0,0.9303535690460306,77.64544602869069
15,123,1.35,0.009,0.01888888888888889,-0.354581673306773,10,1,0,0,0.9387591727818545,38.74111881476668
15,124,1.35,0.027777777777777776,0.05444444444444445,-0.3243243243243244,10,0,0,0,,
15,125,1.35,0.03666666666666667,0.0811111111111111,-0.3773584905660377,10,0,0,0,,
15,126,1.35,0.0811111111111111,0.18888888888888888,-0.39917695473251025,10,0,0,0,,
15,127,1.35,0.18888888888888888,0.3666666666666667,-0.32000000000000006,10,0,0,0,,
15,128,1.35,0.3666666666666667,0.7222222222222222,-0.3265306122448979,10,0,0,0,,
15,129,1.35,0.4555555555555556,1.0,-0.37404580152671746,10,0,0,0,,
15,130,1.35,1.8888888888888888,3.6666666666666665,-0.32,10,0,0,0,,
15,131,1.35,3.6666666666666665,7.222222222222221,-0.32653061224489793,10,0,0,0,,
15,132,1.35,4.555555555555555,10.0,-0.37404580152671757,10,0,0,0,,
15,133,1.35,10.0,18.88888888888889,-0.3076923076923077,10,0,0,0,,
15,134,1.35,27.77777777777778,63.333333333333336,-0.3902439024390244,10,0,0,0,,
15,135,1.35,45.55555555555556,90.0,-0.3278688524590164,10,0,0,0,,
15,136,1.35,90.0,188.88888888888889,-0.35458167330677287,10,0,0,0,,
15,137,1.35,277.77777777777777,544.4444444444445,-0.32432432432432434,10,0,0,0,,
15,138,1.35,366.66666666666663,811.1111111111111,-0.3773584905660377,10,0,0,0,,
15,139,1.35,1000.0,2000.0,-0.3333333333333333,10,0,0,0,,
15,140,1.35,0.002777777777777778,0.004555555555555556,-0.2424242424242424,10,1,0,0,0.9165443629086056,151.58408939997054
15,141,1.35,0.004555555555555556,0.007222222222222223,-0.22641509433962265,10,1,0,0,0.9159439626417611,96.06738976699589
15,142,1.35,0.0054444444444444445,0.009,-0.2461538461538461,10,1,0,0,0.9189459639759839,77.54956685238287
15,143,1.35,0.006333333333333334,0.01,-0.2244897959183673,10,1,0,0,0.9165443629086056,69.96303206306021
15,144,1.35,0.03666666666666667,0.06333333333333332,-0.2666666666666666,10,0,0,0,,
15,145,1.35,0.05444444444444445,0.09,-0.24615384615384614,10,0,0,0,,
15,146,1.35,0.06333333333333332,0.1,-0.22448979591836743,10,0,0,0,,
15,147,1.35,0.3666666666666667,0.6333333333333333,-0.2666666666666666,10,0,0,0,,
15,148,1.35,0.4555555555555556,0.8111111111111111,-0.2807017543859649,10,0,0,0,,
15,149,1.35,0.5444444444444445,1.0,-0.29496402877697836,10,0,0,0,,
15,150,1.35,3.6666666666666665,6.333333333333333,-0.26666666666666666,10,0,0,0,,
15,151,1.35,4.555555555555555,8.11111111111111,-0.2807017543859649,10,0,0,0,,
15,152,1.35,5.444444444444445,10.0,-0.2949640287769784,10,0,0,0,,
15,153,1.35,27.77777777777778,45.55555555555556,-0.2424242424242424,10,0,0,0,,
15,154,1.35,45.55555555555556,72.22222222222223,-0.22641509433962267,10,0,0,0,,
15,155,1.35,54.44444444444444,100.0,-0.2949640287769784,10,0,0,0,,
15,156,1.35,277.77777777777777,455.55555555555554,-0.24242424242424243,10,0,0,0,,
15,157,1.35,455.55555555555554,722.2222222222222,-0.2264150943396226,10,0,0,0,,
15,158,1.35,544.4444444444445,900.0,-0.24615384615384617,10,0,0,0,,
15,159,1.35,2000.0,3000.0,-0.2,10,0,0,0,,
15,160,1.35,0.001888888888888889,0.002777777777777778,-0.19047619047619047,10,2,0,0,0.03819442708400464,242.243036086506
15,161,1.35,0.003666666666666667,0.0054444444444444445,-0.19512195121951215,10,1,0,0,0.9111407605070045,126.44992557742862
15,162,1.35,0.006333333333333334,0.00811111111111111,-0.123076923076923,10,1,0,0,0.9033355570380253,85.80934360960016
15,163,1.35,0.00811111111111111,0.01,-0.1042944785276074,10,1,0,0,0.9021347565043362,69.73289774019426
15,164,1.35,0.03666666666666667,0.04555555555555556,-0.10810810810810813,10,0,0,0,,
15,165,1.35,0.05444444444444445,0.0811111111111111,-0.1967213114754098,10,0,0,0,,
15,166,1.35,0.07222222222222222,0.1,-0.16129032258064524,10,0,0,0,,
15,167,1.35,0.3666666666666667,0.4555555555555556,-0.10810810810810811,10,0,0,0,,
15,168,1.35,0.5444444444444445,0.7222222222222222,-0.1403508771929824,10,0,0,0,,
15,169,1.35,0.7222222222222222,0.9,-0.10958904109589043,10,0,0,0,,
15,170,1.35,2.7777777777777777,3.6666666666666665,-0.13793103448275862,10,0,0,0,,
15,171,1.35,5.444444444444445,7.222222222222221,-0.1403508771929824,10,0,0,0,,
15,172,1.35,6.333333333333333,9.0,-0.1739130434782609,10,0,0,0,,
15,173,1.35,18.88888888888889,27.77777777777778,-0.19047619047619047,10,0,0,0,,
15,174,1.35,45.55555555555556,63.333333333333336,-0.163265306122449,10,0,0,0,,
15,175,1.35,63.333333333333336,90.0,-0.17391304347826084,10,0,0,0,,
15,176,1.35,81.11111111111111,100.0,-0.10429447852760734,10,0,0,0,,
15,177,1.35,366.66666666666663,544.4444444444445,-0.19512195121951226,10,0,0,0,,
15,178,1.35,633.3333333333333,811.1111111111111,-0.12307692307692313,10,0,0,0,,
15,179,1.35,811.1111111111111,1000.0,-0.10429447852760737,10,0,0,0,,
15,180,1.35,0.001,0.001,0.0,10,2,0,0,0.02333458062281002,549.0823386224769
15,181,1.35,0.004555555555555556,0.0054444444444444445,-0.08888888888888886,10,1,0,0,0.8979319546364242,127.13917094150834
15,182,1.35,0.007222222222222223,0.007222222222222223,0.0,10,1,0,0,0.8889259506337558,96.06856242208978
15,183,1.35,0.009,0.01,-0.05263157894736847,10,1,0,0,0.8961307538358905,69.7842448703046
15,184,1.35,0.04555555555555556,0.04555555555555556,0.0,10,0,0,0,,
15,185,1.35,0.06333333333333332,0.07222222222222222,-0.0655737704918033,10,0,0,0,,
15,186,1.35,0.09,0.09,0.0,10,0,0,0,,
15,187,1.35,0.4555555555555556,0.4555555555555556,0.0,10,0,0,0,,
15,188,1.35,0.6333333333333333,0.7222222222222222,-0.06557377049180328,10,0,0,0,,
15,189,1.35,0.9,0.9,0.0,10,0,0,0,,
15,190,1.35,3.6666666666666665,3.6666666666666665,0.0,10,0,0,0,,
15,191,1.35,6.333333333333333,6.333333333333333,0.0,10,0,0,0,,
15,192,1.35,8.11111111111111,9.0,-0.05194805194805197,10,0,0,0,,
15,193,1.35,36.66666666666667,36.66666666666667,0.0,10,0,0,0,,
15,194,1.35,63.333333333333336,63.333333333333336,0.0,10,0,0,0,,
15,195,1.35,81.11111111111111,90.0,-0.05194805194805193,10,0,0,0,,
15,196,1.35,277.77777777777777,277.77777777777777,0.0,10,0,0,0,,
15,197,1.35,544.4444444444445,633.3333333333333,-0.07547169811320747,10,0,0,0,,
15,198,1.35,811.1111111111111,811.1111111111111,0.0,10,0,0,0,,
15,199,1.35,3000.0,3000.0,0.0,10,0,0,0,,
15,200,1.35,0.0054444444444444445,0.004555555555555556,0.08888888888888886,10,1,0,0,0.8787191460973982,151.4879313862284
15,201,1.35,0.006333333333333334,0.0054444444444444445,0.0754716981132076,10,1,0,0,0.8805203468979319,126.9801424096512
15,202,1.35,0.00811111111111111,0.007222222222222223,0.057971014492753555,10,1,0,0,0.8829219479653101,95.98387145606111
15,203,1.35,0.01,0.009,0.05263157894736847,10,1,0,0,0.8841227484989993,77.20528311569191
15,204,1.35,0.06333333333333332,0.05444444444444445,0.07547169811320745,10,0,0,0,,
15,205,1.35,0.0811111111111111,0.07222222222222222,0.05797101449275364,10,0,0,0,,
15,206,1.35,0.1,0.09,0.05263157894736847,10,0,0,0,,
15,207,1.35,0.5444444444444445,0.4555555555555556,0.0888888888888889,10,0,0,0,,
15,208,1.35,0.7222222222222222,0.6333333333333333,0.06557377049180328,10,0,0,0,,
15,209,1.35,0.9,0.8111111111111111,0.05194805194805195,10,0,0,0,,
15,210,1.35,5.444444444444445,4.555555555555555,0.08888888888888893,10,0,0,0,,
15,211,1.35,7.222222222222221,6.333333333333333,0.06557377049180325,10,0,0,0,,
15,212,1.35,9.0,8.11111111111111,0.05194805194805197,10,0,0,0,,
15,213,1.35,10.0,9.0,0.05263157894736842,10,0,0,0,,
15,214,1.35,63.333333333333336,54.44444444444444,0.07547169811320759,10,0,0,0,,
15,215,1.35,81.11111111111111,72.22222222222223,0.057971014492753596,10,0,0,0,,
15,216,1.35,100.0,90.0,0.05263157894736842,10,0,0,0,,
15,217,1.35,633.3333333333333,544.4444444444445,0.07547169811320747,10,0,0,0,,
15,218,1.35,811.1111111111111,722.2222222222222,0.057971014492753645,10,0,0,0,,
15,219,1.35,1000.0,900.0,0.05263157894736842,10,0,0,0,,
15,220,1.35,0.002777777777777778,0.001888888888888889,0.19047619047619047,10,2,0,0,0.032508729738543435,355.7220929816957
15,221,1.35,0.0054444444444444445,0.003666666666666667,0.19512195121951215,10,2,0,0,0.04528975799036209,187.49405838779808
15,222,1.35,0.00811111111111111,0.006333333333333334,0.123076923076923,10,1,0,0,0.8763175450300199,109.24514851504027
15,223,1.35,0.01,0.00811111111111111,0.1042944785276074,10,1,0,0,0.8787191460973982,85.53402548061044
15,224,1.35,0.05444444444444445,0.03666666666666667,0.19512195121951223,10,0,0,0,,
15,225,1.35,0.0811111111111111,0.05444444444444445,0.1967213114754098,10,0,0,0,,
15,226,1.35,0.1,0.07222222222222222,0.16129032258064524,10,0,0,0,,
15,227,1.35,0.4555555555555556,0.3666666666666667,0.10810810810810811,10,0,0,0,,
15,228,1.35,0.8111111111111111,0.5444444444444445,0.19672131147540978,10,0,0,0,,
15,229,1.35,1.0,0.7222222222222222,0.16129032258064516,10,0,0,0,,
15,230,1.35,3.6666666666666665,2.7777777777777777,0.13793103448275862,10,0,0,0,,
15,231,1.35,7.222222222222221,5.444444444444445,0.1403508771929824,10,0,0,0,,
15,232,1.35,9.0,7.222222222222221,0.10958904109589046,10,0,0,0,,
15,233,1.35,36.66666666666667,27.77777777777778,0.13793103448275865,10,0,0,0,,
15,234,1.35,72.22222222222223,54.44444444444444,0.1403508771929825,10,0,0,0,,
15,235,1.35,90.0,63.333333333333336,0.17391304347826084,10,0,0,0,,
15,236,1.35,277.77777777777777,188.88888888888889,0.1904761904761905,10,0,0,0,,
15,237,1.35,633.3333333333333,455.55555555555554,0.16326530612244894,10,0,0,0,,
15,238,1.35,900.0,633.3333333333333,0.17391304347826092,10,0,0,0,,
15,239,1.35,3000.0,2000.0,0.2,10,0,0,0,,
15,240,1.35,0.004555555555555556,0.002777777777777778,0.2424242424242424,10,2,0,0,0.03944573020752785,244.4627088998193
15,241,1.35,0.007222222222222223,0.004555555555555556,0.22641509433962265,10,1,0,0,0.8661107404936623,151.16236326973203
15,242,1.35,0.009,0.0054444444444444445,0.2461538461538461,10,1,0,0,0.8649099399599732,126.53191697666412
15,243,1.35,0.01,0.006333333333333334,0.2244897959183673,10,1,0,0,0.8673115410273515,108.74218387778937
15,244,1.35,0.06333333333333332,0.03666666666666667,0.2666666666666666,10,0,0,0,,
15,245,1.35,0.0811111111111111,0.04555555555555556,0.2807017543859649,10,0,0,0,,
15,246,1.35,0.1,0.05444444444444445,0.2949640287769784,10,0,0,0,,
15,247,1.35,0.6333333333333333,0.3666666666666667,0.2666666666666666,10,0,0,0,,
15,248,1.35,0.8111111111111111,0.4555555555555556,0.2807017543859649,10,0,0,0,,
15,249,1.35,1.0,0.5444444444444445,0.29496402877697836,10,0,0,0,,
15,250,1.35,4.555555555555555,2.7777777777777777,0.24242424242424243,10,0,0,0,,
15,251,1.35,7.222222222222221,4.555555555555555,0.22641509433962262,10,0,0,0,,
15,252,1.35,9.0,5.444444444444445,0.24615384615384614,10,0,0,0,,
15,253,1.35,45.55555555555556,27.77777777777778,0.2424242424242424,10,0,0,0,,
15,254,1.35,72.22222222222223,45.55555555555556,0.22641509433962267,10,0,0,0,,
15,255,1.35,90.0,54.44444444444444,0.24615384615384614,10,0,0,0,,
15,256,1.35,100.0,63.333333333333336,0.22448979591836732,10,0,0,0,,
15,257,1.35,633.3333333333333,366.66666666666663,0.26666666666666666,10,0,0,0,,
15,258,1.35,811.1111111111111,455.55555555555554,0.28070175438596495,10,0,0,0,,
15,259,1.35,1000.0,633.3333333333333,0.2244897959183674,10,0,0,0,,
15,260,1.35,0.001888888888888889,0.001,0.3076923076923077,10,2,0,0,0.02376840286624876,595.8005737175588
15,261,1.35,0.006333333333333334,0.002777777777777778,0.39024390243902446,10,2,0,0,0.039810717055349734,246.08892235589124
15,262,1.35,0.009,0.004555555555555556,0.3278688524590163,10,1,0,0,0.8577051367578384,150.5894857246477
15,263,1.35,0.01888888888888889,0.009,0.354581673306773,10,1,0,0,0.8577051367578384,76.90271858038672
15,264,1.35,0.05444444444444445,0.027777777777777776,0.3243243243243244,10,0,0,0,,
15,265,1.35,0.0811111111111111,0.03666666666666667,0.3773584905660377,10,0,0,0,,
15,266,1.35,0.18888888888888888,0.0811111111111111,0.39917695473251025,10,0,0,0,,
15,267,1.35,0.3666666666666667,0.18888888888888888,0.32000000000000006,10,0,0,0,,
15,268,1.35,0.7222222222222222,0.3666666666666667,0.3265306122448979,10,0,0,0,,
15,269,1.35,1.0,0.4555555555555556,0.37404580152671746,10,0,0,0,,
15,270,1.35,3.6666666666666665,1.8888888888888888,0.32,10,0,0,0,,
15,271,1.35,7.222222222222221,3.6666666666666665,0.32653061224489793,10,0,0,0,,
15,272,1.35,10.0,4.555555555555555,0.37404580152671757,10,0,0,0,,
15,273,1.35,18.88888888888889,10.0,0.3076923076923077,10,0,0,0,,
15,274,1.35,63.333333333333336,27.77777777777778,0.3902439024390244,10,0,0,0,,
15,275,1.35,90.0,45.55555555555556,0.3278688524590164,10,0,0,0,,
15,276,1.35,188.88888888888889,90.0,0.35458167330677287,10,0,0,0,,
15,277,1.35,544.4444444444445,277.77777777777777,0.32432432432432434,10,0,0,0,,
15,278,1.35,811.1111111111111,366.66666666666663,0.3773584905660377,10,0,0,0,,
15,279,1.35,2000.0,1000.0,0.3333333333333333,10,0,0,0,,
15,280,1.35,0.002777777777777778,0.001,0.47058823529411764,10,2,0,0,0.02387811282913178,600.7268756548829
15,281,1.35,0.0054444444444444445,0.001888888888888889,0.48484848484848486,10,2,0,0,0.03296097121774579,346.6998585978627
15,282,1.35,0.009,0.003666666666666667,0.4210526315789473,10,2,0,0,0.04570881896148752,186.86891169384435
15,283,1.35,0.01888888888888889,0.007222222222222223,0.4468085106382978,10,1,0,0,0.8492995330220147,95.3393352184351
15,284,1.35,0.05444444444444445,0.01888888888888889,0.4848484848484849,10,1,0,0,0.8523015343562375,37.23598803810585
15,285,1.35,0.09,0.03666666666666667,0.4210526315789474,10,0,0,0,,
15,286,1.35,0.18888888888888888,0.07222222222222222,0.44680851063829796,10,0,0,0,,
15,287,1.35,0.4555555555555556,0.18888888888888888,0.4137931034482759,10,0,0,0,,
15,288,1.35,0.8111111111111111,0.2777777777777778,0.48979591836734687,10,0,0,0,,
15,289,1.35,1.8888888888888888,0.6333333333333333,0.4977973568281938,10,0,0,0,,
15,290,1.35,4.555555555555555,1.8888888888888888,0.4137931034482758,10,0,0,0,,
15,291,1.35,8.11111111111111,2.7777777777777777,0.48979591836734687,10,0,0,0,,
15,292,1.35,18.88888888888889,6.333333333333333,0.4977973568281939,10,0,0,0,,
15,293,1.35,27.77777777777778,10.0,0.47058823529411764,10,0,0,0,,
15,294,1.35,72.22222222222223,27.77777777777778,0.4444444444444445,10,0,0,0,,
15,295,1.35,100.0,36.66666666666667,0.4634146341463414,10,0,0,0,,
15,296,1.35,277.77777777777777,100.0,0.47058823529411764,10,0,0,0,,
15,297,1.35,722.2222222222222,277.77777777777777,0.4444444444444444,10,0,0,0,,
15,298,1.35,1000.0,366.66666666666663,0.46341463414634154,10,0,0,0,,
15,299,1.35,3000.0,1000.0,0.5,10,0,0,0,,
15,300,1.35,0.003666666666666667,0.001,0.5714285714285715,10,2,0,0,0.023988329190194897,667.9785701650495
15,301,1.35,0.007222222222222223,0.001888888888888889,0.5853658536585367,10,2,0,0,0.03296097121774579,360.64760650071145
15,302,1.35,0.01888888888888889,0.0054444444444444445,0.5525114155251142,10,1,0,0,0.8414943295530353,125.76652106842624
15,303,1.35,0.027777777777777776,0.009,0.5105740181268882,10,1,0,0,0.8456971314209473,76.88111834937072
15,304,1.35,0.07222222222222222,0.01888888888888889,0.5853658536585367,10,1,0,0,0.8450967311541027,37.148911178847655
15,305,1.35,0.1,0.027777777777777776,0.5652173913043479,10,0,0,0,,
15,306,1.35,0.2777777777777778,0.0811111111111111,0.5479876160990712,10,0,0,0,,
15,307,1.35,0.6333333333333333,0.18888888888888888,0.5405405405405406,10,0,0,0,,
15,308,1.35,1.0,0.2777777777777778,0.5652173913043479,10,0,0,0,,
15,309,1.35,2.7777777777777777,0.8111111111111111,0.5479876160990712,10,0,0,0,,
15,310,1.35,3.6666666666666665,1.0,0.5714285714285715,10,0,0,0,,
15,311,1.35,9.0,2.7777777777777777,0.5283018867924528,10,0,0,0,,
15,312,1.35,27.77777777777778,7.222222222222221,0.5873015873015873,10,0,0,0,,
15,313,1.35,36.66666666666667,10.0,0.5714285714285715,10,0,0,0,,
15,314,1.35,90.0,27.77777777777778,0.5283018867924528,10,0,0,0,,
15,315,1.35,188.88888888888889,54.44444444444444,0.5525114155251143,10,0,0,0,,
15,316,1.35,277.77777777777777,90.0,0.5105740181268882,10,0,0,0,,
15,317,1.35,722.2222222222222,188.88888888888889,0.5853658536585366,10,0,0,0,,
15,318,1.35,2000.0,544.4444444444445,0.572052401746725,10,0,0,0,,
15,319,1.35,3000.0,900.0,0.5384615384615384,10,0,0,0,,
15,320,1.35,0.004555555555555556,0.001,0.64,10,2,0,0,0.024099054286865956,560.6553595576399
15,321,1.35,0.01,0.001888888888888889,0.6822429906542055,10,2,0,0,0.03311311214825911,336.7844118056542
15,322,1.35,0.027777777777777776,0.006333333333333334,0.6286644951140065,10,1,0,0,0.8366911274182788,108.52304327466534
15,323,1.35,0.04555555555555556,0.00811111111111111,0.6977225672877847,10,1,0,0,0.8330887258172114,85.04417123092713
15,324,1.35,0.0811111111111111,0.01888888888888889,0.6222222222222222,10,1,0,0,0.8426951300867244,37.13081940688407
15,325,1.35,0.18888888888888888,0.04555555555555556,0.6113744075829383,10,0,0,0,,
15,326,1.35,0.3666666666666667,0.0811111111111111,0.6377171215880892,10,0,0,0,,
15,327,1.35,0.5444444444444445,0.1,0.6896551724137931,10,0,0,0,,
15,328,1.35,1.8888888888888888,0.3666666666666667,0.6748768472906403,10,0,0,0,,
15,329,1.35,3.6666666666666665,0.7222222222222222,0.6708860759493671,10,0,0,0,,
15,330,1.35,4.555555555555555,0.9,0.670061099796334,10,0,0,0,,
15,331,1.35,9.0,1.8888888888888888,0.6530612244897959,10,0,0,0,,
15,332,1.35,27.77777777777778,5.444444444444445,0.6722408026755854,10,0,0,0,,
15,333,1.35,45.55555555555556,8.11111111111111,0.6977225672877846,10,0,0,0,,
15,334,1.35,81.11111111111111,18.88888888888889,0.6222222222222222,10,0,0,0,,
15,335,1.35,188.88888888888889,45.55555555555556,0.6113744075829383,10,0,0,0,,
15,336,1.35,366.66666666666663,81.11111111111111,0.6377171215880894,10,0,0,0,,
15,337,1.35,455.55555555555554,100.0,0.64,10,0,0,0,,
15,338,1.35,1000.0,188.88888888888889,0.6822429906542056,10,0,0,0,,
15,339,1.35,3000.0,722.2222222222222,0.6119402985074627,10,0,0,0,,
15,340,1.35,0.006333333333333334,0.001,0.7272727272727273,10,2,0,0,0.024099054286865956,603.6695028896721
15,341,1.35,0.03666666666666667,0.004555555555555556,0.7789757412398922,10,1,0,0,0.8264843228819212,149.93889526781732
15,342,1.35,0.05444444444444445,0.006333333333333334,0.7915904936014624,10,1,0,0,0.8264843228819212,108.3847557370454
15,343,1.35,0.06333333333333332,0.009,0.7511520737327189,10,1,0,0,0.8300867244829886,76.66358551228785
15,344,1.35,0.09,0.01,0.8,10,1,0,0,0.8276851234156103,69.05856503227213
15,345,1.35,0.3666666666666667,0.06333333333333332,0.7054263565891472,10,0,0,0,,
15,346,1.35,0.5444444444444445,0.0811111111111111,0.7406749555950266,10,0,0,0,,
15,347,1.35,0.7222222222222222,0.0811111111111111,0.7980636237897648,10,0,0,0,,
15,348,1.35,2.7777777777777777,0.3666666666666667,0.7667844522968198,10,0,0,0,,
15,349,1.35,4.555555555555555,0.6333333333333333,0.7558886509635975,10,0,0,0,,
15,350,1.35,6.333333333333333,0.7222222222222222,0.795275590551181,10,0,0,0,,
15,351,1.35,7.222222222222221,1.0,0.7567567567567567,10,0,0,0,,
15,352,1.35,36.66666666666667,4.555555555555555,0.7789757412398921,10,0,0,0,,
15,353,1.35,54.44444444444444,6.333333333333333,0.7915904936014625,10,0,0,0,,
15,354,1.35,63.333333333333336,9.0,0.7511520737327189,10,0,0,0,,
15,355,1.35,90.0,10.0,0.8,10,0,0,0,,
15,356,1.35,366.66666666666663,63.333333333333336,0.7054263565891473,10,0,0,0,,
15,357,1.35,544.4444444444445,81.11111111111111,0.7406749555950267,10,0,0,0,,
15,358,1.35,722.2222222222222,81.11111111111111,0.7980636237897649,10,0,0,0,,
15,359,1.35,3000.0,455.55555555555554,0.7363344051446945,10,0,0,0,,
15,360,1.35,0.009,0.001,0.8000000000000002,10,2,0,0,0.024210290467361777,680.0382722871947
15,361,1.35,0.04555555555555556,0.003666666666666667,0.8510158013544019,10,1,0,0,0.8216811207471647,185.09268428944992
15,362,1.35,0.07222222222222222,0.0054444444444444445,0.8597997138769671,10,1,0,0,0.8222815210140093,125.65678496133013
15,363,1.35,0.09,0.006333333333333334,0.8685121107266437,10,1,0,0,0.8222815210140093,108.22725848972544
15,364,1.35,0.18888888888888888,0.01,0.8994413407821228,10,1,0,0,0.8222815210140093,68.99646948477204
15,365,1.35,0.5444444444444445,0.04555555555555556,0.8455743879472692,10,0,0,0,,
15,366,1.35,0.8111111111111111,0.04555555555555556,0.8936446173800259,10,0,0,0,,
15,367,1.35,0.9,0.09,0.8181818181818182,10,0,0,0,,
15,368,1.35,2.7777777777777777,0.2777777777777778,0.8181818181818182,10,0,0,0,,
15,369,1.35,6.333333333333333,0.4555555555555556,0.8657937806873977,10,0,0,0,,
15,370,1.35,8.11111111111111,0.7222222222222222,0.8364779874213837,10,0,0,0,,
15,371,1.35,10.0,0.7222222222222222,0.8652849740932644,10,0,0,0,,
15,372,1.35,45.55555555555556,2.7777777777777777,0.8850574712643677,10,0,0,0,,
15,373,1.35,72.22222222222223,4.555555555555555,0.8813314037626627,10,0,0,0,,
15,374,1.35,90.0,5.444444444444445,0.8859138533178115,10,0,0,0,,
15,375,1.35,100.0,10.0,0.8181818181818182,10,0,0,0,,
15,376,1.35,544.4444444444445,36.66666666666667,0.8738049713193117,10,0,0,0,,
15,377,1.35,722.2222222222222,72.22222222222223,0.8181818181818182,10,0,0,0,,
15,378,1.35,900.0,81.11111111111111,0.8346545866364666,10,0,0,0,,
15,379,1.35,3000.0,277.77777777777777,0.8305084745762712,10,0,0,0,,
15,380,1.35,0.027777777777777776,0.001,0.9305019305019304,10,2,0,0,0.024210290467361777,637.0753857274996
15,381,1.35,0.4555555555555556,0.003666666666666667,0.9840309702395356,10,1,0,0,0.8144763175450299,184.68639332968593
15,382,1.35,0.9,0.003666666666666667,0.9918849133161194,10,1,0,0,0.8144763175450299,183.64450858316272
15,383,1.35,2.7777777777777777,0.0811111111111111,0.94325689856199,10,0,0,0,,
15,384,1.35,5.444444444444445,0.09,0.9674764103593656,10,0,0,0,,
15,385,1.35,8.11111111111111,0.04555555555555556,0.98882985969214,10,0,0,0,,
15,386,1.35,18.88888888888889,0.006333333333333334,0.9993296365336328,10,1,0,0,0.8150767178118745,108.15430048753072
15,387,1.35,36.66666666666667,0.01888888888888889,0.998970227458582,10,1,0,0,0.8210807204803201,36.94500062403481
15,388,1.35,54.44444444444444,0.027777777777777776,0.9989801121876594,10,0,0,0,,
15,389,1.35,72.22222222222223,0.027777777777777776,0.9992310649750098,10,0,0,0,,
15,390,1.35,90.0,0.009,0.9998000199980002,10,1,0,0,0.8162775183455636,76.42220899437925
15,391,1.35,188.88888888888889,0.0054444444444444445,0.9999423546027204,10,1,0,0,0.8144763175450299,125.26791234455871
15,392,1.35,277.77777777777777,1.0,0.9928258270227183,10,0,0,0,,
15,393,1.35,455.55555555555554,0.03666666666666667,0.9998390373457745,10,0,0,0,,
15,394,1.35,544.4444444444445,7.222222222222221,0.9738167170191341,10,0,0,0,,
15,395,1.35,722.2222222222222,0.06333333333333332,0.9998246307631483,10,0,0,0,,
15,396,1.35,811.1111111111111,8.11111111111111,0.9801980198019803,10,0,0,0,,
15,397,1.35,1000.0,0.04555555555555556,0.9999088930393171,10,0,0,0,,
15,398,1.35,2000.0,5.444444444444445,0.9945703363067206,10,0,0,0,,
15,399,1.35,3000.0,100.0,0.9354838709677419,10,0,0,0,,
16,0,1.5,0.001,0.027777777777777776,-0.9305019305019304,10,0,0,0,,
16,1,1.5,0.001888888888888889,0.7222222222222222,-0.9947828755562373,10,0,0,0,,
16,2,1.5,0.002777777777777778,54.44444444444444,-0.9998979643895719,10,1,1,0,0.01584893192461114,174.60556515305169
16,3,1.5,0.004555555555555556,0.1,-0.9128586609989372,10,0,0,0,,
16,4,1.5,0.0054444444444444445,45.55555555555556,-0.9997610041726721,10,1,1,0,0.024210290467361777,101.73814884459097
16,5,1.5,0.007222222222222223,0.5444444444444445,-0.9738167170191339,10,0,0,0,,
16,6,1.5,0.00811111111111111,90.0,-0.999819769329431,10,1,1,0,0.021183611352485022,168.58881259713561
16,7,1.5,0.01,2.7777777777777777,-0.9928258270227184,10,1,0,0,0.12101400933955972,17.675405573704104
16,8,1.5,0.01888888888888889,722.2222222222222,-0.9999476936757038,10,1,1,0,0.011428783347897712,217.0480137879119
16,9,1.5,0.03666666666666667,90.0,-0.999185517011588,10,1,1,0,0.04487453899331323,161.25000638588685
16,10,1.5,0.05444444444444445,81.11111111111111,-0.998658434749278,10,1,1,0,0.05754399373371572,114.05960583793201
16,11,1.5,0.07222222222222222,100.0,-0.9985565980125465,10,1,1,0,0.05997910762555094,121.05244166842952
16,12,1.5,0.09,188.88888888888889,-0.9990475126557345,10,1,1,0,0.048752849010338654,204.2716536959937
16,13,1.5,0.18888888888888888,633.3333333333333,-0.9994036866197801,10,1,1,0,0.038547835766577165,205.6341845298847
16,14,1.5,0.4555555555555556,45.55555555555556,-0.9801980198019802,10,1,1,0,0.22008005336891262,137.9365294830081
16,15,1.5,0.7222222222222222,36.66666666666667,-0.9613670133729569,10,1,1,0,0.3065376917945297,104.39883788807964
16,16,1.5,1.0,45.55555555555556,-0.9570405727923628,10,1,1,0,0.32334889926617744,127.13926382220781
16,17,1.5,3.6666666666666665,544.4444444444445,-0.9866207176160553,10,1,1,0,0.18225483655770514,301.29410978363074
16,18,1.5,8.11111111111111,900.0,-0.9821363024593173,10,1,1,0,0.21047364909939958,349.48427955326827
16,19,1.5,100.0,3000.0,-0.9354838709677419,10,1,1,0,0.39599733155436956,598.9025419237695
16,20,1.5,0.001,0.009,-0.8000000000000002,10,1,0,0,0.943562374916611,76.5238673032264
16,21,1.5,0.003666666666666667,0.05444444444444445,-0.8738049713193117,10,0,0,0,,
16,22,1.5,0.0054444444444444445,0.0811111111111111,-0.8741976893453145,10,0,0,0,,
16,23,1.5,0.007222222222222223,0.09,-0.8514285714285713,10,0,0,0,,
16,24,1.5,0.01,0.18888888888888888,-0.8994413407821228,10,0,0,0,,
16,25,1.5,0.04555555555555556,0.5444444444444445,-0.8455743879472692,10,0,0,0,,
16,26,1.5,0.06333333333333332,0.6333333333333333,-0.8181818181818181,10,0,0,0,,
16,27,1.5,0.0811111111111111,0.9,-0.8346545866364665,10,0,0,0,,
16,28,1.5,0.2777777777777778,2.7777777777777777,-0.8181818181818182,10,0,0,0,,
16,29,1.5,0.4555555555555556,7.222222222222221,-0.8813314037626627,10,0,0,0,,
16,30,1.5,0.6333333333333333,9.0,-0.8685121107266437,10,0,0,0,,
16,31,1.5,0.9,9.0,-0.8181818181818181,10,0,0,0,,
16,32,1.5,3.6666666666666665,36.66666666666667,-0.8181818181818183,10,1,1,0,0.6463642428285523,90.74135042143755
16,33,1.5,5.444444444444445,63.333333333333336,-0.8416801292407108,10,1,1,0,0.6067378252168112,157.59707071602176
16,34,1.5,7.222222222222221,72.22222222222223,-0.818181818181818,10,1,1,0,0.6469646430953969,174.76148250520455
16,35,1.5,10.0,100.0,-0.8181818181818182,10,1,1,0,0.6475650433622414,246.12915618739058
16,36,1.5,36.66666666666667,633.3333333333333,-0.8905472636815921,10,1,1,0,0.510673782521681,442.81231722746696
16,37,1.5,54.44444444444444,900.0,-0.8859138533178114,10,1,1,0,0.5208805870580386,440.256997834578
16,38,1.5,72.22222222222223,1000.0,-0.8652849740932643,10,1,1,0,0.5635090060040027,461.464899007706
16,39,1.5,277.77777777777777,3000.0,-0.8305084745762712,10,1,1,0,0.6277518345563708,997.5331040008406
16,40,1.5,0.001,0.006333333333333334,-0.7272727272727273,10,1,0,0,0.9279519679786523,107.67766261051095
16,41,1.5,0.004555555555555556,0.027777777777777776,-0.718213058419244,10,0,0,0,,
16,42,1.5,0.006333333333333334,0.05444444444444445,-0.7915904936014624,10,0,0,0,,
16,43,1.5,0.00811111111111111,0.07222222222222222,-0.7980636237897648,10,0,0,0,,
16,44,1.5,0.01,0.0811111111111111,-0.7804878048780489,10,0,0,0,,
16,45,1.5,0.05444444444444445,0.3666666666666667,-0.7414248021108178,10,0,0,0,,
16,46,1.5,0.07222222222222222,0.5444444444444445,-0.7657657657657659,10,0,0,0,,
16,47,1.5,0.09,0.6333333333333333,-0.751152073732719,10,0,0,0,,
16,48,1.5,0.3666666666666667,2.7777777777777777,-0.7667844522968198,10,0,0,0,,
16,49,1.5,0.6333333333333333,4.555555555555555,-0.7558886509635975,10,0,0,0,,
16,50,1.5,0.8111111111111111,5.444444444444445,-0.7406749555950267,10,0,0,0,,
16,51,1.5,1.0,6.333333333333333,-0.7272727272727273,10,0,0,0,,
16,52,1.5,4.555555555555555,36.66666666666667,-0.7789757412398921,10,1,1,0,0.7064042695130086,89.70689142954129
16,53,1.5,7.222222222222221,45.55555555555556,-0.7263157894736842,10,1,1,0,0.7772515010006671,109.11280041934243
16,54,1.5,9.0,54.44444444444444,-0.7162872154115587,10,1,1,0,0.7898599066044029,129.69604311680965
16,55,1.5,10.0,81.11111111111111,-0.7804878048780488,10,1,1,0,0.7052034689793195,195.02330077719998
16,56,1.5,54.44444444444444,455.55555555555554,-0.7864923747276688,10,1,1,0,0.6973982655103401,915.4528959371784
16,57,1.5,72.22222222222223,633.3333333333333,-0.7952755905511812,10,1,1,0,0.6841894596397597,936.571350315853
16,58,1.5,90.0,722.2222222222222,-0.7783857729138167,10,1,1,0,0.7094062708472314,1034.8886187589715
16,59,1.5,455.55555555555554,3000.0,-0.7363344051446945,10,1,1,0,0.7664442961974649,1260.620928535149
16,60,1.5,0.001,0.004555555555555556,-0.64,10,2,0,0,0.04226686142656028,148.7210221376142
16,61,1.5,0.001888888888888889,0.01,-0.6822429906542055,10,1,0,0,0.9213475650433621,68.83040635806454
16,62,1.5,0.006333333333333334,0.027777777777777776,-0.6286644951140065,10,0,0,0,,
16,63,1.5,0.009,0.03666666666666667,-0.6058394160583941,10,0,0,0,,
16,64,1.5,0.01888888888888889,0.0811111111111111,-0.6222222222222222,10,0,0,0,,
16,65,1.5,0.04555555555555556,0.18888888888888888,-0.6113744075829383,10,0,0,0,,
16,66,1.5,0.0811111111111111,0.3666666666666667,-0.6377171215880892,10,0,0,0,,
16,67,1.5,0.1,0.5444444444444445,-0.6896551724137931,10,0,0,0,,
16,68,1.5,0.3666666666666667,1.8888888888888888,-0.6748768472906403,10,0,0,0,,
16,69,1.5,0.7222222222222222,3.6666666666666665,-0.6708860759493671,10,0,0,0,,
16,70,1.5,0.9,4.555555555555555,-0.670061099796334,10,0,0,0,,
16,71,1.5,1.8888888888888888,9.0,-0.6530612244897959,10,0,0,0,,
16,72,1.5,5.444444444444445,27.77777777777778,-0.6722408026755854,10,1,1,0,0.8390927284856571,64.85375940769995
16,73,1.5,9.0,36.66666666666667,-0.6058394160583942,10,1,1,0,0.9069379586390927,83.00626830324278
16,74,1.5,18.88888888888889,81.11111111111111,-0.6222222222222222,10,1,1,0,0.8925283522348232,183.5443709052411
16,75,1.5,45.55555555555556,188.88888888888889,-0.6113744075829383,10,1,1,0,0.9039359573048699,413.6089564607289
16,76,1.5,81.11111111111111,366.66666666666663,-0.6377171215880894,10,1,1,0,0.8781187458305536,821.3953451796414
16,77,1.5,100.0,455.55555555555554,-0.64,10,1,1,0,0.8757171447631754,742.0242455143965
16,78,1.5,188.88888888888889,1000.0,-0.6822429906542056,10,1,1,0,0.8312875250166777,937.7955410805148
16,79,1.5,722.2222222222222,3000.0,-0.6119402985074627,10,1,1,0,0.9039359573048699,863.6276800607998
16,80,1.5,0.001,0.003666666666666667,-0.5714285714285715,10,2,0,0,0.038725764492161724,183.00986204621813
16,81,1.5,0.001888888888888889,0.007222222222222223,-0.5853658536585367,10,1,0,0,0.9039359573048699,94.84439172934121
16,82,1.5,0.0054444444444444445,0.01888888888888889,-0.5525114155251142,10,1,0,0,0.9033355570380253,37.39058721595907
16,83,1.5,0.009,0.027777777777777776,-0.5105740181268882,10,0,0,0,,
16,84,1.5,0.01888888888888889,0.07222222222222222,-0.5853658536585367,10,0,0,0,,
16,85,1.5,0.05444444444444445,0.18888888888888888,-0.5525114155251141,10,0,0,0,,
16,86,1.5,0.09,0.2777777777777778,-0.5105740181268883,10,0,0,0,,
16,87,1.5,0.18888888888888888,0.6333333333333333,-0.5405405405405406,10,0,0,0,,
16,88,1.5,0.2777777777777778,1.0,-0.5652173913043479,10,0,0,0,,
16,89,1.5,0.8111111111111111,2.7777777777777777,-0.5479876160990712,10,0,0,0,,
16,90,1.5,1.8888888888888888,6.333333333333333,-0.5405405405405406,10,0,0,0,,
16,91,1.5,2.7777777777777777,10.0,-0.5652173913043478,10,0,0,0,,
16,92,1.5,8.11111111111111,27.77777777777778,-0.5479876160990713,10,1,1,0,0.9579719813208805,62.89663093776189
16,93,1.5,10.0,36.66666666666667,-0.5714285714285715,10,1,1,0,0.9381587725150099,82.04482349650627
16,94,1.5,27.77777777777778,90.0,-0.5283018867924528,10,1,1,0,0.9759839893262174,198.10255121536275
16,95,1.5,72.22222222222223,277.77777777777777,-0.5873015873015872,10,1,1,0,0.9261507671781187,578.0123818093565
16,96,1.5,100.0,366.66666666666663,-0.5714285714285714,10,1,1,0,0.9405603735823882,815.970292446174
16,97,1.5,277.77777777777777,900.0,-0.5283018867924527,10,1,1,0,0.9771847898599065,882.8822850949191
16,98,1.5,633.3333333333333,2000.0,-0.518987341772152,10,1,1,0,0.9843895930620413,1571.2609083873274
16,99,1.5,1000.0,3000.0,-0.5,10,1,1,1,0.9992175539010187,6625.795255532067
16,100,1.5,0.001,0.002777777777777778,-0.47058823529411764,10,2,0,0,0.034673685045253165,239.87886906921048
16,101,1.5,0.001888888888888889,0.0054444444444444445,-0.48484848484848486,10,1,0,0,0.8883255503669112,125.19649482539148
16,102,1.5,0.003666666666666667,0.009,-0.4210526315789473,10,1,0,0,0.8811207471647764,76.83167219269693
16,103,1.5,0.007222222222222223,0.01888888888888889,-0.4468085106382978,10,1,0,0,0.8883255503669112,37.352830253471645
16,104,1.5,0.01888888888888889,0.05444444444444445,-0.4848484848484849,10,0,0,0,,
16,105,1.5,0.027777777777777776,0.0811111111111111,-0.4897959183673469,10,0,0,0,,
16,106,1.5,0.06333333333333332,0.18888888888888888,-0.4977973568281938,10,0,0,0,,
16,107,1.5,0.18888888888888888,0.4555555555555556,-0.4137931034482759,10,0,0,0,,
16,108,1.5,0.2777777777777778,0.8111111111111111,-0.48979591836734687,10,0,0,0,,
16,109,1.5,0.6333333333333333,1.8888888888888888,-0.4977973568281938,10,0,0,0,,
16,110,1.5,1.0,2.7777777777777777,-0.47058823529411764,10,0,0,0,,
16,111,1.5,2.7777777777777777,7.222222222222221,-0.44444444444444436,10,0,0,0,,
16,112,1.5,3.6666666666666665,10.0,-0.46341463414634154,10,0,0,0,,
16,113,1.5,10.0,27.77777777777778,-0.47058823529411764,10,0,0,0,,
16,114,1.5,27.77777777777778,72.22222222222223,-0.4444444444444445,10,0,0,0,,
16,115,1.5,36.66666666666667,90.0,-0.4210526315789473,10,0,0,0,,
16,116,1.5,72.22222222222223,188.88888888888889,-0.4468085106382979,10,0,0,0,,
16,117,1.5,188.88888888888889,544.4444444444445,-0.4848484848484848,10,0,0,0,,
16,118,1.5,366.66666666666663,900.0,-0.42105263157894746,10,0,0,0,,
16,119,1.5,811.1111111111111,2000.0,-0.42292490118577075,10,0,0,0,,
16,120,1.5,0.001,0.001888888888888889,-0.3076923076923077,10,2,0,0,0.02924152377843337,342.81274630193155
16,121,1.5,0.002777777777777778,0.006333333333333334,-0.39024390243902446,10,1,0,0,0.8757171447631754,108.76056511013554
16,122,1.5,0.004555555555555556,0.009,-0.3278688524590163,10,1,0,0,0.8691127418278852,76.88353453635973
16,123,1.5,0.009,0.01888888888888889,-0.354581673306773,10,1,0,0,0.8769179452968645,37.33610462562662
16,124,1.5,0.027777777777777776,0.05444444444444445,-0.3243243243243244,10,0,0,0,,
16,125,1.5,0.03666666666666667,0.0811111111111111,-0.3773584905660377,10,0,0,0,,
16,126,1.5,0.0811111111111111,0.18888888888888888,-0.39917695473251025,10,0,0,0,,
16,127,1.5,0.18888888888888888,0.3666666666666667,-0.32000000000000006,10,0,0,0,,
16,128,1.5,0.3666666666666667,0.7222222222222222,-0.3265306122448979,10,0,0,0,,
16,129,1.5,0.4555555555555556,1.0,-0.37404580152671746,10,0,0,0,,
16,130,1.5,1.8888888888888888,3.6666666666666665,-0.32,10,0,0,0,,
16,131,1.5,3.6666666666666665,7.222222222222221,-0.32653061224489793,10,0,0,0,,
16,132,1.5,4.555555555555555,10.0,-0.37404580152671757,10,0,0,0,,
16,133,1.5,10.0,18.88888888888889,-0.3076923076923077,10,0,0,0,,
16,134,1.5,27.77777777777778,63.333333333333336,-0.3902439024390244,10,0,0,0,,
16,135,1.5,45.55555555555556,90.0,-0.3278688524590164,10,0,0,0,,
16,136,1.5,90.0,188.88888888888889,-0.35458167330677287,10,0,0,0,,
16,137,1.5,277.77777777777777,544.4444444444445,-0.32432432432432434,10,0,0,0,,
16,138,1.5,366.66666666666663,811.1111111111111,-0.3773584905660377,10,0,0,0,,
16,139,1.5,1000.0,2000.0,-0.3333333333333333,10,0,0,0,,
16,140,1.5,0.002777777777777778,0.004555555555555556,-0.2424242424242424,10,1,0,0,0.8577051367578384,150.27165642570304
16,141,1.5,0.004555555555555556,0.007222222222222223,-0.22641509433962265,10,1,0,0,0.857104736490994,95.68154695249936
16,142,1.5,0.0054444444444444445,0.009,-0.2461538461538461,10,1,0,0,0.8601067378252167,77.0964940578993
16,143,1.5,0.006333333333333334,0.01,-0.2244897959183673,10,1,0,0,0.858305537024683,69.51429846800126
16,144,1.5,0.03666666666666667,0.06333333333333332,-0.2666666666666666,10,0,0,0,,
16,145,1.5,0.05444444444444445,0.09,-0.24615384615384614,10,0,0,0,,
16,146,1.5,0.06333333333333332,0.1,-0.22448979591836743,10,0,0,0,,
16,147,1.5,0.3666666666666667,0.6333333333333333,-0.2666666666666666,10,0,0,0,,
16,148,1.5,0.4555555555555556,0.8111111111111111,-0.2807017543859649,10,0,0,0,,
16,149,1.5,0.5444444444444445,1.0,-0.29496402877697836,10,0,0,0,,
16,150,1.5,3.6666666666666665,6.333333333333333,-0.26666666666666666,10,0,0,0,,
16,151,1.5,4.555555555555555,8.11111111111111,-0.2807017543859649,10,0,0,0,,
16,152,1.5,5.444444444444445,10.0,-0.2949640287769784,10,0,0,0,,
16,153,1.5,27.77777777777778,45.55555555555556,-0.2424242424242424,10,0,0,0,,
16,154,1.5,45.55555555555556,72.22222222222223,-0.22641509433962267,10,0,0,0,,
16,155,1.5,54.44444444444444,100.0,-0.2949640287769784,10,0,0,0,,
16,156,1.5,277.77777777777777,455.55555555555554,-0.24242424242424243,10,0,0,0,,
16,157,1.5,455.55555555555554,722.2222222222222,-0.2264150943396226,10,0,0,0,,
16,158,1.5,544.4444444444445,900.0,-0.24615384615384617,10,0,0,0,,
16,159,1.5,2000.0,3000.0,-0.2,10,0,0,0,,
16,160,1.5,0.001888888888888889,0.002777777777777778,-0.19047619047619047,10,2,0,0,0.03597493351557424,246.93641816458313
16,161,1.5,0.003666666666666667,0.0054444444444444445,-0.19512195121951215,10,1,0,0,0.8535023348899266,126.45255579984021
16,162,1.5,0.006333333333333334,0.00811111111111111,-0.123076923076923,10,1,0,0,0.847498332221481,85.364240991866
16,163,1.5,0.00811111111111111,0.01,-0.1042944785276074,10,1,0,0,0.8462975316877918,69.60765587825337
16,164,1.5,0.03666666666666667,0.04555555555555556,-0.10810810810810813,10,0,0,0,,
16,165,1.5,0.05444444444444445,0.0811111111111111,-0.1967213114754098,10,0,0,0,,
16,166,1.5,0.07222222222222222,0.1,-0.16129032258064524,10,0,0,0,,
16,167,1.5,0.3666666666666667,0.4555555555555556,-0.10810810810810811,10,0,0,0,,
16,168,1.5,0.5444444444444445,0.7222222222222222,-0.1403508771929824,10,0,0,0,,
16,169,1.5,0.7222222222222222,0.9,-0.10958904109589043,10,0,0,0,,
16,170,1.5,2.7777777777777777,3.6666666666666665,-0.13793103448275862,10,0,0,0,,
16,171,1.5,5.444444444444445,7.222222222222221,-0.1403508771929824,10,0,0,0,,
16,172,1.5,6.333333333333333,9.0,-0.1739130434782609,10,0,0,0,,
16,173,1.5,18.88888888888889,27.77777777777778,-0.19047619047619047,10,0,0,0,,
16,174,1.5,45.55555555555556,63.333333333333336,-0.163265306122449,10,0,0,0,,
16,175,1.5,63.333333333333336,90.0,-0.17391304347826084,10,0,0,0,,
16,176,1.5,81.11111111111111,100.0,-0.10429447852760734,10,0,0,0,,
16,177,1.5,366.66666666666663,544.4444444444445,-0.19512195121951226,10,0,0,0,,
16,178,1.5,633.3333333333333,811.1111111111111,-0.12307692307692313,10,0,0,0,,
16,179,1.5,811.1111111111111,1000.0,-0.10429447852760737,10,0,0,0,,
16,180,1.5,0.001,0.001,0.0,10,2,0,0,0.02187761623949552,673.7690134199648
16,181,1.5,0.004555555555555556,0.0054444444444444445,-0.08888888888888886,10,1,0,0,0.8426951300867244,126.49785633670942
16,182,1.5,0.007222222222222223,0.007222222222222223,0.0,10,1,0,0,0.8354903268845897,95.80854376424983
16,183,1.5,0.009,0.01,-0.05263157894736847,10,1,0,0,0.8414943295530353,69.6443585390578
16,184,1.5,0.04555555555555556,0.04555555555555556,0.0,10,0,0,0,,
16,185,1.5,0.06333333333333332,0.07222222222222222,-0.0655737704918033,10,0,0,0,,
16,186,1.5,0.09,0.09,0.0,10,0,0,0,,
16,187,1.5,0.4555555555555556,0.4555555555555556,0.0,10,0,0,0,,
16,188,1.5,0.6333333333333333,0.7222222222222222,-0.06557377049180328,10,0,0,0,,
16,189,1.5,0.9,0.9,0.0,10,0,0,0,,
16,190,1.5,3.6666666666666665,3.6666666666666665,0.0,10,0,0,0,,
16,191,1.5,6.333333333333333,6.333333333333333,0.0,10,0,0,0,,
16,192,1.5,8.11111111111111,9.0,-0.05194805194805197,10,0,0,0,,
16,193,1.5,36.66666666666667,36.66666666666667,0.0,10,0,0,0,,
16,194,1.5,63.333333333333336,63.333333333333336,0.0,10,0,0,0,,
16,195,1.5,81.11111111111111,90.0,-0.05194805194805193,10,0,0,0,,
16,196,1.5,277.77777777777777,277.77777777777777,0.0,10,0,0,0,,
16,197,1.5,544.4444444444445,633.3333333333333,-0.07547169811320747,10,0,0,0,,
16,198,1.5,811.1111111111111,811.1111111111111,0.0,10,0,0,0,,
16,199,1.5,3000.0,3000.0,0.0,10,0,0,0,,
16,200,1.5,0.0054444444444444445,0.004555555555555556,0.08888888888888886,10,1,0,0,0.8270847231487658,151.0603914687903
16,201,1.5,0.006333333333333334,0.0054444444444444445,0.0754716981132076,10,1,0,0,0.8288859239492995,126.47375803974847
16,202,1.5,0.00811111111111111,0.007222222222222223,0.057971014492753555,10,1,0,0,0.8306871247498332,95.95373301259504
16,203,1.5,0.01,0.009,0.05263157894736847,10,1,0,0,0.8318879252835223,77.20694918211987
16,204,1.5,0.06333333333333332,0.05444444444444445,0.07547169811320745,10,0,0,0,,
16,205,1.5,0.0811111111111111,0.07222222222222222,0.05797101449275364,10,0,0,0,,
16,206,1.5,0.1,0.09,0.05263157894736847,10,0,0,0,,
16,207,1.5,0.5444444444444445,0.4555555555555556,0.0888888888888889,10,0,0,0,,
16,208,1.5,0.7222222222222222,0.6333333333333333,0.06557377049180328,10,0,0,0,,
16,209,1.5,0.9,0.8111111111111111,0.05194805194805195,10,0,0,0,,
16,210,1.5,5.444444444444445,4.555555555555555,0.08888888888888893,10,0,0,0,,
16,211,1.5,7.222222222222221,6.333333333333333,0.06557377049180325,10,0,0,0,,
16,212,1.5,9.0,8.11111111111111,0.05194805194805197,10,0,0,0,,
16,213,1.5,10.0,9.0,0.05263157894736842,10,0,0,0,,
16,214,1.5,63.333333333333336,54.44444444444444,0.07547169811320759,10,0,0,0,,
16,215,1.5,81.11111111111111,72.22222222222223,0.057971014492753596,10,0,0,0,,
16,216,1.5,100.0,90.0,0.05263157894736842,10,0,0,0,,
16,217,1.5,633.3333333333333,544.4444444444445,0.07547169811320747,10,0,0,0,,
16,218,1.5,811.1111111111111,722.2222222222222,0.057971014492753645,10,0,0,0,,
16,219,1.5,1000.0,900.0,0.05263157894736842,10,0,0,0,,
16,220,1.5,0.002777777777777778,0.001888888888888889,0.19047619047619047,10,2,0,0,0.03047894989627983,347.09323417160596
16,221,1.5,0.0054444444444444445,0.003666666666666667,0.19512195121951215,10,2,0,0,0.0424619563946313,187.16641943954752
16,222,1.5,0.00811111111111111,0.006333333333333334,0.123076923076923,10,1,0,0,0.8252835223482321,109.30502463054542
16,223,1.5,0.01,0.00811111111111111,0.1042944785276074,10,1,0,0,0.8276851234156103,85.44504108680334
16,224,1.5,0.05444444444444445,0.03666666666666667,0.19512195121951223,10,0,0,0,,
16,225,1.5,0.0811111111111111,0.05444444444444445,0.1967213114754098,10,0,0,0,,
16,226,1.5,0.1,0.07222222222222222,0.16129032258064524,10,0,0,0,,
16,227,1.5,0.4555555555555556,0.3666666666666667,0.10810810810810811,10,0,0,0,,
16,228,1.5,0.8111111111111111,0.5444444444444445,0.19672131147540978,10,0,0,0,,
16,229,1.5,1.0,0.7222222222222222,0.16129032258064516,10,0,0,0,,
16,230,1.5,3.6666666666666665,2.7777777777777777,0.13793103448275862,10,0,0,0,,
16,231,1.5,7.222222222222221,5.444444444444445,0.1403508771929824,10,0,0,0,,
16,232,1.5,9.0,7.222222222222221,0.10958904109589046,10,0,0,0,,
16,233,1.5,36.66666666666667,27.77777777777778,0.13793103448275865,10,0,0,0,,
16,234,1.5,72.22222222222223,54.44444444444444,0.1403508771929825,10,0,0,0,,
16,235,1.5,90.0,63.333333333333336,0.17391304347826084,10,0,0,0,,
16,236,1.5,277.77777777777777,188.88888888888889,0.1904761904761905,10,0,0,0,,
16,237,1.5,633.3333333333333,455.55555555555554,0.16326530612244894,10,0,0,0,,
16,238,1.5,900.0,633.3333333333333,0.17391304347826092,10,0,0,0,,
16,239,1.5,3000.0,2000.0,0.2,10,0,0,0,,
16,240,1.5,0.004555555555555556,0.002777777777777778,0.2424242424242424,10,2,0,0,0.036982817978026626,243.24116732910616
16,241,1.5,0.007222222222222223,0.004555555555555556,0.22641509433962265,10,1,0,0,0.8168779186124082,151.07757083212314
16,242,1.5,0.009,0.0054444444444444445,0.2461538461538461,10,1,0,0,0.8156771180787191,126.81520792493623
16,243,1.5,0.01,0.006333333333333334,0.2244897959183673,10,1,0,0,0.8174783188792528,108.98950050295426
16,244,1.5,0.06333333333333332,0.03666666666666667,0.2666666666666666,10,0,0,0,,
16,245,1.5,0.0811111111111111,0.04555555555555556,0.2807017543859649,10,0,0,0,,
16,246,1.5,0.1,0.05444444444444445,0.2949640287769784,10,0,0,0,,
16,247,1.5,0.6333333333333333,0.3666666666666667,0.2666666666666666,10,0,0,0,,
16,248,1.5,0.8111111111111111,0.4555555555555556,0.2807017543859649,10,0,0,0,,
16,249,1.5,1.0,0.5444444444444445,0.29496402877697836,10,0,0,0,,
16,250,1.5,4.555555555555555,2.7777777777777777,0.24242424242424243,10,0,0,0,,
16,251,1.5,7.222222222222221,4.555555555555555,0.22641509433962262,10,0,0,0,,
16,252,1.5,9.0,5.444444444444445,0.24615384615384614,10,0,0,0,,
16,253,1.5,45.55555555555556,27.77777777777778,0.2424242424242424,10,0,0,0,,
16,254,1.5,72.22222222222223,45.55555555555556,0.22641509433962267,10,0,0,0,,
16,255,1.5,90.0,54.44444444444444,0.24615384615384614,10,0,0,0,,
16,256,1.5,100.0,63.333333333333336,0.22448979591836732,10,0,0,0,,
16,257,1.5,633.3333333333333,366.66666666666663,0.26666666666666666,10,0,0,0,,
16,258,1.5,811.1111111111111,455.55555555555554,0.28070175438596495,10,0,0,0,,
16,259,1.5,1000.0,633.3333333333333,0.2244897959183674,10,0,0,0,,
16,260,1.5,0.001888888888888889,0.001,0.3076923076923077,10,2,0,0,0.02228435149270303,668.8830361630676
16,261,1.5,0.006333333333333334,0.002777777777777778,0.39024390243902446,10,2,0,0,0.03715352290971724,244.70740727156516
16,262,1.5,0.009,0.004555555555555556,0.3278688524590163,10,1,0,0,0.8096731154102734,150.93333253515175
16,263,1.5,0.01888888888888889,0.009,0.354581673306773,10,1,0,0,0.8096731154102734,76.97165899829615
16,264,1.5,0.05444444444444445,0.027777777777777776,0.3243243243243244,10,0,0,0,,
16,265,1.5,0.0811111111111111,0.03666666666666667,0.3773584905660377,10,0,0,0,,
16,266,1.5,0.18888888888888888,0.0811111111111111,0.39917695473251025,10,0,0,0,,
16,267,1.5,0.3666666666666667,0.18888888888888888,0.32000000000000006,10,0,0,0,,
16,268,1.5,0.7222222222222222,0.3666666666666667,0.3265306122448979,10,0,0,0,,
16,269,1.5,1.0,0.4555555555555556,0.37404580152671746,10,0,0,0,,
16,270,1.5,3.6666666666666665,1.8888888888888888,0.32,10,0,0,0,,
16,271,1.5,7.222222222222221,3.6666666666666665,0.32653061224489793,10,0,0,0,,
16,272,1.5,10.0,4.555555555555555,0.37404580152671757,10,0,0,0,,
16,273,1.5,18.88888888888889,10.0,0.3076923076923077,10,0,0,0,,
16,274,1.5,63.333333333333336,27.77777777777778,0.3902439024390244,10,0,0,0,,
16,275,1.5,90.0,45.55555555555556,0.3278688524590164,10,0,0,0,,
16,276,1.5,188.88888888888889,90.0,0.35458167330677287,10,0,0,0,,
16,277,1.5,544.4444444444445,277.77777777777777,0.32432432432432434,10,0,0,0,,
16,278,1.5,811.1111111111111,366.66666666666663,0.3773584905660377,10,0,0,0,,
16,279,1.5,2000.0,1000.0,0.3333333333333333,10,0,0,0,,
16,280,1.5,0.002777777777777778,0.001,0.47058823529411764,10,2,0,0,0.0223872113856834,586.2475474964051
16,281,1.5,0.0054444444444444445,0.001888888888888889,0.48484848484848486,10,2,0,0,0.03076096814740708,359.4784488631423
16,282,1.5,0.009,0.003666666666666667,0.4210526315789473,10,2,0,0,0.042854852039743964,186.12375473880894
16,283,1.5,0.01888888888888889,0.007222222222222223,0.4468085106382978,10,1,0,0,0.8036691127418278,95.6518803161727
16,284,1.5,0.05444444444444445,0.01888888888888889,0.4848484848484849,10,1,0,0,0.806070713809206,37.29410192229627
16,285,1.5,0.09,0.03666666666666667,0.4210526315789474,10,0,0,0,,
16,286,1.5,0.18888888888888888,0.07222222222222222,0.44680851063829796,10,0,0,0,,
16,287,1.5,0.4555555555555556,0.18888888888888888,0.4137931034482759,10,0,0,0,,
16,288,1.5,0.8111111111111111,0.2777777777777778,0.48979591836734687,10,0,0,0,,
16,289,1.5,1.8888888888888888,0.6333333333333333,0.4977973568281938,10,0,0,0,,
16,290,1.5,4.555555555555555,1.8888888888888888,0.4137931034482758,10,0,0,0,,
16,291,1.5,8.11111111111111,2.7777777777777777,0.48979591836734687,10,0,0,0,,
16,292,1.5,18.88888888888889,6.333333333333333,0.4977973568281939,10,0,0,0,,
16,293,1.5,27.77777777777778,10.0,0.47058823529411764,10,0,0,0,,
16,294,1.5,72.22222222222223,27.77777777777778,0.4444444444444445,10,0,0,0,,
16,295,1.5,100.0,36.66666666666667,0.4634146341463414,10,0,0,0,,
16,296,1.5,277.77777777777777,100.0,0.47058823529411764,10,0,0,0,,
16,297,1.5,722.2222222222222,277.77777777777777,0.4444444444444444,10,0,0,0,,
16,298,1.5,1000.0,366.66666666666663,0.46341463414634154,10,0,0,0,,
16,299,1.5,3000.0,1000.0,0.5,10,0,0,0,,
16,300,1.5,0.003666666666666667,0.001,0.5714285714285715,10,2,0,0,0.022490546058357805,687.9226954090035
16,301,1.5,0.007222222222222223,0.001888888888888889,0.5853658536585367,10,2,0,0,0.03090295432513592,337.7329058944618
16,302,1.5,0.01888888888888889,0.0054444444444444445,0.5525114155251142,10,1,0,0,0.796464309539693,126.9029303528935
16,303,1.5,0.027777777777777776,0.009,0.5105740181268882,10,1,0,0,0.800667111407605,77.1065907691189
16,304,1.5,0.07222222222222222,0.01888888888888889,0.5853658536585367,10,1,0,0,0.800667111407605,37.29121585932991
16,305,1.5,0.1,0.027777777777777776,0.5652173913043479,10,0,0,0,,
16,306,1.5,0.2777777777777778,0.0811111111111111,0.5479876160990712,10,0,0,0,,
16,307,1.5,0.6333333333333333,0.18888888888888888,0.5405405405405406,10,0,0,0,,
16,308,1.5,1.0,0.2777777777777778,0.5652173913043479,10,0,0,0,,
16,309,1.5,2.7777777777777777,0.8111111111111111,0.5479876160990712,10,0,0,0,,
16,310,1.5,3.6666666666666665,1.0,0.5714285714285715,10,0,0,0,,
16,311,1.5,9.0,2.7777777777777777,0.5283018867924528,10,0,0,0,,
16,312,1.5,27.77777777777778,7.222222222222221,0.5873015873015873,10,0,0,0,,
16,313,1.5,36.66666666666667,10.0,0.5714285714285715,10,0,0,0,,
16,314,1.5,90.0,27.77777777777778,0.5283018867924528,10,0,0,0,,
16,315,1.5,188.88888888888889,54.44444444444444,0.5525114155251143,10,0,0,0,,
16,316,1.5,277.77777777777777,90.0,0.5105740181268882,10,0,0,0,,
16,317,1.5,722.2222222222222,188.88888888888889,0.5853658536585366,10,0,0,0,,
16,318,1.5,2000.0,544.4444444444445,0.572052401746725,10,0,0,0,,
16,319,1.5,3000.0,900.0,0.5384615384615384,10,0,0,0,,
16,320,1.5,0.004555555555555556,0.001,0.64,10,2,0,0,0.022490546058357805,622.4801780583392
16,321,1.5,0.01,0.001888888888888889,0.6822429906542055,10,2,0,0,0.03090295432513592,352.17745669364683
16,322,1.5,0.027777777777777776,0.006333333333333334,0.6286644951140065,10,1,0,0,0.7928619079386257,108.98695916632447
16,323,1.5,0.04555555555555556,0.00811111111111111,0.6977225672877847,10,1,0,0,0.7898599066044029,85.50396373737264
16,324,1.5,0.0811111111111111,0.01888888888888889,0.6222222222222222,10,1,0,0,0.7982655103402267,37.25852896922254
16,325,1.5,0.18888888888888888,0.04555555555555556,0.6113744075829383,10,0,0,0,,
16,326,1.5,0.3666666666666667,0.0811111111111111,0.6377171215880892,10,0,0,0,,
16,327,1.5,0.5444444444444445,0.1,0.6896551724137931,10,0,0,0,,
16,328,1.5,1.8888888888888888,0.3666666666666667,0.6748768472906403,10,0,0,0,,
16,329,1.5,3.6666666666666665,0.7222222222222222,0.6708860759493671,10,0,0,0,,
16,330,1.5,4.555555555555555,0.9,0.670061099796334,10,0,0,0,,
16,331,1.5,9.0,1.8888888888888888,0.6530612244897959,10,0,0,0,,
16,332,1.5,27.77777777777778,5.444444444444445,0.6722408026755854,10,0,0,0,,
16,333,1.5,45.55555555555556,8.11111111111111,0.6977225672877846,10,0,0,0,,
16,334,1.5,81.11111111111111,18.88888888888889,0.6222222222222222,10,0,0,0,,
16,335,1.5,188.88888888888889,45.55555555555556,0.6113744075829383,10,0,0,0,,
16,336,1.5,366.66666666666663,81.11111111111111,0.6377171215880894,10,0,0,0,,
16,337,1.5,455.55555555555554,100.0,0.64,10,0,0,0,,
16,338,1.5,1000.0,188.88888888888889,0.6822429906542056,10,0,0,0,,
16,339,1.5,3000.0,722.2222222222222,0.6119402985074627,10,0,0,0,,
16,340,1.5,0.006333333333333334,0.001,0.7272727272727273,10,2,0,0,0.022490546058357805,576.0769960316794
16,341,1.5,0.03666666666666667,0.004555555555555556,0.7789757412398922,10,1,0,0,0.7844563042028018,150.46894790132703
16,342,1.5,0.05444444444444445,0.006333333333333334,0.7915904936014624,10,1,0,0,0.7844563042028018,109.37960235426472
16,343,1.5,0.06333333333333332,0.009,0.7511520737327189,10,1,0,0,0.7874583055370247,77.10848108180188
16,344,1.5,0.09,0.01,0.8,10,1,0,0,0.785657104736491,69.50373768171693
16,345,1.5,0.3666666666666667,0.06333333333333332,0.7054263565891472,10,0,0,0,,
16,346,1.5,0.5444444444444445,0.0811111111111111,0.7406749555950266,10,0,0,0,,
16,347,1.5,0.7222222222222222,0.0811111111111111,0.7980636237897648,10,0,0,0,,
16,348,1.5,2.7777777777777777,0.3666666666666667,0.7667844522968198,10,0,0,0,,
16,349,1.5,4.555555555555555,0.6333333333333333,0.7558886509635975,10,0,0,0,,
16,350,1.5,6.333333333333333,0.7222222222222222,0.795275590551181,10,0,0,0,,
16,351,1.5,7.222222222222221,1.0,0.7567567567567567,10,0,0,0,,
16,352,1.5,36.66666666666667,4.555555555555555,0.7789757412398921,10,0,0,0,,
16,353,1.5,54.44444444444444,6.333333333333333,0.7915904936014625,10,0,0,0,,
16,354,1.5,63.333333333333336,9.0,0.7511520737327189,10,0,0,0,,
16,355,1.5,90.0,10.0,0.8,10,0,0,0,,
16,356,1.5,366.66666666666663,63.333333333333336,0.7054263565891473,10,0,0,0,,
16,357,1.5,544.4444444444445,81.11111111111111,0.7406749555950267,10,0,0,0,,
16,358,1.5,722.2222222222222,81.11111111111111,0.7980636237897649,10,0,0,0,,
16,359,1.5,3000.0,455.55555555555554,0.7363344051446945,10,0,0,0,,
16,360,1.5,0.009,0.001,0.8000000000000002,10,2,0,0,0.022594357702209782,555.9634078708242
16,361,1.5,0.04555555555555556,0.003666666666666667,0.8510158013544019,10,2,0,0,0.04325138310350088,185.8855523252727
16,362,1.5,0.07222222222222222,0.0054444444444444445,0.8597997138769671,10,1,0,0,0.7808539026017344,126.90130634265752
16,363,1.5,0.09,0.006333333333333334,0.8685121107266437,10,1,0,0,0.7808539026017344,109.30872200362465
16,364,1.5,0.18888888888888888,0.01,0.8994413407821228,10,1,0,0,0.7808539026017344,69.45081755201865
16,365,1.5,0.5444444444444445,0.04555555555555556,0.8455743879472692,10,0,0,0,,
16,366,1.5,0.8111111111111111,0.04555555555555556,0.8936446173800259,10,0,0,0,,
16,367,1.5,0.9,0.09,0.8181818181818182,10,0,0,0,,
16,368,1.5,2.7777777777777777,0.2777777777777778,0.8181818181818182,10,0,0,0,,
16,369,1.5,6.333333333333333,0.4555555555555556,0.8657937806873977,10,0,0,0,,
16,370,1.5,8.11111111111111,0.7222222222222222,0.8364779874213837,10,0,0,0,,
16,371,1.5,10.0,0.7222222222222222,0.8652849740932644,10,0,0,0,,
16,372,1.5,45.55555555555556,2.7777777777777777,0.8850574712643677,10,0,0,0,,
16,373,1.5,72.22222222222223,4.555555555555555,0.8813314037626627,10,0,0,0,,
16,374,1.5,90.0,5.444444444444445,0.8859138533178115,10,0,0,0,,
16,375,1.5,100.0,10.0,0.8181818181818182,10,0,0,0,,
16,376,1.5,544.4444444444445,36.66666666666667,0.8738049713193117,10,0,0,0,,
16,377,1.5,722.2222222222222,72.22222222222223,0.8181818181818182,10,0,0,0,,
16,378,1.5,900.0,81.11111111111111,0.8346545866364666,10,0,0,0,,
16,379,1.5,3000.0,277.77777777777777,0.8305084745762712,10,0,0,0,,
16,380,1.5,0.027777777777777776,0.001,0.9305019305019304,10,2,0,0,0.022594357702209782,563.5710329948292
16,381,1.5,0.4555555555555556,0.003666666666666667,0.9840309702395356,10,2,0,0,0.04345102241715714,185.15512687617422
16,382,1.5,0.9,0.003666666666666667,0.9918849133161194,10,2,0,0,0.04345102241715714,186.25305009026334
16,383,1.5,2.7777777777777777,0.0811111111111111,0.94325689856199,10,0,0,0,,
16,384,1.5,5.444444444444445,0.09,0.9674764103593656,10,0,0,0,,
16,385,1.5,8.11111111111111,0.04555555555555556,0.98882985969214,10,0,0,0,,
16,386,1.5,18.88888888888889,0.006333333333333334,0.9993296365336328,10,1,0,0,0.7748498999332888,108.74991462852428
16,387,1.5,36.66666666666667,0.01888888888888889,0.998970227458582,10,1,0,0,0.7808539026017344,37.211195484710366
16,388,1.5,54.44444444444444,0.027777777777777776,0.9989801121876594,10,0,0,0,,
16,389,1.5,72.22222222222223,0.027777777777777776,0.9992310649750098,10,0,0,0,,
16,390,1.5,90.0,0.009,0.9998000199980002,10,1,0,0,0.7760507004669779,77.02083658364552
16,391,1.5,188.88888888888889,0.0054444444444444445,0.9999423546027204,10,1,0,0,0.7748498999332888,125.77708031789001
16,392,1.5,277.77777777777777,1.0,0.9928258270227183,10,0,0,0,,
16,393,1.5,455.55555555555554,0.03666666666666667,0.9998390373457745,10,0,0,0,,
16,394,1.5,544.4444444444445,7.222222222222221,0.9738167170191341,10,0,0,0,,
16,395,1.5,722.2222222222222,0.06333333333333332,0.9998246307631483,10,0,0,0,,
16,396,1.5,811.1111111111111,8.11111111111111,0.9801980198019803,10,0,0,0,,
16,397,1.5,1000.0,0.04555555555555556,0.9999088930393171,10,0,0,0,,
16,398,1.5,2000.0,5.444444444444445,0.9945703363067206,10,0,0,0,,
16,399,1.5,3000.0,100.0,0.9354838709677419,10,0,0,0,,
